# verts=11560 tris=31810
v -8.254400 68.081512 3.611316
v -8.283334 68.638023 2.869486
v -7.997245 69.222572 3.752028
v -8.377741 65.757271 3.431150
v -7.461190 68.750183 2.784536
v -7.471338 69.981102 4.112631
v -7.584810 71.941444 2.358908
v -7.410353 69.946198 4.832498
v -7.452032 72.070969 5.235497
v -7.446867 71.115372 5.190495
v -7.065707 74.589783 4.336247
v -6.887879 75.239250 1.714862
v -6.840043 71.989494 7.346364
v -7.071914 69.449783 6.356717
v -6.524532 72.441994 8.354894
v 1.147560 69.077675 13.503517
v 1.502556 68.240295 13.706628
v 2.628688 67.811821 13.151419
v 1.786285 66.954231 13.962893
v 1.980918 65.483551 14.619034
v -8.678506 69.555969 2.545987
v 7.012001 69.435081 6.351044
v 7.505431 71.052147 5.190385
v 6.915864 71.967575 7.346228
v 6.563267 72.433464 8.355823
v 5.764913 74.082138 10.132283
v 1.128031 65.644844 16.199675
v 0.184049 65.866318 16.854298
v 0.201017 64.650375 16.173185
v 0.128645 64.324081 15.202600
v 4.003772 75.632607 11.852015
v 2.454427 77.897667 10.700868
v 0.035031 79.510399 7.637421
v 0.012340 79.808823 3.172750
v 3.941860 78.266258 0.690752
v 0.003821 78.588356 -0.908766
v 5.627882 77.523903 5.003211
v 1.570419 76.122208 -3.053826
v -1.549272 65.393089 14.650755
v -0.746454 65.669052 16.207087
v -0.799059 66.886566 15.203243
v 4.863753 72.212479 -2.996359
v 0.006024 71.322182 -4.319423
v 2.582806 69.382607 -4.068201
v 0.048368 68.132957 -3.845064
v 3.311709 67.743568 -3.539567
v 6.390555 68.586128 -1.391040
v 0.065727 66.826225 -3.444716
v 3.684234 66.386642 -2.841128
v 0.071209 65.621918 -2.837248
v 3.374215 65.345085 -2.351712
v 0.046221 63.321831 -2.442798
v 0.017687 61.395283 -2.607885
v 4.052584 61.162926 -0.866652
v 0.001356 59.484745 -2.729818
v 0.056401 67.541000 15.807867
v 0.078993 69.016296 14.764027
v 0.939098 68.374969 14.368887
v 0.682074 69.396873 14.245050
v 0.959462 69.730064 14.140476
v 4.892680 59.044907 -1.318383
v 6.039598 57.459961 2.367692
v 3.146014 69.691910 13.206987
v 5.978528 59.872597 2.619776
v 4.442658 56.632698 6.186940
v 4.204430 58.308266 7.104660
v 6.008780 62.207169 5.650959
v 2.625238 58.072716 10.375786
v 4.480540 59.418865 9.113007
v 1.865372 58.127964 12.525880
v 5.235473 69.170547 11.541408
v 6.034739 69.918106 10.070541
v 4.943659 68.245148 11.742970
v 5.216165 67.220192 12.025962
v 3.632401 67.268715 13.025126
v 4.005595 65.456932 13.034795
v 1.344815 58.777863 14.308826
v 0.052671 58.814598 14.768815
v 0.069695 57.952553 13.741408
v 0.077141 57.646420 12.687250
v -1.759850 58.054169 12.686378
v -2.458729 57.963474 10.607115
v -4.187426 58.440563 7.220895
v -4.428687 56.719849 6.249939
v 3.745736 62.839081 13.004034
v 2.296163 64.245323 13.912477
v 2.352681 62.127861 13.535330
v 0.089067 55.514023 9.205688
v 1.877566 60.720394 13.942310
v -2.097010 62.043678 13.530676
v 0.001356 59.484745 -2.729818
v 0.017687 61.395283 -2.607885
v 0.046221 63.321831 -2.442798
v -3.251754 65.361702 -1.814572
v -3.550405 66.402748 -2.159885
v -3.190205 67.758186 -2.933198
v 0.071209 65.621918 -2.837248
v 0.065727 66.826225 -3.444716
v -2.511555 69.390633 -3.729828
v -4.818593 72.223389 -2.801412
v -6.274052 68.614937 -0.689934
v 0.048368 68.132957 -3.845064
v 0.006024 71.322182 -4.319423
v -1.564050 76.122124 -3.054115
v -3.864942 78.290100 0.691205
v -5.478806 77.583458 5.003057
v 0.003821 78.588356 -0.908766
v -6.055403 75.840721 7.513083
v 0.012340 79.808823 3.172750
v -5.756244 74.082077 10.131018
v 0.035031 79.510399 7.637421
v -6.088597 71.643478 9.646244
v -6.336979 70.066124 9.182455
v -6.544030 70.324585 8.361386
v -6.851629 68.289429 7.792606
v -6.840180 67.453049 8.412841
v -6.129600 68.438438 10.497381
v -6.286277 67.193436 10.734900
v -6.625153 65.775810 9.812266
v -0.007040 62.538380 14.443787
v -5.312874 67.165802 12.075115
v -6.382410 62.971222 9.371943
v -5.327757 64.332382 11.911425
v -5.564811 61.853767 10.836313
v -3.880464 62.885231 12.970200
v -3.717598 61.194889 12.676516
v 4.394798 69.125130 12.274585
v -1.857260 60.687775 14.103655
v -3.077862 59.922424 13.112726
v 7.266242 74.494461 4.336271
v 7.923626 71.860519 2.297743
v 7.084902 75.176140 1.714958
v 7.558014 68.723511 2.569232
v 7.215256 67.891335 1.526912
v 6.295784 65.504547 1.284068
v 3.979504 67.724037 12.646017
v 6.620302 64.863419 3.784452
v 7.763033 64.887787 5.013731
v 7.828563 66.041595 4.539216
v 8.439151 65.742844 3.382443
v 3.118785 68.804138 13.122412
v 1.674483 69.106705 12.786872
v 3.873125 70.926956 13.551473
v 6.538696 64.107353 5.690184
v 6.005077 62.338127 2.837088
v 3.963000 62.915894 -0.837369
v 3.839608 72.200706 13.468768
v 2.462281 71.580307 14.370338
v 3.333286 73.401390 13.472598
v 2.761517 73.720604 13.683542
v 4.698069 55.032116 5.862302
v -2.412662 77.936798 10.700896
v -3.993712 75.622505 11.818899
v -5.535312 72.680298 10.990164
v -4.884104 71.399902 12.335647
v -3.838205 72.176231 13.410296
v -5.449427 70.866959 11.298194
v 0.053637 63.683250 15.194015
v -3.805541 70.859703 13.540977
v -1.924398 70.281166 14.149904
v -2.965176 69.579659 13.208353
v -1.493100 69.070137 12.793429
v -2.169698 64.246269 13.918375
v -4.217501 65.447304 13.163198
v -2.478644 67.765823 13.189854
v -3.597420 67.199280 13.153057
v -1.346678 68.211769 13.704974
v -0.784648 68.351021 14.388581
v -1.505983 66.940971 13.977913
v -3.903406 67.617661 12.763732
v -4.951572 68.175537 11.746442
v -6.092608 69.916969 10.066729
v -5.230520 69.106941 11.539162
v -5.068414 70.238365 12.218813
v -7.124339 67.914101 1.897221
v -6.192072 65.531158 1.614364
v -5.759937 66.434410 -0.050930
v -6.565154 64.874458 3.825206
v -6.018429 62.334312 2.838953
v -4.282326 69.004868 12.276032
v -6.022571 59.848469 2.572516
v -6.146693 57.322826 2.226211
v -4.889021 59.040482 -1.343558
v -4.048215 61.172329 -0.904281
v -2.944557 68.691391 13.128499
v 5.108082 70.308243 12.220620
v 5.449398 70.901024 11.300169
v 4.894306 71.437180 12.337940
v 6.075728 71.641075 9.647627
v 6.395961 70.142509 8.763159
v 6.507582 70.312622 8.362590
v -3.926827 62.934097 -0.682210
v -5.765589 67.272484 -0.759604
v 0.006292 76.016617 13.331748
v -7.352121 67.477173 4.750359
v 6.773493 68.291557 7.791594
v 6.664719 67.461700 8.416342
v 6.900916 67.624435 6.782345
v 6.554342 65.679459 8.182032
v 7.190386 67.016632 5.703536
v 0.077185 70.060608 14.448656
v 0.095847 69.708130 14.332405
v -0.483982 69.354912 14.192687
v -0.966978 69.048302 13.478926
v -0.783617 69.668259 14.069028
v 7.384015 67.467651 4.733495
v 8.310754 68.065620 3.528349
v 8.367084 68.615906 2.718464
v 8.783968 69.526520 2.416239
v 0.007685 71.863098 14.570550
v 5.877987 67.247971 -1.545892
v 5.857677 66.413536 -0.731084
v 7.549208 69.940941 4.072747
v 7.416878 69.911285 4.826147
v 7.585223 71.982872 5.235405
v 8.057953 69.192627 3.682420
v 6.119824 75.800117 7.513476
v 5.536593 72.682930 10.991841
v 0.078360 57.100197 10.744473
v 2.046007 70.337868 14.152695
v 0.002611 73.798813 14.025126
v 0.002620 74.221535 13.952724
v 0.077507 57.400055 11.809310
v 1.069161 66.951271 15.184206
v 5.988845 68.442390 10.503209
v 6.033508 67.188637 10.741563
v 6.281867 65.762672 9.823868
v 5.056072 64.359993 11.846682
v 6.107812 62.960323 9.418635
v 6.371863 62.803093 7.732042
v 5.202934 61.946526 10.868418
v -2.419526 71.549454 14.329226
v -2.756277 73.669373 13.536787
v -3.327981 73.355988 13.340300
v 3.519072 61.246277 12.666025
v 2.982724 59.967773 13.049403
v 0.027307 60.743717 14.589277
v 0.041501 59.738049 14.811022
v -1.246800 58.773102 14.474332
v -7.696982 64.914734 5.040653
v -7.750191 66.089180 4.587499
v -4.455657 59.495857 9.222422
v -6.073352 62.223858 5.638606
v -6.480312 62.845196 7.681672
v -6.774361 65.673180 8.168262
v -6.502167 64.124733 5.681433
v -6.948553 67.614151 6.795181
v -7.150485 67.035202 5.752106
v 1.685545 69.177818 12.839461
v 0.196774 65.614594 16.850094
v 0.028210 79.719284 5.910196
v 5.551717 77.395340 1.247955
v 0.006562 73.072449 -4.333338
v 6.389958 72.076042 -1.738167
v 0.001131 58.335396 -3.050115
v 5.243934 58.633793 -1.445955
v 8.578674 56.297749 -1.625954
v 3.152638 69.736343 13.265306
v 5.215665 55.326248 5.287620
v 5.646100 60.528542 4.935282
v 3.763619 59.348232 11.261102
v 2.928006 65.477173 13.582767
v 0.055839 58.496605 14.619828
v -2.795174 57.552277 8.967815
v 3.039477 62.211754 13.360672
v 0.006883 61.820095 15.151814
v -8.825636 55.999657 -1.990598
v 0.001131 58.335396 -3.050115
v -5.240125 58.631180 -1.453454
v -6.301628 72.100838 -1.480336
v 0.006562 73.072449 -4.333338
v -5.418471 77.437134 1.248534
v 0.028210 79.719284 5.910196
v -6.795934 66.185326 9.079211
v -2.938015 62.200665 13.331277
v 4.393023 69.141731 12.305171
v 7.983133 65.258408 4.465141
v 6.068616 61.807823 6.952836
v 4.402640 62.850460 -0.455507
v 3.009334 57.559486 8.744272
v 0.024041 78.082108 11.261712
v -4.017851 77.556221 9.820667
v -4.893013 72.794853 12.034062
v -2.977267 69.625313 13.266182
v -1.505516 69.140739 12.842679
v -2.862067 65.503349 13.717153
v -4.279668 69.020691 12.306574
v -5.789612 60.550953 4.919801
v -5.297538 55.256458 5.203196
v -4.371621 62.866589 -0.298028
v 0.084980 69.941612 14.391880
v 4.058053 77.503082 9.820555
v 4.889666 72.801666 12.045133
v 0.082710 56.992012 10.440463
v 0.002703 73.058807 14.181129
v 6.480370 66.189484 9.088250
v -7.911192 65.283211 4.497603
v -3.823264 59.273365 11.385125
v -6.169707 61.848320 6.913394
v -8.709265 67.511597 2.491116
v -8.118584 65.579208 3.199772
v -7.688240 69.836258 2.689046
v -7.493113 70.370514 4.626796
v -6.443604 75.933319 5.413107
v -7.098822 69.095253 6.115665
v 1.416470 68.614311 13.354977
v 2.013113 66.847031 13.849920
v -8.015282 70.166725 4.368537
v 7.044016 69.083725 6.108638
v 1.854337 65.146347 14.960301
v 0.904762 65.237000 16.450459
v 0.204313 65.337990 16.773539
v 3.352433 76.970230 11.295717
v 3.369812 78.115189 9.400636
v 0.020773 79.820900 4.590684
v 4.347467 78.608543 4.730136
v 0.003395 79.237907 0.402913
v 4.818686 77.861092 0.936351
v 0.003022 76.263680 -3.087055
v -0.851089 64.423050 14.774183
v -1.689550 64.728592 14.063614
v -1.441138 65.031441 14.971949
v 4.977262 75.217751 -2.028701
v 6.949466 74.915268 0.665170
v 4.659565 70.598068 -3.321509
v 3.100347 62.478165 -1.598249
v 3.357669 58.650181 -2.695350
v -0.542919 68.093544 15.035190
v 0.050295 68.315590 15.367297
v 0.665789 68.105179 14.997061
v 0.935195 69.436760 13.903791
v 5.178115 57.486744 -3.156271
v 8.577003 55.759266 -4.180682
v 8.135073 55.580585 0.080732
v 6.317182 57.325703 0.396135
v 4.533856 56.157387 6.081853
v 3.869460 58.367470 8.199368
v 5.639433 60.856716 5.288606
v 4.813116 60.443821 10.522290
v 2.878730 58.820305 12.369125
v 5.150915 70.027740 12.084520
v 0.064503 58.082405 14.093666
v -3.747831 58.463028 8.373720
v -1.725530 57.394440 10.137471
v -4.542423 56.169060 6.107165
v 1.931854 64.765564 14.041630
v 3.525908 62.727932 13.170737
v 2.511799 62.570778 13.697267
v 2.725888 62.224606 13.458261
v 2.683982 61.863167 13.372865
v 2.589702 61.522583 13.445137
v 2.410995 62.212669 13.519863
v 2.042346 61.223099 13.897062
v 1.136364 61.157108 14.413965
v 1.349505 62.163223 14.533998
v 0.022199 61.096905 14.675486
v -1.087429 61.130569 14.592755
v -1.946343 61.155518 14.009931
v -8.286513 55.378258 -0.124315
v -8.694670 55.605453 -4.396924
v -5.171551 57.482384 -3.160121
v -2.026877 62.168350 13.560322
v -3.355162 58.653225 -2.725244
v -3.063325 62.500568 -1.558242
v -4.593804 70.612923 -2.911867
v -4.943732 75.228798 -2.028633
v -6.800382 74.965790 0.664956
v 1.137026 63.034309 14.841112
v 2.048257 62.673336 14.044261
v -4.712804 77.893059 0.937117
v 0.003022 76.263680 -3.087055
v 0.003395 79.237907 0.402913
v 0.020773 79.820900 4.590684
v -5.915709 71.970085 10.159537
v 0.027610 78.378510 10.788894
v -6.648034 69.678459 8.249249
v -3.974126 61.110359 12.460775
v -3.591268 62.768578 13.133402
v -2.537976 62.184669 13.439508
v -2.246042 62.441288 13.667389
v -1.255330 62.101097 14.610869
v 0.002755 62.099525 15.104141
v -2.511523 61.803127 13.367370
v -2.461946 61.453178 13.456041
v -2.745406 59.667652 13.473441
v 6.615919 75.870697 5.413339
v 7.833262 69.796043 2.520376
v 6.916869 68.447121 -0.290166
v 6.631655 65.879776 1.883273
v 3.670343 67.694885 12.812099
v 6.598220 64.566109 4.394247
v 8.191473 65.558762 3.126228
v 3.124998 68.734528 13.159603
v 3.622820 70.551071 13.342200
v 5.595682 62.781818 1.118238
v 4.173959 72.479614 13.037561
v 0.014027 77.153091 12.429898
v 1.932338 57.503208 9.927915
v -3.315815 78.173264 9.401060
v -4.222266 78.667885 4.730654
v -5.435877 76.398941 8.718904
v -4.179432 72.459396 12.985300
v 1.063846 64.544151 14.760918
v 0.540773 63.042191 15.158895
v 0.007816 62.989338 15.261650
v -0.529226 63.038391 15.188684
v -3.509225 70.456726 13.338787
v -1.096575 62.992634 14.861077
v -1.829400 62.620701 14.020094
v -1.252604 68.585388 13.352834
v -3.578196 67.591873 12.939229
v -1.736167 66.844009 13.877876
v -5.851521 69.339340 10.758075
v -5.111620 69.954124 12.082801
v -6.806569 68.475151 0.296215
v -6.530232 65.905891 2.158051
v -6.557214 64.571861 4.398592
v -5.543487 62.795807 1.198729
v -5.773222 60.882500 5.276513
v -6.406295 57.193508 0.242068
v -2.952247 68.622917 13.168732
v 5.909596 71.971184 10.160913
v 6.596283 69.664925 8.250773
v 6.848664 66.320877 6.254176
v 0.091244 69.826439 14.349112
v -0.744439 69.389122 13.842806
v 8.762057 67.500778 2.325760
v -1.200337 72.398369 14.348592
v 0.003631 72.451347 14.397070
v 1.211290 72.405602 14.387285
v 8.086306 70.120438 4.356902
v 7.548429 70.322159 4.619908
v 5.486337 76.355904 8.719287
v 0.949880 65.935715 16.394634
v 0.168470 66.105461 16.801300
v -0.565887 65.944046 16.394497
v -0.523231 65.281776 16.454374
v -3.328722 77.001747 11.291734
v 5.801400 69.361877 10.761782
v 2.551885 59.970741 13.487055
v -2.871713 58.744820 12.502202
v -5.006933 60.398720 10.528910
v -6.856036 66.325661 6.298654
v -7.535379 66.301636 4.815433
v -8.356189 68.142670 3.284755
v 1.964342 69.279854 12.822794
v 1.734473 69.166656 12.771241
v 2.317706 69.443420 12.984755
v 1.826822 69.349434 12.921804
v 1.637873 69.097153 12.842633
v 2.241996 69.532547 13.122303
v 1.488579 69.127159 12.975374
v 1.650299 68.787666 12.996166
v -8.624519 67.962898 2.198743
v -8.560198 66.565842 2.763982
v -8.170041 67.906624 2.220783
v -8.148457 69.785812 2.680174
v -7.929323 66.140068 2.982299
v -7.602076 69.231529 3.153275
v -7.585132 70.474991 3.987151
v -7.614469 71.167572 1.434024
v 1.201562 68.661179 13.743378
v 2.042495 67.882202 13.485644
v 1.839650 67.214172 13.889307
v -7.259416 69.471153 5.605707
v -8.117272 70.047478 4.387320
v -8.658164 69.856956 2.803317
v 1.901944 65.251572 14.961733
v 0.577697 64.740196 15.719301
v -0.188300 64.741577 15.736028
v 3.389696 78.321281 8.755880
v 2.528506 79.369377 4.581347
v 2.821351 78.665009 0.549862
v 5.021206 78.127083 4.842043
v 2.972911 75.815903 -2.877538
v -1.471768 65.137550 14.975300
v 6.269866 74.779587 -0.802236
v 6.810828 70.384552 -1.248227
v 2.709186 63.109695 -1.882497
v 2.892489 60.170425 -2.216001
v 0.004737 60.089676 -2.662206
v 0.851609 69.666557 14.150559
v 0.800773 70.840935 14.638521
v 3.895505 57.718323 -3.192550
v 0.001618 57.209759 -3.531330
v 8.019484 56.695469 -2.440514
v 9.713722 55.636993 -1.946972
v 7.698533 56.836586 -1.279573
v 7.904037 55.053001 0.809168
v 7.193373 55.744663 0.885654
v 7.386889 56.176552 0.201169
v 6.292934 56.975822 1.041129
v 5.926781 55.608376 3.859887
v 2.116195 69.794083 13.143207
v 2.841113 70.264427 13.213707
v 2.781216 69.729431 13.255722
v 3.599157 70.235847 13.055639
v 3.359769 69.778954 13.183187
v 2.794413 69.627365 13.146679
v 3.930288 69.619972 12.880517
v 3.312392 69.672745 13.085522
v 3.797500 69.525162 12.779485
v 4.219708 69.356766 12.596637
v 4.105808 69.316078 12.456528
v 4.382255 69.590340 12.332402
v 4.160576 69.942551 12.600817
v 5.820887 57.861500 4.061104
v 4.004855 58.696846 8.335785
v 2.299145 58.026318 11.061269
v 4.873118 68.844727 11.691755
v 5.903558 69.787865 10.482518
v 5.020056 67.927765 11.878063
v 3.463557 67.583183 12.963275
v 3.213733 65.911484 13.452271
v -2.164749 57.891705 11.271619
v -3.908244 58.796284 8.496954
v -3.845339 56.328865 6.810652
v 2.231890 64.903442 13.838084
v 2.650972 62.520824 13.605804
v 2.521236 62.359043 13.595670
v 2.442672 62.161133 13.498816
v 1.734212 61.365696 14.122168
v 1.615262 61.965702 14.291409
v 0.020069 61.227585 14.729815
v -1.632354 61.303440 14.274920
v -1.464496 61.885345 14.365528
v -9.793620 55.546021 -2.054970
v -7.972141 56.486141 -1.719170
v -7.570925 55.914658 -0.061663
v -8.329292 56.307957 -2.965388
v -6.564567 57.524464 -1.119417
v -3.889287 57.715706 -3.195390
v 0.001618 57.209759 -3.531330
v -2.198944 62.087563 13.490309
v -2.141893 62.298512 13.261944
v -2.345301 62.127098 12.711632
v -2.191337 62.164093 13.376093
v -0.956502 62.329903 14.116738
v -0.857350 62.500031 13.446996
v -0.010413 62.536869 13.415956
v -2.892595 60.184914 -2.275354
v 0.004737 60.089676 -2.662206
v -2.646635 63.130516 -1.785747
v -6.694298 70.416336 -0.762633
v -6.181433 74.809952 -0.801406
v -2.966482 75.815903 -2.877871
v -0.006034 62.313183 14.131041
v 0.958205 62.564041 13.445088
v 1.055866 62.402348 14.078909
v 1.158013 62.886520 14.755948
v 2.425735 62.233295 13.387788
v -2.772136 78.682999 0.550096
v -4.882018 78.186951 4.842124
v -2.445523 79.420715 4.581768
v -5.802966 72.518646 10.443784
v 0.035120 79.013153 9.378938
v 2.523867 62.276363 12.784777
v 2.466964 62.181427 12.740873
v 2.364030 62.362804 13.282690
v 1.528062 62.390629 14.001595
v 1.371259 62.271950 13.365651
v -0.008357 62.399582 13.522493
v -1.342291 62.298180 14.007817
v -1.197189 62.183304 13.365621
v -2.458654 62.496441 13.583159
v -2.290758 62.308556 13.578589
v 1.648546 69.495628 13.071432
v 4.388320 69.109184 12.261745
v -2.440179 60.224781 13.689642
v 7.731408 70.418968 3.955345
v 7.808142 71.119904 1.241403
v 7.149874 68.042847 0.773219
v 7.693529 69.198433 3.005676
v 7.265456 66.931107 3.146988
v 4.221556 69.152046 12.252335
v 4.227367 69.001602 12.479275
v 4.144530 68.479065 12.376581
v 3.087596 68.259613 12.926470
v 2.317420 68.505722 13.026425
v 7.119624 65.535194 4.164281
v 8.004285 66.118629 2.852413
v 7.815923 65.264793 3.485533
v 7.657038 64.536453 4.310015
v 7.288454 64.316277 4.886533
v 7.676579 64.442802 5.068783
v 7.639635 66.288200 4.779402
v 8.304605 65.344734 3.717592
v 8.245350 67.888504 1.974203
v 6.729366 64.900284 5.896168
v 2.295999 68.854950 13.102682
v 1.932469 68.988342 12.902124
v 2.321891 68.964104 12.965711
v 3.108904 68.854317 13.074545
v 3.821061 68.806686 12.860668
v 3.732970 68.939201 12.774097
v 4.100086 69.091675 12.427097
v 1.986942 69.048019 12.765131
v 3.780619 70.764053 13.501597
v 6.612459 64.414909 4.911900
v 5.627168 58.424263 -0.837874
v 6.480296 57.646648 -0.956586
v 5.624392 59.177990 1.066740
v 0.035120 79.013153 9.378938
v 3.948148 73.114304 13.103316
v 0.077716 57.568375 12.371555
v 3.914323 56.315342 6.713072
v -3.323365 78.384590 8.756460
v -3.477854 77.725395 10.212676
v 1.447816 65.052368 14.743011
v -3.945818 73.082726 13.013338
v 1.036983 63.637886 14.967302
v 0.003150 62.872822 15.188955
v -0.957527 63.569489 14.974314
v -3.695735 70.686661 13.494389
v -1.995610 70.519157 14.314496
v -3.456013 70.121437 13.054866
v -2.682969 70.170380 13.211893
v -1.941291 69.733353 13.142455
v -2.601574 69.633911 13.255980
v -3.190617 69.660431 13.183817
v -2.058647 69.466095 13.122862
v -2.606504 69.528267 13.146891
v -2.123444 69.369995 12.983035
v -1.782177 69.229523 12.825520
v -1.552434 69.126381 12.777782
v -1.459759 69.062653 12.843593
v -1.113671 62.844528 14.777500
v -2.021994 64.902657 13.897015
v -3.228788 65.932785 13.586123
v -1.312607 69.099487 12.973698
v -1.750862 68.939560 12.902132
v -1.478256 68.752075 12.994678
v -2.141799 68.438988 13.031179
v -1.882740 67.862389 13.487099
v -3.372358 67.497299 13.086720
v -1.036815 68.631691 13.737696
v -1.610156 67.200958 13.897608
v -5.049047 67.863495 11.891780
v -5.954128 69.774742 10.478734
v -4.840530 68.762169 11.690866
v -5.141008 70.422859 12.086141
v -2.394132 62.236542 12.763656
v -3.132181 69.552834 13.087541
v -4.266603 69.470200 12.332820
v -7.052053 68.067322 1.238907
v -7.184663 66.951836 3.302991
v -6.571958 64.421455 4.908769
v -4.034251 69.824509 12.600310
v -3.779189 69.490746 12.881740
v -4.088141 69.228973 12.599883
v -3.632047 69.391777 12.782813
v -3.962821 69.182495 12.456672
v -4.275328 68.988907 12.263190
v -4.092828 69.024643 12.253245
v -4.097608 68.874367 12.483475
v -4.023805 68.359764 12.406176
v -5.910511 57.880318 4.027151
v -6.087547 55.382584 3.679698
v -6.445732 56.747948 0.799679
v -7.412727 55.409576 0.590475
v -5.623552 59.161045 1.045419
v -5.624237 58.419655 -0.842990
v -2.926237 68.154991 12.972139
v -2.114447 68.786575 13.104201
v -2.139623 68.892075 12.967919
v -2.934392 68.740784 13.078499
v -1.786327 68.994804 12.796594
v -3.573642 68.805832 12.775955
v -3.667731 68.675697 12.872108
v -3.960996 68.960785 12.426989
v 5.170600 70.484474 12.088104
v 5.807423 72.520859 10.445189
v 6.931171 66.768883 6.147560
v 0.033697 70.826584 14.597905
v -0.665723 69.609352 14.080233
v 8.419971 68.126854 3.176584
v 8.612516 66.554024 2.638022
v 8.692983 67.947266 1.989702
v 8.279243 69.745865 2.539229
v 8.778160 69.823372 2.706071
v -0.728959 70.807961 14.617420
v -1.261722 72.710190 14.221572
v -1.475204 69.458626 13.069253
v -1.647103 69.305481 12.921434
v 8.177820 70.005722 4.375809
v 7.217570 69.448883 5.604493
v 3.515552 77.675911 10.212446
v 2.099152 70.573189 14.320210
v 1.267731 72.716789 14.271889
v 0.970156 65.662422 16.448338
v -0.578564 65.687805 16.449863
v -1.094888 64.933701 14.763148
v 2.393966 60.259171 13.570312
v 0.037763 60.005035 14.745025
v -7.053753 65.550262 4.195686
v -7.249861 64.323692 4.882814
v -7.745756 65.284439 3.537208
v -7.616622 64.543755 4.310186
v -7.631984 64.454758 5.077662
v -8.245469 65.359375 3.745680
v -6.695887 64.914680 5.899451
v -6.930437 66.769691 6.217719
v 2.567930 69.978905 12.933786
v 4.105423 68.512619 12.073984
v 2.684490 69.586464 13.130028
v 2.681851 69.025818 13.129783
v 2.394685 68.407295 12.756507
v 1.846112 70.151291 12.348053
v 1.646603 69.727654 12.371844
v 1.643559 68.825020 12.371458
v 1.840427 68.437950 12.347319
v 3.647714 68.467010 12.605597
v 4.113377 70.211449 12.074718
v 4.297274 69.809593 12.052309
v 4.292230 68.916428 12.051925
v 3.519490 70.020729 12.819574
v 3.435037 69.066475 13.039459
v 3.438013 69.624802 13.039705
v -3.358690 69.896965 12.820315
v -1.678782 68.384415 12.348171
v -3.264576 69.498901 13.040443
v -3.259079 68.939186 13.040380
v -3.493074 68.338753 12.648069
v -4.006181 70.105362 12.075412
v -4.189170 69.697495 12.052972
v -4.182035 68.799065 12.056715
v -3.991854 68.396118 12.092727
v -2.221002 68.333633 12.764705
v -1.688158 70.090622 12.348957
v -1.479733 69.680412 12.372755
v -1.474207 68.783058 12.372341
v -2.390414 69.890320 12.934618
v -2.494926 68.934334 13.131044
v -2.499233 69.493645 13.130836
v 0.722889 62.542057 13.709224
v -0.006218 62.561169 13.819614
v -0.010072 63.035210 13.786901
v -0.276160 63.894638 14.000058
v -0.752839 63.928116 13.784698
v -0.658615 62.489410 13.721025
v -0.663416 63.008659 13.661997
v -1.145861 63.991581 13.530333
v 2.225298 62.682850 12.301785
v -1.136694 62.513161 13.393345
v -1.128035 63.000168 13.358725
v -1.464445 62.514034 12.981071
v -1.508147 62.991489 12.909668
v -2.461648 63.395901 12.203521
v -2.756510 64.498779 11.771829
v -2.141051 62.668995 12.264342
v 2.753472 63.900761 11.844072
v 3.082362 63.175247 9.383222
v 3.279899 64.020004 9.118538
v 2.687129 64.478233 11.768820
v 3.130056 64.559067 8.972024
v 1.917603 64.128075 13.089967
v 1.735899 63.051098 13.011765
v 1.733471 62.580963 12.961967
v 1.224324 63.997108 13.575852
v 0.785185 63.965218 13.809291
v 1.291981 63.077957 13.444248
v 0.704573 63.082371 13.759211
v -3.067821 63.168514 9.383411
v -3.163750 63.722088 9.321538
v -3.082279 64.565620 8.970541
v -1.467842 64.076187 13.314548
v -1.875741 64.203117 13.045824
v 1.272804 62.553215 13.390423
v 2.519415 63.040569 11.116494
v 3.235112 62.064083 9.405264
v 2.657751 61.742142 11.346805
v 2.266780 61.518242 12.183529
v 2.786215 63.161930 9.453561
v -2.606150 62.923222 11.444777
v -3.288707 62.029255 9.426159
v -2.760914 61.679443 11.373430
v -2.907367 63.091251 9.529682
v -2.293754 61.449280 12.202264
v 0.381067 61.334030 13.597596
v 0.531962 62.633160 13.547029
v -0.499953 62.596989 13.552038
v -1.036968 61.285255 13.420583
v -1.696087 61.280781 12.869438
v -1.171019 62.588390 13.222299
v -1.627915 62.535912 12.559508
v 1.771589 62.570171 12.581618
v 1.489476 61.331348 13.086106
v 1.403110 62.569965 13.079927
v -0.355471 61.324459 13.647255
v -1.701360 61.608814 8.558718
v -1.720401 62.740215 9.075399
v -1.629190 62.953121 11.270390
v 0.001597 63.223373 9.139944
v -0.000973 63.228138 11.096219
v 1.635280 62.950706 11.273636
v 1.671743 61.654552 8.500395
v 1.718106 62.755581 9.062630
v -0.013469 61.666576 7.547584
v -1.061159 62.432850 12.733409
v -0.005170 62.585102 13.272897
v 1.162566 62.474865 12.737039
v 2.936412 59.531235 8.746244
v 2.611740 64.273903 8.599985
v 2.523867 62.276360 12.784777
v 2.466964 62.181423 12.740873
v 1.371259 62.271957 13.365652
v -0.008357 62.399590 13.522494
v -1.197189 62.183304 13.365622
v -2.830165 61.249222 11.981284
v -2.345302 62.127098 12.711633
v -2.839197 63.492794 12.295065
v -2.595624 64.270271 8.604184
v -0.857350 62.500031 13.446997
v -0.010413 62.536873 13.415955
v -0.017439 63.983593 13.389484
v 0.958205 62.564041 13.445088
v 2.788882 63.472767 12.324718
v 0.000919 64.998306 8.922363
v 0.001638 63.361805 6.758270
v 2.714597 61.333233 11.940310
v -0.027175 60.702629 6.792535
v 0.067712 58.455139 9.319497
v 0.015951 60.904411 13.136237
v -2.839418 59.534515 8.926666
v -2.394132 62.236542 12.763656
v -1.799521 68.992455 12.776140
v -2.214538 69.066162 12.569277
v -2.443676 68.994408 12.660597
v -2.139622 68.892075 12.967919
v -2.837918 68.920502 12.715061
v -2.934392 68.740784 13.078498
v -2.235095 69.182594 12.597076
v -3.297154 68.960144 12.528505
v -3.573642 68.805832 12.775955
v -3.960996 68.960785 12.426989
v -3.537795 69.039925 12.315560
v -4.092828 69.024643 12.253244
v -3.611519 69.082367 12.274875
v -3.962821 69.182495 12.456672
v -3.343387 69.234283 12.519386
v -3.632047 69.391769 12.782813
v -3.154257 69.312241 12.653063
v -3.132181 69.552834 13.087541
v -2.771991 69.341896 12.762312
v -2.606504 69.528267 13.146891
v -2.403612 69.241043 12.662381
v -2.123444 69.369995 12.983035
v -1.797508 69.221245 12.793510
v -2.235095 69.182594 12.597076
v -1.797508 69.221245 12.793510
v -2.214538 69.066162 12.569277
v -1.799521 68.992455 12.776140
v 2.001908 69.046608 12.741968
v 2.513766 69.115555 12.604568
v 2.414835 69.148239 12.552980
v 2.321891 68.964104 12.965711
v 3.024962 69.036446 12.713899
v 2.427497 69.265320 12.594624
v 3.108904 68.854317 13.074545
v 3.474777 69.094673 12.528883
v 3.732970 68.939201 12.774097
v 4.100086 69.091675 12.427097
v 3.705857 69.179085 12.315079
v 4.221556 69.152046 12.252335
v 3.775826 69.221581 12.273882
v 4.105808 69.316078 12.456528
v 3.522750 69.370674 12.518345
v 3.797500 69.525162 12.779485
v 3.338938 69.442032 12.652859
v 3.312392 69.672745 13.085522
v 2.966577 69.454620 12.761526
v 2.794413 69.627365 13.146679
v 2.598579 69.333466 12.661591
v 2.317706 69.443420 12.984755
v 1.977689 69.276726 12.796281
v 2.427497 69.265320 12.594624
v 1.977689 69.276726 12.796281
v 2.414835 69.148239 12.552980
v 2.001908 69.046608 12.741968
v -7.073739 68.445679 6.056051
v -7.249425 68.004730 5.451062
v -8.163158 67.905418 3.769943
v -8.199556 69.390663 3.470661
v -1.799521 68.992455 12.776140
v -1.759369 69.113747 12.750608
v -1.695356 69.100914 12.789988
v -1.588233 69.004883 12.775313
v -1.509038 69.073029 12.768945
v -1.552434 69.126381 12.777782
v -1.797508 69.221252 12.793510
v 2.001908 69.046608 12.741968
v 1.953267 69.167542 12.729505
v 1.881796 69.148094 12.780416
v 1.773079 69.046326 12.764198
v 1.690943 69.110939 12.761192
v 1.734473 69.166656 12.771241
v 1.977689 69.276726 12.796282
v 1.977689 69.276726 12.796282
v 2.154401 69.365044 12.902358
v 1.880861 69.308838 12.881155
v 2.067020 69.426247 13.046383
v 2.632435 69.590469 13.103834
v 2.612190 69.663368 13.226340
v 1.433382 69.144356 13.023311
v 1.170958 69.251968 13.379007
v -8.645469 68.600525 2.328224
v -8.702947 67.078911 2.671813
v -8.128644 69.372208 2.481112
v -8.134328 68.367348 2.225638
v -7.816564 65.672569 3.226057
v -7.828796 70.186241 3.844358
v -7.531650 69.857262 3.680787
v -7.441523 69.979240 4.532530
v -7.356089 72.201279 0.584454
v -7.377071 73.353088 4.361964
v -7.435182 73.064575 1.944763
v -7.386000 69.896652 5.137149
v -7.093967 72.824524 6.192612
v -6.713603 75.740303 4.208732
v -7.165876 69.926743 6.053652
v -6.870932 69.924698 7.360383
v -6.545185 71.371277 8.295894
v -6.898971 69.083710 7.359195
v 1.356605 68.621208 13.461700
v 2.199306 67.972641 13.240707
v 2.104678 67.561630 13.629173
v 1.382794 67.788399 14.091864
v 2.561938 67.104416 13.533398
v 2.074214 66.340851 13.834515
v 1.528970 66.655205 14.347719
v 2.481217 66.050171 13.694628
v 1.998525 65.726784 14.087037
v 2.185313 65.347687 13.757390
v 2.017220 65.403786 14.360774
v -7.358212 69.496002 5.380713
v -7.686668 69.008911 5.153830
v -8.264238 70.137154 3.989813
v 7.118029 69.902397 6.050870
v 7.192960 72.756676 6.192537
v 6.557772 71.364990 8.296568
v 6.432757 73.472832 8.472646
v 6.459095 75.319542 6.774070
v 4.733437 74.377686 11.683884
v 1.817338 65.596390 15.111292
v 2.061785 65.068611 13.901733
v 1.911370 65.032631 14.620241
v 1.742381 65.183945 15.155344
v 0.824945 65.097198 16.406759
v 0.202667 65.052757 16.617804
v 0.539584 64.595657 15.423513
v 0.182631 64.444695 15.676072
v -0.198786 64.567230 15.445213
v 2.506030 77.032188 11.787305
v 3.051701 74.506668 13.304440
v 2.328216 78.641808 9.106915
v 4.321609 77.840065 8.482624
v 2.374396 79.170898 6.752838
v 0.032321 79.641663 6.851782
v 2.628966 79.323387 3.229873
v 5.222196 77.997643 3.640370
v 0.002988 77.607285 -2.107680
v 2.982779 77.007996 -1.854922
v -0.986287 64.192551 14.786451
v -1.615874 64.514565 14.155498
v -1.585485 64.829605 14.112183
v -1.536030 64.926201 14.639412
v -1.789179 65.051872 13.956161
v -1.619612 65.336174 14.407247
v -1.323184 65.072876 15.169409
v -1.633637 65.723961 14.144173
v -1.360350 65.491867 15.128899
v -0.539381 66.504143 16.134157
v -0.540603 67.183342 15.634257
v 5.649498 75.957954 -0.674123
v 0.004633 74.751480 -3.797825
v 2.949988 74.307541 -3.515113
v 5.692358 73.677109 -1.979230
v 2.762977 70.948334 -4.118913
v 7.498252 72.158394 0.429672
v 5.447042 70.495895 -2.790963
v 2.402422 67.904114 -3.786283
v 5.275612 67.413902 -2.315858
v 2.017687 65.508499 -2.745642
v 4.504077 65.339333 -1.652089
v 0.054559 63.922539 -2.364894
v 1.663493 63.857372 -2.276946
v 0.036941 62.712650 -2.527821
v 1.472333 62.667007 -2.383366
v 0.010032 60.730339 -2.629218
v 1.431768 60.731689 -2.505088
v 4.206311 60.576977 -0.958086
v 1.632022 58.978413 -2.756355
v 0.001017 58.905823 -2.861556
v 0.057093 68.573341 15.168020
v 0.657931 68.365921 14.828953
v 0.680350 69.220985 14.288226
v 0.628087 69.830528 14.359689
v 1.163939 69.639679 13.763741
v 0.616434 70.319679 14.590935
v 1.454065 69.933342 14.036551
v 1.894255 57.888145 -3.142618
v 0.001154 57.757687 -3.279066
v 4.381268 58.305916 -2.641251
v 2.304694 56.736961 -3.618252
v 0.001792 56.576328 -3.901362
v 7.385141 56.633965 -3.351301
v 10.791391 55.099319 -2.064031
v 8.968040 55.000538 0.008831
v 6.911513 55.268261 1.602851
v 6.629389 56.420639 1.011634
v 6.057096 57.506233 1.027922
v 6.052989 56.566799 3.066789
v 5.614079 55.798737 4.604943
v 1.829215 69.850464 13.392816
v 0.916809 71.184120 14.635384
v 1.559464 69.584358 13.198373
v 3.351070 69.732346 13.209742
v 2.965879 69.717628 13.285797
v 2.968388 69.653191 13.159800
v 3.901899 69.558723 12.913096
v 4.308873 69.278778 12.489569
v 4.479794 69.442818 12.208049
v 4.739456 68.952187 11.830736
v 6.003989 58.818764 3.335014
v 5.366968 57.913338 5.027206
v 3.810005 56.755424 6.907254
v 5.971501 60.815773 3.756210
v 5.156600 59.295010 5.544069
v 3.620257 57.911617 8.138022
v 5.253337 60.386356 6.321722
v 4.134694 58.963676 8.536357
v 5.947911 62.033894 5.170637
v 2.724546 58.181725 10.568385
v 5.263949 60.385227 7.764640
v 5.801891 61.277687 8.647354
v 3.286534 59.136940 11.957055
v 5.436306 70.242485 11.489483
v 5.809130 70.066559 10.652379
v 5.690201 68.191490 11.047116
v 4.893491 67.651176 12.141469
v 3.769104 67.577354 12.828922
v 5.633084 66.125725 11.575823
v 4.223747 66.453331 12.948740
v 3.401076 66.681709 13.269987
v 3.436964 65.436493 13.363266
v 3.079269 65.678268 13.517973
v 1.816685 58.371727 13.547434
v -1.060791 57.653015 12.137029
v -2.576715 58.069221 10.795788
v -4.057169 59.062153 8.684356
v -2.300678 57.739304 10.015055
v -3.463273 57.987007 8.330535
v -3.710974 56.835552 7.038931
v -5.304307 59.382889 5.518619
v 4.284453 64.261009 12.704808
v 2.354371 64.984085 13.760714
v 2.613439 64.753288 13.690515
v 3.369098 63.603848 13.351101
v 2.290355 64.653946 13.867441
v 3.000972 63.509594 13.552586
v 1.837207 64.569092 14.156600
v 2.607352 62.841385 13.701355
v 2.805461 62.210403 13.436108
v 2.474494 62.483467 13.687617
v 2.614943 62.249065 13.489754
v 2.948176 61.459270 13.188280
v 2.418803 60.911823 13.554396
v 1.975365 62.017326 13.892460
v 1.165543 60.948307 14.377904
v 1.112226 61.973267 14.740908
v 0.024421 60.939548 14.633229
v -1.117210 60.926434 14.553569
v -1.070702 61.935146 14.860950
v -1.734291 61.913960 13.908561
v -1.605444 62.158337 13.935571
v -10.791550 55.099258 -2.064069
v -7.202167 57.014084 -1.379209
v -7.600689 56.338123 -3.777084
v -4.376950 58.304195 -2.652442
v -2.314885 56.673584 -3.707147
v -1.889968 57.884960 -3.148949
v 0.001792 56.576328 -3.901362
v 0.001154 57.757687 -3.279066
v -2.195081 62.208748 13.467897
v -2.173601 62.270252 13.017816
v -2.302548 62.204384 12.988687
v -2.175751 62.128777 12.776531
v -2.263348 62.178982 13.484920
v -2.243908 62.173019 13.330856
v -2.497998 62.087955 12.690471
v -2.112497 62.246193 13.132244
v -2.112910 62.193089 13.565980
v -2.091727 62.167511 13.419847
v -2.030936 62.400181 12.941845
v -1.404718 62.201191 13.610628
v -1.371949 62.369564 13.341568
v -1.563778 62.292976 14.063694
v -1.478698 62.181072 13.883829
v -0.889836 62.336823 13.763492
v -0.009243 62.358196 13.686628
v -1.631311 58.981918 -2.790611
v 0.001017 58.905823 -2.861556
v -1.416083 60.747234 -2.554559
v -6.050069 57.990448 -0.942818
v 0.010032 60.730339 -2.629218
v -1.409413 62.682858 -2.397265
v 0.036941 62.712650 -2.527821
v -1.565450 63.874912 -2.177284
v 0.054559 63.922539 -2.364894
v -1.878825 65.518806 -2.399070
v -2.287296 67.913651 -3.355327
v -5.155181 67.438072 -1.479737
v -5.361887 70.516991 -2.312734
v -2.731383 70.952682 -3.941519
v -5.640440 73.692909 -1.918850
v -7.193912 70.171829 0.188200
v -2.940490 74.306526 -3.515982
v -5.564806 75.987633 -0.674074
v -0.003797 62.468658 14.683246
v 0.995950 62.411621 13.743885
v 1.129773 62.527027 14.383251
v 1.626189 62.298878 13.613321
v 1.700601 62.278755 13.880420
v 1.779550 62.380291 14.065979
v 1.863396 62.682873 14.206950
v 2.340068 62.243797 13.429317
v 2.052027 63.432510 14.131066
v 2.368432 62.265831 13.576655
v 2.467451 62.237244 13.345643
v 2.326784 62.310669 13.149075
v 0.004633 74.751480 -3.797825
v -2.967967 77.013176 -1.854974
v -5.072157 78.046989 3.640768
v 0.002988 77.607285 -2.107680
v -2.555113 79.364937 3.230336
v -6.378366 75.369263 6.773770
v -6.412306 73.487236 8.471535
v 0.032321 79.641663 6.851782
v -6.312423 70.652878 9.012725
v -6.735157 68.982819 8.237285
v -6.653783 67.309196 9.772580
v -5.847964 66.108643 11.635246
v 2.474001 62.255951 13.013612
v 2.223469 62.451492 12.964031
v 2.592865 62.126804 12.713619
v 1.581712 62.449497 13.352140
v 2.362742 62.330570 13.045313
v 2.329765 62.191597 12.802440
v 1.634573 62.358696 13.600594
v 1.596388 62.259712 13.260125
v 1.684288 62.364204 13.740371
v 0.764112 62.376015 13.527758
v 0.789145 62.522995 13.979313
v 0.821820 62.552128 14.153935
v -0.008581 62.556580 14.245878
v -0.009403 62.541225 14.028296
v -0.769457 62.497150 14.185983
v -0.731041 62.465363 14.005980
v -0.694109 62.318142 13.543800
v -1.458271 62.269562 13.733376
v -1.412274 62.265205 13.593409
v -1.390576 62.171970 13.257416
v -6.426899 63.850563 9.744157
v -5.081579 62.921005 11.866952
v -4.282200 62.648788 12.613985
v -3.017831 63.560814 13.537444
v -2.448831 62.843277 13.671351
v -2.637579 62.177708 13.415107
v -2.401830 62.199127 13.473286
v -0.941572 62.418404 14.628286
v -0.002566 62.446762 14.808907
v 0.984737 62.465187 14.573061
v 1.840845 62.255402 13.934757
v 2.434491 62.276314 13.482016
v 2.498508 62.241920 13.498231
v 1.791957 69.567406 13.082647
v 4.385281 69.161415 12.342728
v 4.210799 69.180305 12.280588
v -2.937847 61.412788 13.188329
v -2.414907 60.858749 13.624614
v -2.916641 60.167397 13.272741
v 7.627850 73.234909 4.361947
v 7.716416 72.988777 1.923616
v 6.938601 75.666145 4.208789
v 7.320294 70.136925 -0.245265
v 6.799436 67.060272 0.684274
v 7.319462 67.389000 2.976038
v 6.352725 64.881248 2.567084
v 4.309096 69.040604 12.368839
v 4.739672 68.640289 11.779048
v 4.164832 69.116821 12.340458
v 3.356072 68.289825 12.846650
v 2.649455 68.292915 13.004902
v 2.916968 67.673241 13.136612
v 7.894168 65.649811 3.135093
v 7.748708 64.880692 3.877568
v 8.163005 64.976112 4.086074
v 7.085238 64.798294 5.614641
v 7.438934 66.027786 5.078597
v 8.046472 66.352676 4.065187
v 8.163028 67.039970 2.348796
v 2.847716 68.751823 13.185732
v 3.387700 68.751022 13.069447
v 2.845644 68.866035 13.092056
v 3.345072 68.871101 12.993897
v 1.748386 69.024216 12.856960
v 1.773079 69.046326 12.764198
v 2.001908 69.046608 12.741968
v 1.690943 69.110939 12.761192
v 4.110029 70.718025 13.310875
v 2.725941 70.598351 14.010311
v 5.005970 70.577744 12.406272
v 6.754600 64.581841 4.982346
v 6.345311 63.692265 5.101630
v 6.159386 62.951591 4.857442
v 6.599847 64.118919 6.226284
v 6.032841 63.312309 2.698955
v 6.405663 63.211960 6.056993
v 5.665588 63.634995 0.979775
v 5.545093 61.964790 1.166697
v 5.567854 59.801006 1.102536
v 4.112382 63.564335 -0.979253
v 3.899504 62.321884 -0.789561
v 6.027692 58.029324 -0.889444
v 7.015651 57.267292 -1.052995
v 3.110710 71.649040 14.084229
v 4.402320 71.879150 12.956362
v 3.270074 72.456940 13.817724
v 4.481664 72.482506 12.658476
v 1.198620 57.727478 12.017358
v 1.433842 57.560963 10.774451
v 2.507782 57.823532 9.783184
v 1.529486 57.405258 10.199908
v 1.656883 56.694489 9.211992
v 0.091838 56.486519 9.828436
v 0.020552 77.782494 11.684097
v -2.265093 78.692322 9.107606
v -2.289969 79.228828 6.753599
v -4.712432 78.177109 5.981927
v -4.251841 77.906036 8.482846
v -4.512462 76.699097 10.192144
v -4.726857 74.364120 11.663559
v -3.047584 74.440857 13.165177
v -4.487258 72.466423 12.626925
v -5.183891 71.688507 11.688029
v -4.398627 71.851280 12.934128
v -5.898200 71.187241 10.214835
v 1.164266 64.302887 14.786993
v -4.035099 70.640984 13.307414
v -2.613969 70.527252 14.000894
v -2.428390 69.575661 13.226233
v -3.181154 69.614105 13.210379
v -2.786901 69.613869 13.286335
v -1.883910 69.369713 13.046799
v -2.443855 69.499672 13.103490
v -1.969027 69.304070 12.903699
v -2.779285 69.546524 13.160497
v -1.699417 69.263062 12.880957
v -1.797508 69.221252 12.793510
v -1.509038 69.073029 12.768945
v -1.047985 62.465466 14.417604
v -1.668682 62.621986 14.188349
v -1.896483 63.401688 14.091080
v -2.127852 64.656128 13.910330
v 0.107787 64.186005 15.150192
v -2.534890 64.787468 13.764025
v -2.165260 64.996841 13.835661
v -3.487276 63.663124 13.342427
v -1.918239 65.362747 13.834398
v -4.521032 64.238747 12.779863
v -3.058923 65.702194 13.656363
v -3.552637 65.465683 13.494579
v -2.240958 66.077820 13.788589
v -1.588233 69.004883 12.775313
v -1.568886 68.984085 12.858759
v -1.257604 69.118866 13.020731
v -2.480747 68.214165 13.023543
v -2.040686 67.940475 13.248917
v -2.783984 67.618408 13.207829
v -3.698879 67.478760 12.960671
v -3.413220 66.676544 13.378209
v -4.359649 66.393059 13.056999
v -2.401579 67.099243 13.581496
v -1.934089 67.551804 13.633738
v -1.193281 68.592491 13.458390
v -1.213565 67.761215 14.092934
v -0.524430 68.353897 14.867171
v 0.097618 69.413277 14.441998
v -1.177577 66.615234 14.362812
v -1.755083 66.361595 13.883847
v -4.915332 67.579330 12.183585
v -5.815463 68.167564 11.042494
v -6.030760 69.144859 10.445111
v -5.845188 70.046600 10.649181
v -4.682085 68.857231 11.830102
v -5.431068 70.193253 11.487236
v -4.967118 70.511894 12.404198
v 1.861295 64.878922 14.088437
v -4.698162 68.551666 11.780707
v -4.374807 69.325844 12.208291
v -6.714067 67.080460 1.163746
v -5.785601 65.566338 0.758375
v -7.240583 67.408936 3.157854
v -6.267124 64.902359 2.709503
v -6.006328 63.314999 2.736303
v -5.587940 63.655468 1.165671
v -6.180484 62.952755 4.854456
v -3.747538 69.428650 12.914363
v -4.184836 69.153725 12.492645
v -4.270200 69.038956 12.343954
v -4.079969 69.052040 12.282210
v -4.186996 68.915916 12.372302
v -4.031081 68.987144 12.341400
v -5.514545 61.968922 1.180906
v -6.069391 60.808849 3.741920
v -6.021545 62.041969 5.164767
v -5.379470 60.465187 6.302788
v -6.081000 58.809788 3.294693
v -5.464396 58.000542 4.998669
v -5.725909 55.709526 4.503934
v -6.210849 56.342903 2.874089
v -6.140759 57.385891 0.892759
v -6.846355 56.087509 0.695313
v -5.563671 59.785137 1.085346
v -4.206869 60.587551 -1.008388
v -3.199906 68.172623 12.903884
v -2.671139 68.653069 13.192863
v -2.669162 68.764503 13.097152
v -3.176832 68.747696 12.996433
v -3.220395 68.628944 13.080256
v -1.799521 68.992455 12.776140
v 5.183778 71.711838 11.689885
v 5.876774 71.191933 10.216646
v 6.277886 70.643082 9.014392
v -3.880455 62.337070 -0.721355
v -4.056448 63.583206 -0.702409
v -4.398146 65.358093 -1.014577
v 6.672462 68.971390 8.239289
v 6.821599 69.911949 7.358696
v 6.838375 69.077446 7.355896
v 6.831341 67.601395 7.189691
v 6.743798 66.090836 6.822260
v 6.709163 65.156853 6.526242
v 6.980778 66.323669 5.852324
v 0.020491 71.177498 14.595150
v 0.058413 70.346687 14.560750
v -0.448962 69.779678 14.297214
v -0.484600 69.184341 14.246967
v -0.988971 69.224411 13.352438
v -0.990944 69.590355 13.711390
v -1.309715 69.875565 13.999362
v 7.239208 67.999359 5.437738
v 8.215150 67.890648 3.696274
v 8.749679 67.069824 2.532573
v 8.729393 68.579994 2.145218
v 8.239921 69.339134 2.300232
v 8.222673 68.345329 1.982412
v -1.666026 69.801521 13.390812
v -0.865149 71.162605 14.631685
v -0.494393 70.271690 14.541797
v -1.389527 69.548492 13.192013
v -1.617836 69.523438 13.080606
v 5.881448 65.543823 0.275494
v 7.951499 70.129745 3.802267
v 7.636713 69.817268 3.604481
v 8.368291 70.092155 3.966118
v 7.478766 69.941689 4.515660
v 7.325184 69.471375 5.380550
v 7.366546 69.864395 5.136582
v 7.027876 68.443367 6.041285
v 7.673988 68.992142 5.144879
v 8.279505 69.358780 3.390265
v 4.835022 78.110268 5.981734
v 4.538086 76.658966 10.192192
v 6.239531 62.183056 7.360831
v 5.573804 60.923622 7.085375
v 0.076795 57.241173 11.288112
v -1.427669 56.587040 9.387027
v -1.272164 57.436523 10.943099
v 1.299884 74.577736 13.823901
v 0.002783 74.657127 13.866693
v -1.294335 74.555954 13.757954
v -1.338573 57.288765 10.380669
v 0.721670 67.208870 15.610009
v 0.844728 66.528412 16.129795
v 0.070575 67.309761 15.979070
v 0.128518 66.592773 16.558014
v -0.443900 65.141212 16.411686
v -2.480319 77.054543 11.779056
v 5.956151 69.153175 10.449644
v 6.378931 67.298508 9.780684
v 6.444027 64.558701 8.547454
v 6.109235 63.822430 9.779592
v 4.769731 62.978188 11.881822
v -3.266495 72.431412 13.727747
v -3.077077 71.614471 14.037113
v -6.711087 64.588638 4.978818
v 4.068878 62.627712 12.644185
v 3.742532 61.185249 12.449925
v 2.821199 60.210819 13.204609
v 1.507650 59.850739 14.294639
v -1.450177 59.832096 14.464647
v -1.712438 58.351971 13.720710
v -7.029941 64.820107 5.625034
v -8.098465 67.056618 2.550219
v -7.693360 64.894096 3.895737
v -8.113473 64.988350 4.100678
v -7.315188 66.011269 5.125207
v -6.935684 66.350121 5.934180
v -7.967945 66.368340 4.106884
v -3.330488 59.049805 12.082466
v -5.376350 60.469536 7.745039
v -5.697835 60.985462 7.056386
v -5.998580 61.289421 8.601436
v -6.343384 62.224411 7.312795
v -6.406137 63.240562 6.035864
v -6.575723 64.144279 6.209221
v -6.666497 64.589821 8.516876
v -6.326127 63.697361 5.097123
v -6.708728 65.164856 6.523211
v -6.788942 66.078575 6.828758
v -6.901600 67.586327 7.197097
v 2.597507 69.647301 13.070866
v 2.416339 69.288620 13.035316
v 2.778692 69.310928 13.211422
v 2.781189 68.951485 13.128154
v 2.390911 68.797775 12.953825
v 3.339543 68.981758 13.061190
v 1.757081 70.211472 12.118744
v 1.540554 69.763138 12.144959
v 1.467839 69.276550 12.153769
v 1.538086 68.805870 12.144570
v 1.751963 68.394257 12.117993
v 2.516503 70.804756 12.029241
v 2.510903 67.872429 12.025932
v 3.427595 67.899597 11.914965
v 4.154341 68.460648 11.827837
v 3.677907 68.863571 12.799264
v 3.667498 69.353790 12.885262
v 4.162172 70.264328 11.828590
v 4.365197 69.837715 11.804065
v 3.433737 70.816956 11.916615
v 4.431244 69.363953 11.795794
v 4.360290 68.889450 11.803676
v 3.363385 69.341927 13.141345
v 3.508915 69.692764 12.961591
v -3.338214 69.564926 12.962323
v -3.497294 69.219566 12.885969
v -3.186358 69.218185 13.142080
v -3.162172 68.858177 13.063226
v -3.512214 68.730331 12.808606
v -2.595765 68.854622 13.130646
v -4.070127 70.166893 11.829281
v -4.274694 69.734932 11.804723
v -4.342185 69.257568 11.796430
v -4.270618 68.781914 11.806033
v -4.061457 68.353416 11.839825
v -3.333546 70.729317 11.916931
v -3.311922 67.791428 11.953723
v -2.377047 67.793152 12.032528
v -1.599290 68.340225 12.118855
v -2.206192 68.722687 12.956079
v -2.227296 69.211380 13.036139
v -1.608376 70.151398 12.119661
v -1.380934 69.716316 12.145883
v -2.391991 70.723381 12.027986
v -1.301692 69.237831 12.154683
v -1.375619 68.763809 12.145465
v -2.592772 69.214134 13.212212
v -2.412341 69.558617 13.071683
v 0.576911 63.366810 13.974534
v 0.717293 62.574760 13.764147
v 0.541470 62.562401 13.851160
v 0.530958 62.509361 13.788349
v 0.221495 62.551228 13.915524
v 0.212863 62.501366 13.858236
v 0.020870 62.619499 13.874163
v 0.153590 63.331310 14.059077
v 0.006676 63.068600 13.851810
v -0.009356 63.031723 13.784733
v 0.282427 63.553455 14.107719
v -0.027750 63.069096 13.852009
v -0.010707 63.031742 13.784740
v -0.178751 63.327484 14.059731
v -0.304690 63.535675 14.106176
v -0.570805 63.332893 13.970417
v -0.641846 63.530983 13.960908
v -0.223500 62.540279 13.925767
v -0.031482 62.619278 13.875199
v -0.509068 62.523727 13.868638
v -0.214188 62.490250 13.868732
v -0.003543 62.561192 13.819559
v -0.497658 62.470432 13.806451
v -0.655975 62.523045 13.776495
v -0.666714 63.007313 13.681055
v -0.667918 63.050083 13.753153
v -0.690394 63.042767 13.714839
v -0.930496 63.524590 13.817087
v -0.835524 63.263374 13.811811
v -1.191370 63.552948 13.601138
v -1.135821 63.295010 13.620288
v -0.712040 62.595650 13.737499
v -0.842643 62.504128 13.725935
v -0.678309 62.578419 13.709251
v -1.031451 62.465900 13.608570
v -1.284371 63.009117 13.053840
v -1.374691 63.130424 12.763732
v -0.994137 63.440365 12.885872
v -1.079865 63.138824 13.143974
v -0.882521 62.982292 13.411064
v -0.572509 63.476444 13.016197
v -1.115027 62.994469 13.343010
v -1.128035 63.000168 13.358725
v -1.136694 62.513161 13.393345
v -1.013372 62.387608 13.552134
v -0.820849 62.421124 13.685106
v -1.108492 62.483543 13.377166
v -1.271267 62.335987 13.304850
v -1.464445 62.514034 12.981071
v -0.678309 62.578419 13.709251
v -0.663416 63.008659 13.661997
v -0.666714 63.007313 13.681055
v -0.349605 63.084137 13.601043
v -0.052912 63.041122 13.725392
v -0.008238 63.473598 13.099450
v -0.658615 62.489410 13.721025
v -0.497658 62.470432 13.806451
v -0.214188 62.490250 13.868732
v -0.010707 63.031742 13.784740
v -0.003543 62.561192 13.819559
v -0.009356 63.031723 13.784733
v 0.032973 63.039982 13.725110
v 0.574362 63.467209 13.031519
v 0.345593 63.093933 13.602736
v -0.006218 62.561169 13.819614
v 0.212863 62.501366 13.858236
v 0.530958 62.509361 13.788349
v 0.722889 62.542057 13.709224
v 0.707784 63.039593 13.687728
v 0.967746 63.016460 13.431827
v 1.041644 63.426151 12.917882
v 0.704324 63.040585 13.669059
v 0.744130 62.630241 13.702934
v 0.922391 62.487656 13.675888
v 1.161469 62.464767 13.554721
v 1.178677 63.152149 13.177706
v 1.421723 63.025391 13.091248
v 1.486438 63.127796 12.803600
v 1.240128 63.025059 13.374942
v 1.306198 62.582500 13.408638
v 1.255017 63.030678 13.391333
v 1.272804 62.553215 13.390423
v 1.470437 62.413940 13.315880
v 1.659601 62.565731 13.003375
v 1.656877 63.000042 12.951703
v -1.508147 62.991489 12.909668
v 1.656877 63.000042 12.951703
v 1.421723 63.025391 13.091248
v 1.486438 63.127796 12.803600
v 1.669872 63.006981 12.961084
v 1.687970 62.607227 12.918673
v 1.595189 62.736328 12.699344
v 1.041644 63.426151 12.917882
v 1.303168 63.597252 12.318515
v 1.718407 63.279350 12.167840
v 1.842255 62.823631 12.154998
v 2.460835 63.370983 12.250876
v 2.600080 63.193882 9.391602
v -0.820849 62.421124 13.685106
v -1.013372 62.387608 13.552134
v -1.136259 62.529919 13.469032
v -1.151152 63.046509 13.423515
v -1.170707 63.045856 13.383480
v -1.115027 62.994469 13.343010
v -1.350398 63.311844 13.417063
v -1.481032 63.582420 13.397410
v -1.651907 63.222588 13.060601
v -1.144819 62.474243 13.403765
v -1.108492 62.483543 13.377166
v -1.301250 62.370605 13.357690
v -1.271267 62.335987 13.304850
v -1.520662 62.999199 12.918291
v -1.790909 63.136967 12.913853
v -1.502160 62.562752 12.894371
v -1.949628 63.629482 13.014258
v -1.664055 62.440392 12.860579
v -2.825806 63.922771 11.824007
v -1.767819 62.818550 12.127484
v -1.669696 63.297249 12.132042
v -1.276397 63.627499 12.286195
v -2.567386 63.191170 9.393464
v 3.201117 63.717773 9.323639
v 2.026597 63.580624 13.065940
v 1.925575 63.127434 12.964896
v 1.785762 63.210625 13.114656
v 1.851735 63.561001 13.227387
v 1.761970 63.025101 12.995515
v 1.593672 63.573372 13.453221
v 1.550621 64.043121 13.366842
v 1.669872 63.006981 12.961084
v 1.861342 62.492516 12.882647
v 1.288866 63.576321 13.647545
v 0.990259 63.570908 13.845617
v 0.654716 63.574478 13.972558
v 0.259481 63.919872 14.006737
v 1.656877 63.000042 12.951703
v 1.477416 63.321007 13.466631
v 1.659601 62.565731 13.003375
v 1.702923 62.561253 13.060505
v 1.300385 63.072933 13.419008
v 1.240920 63.327232 13.659009
v 1.240128 63.025059 13.374942
v 1.278091 63.075550 13.458164
v 1.255017 63.030678 13.391333
v 1.306255 62.600346 13.484446
v 1.306198 62.582500 13.408638
v 1.161469 62.464767 13.554721
v 1.181026 62.541267 13.614853
v 0.945629 62.569782 13.721364
v 0.922391 62.487656 13.675888
v 0.783321 62.649448 13.731993
v 0.744130 62.630241 13.702934
v 0.888807 63.306358 13.829823
v 0.732202 63.075619 13.722645
v 0.704324 63.040585 13.669059
v 0.707784 63.039593 13.687728
v -2.336094 63.942936 9.227016
v -2.425519 63.620487 9.381636
v -3.235203 64.029388 9.116161
v -1.751551 63.598385 13.172345
v 1.470437 62.413940 13.315880
v 1.508207 62.448452 13.370821
v 1.318018 62.545959 13.417580
v -1.374691 63.130424 12.763732
v -1.284371 63.009117 13.053840
v -1.508147 62.991489 12.909668
v -1.520662 62.999199 12.918291
v -0.994137 63.440365 12.885872
v -1.451090 62.710167 12.673803
v -2.336094 63.942936 9.227016
v -1.710443 64.567329 9.073319
v 0.005896 64.788620 9.060402
v 1.724943 64.567192 9.073725
v -1.276397 63.627499 12.286195
v -0.771761 64.031647 12.338577
v 2.373762 63.940937 9.227665
v -0.994137 63.440365 12.885872
v -0.003477 64.145828 12.372231
v 0.766328 63.997837 12.357736
v 1.303168 63.597252 12.318515
v -0.572509 63.476444 13.016197
v -0.008238 63.473598 13.099450
v 1.041644 63.426151 12.917882
v 0.574362 63.467209 13.031519
v 2.373762 63.940937 9.227665
v 2.466376 63.618118 9.382245
v 1.211237 62.202682 12.491154
v 1.112690 61.620132 12.285290
v 2.060591 62.632492 10.535124
v 1.867152 61.924103 10.389190
v 2.029176 61.991871 9.400940
v 2.291312 62.983902 11.057193
v 3.165565 62.592297 9.389391
v 2.677503 62.180462 11.409565
v 2.141231 61.831303 12.412980
v 2.584546 63.174351 9.405142
v 2.163888 62.759953 9.248022
v -1.135346 62.162292 12.499510
v -1.096908 61.592579 12.310945
v -1.418954 61.688431 11.794687
v -1.485524 62.339657 11.972595
v -2.051192 62.616894 10.545500
v -1.871516 61.885738 10.431863
v -2.040206 61.950317 9.449350
v -2.066537 62.947727 11.162225
v -2.001558 62.660885 12.260746
v -3.195730 62.568375 9.395922
v -2.752464 62.136883 11.418991
v -2.808174 63.081032 10.028974
v -2.073159 61.762497 12.414636
v -2.376243 63.164146 9.953928
v 0.738301 62.584572 13.608616
v 0.724302 62.664646 13.564285
v 0.532361 62.632626 13.549391
v 0.517294 62.283939 13.462631
v 0.670146 62.006649 13.617861
v 0.516750 62.280331 13.462282
v 0.511859 61.701439 13.704270
v 0.445405 62.005005 13.664436
v 0.227853 61.683205 13.766085
v 0.103007 61.979996 13.717016
v 0.406420 62.633007 13.662334
v 0.404676 62.690639 13.623833
v 0.117070 62.635685 13.710205
v 0.114820 62.691639 13.662651
v -0.007583 62.624508 13.633282
v -0.003377 62.275208 13.536348
v -0.004589 62.275200 13.536377
v -0.101596 61.977348 13.729595
v -0.213570 61.676826 13.799310
v -0.420838 61.974426 13.710039
v -0.481473 61.673298 13.771389
v -0.006351 62.624512 13.633266
v -0.128456 62.631832 13.713857
v -0.392344 62.605587 13.670324
v -0.127280 62.688263 13.665532
v -0.391642 62.664577 13.629969
v -0.483533 62.242035 13.481927
v -0.483996 62.245625 13.482032
v -0.616636 61.955906 13.676537
v -0.733957 61.659645 13.690561
v -2.760111 63.157227 9.455176
v -2.364732 63.173908 9.425054
v -2.134975 62.737881 9.588717
v -2.155588 62.746590 9.257972
v -0.826265 61.529659 12.652640
v -1.096908 61.592579 12.310945
v -1.135346 62.162292 12.499510
v -1.028261 62.109894 12.754457
v -1.104845 62.181549 12.700735
v -0.991942 62.147083 13.063826
v -0.496825 61.514576 12.878070
v -1.216615 62.196732 12.980612
v -1.217889 62.194012 12.977947
v -1.171019 62.588390 13.222299
v -1.057562 62.586452 13.329879
v -0.900084 62.501083 13.386034
v -0.877529 62.157715 13.337870
v -0.845769 62.179718 13.275574
v -0.881028 62.153442 13.343937
v -0.794170 62.139568 13.152469
v -0.631103 62.135674 13.257446
v -0.916743 62.503548 13.414135
v -0.238012 62.145370 13.363703
v 0.004884 61.516975 12.936069
v -0.799702 62.588436 13.511746
v -0.662743 62.616295 13.565683
v -0.483996 62.245625 13.482032
v -0.500304 62.596382 13.554457
v -0.483533 62.242035 13.481927
v -0.499953 62.596989 13.552038
v -0.391642 62.664577 13.629969
v -0.127280 62.688263 13.665532
v -0.006351 62.624512 13.633266
v -0.004589 62.275200 13.536377
v 0.240593 62.157551 13.352341
v 0.507333 61.525867 12.847302
v -0.003377 62.275208 13.536348
v -0.007583 62.624508 13.633282
v 0.114820 62.691639 13.662651
v 0.684242 62.182705 13.237644
v 0.873900 62.195923 13.138559
v 0.844393 61.554554 12.616402
v 1.106893 62.212009 13.057261
v 1.036212 62.568062 13.421037
v 0.891211 62.645660 13.515434
v 0.989514 62.223351 13.328936
v 0.985114 62.227131 13.323324
v 1.015395 62.564022 13.392422
v 1.202401 62.647579 13.345564
v 1.403110 62.569965 13.079927
v 1.372208 62.263512 12.979726
v 1.116683 62.161247 12.743856
v 1.371119 62.266228 12.982516
v 1.211237 62.202682 12.491154
v 1.203374 62.232197 12.694483
v 1.112690 61.620132 12.285290
v 0.404676 62.690639 13.623833
v 0.531962 62.633160 13.547029
v 0.516750 62.280331 13.462282
v 0.517294 62.283939 13.462631
v 0.724302 62.664646 13.564285
v -0.500304 62.596382 13.554457
v -0.672764 62.532234 13.613970
v -0.662743 62.616295 13.565683
v -0.815566 62.499279 13.550941
v -0.799702 62.588436 13.511746
v -0.916743 62.503548 13.414135
v -0.881028 62.153442 13.343937
v -0.877529 62.157715 13.337870
v -0.868757 61.900219 13.575264
v -1.077715 61.586575 13.520522
v -1.079451 61.873016 13.432537
v -0.895222 61.632595 13.610819
v -1.279916 61.881470 13.229092
v -1.366861 61.559708 13.274358
v -1.413938 61.257000 13.166691
v -0.764518 61.307983 13.570332
v -1.075587 62.517014 13.366074
v -0.900084 62.501083 13.386034
v -1.057562 62.586452 13.329879
v -1.199468 62.520161 13.249235
v -1.217889 62.194012 12.977947
v -1.216615 62.196732 12.980612
v -1.460156 61.899979 13.023899
v -1.567170 61.600891 13.006741
v -1.469905 62.391819 12.993953
v -1.426267 62.593082 12.935451
v -1.257041 62.445259 13.024236
v -1.216615 62.196732 12.980612
v -1.558078 62.577805 12.491701
v -1.237565 62.534924 12.756370
v 0.532361 62.632626 13.549391
v 1.371119 62.266228 12.982516
v 1.425770 62.504585 13.038936
v 1.203374 62.232197 12.694483
v 1.369368 62.576347 12.770494
v 1.604930 62.637501 12.959650
v 1.686096 62.606918 12.512150
v 1.639012 61.988262 13.016933
v 1.707804 61.690800 12.983195
v 1.760089 61.356388 12.824049
v 1.506262 61.653362 13.220400
v 1.449987 61.973694 13.211166
v 1.186709 61.667389 13.430431
v 1.098500 61.339355 13.318022
v 1.219651 61.960209 13.390608
v 0.979248 61.700485 13.517696
v 0.808270 61.343895 13.476544
v 1.228638 62.584122 13.379561
v 1.202401 62.647579 13.345564
v 1.015395 62.564022 13.392422
v 0.985114 62.227131 13.323324
v 0.989514 62.223351 13.328936
v 0.968061 61.974159 13.515141
v 0.794956 61.712986 13.601815
v 0.913255 62.561825 13.550879
v 1.036212 62.568062 13.421037
v 0.891211 62.645660 13.515434
v -1.104845 62.181549 12.700735
v -1.434044 62.346100 12.377166
v 1.372208 62.263512 12.979726
v 1.371119 62.266228 12.982516
v 0.008578 61.946594 10.535681
v 0.011230 61.493320 10.267097
v 0.003351 62.330673 11.108752
v -1.430067 61.570690 9.279294
v -0.998256 62.421822 11.025327
v -1.531033 62.174496 9.510052
v -0.000195 62.424911 12.245670
v -0.002232 62.976082 12.378887
v 1.009817 62.428513 11.015676
v 0.003351 62.330673 11.108752
v -0.000195 62.424911 12.245670
v 0.008578 61.946594 10.535681
v 0.011230 61.493320 10.267097
v 1.418653 61.620697 9.222204
v 1.528237 62.205566 9.474759
v -0.003680 62.295219 13.347317
v -0.003680 62.295219 13.347317
v -3.093712 60.208340 10.892807
v 3.675722 61.758831 10.573270
v 3.488588 61.660522 8.480444
v 3.134287 64.292168 10.748174
v 1.581712 62.449505 13.352142
v 2.223469 62.451492 12.964031
v 2.592865 62.126804 12.713618
v 2.329765 62.191597 12.802439
v 1.596388 62.259712 13.260124
v 0.764112 62.376015 13.527758
v -0.694109 62.318142 13.543801
v -1.253134 61.437023 13.254173
v -2.526829 61.522881 12.357206
v -1.390576 62.171967 13.257416
v -3.412435 62.065826 11.635502
v -3.853862 61.660851 10.613174
v -2.175751 62.128773 12.776531
v -3.103401 62.137157 11.976044
v -3.137613 64.286446 10.759147
v -2.497999 62.087955 12.690471
v -0.012566 63.229759 13.454995
v -1.140321 63.210438 13.256535
v -1.371949 62.369564 13.341568
v 1.238492 63.221786 13.292833
v -0.002448 65.080818 11.488019
v 2.452392 63.026855 12.688263
v 3.024689 62.187626 11.979119
v 3.262367 62.137794 11.619907
v -0.020875 61.804417 6.426860
v 2.511962 61.603870 12.341966
v 1.351143 61.517418 13.174908
v 0.004794 61.558876 13.461565
v 0.047705 59.555637 11.773435
v 3.044433 60.307739 10.745442
v -2.378623 63.029728 12.647691
v -2.030936 62.400185 12.941845
v -3.557157 61.636978 8.531601
v -4.480292 68.817909 12.283635
v -4.582662 68.671524 12.245310
v -4.433652 68.601654 12.564617
v -4.342820 68.750763 12.564091
v -4.189714 68.666580 12.764861
v -4.268843 68.523758 12.790371
v -4.097607 68.874367 12.483475
v -3.985196 68.812515 12.607905
v -4.186996 68.915916 12.372302
v -3.854679 68.522469 13.063400
v -3.918015 68.384010 13.117896
v -3.667731 68.675697 12.872108
v -3.289828 68.428009 13.298730
v -3.317683 68.307098 13.360776
v -3.220395 68.628944 13.080255
v -2.671139 68.653069 13.192863
v -2.605424 68.337585 13.438611
v -2.626068 68.455276 13.394773
v -2.262646 68.742165 13.141391
v -2.119543 68.504639 13.343073
v -2.159875 68.597275 13.308847
v -1.775479 68.852386 13.190094
v -1.894488 68.863922 13.012428
v -1.742819 68.834183 13.255322
v -1.652397 68.991386 13.100234
v -1.750862 68.939560 12.902132
v -1.643094 68.971260 13.147243
v -1.416918 69.138344 13.019176
v -1.268483 69.211639 13.079917
v -1.469581 69.323273 13.383335
v -1.594665 69.228592 13.279413
v -1.699417 69.263062 12.880957
v -1.883910 69.369698 13.046798
v -2.161332 69.527283 13.581535
v -2.117269 69.663116 13.730026
v -2.245546 69.521416 13.177521
v -2.626564 69.667068 13.703198
v -2.637066 69.851936 13.858653
v -2.606074 69.602676 13.271378
v -3.129456 69.720634 13.703858
v -3.192960 69.942398 13.816948
v -2.977267 69.625313 13.266182
v -3.614474 69.678780 13.533777
v -3.728198 69.903259 13.630495
v -3.365662 69.568848 13.127458
v -4.088275 69.544792 13.305677
v -4.231166 69.721275 13.363291
v -3.747538 69.428642 12.914363
v -4.404762 69.289299 12.916431
v -4.558714 69.453178 12.944092
v -4.523117 69.172363 12.705444
v -4.708664 69.314247 12.686827
v -4.088141 69.228973 12.599883
v -4.184835 69.153725 12.492647
v -4.646503 69.026901 12.360246
v -4.863501 69.172005 12.384183
v -4.270199 69.038956 12.343955
v 4.663901 69.052254 12.237228
v 4.621054 68.787979 12.532774
v 4.800167 68.949371 12.185599
v 4.507049 68.921227 12.537419
v 4.344244 68.819618 12.742328
v 4.432115 68.679413 12.765784
v 4.227367 69.001602 12.479275
v 4.123734 68.942169 12.601649
v 4.309096 69.040604 12.368839
v 3.989990 68.642624 13.045753
v 4.044709 68.499985 13.088350
v 3.821061 68.806686 12.860668
v 3.778404 68.441704 13.223991
v 3.734944 68.579613 13.181092
v 3.613957 68.769318 12.975483
v 3.437548 68.538353 13.277241
v 3.456406 68.412758 13.328398
v 3.387700 68.751022 13.069447
v 3.112755 68.521309 13.369990
v 3.124998 68.734528 13.159602
v 3.105359 68.396194 13.417645
v 2.847716 68.751823 13.185732
v 2.766778 68.419250 13.423685
v 2.791939 68.543907 13.382654
v 2.536824 68.594940 13.338934
v 2.627481 68.783257 13.155485
v 2.500929 68.474792 13.372823
v 2.443843 68.819054 13.138651
v 2.287635 68.568405 13.337337
v 2.331995 68.665703 13.304051
v 2.172802 68.735924 13.249006
v 2.295999 68.854950 13.102682
v 2.120182 68.665474 13.292074
v 1.942037 68.909966 13.184165
v 2.076582 68.919807 13.011618
v 1.902897 68.893501 13.248259
v 1.817885 69.047455 13.093614
v 1.932469 68.988342 12.902124
v 1.804895 69.028732 13.140267
v 1.444004 69.233948 13.081827
v 1.593502 69.167152 13.019419
v 1.639086 69.360802 13.387407
v 1.768723 69.269127 13.279431
v 1.880861 69.308838 12.881154
v 2.067020 69.426231 13.046382
v 2.333347 69.597809 13.581523
v 2.280234 69.731194 13.729902
v 2.431474 69.599380 13.177776
v 2.789194 69.756157 13.702850
v 2.786880 69.936913 13.858437
v 2.787278 69.698784 13.271103
v 3.280156 69.822823 13.703096
v 3.328404 70.037857 13.816622
v 3.152638 69.736343 13.265306
v 3.749034 69.790016 13.534204
v 3.843789 70.003693 13.631295
v 3.530104 69.693169 13.127809
v 4.206208 69.654449 13.303925
v 4.332305 69.821297 13.361497
v 3.901899 69.558723 12.913095
v 4.508995 69.400276 12.912238
v 4.649132 69.555595 12.939352
v 4.620912 69.281479 12.701705
v 4.791683 69.413902 12.682236
v 4.219708 69.356766 12.596637
v 4.308873 69.278778 12.489572
v 4.729659 69.130630 12.359581
v 4.931193 69.264168 12.382296
v 4.385280 69.161415 12.342729
v -2.669162 68.764503 13.097152
v -3.088025 68.923439 12.643952
v -3.176831 68.747696 12.996434
v -4.031081 68.987144 12.341400
v -4.079969 69.052040 12.282210
v -2.779285 69.546524 13.160497
v -2.587020 69.304710 12.726167
v -2.443855 69.499664 13.103490
v -1.969027 69.304070 12.903699
v -2.228430 69.125031 12.566688
v -1.759369 69.113739 12.750608
v 2.845644 68.866035 13.092056
v 3.270281 69.050644 12.644455
v 3.345072 68.871101 12.993897
v 4.164832 69.116821 12.340457
v 4.210799 69.180305 12.280588
v 2.968388 69.653191 13.159800
v 2.782418 69.407837 12.725839
v 2.632435 69.590469 13.103834
v 2.154401 69.365044 12.902358
v 2.424104 69.208382 12.558384
v 1.953267 69.167542 12.729505
v -7.033058 68.233200 6.309570
v -7.044992 68.139549 6.118535
v -7.248004 67.249146 5.500263
v -7.252710 66.658424 5.563185
v -7.324338 67.131905 5.278019
v -7.146327 67.552254 5.591093
v -7.113099 67.980415 5.703467
v -7.334317 66.669640 5.256368
v -7.259851 67.810608 5.267275
v -7.388661 68.172737 5.308943
v -7.267889 68.388847 5.597006
v -7.013422 67.121742 5.194850
v -7.075638 67.577019 5.181572
v -7.381084 68.631783 5.527617
v -6.665706 66.814651 5.009754
v -6.922048 66.542824 5.271809
v -7.060887 66.410767 5.382436
v -7.002502 66.409859 4.753310
v -6.959167 66.140060 5.138431
v -6.854238 66.339088 5.048493
v -7.538123 66.784500 3.983384
v -7.137752 66.155060 5.011744
v -7.410185 66.398590 4.751125
v -8.289713 66.961853 3.766181
v -8.067892 67.526482 3.798886
v -8.238962 66.324837 3.744429
v -8.466733 66.946564 3.415225
v -7.359325 67.668457 4.114935
v -8.513592 66.834915 3.174349
v -8.009876 68.158417 3.939382
v -8.456331 67.688927 3.273791
v -7.961158 68.794235 3.780093
v -8.306071 68.624077 3.243805
v -8.250083 69.087387 3.315528
v -8.265528 69.143410 2.939900
v -8.264531 69.513206 3.102140
v -8.502317 68.646111 2.598017
v -8.582389 67.606270 2.734257
v -8.508927 69.150963 2.642566
v -8.133391 69.842232 3.835329
v -1.773002 69.071831 12.750098
v -1.755090 68.989212 12.802496
v -1.706249 69.058662 12.781446
v -1.759443 69.161301 12.757225
v -1.699507 69.142899 12.791012
v -1.749682 69.230553 12.825274
v 1.972222 69.125992 12.720598
v 1.950379 69.040344 12.779762
v 1.896228 69.106117 12.766129
v 1.942089 69.215797 12.754860
v 1.879542 69.190880 12.792445
v 1.933169 69.279968 12.821423
v 2.021458 69.300018 12.842546
v 1.933169 69.279968 12.821423
v 1.921636 69.289925 12.834039
v 2.119382 69.389244 12.960641
v 1.724930 69.169403 12.787096
v 2.073404 69.452927 13.046684
v 2.456980 69.549187 13.100710
v 2.431474 69.599380 13.177776
v 2.477443 69.522346 13.040886
v 1.627963 69.197868 12.890829
v 1.589363 69.101585 12.892073
v 2.422341 69.615829 13.171066
v 1.530701 69.248970 12.971167
v 2.394976 69.703438 13.175945
v 1.582204 68.909401 12.968960
v 1.380965 69.161911 13.074345
v 1.426962 69.309708 13.067709
v 1.478282 68.845276 13.058478
v 1.279395 69.200829 13.198500
v 1.384291 68.809326 13.188793
v 1.757085 68.658615 13.021561
v 1.317200 69.373047 13.185041
v 1.825073 68.803970 12.964446
v 1.516517 68.639282 13.161047
v 1.909212 68.600609 13.013803
v 1.200322 69.439438 13.363802
v 1.948166 68.763992 12.978045
v 1.689465 68.519165 13.129128
v 1.282425 68.827682 13.383942
v -8.640396 66.645889 2.904197
v -8.659153 69.148102 2.392194
v -8.379249 69.036949 2.184743
v -8.393709 68.463745 2.117387
v -8.442489 67.432495 2.225899
v -8.418379 69.536774 2.374763
v -8.366384 66.522964 2.655218
v -8.421782 69.920006 2.646577
v -7.693276 68.566437 2.933481
v -8.009185 65.202896 3.550224
v -7.728590 69.153069 3.082548
v -7.570007 67.977768 3.037165
v -7.499653 68.574104 3.024980
v -7.572474 69.599388 3.439389
v -7.668891 70.286346 3.337158
v -7.483128 68.940170 2.464998
v -7.609079 72.175438 3.450144
v -7.489259 69.639091 1.195995
v -7.578271 72.190765 4.411204
v -7.205607 74.200508 1.771569
v -7.186218 74.449852 3.072411
v -7.281317 71.824638 5.924008
v -6.861671 75.514389 2.943049
v -7.338484 69.830788 5.384243
v -7.281605 70.203484 5.684948
v -7.124876 71.483932 6.501860
v -6.775367 73.822159 6.648486
v -7.168468 69.480385 5.906696
v -6.967148 71.106720 7.019880
v -6.716887 73.262268 7.284550
v -6.811067 70.800621 7.503973
v -6.645937 72.791016 7.807144
v -7.131948 68.838951 5.909456
v -7.207801 68.999664 5.726655
v 1.867792 68.431007 13.106642
v 1.222704 68.852020 13.494856
v 1.120861 69.282967 13.497492
v 1.601999 68.429237 13.311639
v 1.551850 68.410896 13.411741
v 1.805712 68.285507 13.262244
v 1.774616 68.241402 13.346317
v 2.180558 68.226288 13.082319
v 1.002836 69.373741 13.757670
v 1.479922 68.356262 13.613311
v 1.750372 68.145531 13.501850
v 2.186530 68.036705 13.186365
v 2.252384 67.849380 13.353821
v 1.822767 67.891609 13.651761
v 1.290590 68.264145 13.938507
v 2.320990 67.611900 13.475909
v 2.724553 67.652267 13.238573
v 2.799648 67.378754 13.333370
v 2.298842 66.986412 13.689028
v 1.396102 67.522392 14.193390
v 1.731094 66.726425 14.041456
v 2.261910 66.202667 13.762663
v 2.086860 65.922363 13.775627
v 1.692284 66.397400 14.209484
v 2.240636 65.740150 13.734800
v 2.137495 65.645515 13.726866
v 1.742024 66.158386 14.393103
v 2.014484 65.725952 13.825181
v 2.473571 65.538307 13.706297
v 2.042469 65.463554 14.016357
v 1.874001 65.721786 14.766645
v 2.136328 65.182594 13.827620
v -7.416869 69.432198 5.399056
v -7.629481 69.169983 5.317023
v -7.503131 68.472321 5.311738
v -7.858968 69.677925 4.974006
v -7.628480 69.850204 4.955654
v -7.902244 69.510567 4.871381
v -7.861906 70.193321 4.306146
v -8.140490 69.887512 4.352633
v -7.986366 70.276352 3.901397
v -8.285977 69.983971 3.984462
v -8.341407 70.235527 3.511569
v -8.436403 70.132286 3.554880
v -8.144953 70.276726 3.454111
v -8.582213 70.031425 3.151275
v -8.435621 69.995346 3.585232
v -8.333176 70.180275 3.015447
v -8.465761 69.839264 3.271815
v -8.512885 69.712105 3.006393
v -8.518661 69.496925 2.794088
v 7.116991 69.460716 5.903299
v 7.245749 70.171165 5.683888
v 7.345500 71.764847 5.923642
v 7.168914 71.447311 6.501065
v 6.992874 71.086754 7.018851
v 6.811663 70.788559 7.503413
v 6.861814 73.760201 6.648685
v 6.799052 73.223763 7.284853
v 6.713872 72.770515 7.807649
v 6.472737 72.009590 8.615491
v 6.245667 73.939537 8.885969
v 6.233980 74.643616 8.340793
v 6.217327 73.360718 9.287501
v 6.162815 75.224915 8.018784
v 6.141220 72.807991 9.623370
v 5.775356 74.384155 9.927353
v 5.753886 75.117439 9.424397
v 5.747421 73.804504 10.304303
v 5.110875 74.632347 10.986946
v 5.687103 73.267380 10.601254
v 5.072655 75.357872 10.531345
v 5.110291 74.021011 11.333705
v 1.993626 65.176765 14.265455
v 1.921484 65.387299 14.938618
v 1.668925 65.788124 15.282037
v 1.681164 65.466927 15.392775
v 1.866661 64.959061 14.462437
v 1.578670 65.215630 15.391188
v 1.291633 65.480293 15.959299
v 1.294878 65.820358 15.846392
v 1.746244 64.876587 14.551874
v 1.162724 65.214912 15.967461
v 1.442505 65.167374 15.328077
v 0.956052 65.426285 16.462971
v 0.972407 65.163506 15.820337
v 0.753061 65.029305 15.920061
v 0.614565 65.514122 16.751488
v 0.555261 65.030930 16.571262
v 0.657992 64.891525 16.075180
v 0.440860 64.685631 16.159975
v -0.152511 65.053375 16.572884
v 0.372200 64.474075 15.582001
v -0.038955 64.705078 16.164860
v -0.268344 64.923119 16.085062
v -0.016561 64.468040 15.590743
v -0.375614 65.054756 15.934956
v 4.335763 75.539192 11.480390
v 4.341721 74.764763 11.977098
v 5.056151 73.437927 11.673997
v 4.286789 76.373611 10.848209
v 3.689349 75.707535 12.157092
v 3.672491 76.549484 11.437777
v 3.092795 76.640190 11.854734
v 3.091710 75.780258 12.613206
v 3.042351 77.322510 11.121920
v 2.521508 76.655067 12.184604
v 2.485269 77.363213 11.410029
v 3.019988 77.589684 10.791248
v 2.516095 75.793121 12.929295
v 2.738396 78.057487 10.224248
v 2.494433 74.927826 13.423668
v 3.058913 74.916977 13.133986
v 3.384864 77.878372 9.954337
v 2.870802 78.494431 8.941803
v 3.875070 78.105919 8.596857
v 1.198847 78.883530 9.321410
v 1.233443 79.345947 7.533036
v 2.886546 78.887840 7.373679
v 4.081503 78.405457 7.003814
v 4.718573 77.524536 8.420153
v 1.252967 79.505005 6.282478
v 1.318230 79.655640 4.600585
v 1.366310 79.636375 3.188634
v 0.005791 79.610504 1.769728
v 1.413888 79.440475 1.803505
v 2.720483 79.114120 1.881812
v 4.491349 78.472076 3.488203
v 1.475273 79.033325 0.455167
v 4.663737 78.228188 2.233820
v 1.540637 78.371315 -0.843370
v 2.929596 77.962463 -0.712340
v 5.894666 77.393661 3.820217
v 1.579548 77.399002 -2.037785
v 4.920918 77.199959 -0.176447
v 6.080453 77.143875 2.625486
v 6.160368 76.817566 1.499076
v 4.984155 76.282684 -1.135214
v 7.096045 75.441193 2.943050
v -0.280705 64.817894 15.229132
v -0.072082 64.320740 15.187657
v -0.344538 64.349892 15.195021
v -0.669394 64.400467 14.957788
v -0.300316 64.177567 15.204741
v -0.372717 64.820305 14.977711
v -0.613402 64.881432 14.834061
v -0.767790 64.176544 14.990821
v -1.065964 64.459641 14.533146
v -1.028375 64.570450 14.588823
v -1.286085 64.541138 14.318930
v -0.778636 64.888222 14.758130
v -1.273168 64.631378 14.354275
v -1.496179 64.636208 14.173610
v -1.139173 64.778458 14.683848
v -1.447250 64.727562 14.217888
v -1.413298 64.771255 14.561723
v -1.521756 64.863358 14.482581
v -1.696857 64.937141 14.027199
v -1.632841 65.107552 14.309500
v -1.865671 64.816673 13.979150
v -1.377751 64.955475 14.964361
v -1.695363 65.449112 14.079537
v -1.476574 65.275787 14.955276
v -1.165973 65.128395 15.411091
v -1.242898 65.377899 15.409954
v -1.429090 65.634010 14.791524
v -1.215058 65.693054 15.300217
v -0.922516 65.497818 15.975182
v -0.892792 65.798454 15.859920
v -0.814609 66.219376 15.621977
v -1.064785 66.226051 14.948531
v -0.222598 67.281647 15.897047
v -0.832801 67.318573 14.909702
v -0.542732 67.589188 15.336285
v -0.249206 67.731010 15.594238
v 6.165402 76.310143 0.549529
v 1.549911 74.612724 -3.774048
v 6.190961 75.653435 -0.229375
v 4.926692 73.826797 -2.563080
v 1.524434 72.940063 -4.218730
v 2.896090 72.635338 -3.906217
v 6.686661 74.748230 -0.140667
v 6.358941 73.591118 -1.268676
v 6.880093 73.627571 -0.458037
v 1.457743 71.209274 -4.287580
v 3.801877 70.734566 -3.758001
v 6.994529 72.108833 -0.864387
v 7.232862 73.822319 0.557454
v 0.024092 69.649361 -4.073961
v 1.376098 69.561317 -4.147756
v 6.181744 70.452858 -2.101948
v 4.334378 69.045815 -3.431582
v 1.286552 68.060028 -3.904589
v 5.775242 68.680832 -2.251146
v 3.996000 67.623543 -3.250677
v 1.189535 66.750832 -3.449253
v 2.220614 66.590569 -3.292259
v 4.884586 66.364326 -2.056854
v 2.861038 63.717293 -1.888755
v 1.551131 63.250610 -2.308477
v 0.027014 62.064938 -2.581589
v 1.425586 62.037075 -2.445769
v 2.643447 61.959358 -1.997053
v 2.776793 60.746422 -2.136230
v 3.030617 59.637543 -2.326963
v 1.543718 59.532074 -2.623399
v 4.603865 59.509075 -1.187580
v 1.745002 58.436073 -2.932760
v 0.048676 67.781891 15.670444
v -0.255581 68.260117 15.293640
v 0.351824 67.732025 15.571913
v 0.358693 68.262611 15.268803
v 0.675240 67.599190 15.302443
v 0.391912 68.963539 14.687524
v 1.032906 67.357674 14.887420
v 1.002471 67.851181 14.592343
v 0.661139 68.824234 14.504301
v 0.917271 68.606995 14.258965
v 1.390602 67.024796 14.446119
v 0.890344 69.003929 14.064775
v 0.879277 69.184731 14.012482
v 0.654781 69.693657 14.286835
v 1.070546 68.953880 13.747196
v 0.859594 69.517418 14.052758
v 1.026980 69.529915 13.831767
v 0.591538 70.134323 14.526885
v 0.855752 69.987122 14.414217
v 1.148054 69.815254 14.122512
v 1.149795 69.466660 13.501568
v 0.688306 70.548271 14.627968
v 1.066243 70.445076 14.591136
v 1.371791 69.749275 13.658239
v 1.442886 69.713577 13.434776
v 1.721519 70.139473 14.125720
v 1.248634 70.773087 14.617865
v 2.083434 57.333870 -3.365822
v 5.499141 57.999001 -2.359948
v 6.089247 57.915215 -1.678467
v 4.760797 56.752094 -3.817920
v 2.592283 55.993046 -4.062276
v 0.001049 55.712227 -4.514549
v 6.601463 57.222633 -2.835530
v 5.491235 56.043869 -4.442505
v 2.959746 55.057713 -4.858995
v 7.220946 57.191017 -2.025660
v 7.710041 55.427711 -4.947947
v 9.227759 55.932606 -3.060573
v 10.001196 55.064621 -4.637116
v 10.524877 55.264774 -3.258804
v 9.909815 55.121338 -0.951643
v 6.541411 55.964851 1.655043
v 6.390510 55.633221 2.389210
v 6.243072 55.257538 3.096766
v 6.776718 56.769306 0.311168
v 6.092976 57.204704 1.689054
v 5.883344 56.248890 3.846004
v 1.794925 69.925308 13.607952
v 1.766783 70.007347 13.875338
v 1.868080 69.782204 13.247531
v 1.008628 71.518661 14.618519
v 1.536952 71.500305 14.599113
v 2.283532 70.084862 13.400575
v 1.945680 69.660522 13.101191
v 2.319703 69.959213 13.209044
v 1.729388 72.093803 14.458014
v 2.907097 70.382744 13.373508
v 2.798649 69.896019 13.225895
v 3.373775 70.299431 13.134483
v 3.229330 69.987000 13.168055
v 3.506338 70.408379 13.223793
v 3.161412 69.787170 13.242370
v 2.787277 69.698799 13.271100
v 3.619416 69.905075 13.016263
v 3.544439 69.743935 13.095140
v 2.791021 69.652916 13.212219
v 3.530104 69.693169 13.127809
v 3.139528 69.671783 13.138647
v 3.494395 69.656723 13.076258
v 3.464473 69.644676 13.012248
v 3.837404 69.529648 12.839828
v 4.008590 69.759956 12.764500
v 4.143736 69.324364 12.527497
v 4.256737 69.403633 12.567513
v 4.332929 69.515236 12.422760
v 4.453964 69.647682 12.265176
v 4.503335 69.284790 12.192364
v 4.600327 69.291382 12.043042
v 4.387567 70.007271 12.589326
v 4.678240 69.716354 12.223510
v 4.780087 69.316544 11.935436
v 4.673364 68.985764 11.904370
v 5.993489 57.825005 0.405191
v 5.899539 58.321259 1.691587
v 6.025999 57.692123 3.125028
v 5.853848 57.344139 3.944619
v 5.507972 56.952137 4.775961
v 5.778648 58.384399 4.205114
v 4.338416 57.065800 6.325288
v 5.957781 60.068863 3.617068
v 5.663531 59.451302 4.526840
v 5.188783 58.842037 5.361101
v 4.187578 57.903370 6.808965
v 5.166811 59.711498 5.760612
v 4.295807 58.708454 7.323569
v 3.676014 57.538483 7.556365
v 6.001669 61.745571 3.958867
v 4.514729 59.386173 7.768765
v 5.649171 61.109158 5.661778
v 2.932120 58.084919 9.693698
v 3.196512 58.374802 9.972741
v 5.871255 61.564159 6.496582
v 4.913496 59.874710 8.438877
v 3.455630 58.698074 10.426008
v 2.501011 58.270927 11.520344
v 5.165707 60.199364 8.885040
v 4.809265 60.097656 9.988698
v 3.701638 59.116840 10.968784
v 5.410313 60.864414 9.512433
v 2.724141 58.550030 11.960461
v 2.814562 58.687248 12.167138
v 1.745930 58.010517 12.282419
v 1.985043 58.243652 12.751274
v 3.702847 59.750225 11.817311
v 2.913236 58.953773 12.572389
v 3.519183 60.021301 12.319961
v 2.888873 59.262001 12.993564
v 2.235039 58.610573 13.357092
v 2.239227 58.994022 13.739757
v 5.000054 69.897705 12.159389
v 5.166245 69.539917 11.802332
v 4.842401 68.962616 11.749320
v 5.345788 69.703796 11.667113
v 5.446057 69.329468 11.361889
v 4.885602 68.751732 11.659167
v 5.230245 68.838097 11.417585
v 4.877398 68.670181 11.655314
v 5.431945 68.924255 11.245005
v 5.197306 68.688461 11.416424
v 5.558495 70.074638 11.216830
v 5.758680 69.628571 10.836964
v 5.383830 68.727440 11.263663
v 5.673806 70.300919 10.907822
v 5.065984 68.394333 11.575037
v 5.738865 68.791527 10.850161
v 5.215988 68.348022 11.476358
v 5.524504 68.260201 11.222480
v 5.081795 68.166267 11.675405
v 5.377030 68.028625 11.501470
v 4.750804 68.106209 11.963388
v 4.881785 68.007301 11.922825
v 5.171603 67.824402 11.820311
v 5.864183 68.072289 10.829278
v 5.500188 67.446419 11.626946
v 5.707764 67.736107 11.212857
v 4.297637 67.785385 12.436891
v 4.562486 67.519966 12.426873
v 4.866477 67.073189 12.382300
v 4.085058 67.007889 12.910913
v 3.873234 67.426735 12.849380
v 5.200543 65.987045 12.121002
v 3.249161 67.496216 13.097116
v 4.219254 66.129631 12.948281
v 3.363333 67.146645 13.176297
v 3.378125 66.425621 13.320947
v 3.588167 65.694199 13.275368
v 2.763745 66.733856 13.528752
v 1.296518 59.071758 14.431190
v 1.367179 58.514618 14.136136
v 0.048810 59.144249 14.848026
v 1.292380 58.155243 13.674715
v 1.197386 58.037621 13.395165
v -1.169103 58.141838 13.823021
v -1.065245 58.016918 13.533932
v 0.075861 57.736206 13.026273
v -1.887191 58.180710 12.915887
v -0.844590 57.802383 12.898874
v -1.633824 57.925720 12.437245
v -0.692306 57.601727 12.282778
v -1.424651 57.701805 11.924232
v -2.408475 58.145870 11.712962
v -1.299241 57.546158 11.429636
v -3.038577 58.321800 10.198187
v -1.987592 57.730354 10.864373
v -2.737647 58.029705 9.927524
v -2.544446 57.878231 9.914738
v -2.147588 57.734123 10.298525
v -2.131385 57.523323 9.851840
v -4.293404 58.837162 7.432677
v -3.542588 57.638187 7.728963
v -4.164322 58.040680 6.920928
v -2.388324 57.066750 8.947360
v -1.878513 56.967667 9.381772
v -5.327341 58.933773 5.333528
v -4.310730 57.193626 6.415764
v -5.312873 59.797585 5.738585
v -2.565400 56.292717 8.123827
v -2.034831 56.104626 8.581019
v -5.816223 59.470604 4.494613
v -3.968301 55.810734 6.628681
v -2.803514 55.221558 7.515876
v -6.060867 60.050865 3.579476
v -2.234944 55.065384 7.919538
v -0.952223 56.063042 9.315706
v 2.770673 65.311676 13.638793
v 3.091684 65.048279 13.530710
v 3.416649 64.736183 13.375443
v 3.038759 64.489731 13.532205
v 2.477720 65.082077 13.707718
v 4.050196 64.036430 12.894716
v 4.528440 64.516258 12.493010
v 3.584628 63.687695 13.218610
v 2.706127 64.398842 13.677446
v 3.175509 63.571125 13.465412
v 2.095598 64.834679 13.936750
v 3.972734 62.970203 12.802716
v 2.854036 63.389076 13.622931
v 3.617426 62.419724 13.034212
v 3.137711 62.539494 13.398505
v 2.666950 63.022884 13.695366
v 2.269964 63.578171 13.955626
v 1.669328 64.351738 14.347740
v 3.201555 62.255970 13.282006
v 2.871164 62.419014 13.491659
v 2.908293 62.202206 13.406825
v 3.210963 62.051079 13.198240
v 2.555322 62.688110 13.700960
v 2.255144 62.998970 13.940164
v 2.706936 62.361511 13.524357
v 2.904407 62.044216 13.349028
v 2.603356 62.322739 13.537952
v 2.711971 62.115520 13.418385
v 2.786464 61.786293 13.324784
v 3.068593 61.659996 13.154317
v 2.440938 62.413944 13.670532
v 2.565405 62.303116 13.537563
v 2.602959 61.943687 13.412524
v 2.695503 61.653316 13.361584
v 2.596764 62.189865 13.465023
v 2.483757 62.097130 13.472962
v 2.519984 61.862736 13.442644
v 2.395806 62.049965 13.504892
v 0.092648 56.037876 9.512581
v 2.454373 61.402977 13.567778
v 2.635655 61.075298 13.389644
v 2.161402 61.962753 13.688118
v 2.298355 61.715942 13.637196
v 2.318018 62.194508 13.559025
v 2.164585 60.791264 13.742601
v 2.076851 62.137516 13.744719
v 1.848601 61.877502 14.056322
v 1.933722 61.590424 13.964310
v 1.474066 61.160919 14.266050
v 1.423004 61.499252 14.321544
v 1.562412 60.692226 14.149099
v 1.756698 62.092449 14.113333
v 1.398072 61.802227 14.449333
v 0.767859 61.142036 14.526953
v 0.773326 61.442471 14.623291
v 0.800424 61.719814 14.849909
v 0.824794 60.714294 14.466484
v 0.743651 62.147137 14.914579
v 0.010504 61.636486 15.077862
v 0.017629 61.358379 14.800899
v -0.736617 61.423141 14.758468
v -0.721540 61.123421 14.662210
v -0.776761 61.701347 14.970553
v -1.414342 61.124573 14.453443
v -1.341223 61.448101 14.492408
v -1.306709 61.744659 14.581275
v -0.767516 60.697983 14.593865
v -1.527524 60.668743 14.329273
v -1.766718 61.499336 14.046551
v -1.649408 61.781487 14.106745
v -1.554681 61.997261 14.143070
v -2.086275 61.621441 13.653727
v -1.813009 62.038029 13.745974
v -1.906497 61.860203 13.697182
v -9.922965 55.106033 -0.966315
v -10.527561 55.261826 -3.262595
v -9.384866 55.748978 -3.302396
v -7.457341 56.876297 -2.460901
v -9.999768 55.064758 -4.637508
v -6.738065 57.022224 -3.129902
v -7.803099 55.292274 -5.140507
v -6.111094 57.875378 -1.736941
v -5.575318 55.862068 -4.706235
v -4.785902 56.672691 -3.931743
v -5.493781 57.996407 -2.362928
v -2.627820 55.835823 -4.282887
v -2.079085 57.328915 -3.367787
v 0.001049 55.712227 -4.514549
v -1.742600 58.435844 -2.952307
v -1.450934 62.188427 14.130009
v -2.311043 61.786758 13.443549
v -1.751434 62.178314 13.769005
v -1.714182 62.230427 13.740374
v -2.058142 62.111115 13.551864
v -2.148668 61.966377 13.502773
v -2.162898 62.138912 13.509426
v -1.996609 62.217888 13.545169
v -1.961132 62.264633 13.492037
v -1.902281 62.322411 13.295566
v -2.072479 62.264175 13.427118
v -2.106366 62.218391 13.495886
v -2.032182 62.321922 13.213665
v -1.896448 62.301792 13.168276
v -2.044559 62.286606 13.088260
v -2.231535 62.218529 13.377127
v -2.228367 62.277931 13.100286
v -2.266883 62.243622 12.970940
v -2.263616 62.184765 13.400846
v -2.252988 62.165604 13.436011
v -2.250580 62.200138 13.167467
v -2.289612 62.201252 13.022998
v -2.467150 62.161896 12.640766
v -2.090296 62.200981 13.281256
v -2.100722 62.167351 13.510389
v -1.793851 62.178314 13.478477
v -1.780973 62.243938 13.341187
v -1.800842 62.425362 13.080158
v -1.837173 62.167568 13.693854
v -1.439494 62.162441 13.759219
v -1.519301 62.230263 13.982470
v -1.091355 62.279964 13.916553
v -1.054174 62.310345 13.745760
v -0.918597 62.309971 13.945047
v -1.180318 62.341743 14.195784
v -1.000804 62.389332 14.271501
v -0.519257 62.303082 13.939753
v -0.512558 62.349503 13.732562
v -0.499707 62.540558 13.424299
v -0.569872 62.387779 14.411635
v -0.007700 62.308155 13.898520
v -1.542315 59.540009 -2.663947
v -3.033139 59.645439 -2.388188
v -2.771495 60.762951 -2.192870
v -1.379082 62.056614 -2.480504
v -2.615528 61.981255 -2.026363
v 0.027014 62.064938 -2.581589
v -1.471323 63.270168 -2.280422
v -2.779370 63.736893 -1.682972
v -3.872046 67.642029 -2.528850
v -2.079682 66.599297 -2.855441
v -4.239172 69.063637 -2.798675
v -1.052549 66.755058 -3.216569
v -5.659793 68.707649 -1.498435
v -6.078462 70.479996 -1.597661
v -1.181800 68.064453 -3.686125
v -3.754158 70.743942 -3.448574
v -1.318519 69.564568 -3.992828
v -6.279196 73.616760 -1.200207
v -4.898353 73.834229 -2.527116
v -6.887450 72.140938 -0.636418
v 0.024092 69.649361 -4.073961
v -1.438959 71.209259 -4.235461
v -2.880794 72.635056 -3.870762
v -6.772826 73.663132 -0.405828
v -6.571342 74.787872 -0.140750
v -6.082819 75.691101 -0.229484
v -1.503233 72.935654 -4.219880
v -4.926095 76.303047 -1.135066
v -6.033677 76.356247 0.549433
v -1.538258 74.611458 -3.774529
v -4.838109 77.227547 -0.176121
v -6.006216 76.869186 1.499152
v -0.004806 62.370708 14.413890
v 0.541261 62.392490 13.705783
v 0.545376 62.344864 13.898357
v 0.539367 62.578293 13.414989
v -0.002053 62.610493 14.896170
v 0.583707 62.419853 14.359338
v 0.297128 62.602634 14.857573
v 1.092866 62.457085 14.234132
v 1.022494 62.385239 13.913577
v 1.198889 62.396317 13.734585
v 0.605588 62.615852 14.765080
v 1.315982 62.422108 14.171377
v 1.235539 62.367218 13.895512
v 1.152924 62.625694 14.516913
v 1.662672 62.262726 13.756668
v 1.402390 62.583981 14.400717
v 1.738805 62.323494 13.981378
v 1.437705 62.845730 14.587779
v 1.825426 62.458366 14.139016
v 2.055631 62.268467 13.486204
v 2.032318 62.327854 13.352673
v 2.104657 62.256714 13.699924
v 1.406995 62.987469 14.632961
v 1.854362 62.805866 14.221285
v 2.190824 62.520813 13.876238
v 1.339442 63.351589 14.711819
v 1.058444 63.385754 14.912060
v 1.836246 63.234802 14.290800
v 2.210752 62.609318 13.897843
v 1.787967 63.821392 14.350054
v 2.146575 62.351627 13.816648
v 2.386464 62.303955 13.616203
v 2.354947 62.243050 13.519789
v 2.485528 62.230270 13.449070
v 2.325210 62.273479 13.293389
v 2.453996 62.259617 13.186971
v 2.468963 62.253616 13.044492
v -5.909390 77.198090 2.625637
v -1.572624 77.400452 -2.037921
v -2.896634 77.974472 -0.712306
v -4.540321 78.262596 2.235184
v -5.724871 77.446373 3.820015
v -1.525723 78.377045 -0.843424
v -4.363235 78.519547 3.489244
v -1.453068 79.044174 0.455330
v -2.659028 79.142067 1.882270
v -1.383837 79.460602 1.803779
v 0.005791 79.610504 1.769728
v -1.322969 79.665482 3.188894
v -6.127276 75.253807 8.018196
v -1.260420 79.690178 4.600821
v -6.218441 74.664200 8.339978
v -1.182504 79.541061 6.282851
v -6.241629 73.950470 8.884665
v -5.732450 75.131653 9.423427
v -5.764398 74.386009 9.926151
v -6.216257 73.365631 9.286162
v -6.139351 72.809006 9.622215
v -6.452433 72.014320 8.614408
v -5.739720 73.803772 10.302990
v -6.001449 72.251305 9.946451
v -6.309687 71.505547 8.982694
v -5.809586 71.694199 10.426336
v -6.440719 70.155609 8.761016
v -6.620826 69.025215 8.731215
v -6.685373 68.450851 8.894090
v -6.190127 69.197281 10.083209
v -6.717784 67.891296 9.204337
v -6.185795 68.824333 10.246185
v -6.834802 66.499794 8.324254
v -6.026257 68.060791 10.823400
v -6.462415 66.815376 10.434635
v -5.866030 67.716309 11.207353
v -6.196583 66.415436 11.022396
v -6.377461 65.351135 10.410424
v -6.575649 64.252274 9.159955
v -5.625679 67.412132 11.639554
v 2.490629 62.247818 13.415474
v 2.422626 62.334641 13.126431
v 2.021476 62.485104 13.099256
v 2.438724 62.297462 12.999362
v 2.559473 62.205627 12.671979
v 2.256650 62.353638 13.110956
v 2.127208 62.375004 13.186778
v 2.258199 62.389221 13.234389
v 2.143723 62.397202 13.314596
v 1.801045 62.281715 13.127464
v 1.819787 62.370213 13.432792
v 2.217084 62.343735 13.506191
v 2.317588 62.336815 13.443112
v 1.863731 62.373497 13.569626
v 1.971288 62.321445 13.748890
v 1.413314 62.402229 13.749201
v 1.464173 62.411835 13.895597
v 2.255974 62.298470 13.556988
v 2.355812 62.291931 13.509371
v 1.591054 62.347233 14.077280
v 1.006356 62.514984 13.936729
v 1.643916 62.281166 14.114989
v 1.166530 62.486565 14.338088
v 1.051069 62.539398 14.096410
v 1.237682 62.421368 14.431971
v 0.962834 62.347496 13.496847
v 0.561722 62.397339 13.530935
v 0.542711 62.526802 14.002571
v 0.559651 62.548065 14.191516
v 0.622986 62.520912 14.523081
v -0.004816 62.505726 14.637619
v -0.544642 62.512581 14.224421
v -0.521356 62.487930 14.029542
v -0.508559 62.358658 13.546206
v -0.615642 62.492538 14.569584
v -0.956480 62.468941 14.118246
v -0.908628 62.443153 13.954767
v -0.861007 62.275208 13.508876
v -1.073894 62.419247 14.372780
v -1.280880 62.318993 13.898241
v -1.230765 62.309471 13.748923
v -1.143585 62.355282 14.474316
v -1.402099 62.255096 14.087416
v -6.091702 64.961716 10.994823
v -5.390867 65.939369 12.233913
v -6.171542 63.523899 10.283983
v -5.705183 64.633102 11.527864
v -4.946084 67.001709 12.463160
v -5.874116 63.315434 10.774070
v -6.244969 62.076233 8.992297
v -6.032652 61.845230 9.682571
v -4.127567 66.928909 13.024191
v -5.604549 60.853760 9.484108
v -5.339598 63.037891 11.557038
v -5.807932 61.812897 10.323603
v -5.493472 61.065311 10.313729
v -5.371591 62.455940 11.360372
v -4.818280 62.820625 12.139462
v -4.853746 62.351021 11.994014
v -4.654143 61.407959 11.899946
v -4.706749 63.268719 12.354118
v -4.411489 60.936081 11.954988
v -4.324294 62.276733 12.505994
v -4.161940 61.505699 12.424170
v -4.169402 63.011398 12.778379
v -3.702277 62.448204 12.994557
v -3.741508 62.153618 12.893646
v -3.402915 60.271927 12.798160
v -3.589824 61.565697 12.828977
v -3.439715 61.268814 12.870783
v -3.244103 63.628071 13.453536
v -3.152057 62.259449 13.246899
v -3.074830 62.554688 13.364293
v -2.819999 63.431961 13.602070
v -3.176297 62.043362 13.167298
v -2.545608 63.040825 13.664554
v -2.768284 62.178982 13.382343
v -2.724462 62.405754 13.465946
v -2.771600 62.012108 13.328844
v -2.516026 62.328781 13.503708
v -2.365192 62.672932 13.674197
v -2.137988 63.576992 13.925117
v -2.073887 62.983070 13.902396
v -2.524194 62.067947 13.403047
v -2.387765 62.277290 13.520332
v -2.201408 62.361893 13.653023
v -2.341745 62.252155 13.520977
v -2.355854 62.200291 13.483570
v -2.380944 62.134144 13.450808
v -2.133163 62.236198 13.603723
v -2.279791 62.201389 13.505686
v -2.334630 62.158493 13.468456
v -1.884634 62.273304 13.806004
v -1.614344 62.284714 13.557800
v -1.577003 62.283463 13.421730
v -1.580662 62.201687 13.122313
v -0.736801 62.128624 15.001180
v -0.664359 62.442768 14.735758
v 0.669366 62.467510 14.680399
v 2.011779 62.271622 13.774871
v 2.458852 62.282581 13.393084
v 2.508607 62.245789 13.495838
v 2.526882 62.248306 13.499372
v 2.558524 62.216629 13.482718
v 2.576826 62.253918 13.499413
v 2.513385 62.261139 13.520019
v 2.042421 69.517006 13.055994
v 1.737999 69.417480 12.990726
v 4.168272 69.243736 12.357227
v 4.252876 69.199532 12.354115
v 4.364481 69.205582 12.398349
v 4.414249 69.236847 12.347518
v 4.473568 69.142723 12.225385
v 4.283689 69.149910 12.287548
v 4.221556 69.152046 12.252335
v 4.581569 69.083908 12.058130
v 4.467358 69.079796 12.172263
v 4.590659 68.948486 12.001809
v 4.291190 69.133751 12.268826
v 4.221556 69.152046 12.252335
v 4.570862 68.901337 12.003891
v 4.441456 69.049797 12.177194
v 4.370167 69.089844 12.262749
v 4.285045 69.121895 12.278007
v -2.297040 62.188713 13.484867
v -2.276360 62.183926 13.481637
v -2.248582 62.024277 13.466146
v -2.401867 61.877472 13.407393
v -2.651887 61.733982 13.317842
v -2.562250 61.591236 13.363045
v -3.047103 61.624935 13.142589
v -2.332904 61.328262 13.593486
v -2.632939 61.020184 13.424650
v -3.019339 60.677467 13.148969
v -2.156052 60.746590 13.863049
v -3.671653 59.945152 12.369221
v 7.830007 72.081322 4.411159
v 7.981748 72.066772 3.444345
v 7.444133 74.362335 3.072431
v 7.415022 74.134506 1.771676
v 7.847239 70.234306 3.253965
v 7.618233 69.604523 0.830176
v 7.591697 68.909973 2.215304
v 7.584517 68.548973 2.840049
v 7.290905 67.961906 2.029978
v 7.779842 68.541054 2.749289
v 7.085076 67.203636 1.864440
v 6.536926 66.422943 0.683776
v 6.930390 66.659615 1.872538
v 7.648556 67.957512 2.850824
v 6.835110 66.041687 2.449035
v 4.704354 68.814064 11.838127
v 4.691933 68.754135 11.835757
v 4.461353 68.818779 12.097497
v 4.343419 68.972206 12.282956
v 4.229570 69.086510 12.367485
v 4.600735 68.665352 11.924311
v 4.354177 68.772797 12.202460
v 4.271725 68.920761 12.399903
v 4.786533 68.512497 11.761975
v 4.501036 68.632385 12.032738
v 4.216227 68.715218 12.351858
v 4.148337 68.863342 12.531167
v 4.346960 68.579376 12.189941
v 4.681598 68.439590 11.888992
v 4.504568 68.355560 12.067368
v 3.866809 68.595757 12.706956
v 3.904188 68.397293 12.563800
v 4.002812 68.133278 12.479236
v 4.187046 67.881714 12.443778
v 3.362444 68.519028 12.969763
v 3.427408 68.034630 12.797894
v 2.850035 68.272491 12.975652
v 3.578369 67.799080 12.799791
v 2.835716 68.513229 13.055698
v 2.914315 68.022324 12.968102
v 2.477483 68.331505 13.020672
v 3.034641 67.803558 13.005321
v 2.459040 68.569412 13.059503
v 2.515805 68.088646 13.047170
v 2.324255 68.388420 13.021428
v 2.584480 67.887817 13.113184
v 3.105718 67.713661 13.032565
v 2.184510 68.463760 13.014879
v 2.181813 68.684074 13.022804
v 2.176995 68.835609 13.050934
v 7.207463 66.215645 3.560814
v 7.803576 66.799980 2.958046
v 6.378107 64.491814 3.493764
v 7.692792 65.966209 3.389601
v 7.617601 65.553513 3.656258
v 7.287134 64.983185 4.427402
v 7.521604 65.125923 3.952988
v 8.074244 65.186615 3.512366
v 7.950287 64.816551 3.924700
v 7.815407 64.497040 4.358057
v 7.934224 64.561668 4.411535
v 7.689054 64.339096 4.715919
v 7.809245 64.433609 4.767592
v 8.035667 64.709496 4.447084
v 7.560623 64.312759 5.010439
v 7.427280 64.266312 4.923638
v 7.915262 64.609917 4.793125
v 7.742616 64.656601 5.059926
v 7.384181 64.736214 5.475503
v 7.283004 64.514259 5.442814
v 8.090588 65.476883 4.171117
v 7.725951 65.197670 4.985975
v 7.877079 65.661018 4.492315
v 7.448678 65.067780 5.397155
v 7.241668 65.037437 5.620021
v 7.617675 65.545021 4.944545
v 7.333590 65.853348 5.311227
v 6.973250 65.288719 5.816221
v 7.294550 66.192101 4.964390
v 7.088439 66.144829 5.061622
v 6.981591 66.331032 4.930766
v 7.519222 66.394737 4.716354
v 7.904601 66.277855 4.320045
v 7.731334 66.375412 4.317504
v 8.011787 65.808975 4.206339
v 8.298124 66.309044 3.686425
v 8.214779 65.774841 3.847055
v 7.608234 66.768120 3.912789
v 8.338326 66.950188 3.704134
v 8.424918 66.507385 2.502919
v 8.503324 67.417961 2.006338
v 6.818741 64.890732 5.664718
v 2.178895 68.886017 13.062737
v 2.445525 68.756393 13.110247
v 1.995110 68.902718 12.941606
v 1.897332 68.926201 12.919561
v 2.205370 68.954575 12.985257
v 2.443843 68.819054 13.138652
v 2.839263 68.685623 13.141933
v 1.998892 68.951958 12.952827
v 2.220983 68.987396 12.921317
v 2.449648 68.892082 13.066513
v 2.029118 69.000839 12.891684
v 1.954849 69.027733 12.844254
v 2.457755 68.935562 13.002689
v 2.847357 68.818321 13.143997
v 3.370516 68.679306 13.038022
v 2.028628 69.031334 12.811620
v 3.368174 68.821701 13.039269
v 3.829489 68.740608 12.821252
v 3.772248 68.886055 12.819598
v 4.123734 68.942169 12.601649
v 4.017830 69.052673 12.537230
v 4.067104 69.003746 12.582088
v 4.155489 69.051712 12.465620
v 1.690834 68.972488 12.897299
v 1.768055 69.041504 12.801164
v 1.950379 69.040344 12.779762
v 3.805983 70.150307 12.924500
v 3.995829 70.224266 12.959373
v 4.185655 70.404068 13.005385
v 4.657396 70.178436 12.568458
v 3.694223 70.643387 13.423259
v 4.303489 70.510719 13.042154
v 3.007419 70.581017 13.722588
v 2.960042 70.507515 13.589557
v 4.801390 70.289619 12.543560
v 4.524780 70.772530 13.056231
v 4.598827 70.960686 13.000562
v 3.176387 70.846848 13.944610
v 3.961232 71.140396 13.559762
v 3.277209 71.074158 13.987232
v 6.777380 64.685623 5.338589
v 6.946774 64.538826 4.988548
v 7.135244 64.424332 4.940141
v 7.180186 64.387657 5.232234
v 6.647115 64.508110 5.353682
v 6.436964 64.101791 4.786433
v 6.485832 64.095825 5.249097
v 6.099183 63.023335 3.595197
v 5.884212 63.558075 1.776675
v 5.835865 62.663242 1.905042
v 6.153436 62.337540 6.147910
v 5.344784 63.609596 0.324500
v 5.266382 62.809380 0.472176
v 5.817525 60.961479 1.889882
v 5.174669 61.342857 0.556117
v 5.250916 60.020130 0.515635
v 3.934352 61.742645 -0.803366
v 5.511720 58.854031 0.438719
v 5.817773 59.539787 1.766159
v 0.689889 78.316887 10.806542
v 0.682171 78.047379 11.228354
v 1.298379 78.249893 10.703641
v 1.300607 77.995789 11.104648
v 1.299618 77.709969 11.494062
v 3.301161 61.310249 12.864167
v 3.462196 61.592449 12.836356
v 3.925601 61.565079 12.423265
v 3.637183 62.141853 12.927521
v 4.095760 62.283379 12.532350
v 4.089319 71.668251 13.421624
v 3.436158 71.677025 13.901724
v 2.786807 71.617294 14.237839
v 4.138054 72.191666 13.167919
v 3.534103 72.205597 13.716394
v 2.918023 72.182877 14.082292
v 2.137558 71.538757 14.473207
v 3.601349 72.754944 13.484189
v 2.321176 72.122780 14.337990
v 3.011510 72.727333 13.887989
v 4.225285 72.803200 12.905555
v 2.444378 72.696518 14.136820
v 3.644448 73.427269 13.250578
v 3.039299 73.378082 13.649766
v 2.485367 73.348816 13.895317
v 4.329784 73.470070 12.614071
v 3.652244 74.121979 13.014317
v 3.049190 74.111481 13.433094
v 2.486507 74.102325 13.699001
v 4.351101 74.099014 12.309722
v 1.919671 74.121971 13.850145
v 3.662930 74.873924 12.697513
v 1.912256 74.954697 13.601393
v 1.295714 75.008873 13.684103
v 1.928669 75.822632 13.136342
v 1.308171 75.891594 13.252623
v 1.312358 76.699295 12.622489
v 0.661378 75.972229 13.309196
v 0.666234 76.767235 12.719251
v 1.933031 76.659790 12.447393
v 1.302193 77.396423 11.875460
v 0.668965 77.444366 12.018115
v 1.909202 77.374359 11.666670
v 0.017178 77.474640 12.073852
v 1.896981 77.680107 11.292580
v 2.091974 58.357018 12.959624
v 0.988544 57.837944 12.786205
v 0.840199 57.648804 12.195883
v 1.549516 57.809490 11.771846
v 0.763771 57.500923 11.653523
v 1.440880 57.667366 11.270463
v 0.749370 57.364502 11.133479
v 2.151849 57.862080 10.647907
v 2.342522 57.838703 10.070957
v 2.748850 57.944504 9.679852
v 0.789609 57.213860 10.584654
v 2.349397 57.607651 9.623427
v 2.106813 57.069408 9.175254
v 2.610238 57.135933 8.735229
v 0.887874 56.922977 9.984537
v 2.242206 56.303596 8.423462
v 1.164145 56.196953 9.197979
v 2.765538 56.369305 7.949919
v 2.409532 55.259449 7.792295
v 1.285002 55.132339 8.528991
v 2.955815 55.344448 7.385399
v 4.025215 55.817062 6.546149
v 0.673332 77.754395 11.633022
v 1.889059 77.948891 10.920386
v 2.466526 77.651237 11.052965
v -0.634722 77.453491 12.017740
v -0.632463 77.764694 11.632858
v -0.634687 78.058929 11.228350
v -1.268483 77.414291 11.874919
v -1.259481 77.730019 11.493824
v -0.636093 78.329720 10.806640
v -1.254296 78.017937 11.104663
v -1.246310 78.273964 10.703835
v -1.844604 77.980377 10.920366
v -1.858090 77.708923 11.292258
v -1.876348 77.400024 11.665738
v -1.132557 78.911682 9.321877
v -2.429553 77.687340 11.052713
v -2.453667 77.395432 11.409005
v -2.693573 78.103500 10.224513
v -1.160286 79.380775 7.533567
v -2.985885 77.631203 10.791225
v -2.806736 78.552597 8.942484
v -3.341356 77.930817 9.954629
v -3.726083 77.837326 9.668647
v -2.801100 78.952301 7.374551
v -3.981066 78.476257 7.004359
v -3.806484 78.171768 8.597282
v -4.649411 77.588326 8.420152
v -5.054863 77.618202 6.999557
v -4.307084 77.510666 9.415472
v -5.246794 76.820656 8.527003
v -5.840826 76.468124 7.226465
v -4.684867 76.973755 9.564698
v 1.775740 65.070953 14.953173
v 1.683517 65.046768 14.947203
v 1.273948 65.267220 15.245562
v 1.459342 64.897285 14.672014
v 1.332467 65.169533 14.737916
v 1.346917 65.012215 14.682774
v 0.696834 65.154373 15.462753
v -5.570704 75.977287 8.950701
v -4.934034 76.219040 9.998611
v -4.129217 77.108528 10.294362
v -3.792593 77.446594 10.287849
v -4.269796 76.403770 10.846649
v -5.061756 75.373795 10.530526
v -3.654309 76.570175 11.426463
v -4.325886 75.540497 11.460997
v -5.103475 74.633392 10.983606
v -3.679479 75.687347 12.110462
v -4.335104 74.740822 11.935253
v -5.103113 74.017029 11.328456
v -3.657458 74.821793 12.601088
v -4.345046 74.067459 12.250843
v -5.049480 73.433342 11.667212
v -5.679439 73.266350 10.599766
v -3.647055 74.066010 12.893690
v -3.054631 74.854576 13.011161
v -4.324248 73.442543 12.549123
v -4.228874 72.781967 12.845761
v -5.284968 72.015182 11.461033
v -4.712698 72.116127 12.382421
v -4.139881 72.169067 13.123993
v -5.109514 71.352592 11.906227
v -5.565552 71.154579 11.014977
v -4.643325 71.465927 12.733430
v -4.072390 71.632385 13.392729
v -5.355265 70.575935 11.558583
v -5.955762 70.708412 10.136312
v -3.911863 71.083992 13.544446
v -3.408293 71.641861 13.856695
v 1.072633 65.010300 14.727715
v 0.897866 64.995789 14.798508
v 0.658714 64.909996 14.937754
v 0.614899 64.882256 15.191170
v 0.887306 64.505058 14.936933
v 1.291244 64.575371 14.534660
v 1.277797 64.690796 14.582477
v 0.593901 64.405556 15.174658
v 1.529843 64.629608 14.327628
v 0.519004 64.220955 15.191187
v 0.947344 64.269936 14.981117
v 0.323051 64.347534 15.175873
v 0.301018 64.200714 15.170015
v 1.009041 63.884773 15.010469
v 1.280944 63.888393 14.806500
v 0.498538 63.894146 15.225130
v 0.276815 63.913567 15.194102
v 0.261668 63.393089 15.250353
v 0.510286 63.402821 15.226109
v 0.079793 63.931374 15.160149
v 0.026667 63.385300 15.250889
v 0.265955 63.009964 15.244802
v -0.117787 63.896881 15.203358
v -0.205519 63.385937 15.263541
v -0.250617 63.010071 15.262465
v 0.269569 62.883968 15.146606
v 0.562228 62.895977 15.050563
v -0.346312 63.864643 15.238137
v -0.454021 63.387951 15.247792
v -0.265823 62.883324 15.165394
v -0.564695 62.893822 15.083479
v -1.004249 63.328609 14.925138
v -0.895728 63.811554 15.013215
v -0.303405 62.598858 14.880382
v -0.608749 62.601597 14.805405
v -4.559302 70.901215 12.997586
v -3.209857 71.017616 13.964952
v -4.471975 70.704018 13.053910
v -3.088338 70.779091 13.929201
v -2.499500 70.910225 14.279872
v -3.593695 70.556801 13.418288
v -4.221935 70.424721 13.040590
v -2.366832 70.639145 14.229610
v -2.887034 70.498405 13.713945
v -4.089325 70.309830 13.004086
v -2.829053 70.421371 13.582820
v -2.197649 70.258362 13.926908
v -2.150352 70.153191 13.724796
v -3.875124 70.116478 12.958513
v -3.373699 70.303642 13.222219
v -2.760757 70.291924 13.369843
v -3.226485 70.189636 13.133667
v -2.122252 70.016304 13.400331
v -2.148662 69.888222 13.208414
v -3.063222 69.874573 13.167185
v -2.623998 69.800468 13.224518
v -1.770143 69.608833 13.099608
v -2.214395 69.628517 13.174906
v -2.238815 69.539139 13.171249
v -2.988667 69.675934 13.242867
v -1.861748 69.461266 13.054750
v -2.606074 69.602692 13.271374
v -2.245546 69.521416 13.177521
v -1.890459 69.396004 13.046973
v -2.606268 69.555313 13.212482
v -2.267763 69.468834 13.099606
v -1.934210 69.329918 12.961266
v -2.286010 69.440079 13.039500
v -2.952501 69.558334 13.140791
v -1.738971 69.241951 12.834374
v -1.832959 69.248070 12.855034
v -1.749682 69.230553 12.825274
v -1.543167 69.129982 12.792709
v -1.450537 69.163681 12.890573
v -1.412492 69.069626 12.891724
v -1.085292 62.572613 14.545556
v -1.283639 62.517567 14.413984
v -1.341875 62.792076 14.590305
v -1.319399 62.931931 14.632616
v -1.614609 62.379272 14.131650
v -1.669517 62.751049 14.197603
v -1.255598 63.279591 14.705912
v -1.945567 62.462936 13.856434
v -1.679749 63.182487 14.252174
v -1.977211 62.562241 13.873495
v -1.156266 63.790573 14.793916
v -1.633510 63.749535 14.314030
v -1.467589 64.268768 14.325475
v -0.081640 64.177673 15.178699
v -2.681787 64.442352 13.719422
v -3.110607 64.541733 13.594437
v -1.867903 65.181084 13.894836
v -2.308447 65.103867 13.798704
v -3.750319 63.742535 13.220548
v -3.129542 65.079590 13.647041
v -2.661605 65.340691 13.761357
v -3.573878 64.777718 13.468384
v -4.283204 64.046692 12.943046
v -1.849692 65.677902 13.801951
v -2.247806 65.565079 13.811073
v -1.957790 65.773224 13.817612
v -4.767543 64.482506 12.592666
v -3.726767 65.717361 13.405004
v -1.776273 65.958649 13.840357
v -5.027955 64.073547 12.192821
v -1.585625 69.000351 12.807638
v -1.513998 68.935600 12.897081
v -1.354770 69.218872 12.969534
v -1.407918 68.877609 12.967495
v -1.755090 68.989212 12.802496
v -1.769247 68.976509 12.849430
v -1.717261 68.879349 12.919461
v -1.204947 69.137909 13.069227
v -1.251803 69.283005 13.062452
v -1.305913 68.817200 13.056698
v -1.816732 68.900169 12.953170
v -1.813409 68.851135 12.941422
v -1.649881 68.760422 12.963272
v -1.771177 68.714386 12.977000
v -1.587349 68.617996 13.020181
v -1.212880 68.783577 13.186051
v -1.996966 68.824394 13.063831
v -1.994431 68.774300 13.051269
v -1.737691 68.553619 13.012461
v -1.350275 68.608238 13.159473
v -2.002775 68.622223 13.023309
v -1.525471 68.483284 13.127975
v -1.702758 68.390236 13.105858
v -1.110394 68.801041 13.375284
v -2.011648 68.405121 13.017610
v -2.152374 68.324837 13.028388
v -1.442150 68.398018 13.310156
v -2.281044 68.493698 13.065719
v -2.306977 68.261711 13.032251
v -2.015989 68.178474 13.088307
v -1.645410 68.252769 13.261374
v -1.615491 68.210831 13.345139
v -1.392913 68.380714 13.409938
v -2.026889 68.000633 13.194055
v -2.095182 67.823807 13.364069
v -2.431383 67.838539 13.145741
v -2.354944 68.029648 13.067669
v -2.979471 67.640633 13.122293
v -2.583087 67.613731 13.288985
v -2.162427 67.597580 13.491392
v -2.897790 67.727806 13.084251
v -2.760637 67.939278 13.021584
v -3.153306 67.433128 13.205200
v -3.468464 67.692154 12.918264
v -3.407537 66.433983 13.435478
v -2.627485 66.739037 13.610339
v -4.392902 66.080948 13.062964
v -2.672455 67.355888 13.395211
v -3.320111 67.108910 13.290663
v -1.661797 67.873489 13.650224
v -1.591720 68.118652 13.500215
v -1.322903 68.326599 13.611397
v -1.135135 68.237007 13.942106
v -1.049654 68.824127 13.482351
v -0.753276 68.580330 14.263372
v -1.196147 67.490501 14.193185
v -0.847022 67.826881 14.615894
v -0.491641 68.801292 14.495984
v -0.226082 68.949432 14.680824
v -0.206464 69.340904 14.391525
v -1.101031 66.976639 14.450173
v -1.037739 66.557678 14.702888
v -1.404875 66.711349 14.061525
v -1.325660 66.382957 14.236266
v -2.085038 66.984718 13.725916
v -1.970885 66.229561 13.830868
v -3.288325 67.921494 12.888338
v -3.832286 67.333580 12.979887
v -4.239456 67.685806 12.525009
v -4.109201 67.776810 12.531855
v -3.888261 68.017395 12.552940
v -4.559112 67.433411 12.510223
v -4.886549 67.934677 11.940216
v -5.228076 67.768959 11.831295
v -4.731030 68.025040 11.982844
v -5.115530 68.105843 11.676865
v -3.766740 68.272408 12.611136
v -5.261435 68.294373 11.475605
v -5.462313 67.985626 11.499163
v -5.086862 68.331406 11.574907
v -5.619501 68.225006 11.219303
v -5.423676 68.680420 11.261968
v -5.816021 68.767670 10.846622
v -5.218006 68.630783 11.415302
v -5.462939 68.877808 11.242831
v -5.856417 69.056633 10.764583
v -5.244007 68.780212 11.415850
v -4.855584 68.591339 11.654943
v -4.860194 68.671936 11.658507
v -5.797534 69.601936 10.833574
v -4.799261 68.875465 11.748229
v -5.693658 70.272087 10.905184
v -5.567900 70.033226 11.214220
v -5.290405 70.320801 11.781346
v -6.169901 71.059921 9.399621
v -5.333243 69.641632 11.664877
v -5.020574 70.730370 12.274734
v -5.137438 69.465858 11.800368
v -4.946227 69.814240 12.157806
v -4.738349 70.206978 12.541908
v -4.579535 70.086876 12.566997
v -4.713794 69.219139 11.934114
v -1.352620 66.129196 14.422855
v -1.693582 65.753433 13.887606
v 1.540584 64.724472 14.356986
v 1.722254 64.796814 14.210165
v 1.744065 64.696808 14.170849
v 1.972521 64.969406 13.987290
v -3.297393 69.517876 13.008613
v -4.757784 68.429459 11.764053
v -4.637027 68.659470 11.837439
v -4.648087 68.718941 11.839089
v -4.604740 68.884827 11.904357
v -4.512785 69.181816 12.042583
v -4.401757 69.168259 12.192766
v -4.346700 69.532761 12.264807
v -4.592951 69.614151 12.222100
v -5.457976 69.278435 11.359306
v -4.281722 69.900215 12.588202
v -7.086967 73.870201 0.576197
v -7.201161 67.984276 2.333030
v -6.447910 66.444038 1.146522
v -6.117365 67.352463 -0.273073
v -7.000909 67.223259 2.187696
v -6.842964 66.680595 2.180836
v -6.738657 66.066498 2.661667
v -5.404260 65.520386 0.176960
v -6.331335 64.500031 3.540535
v -5.818952 63.575211 1.883605
v -6.112043 63.016106 3.597118
v -5.275863 63.628994 0.568807
v -5.803500 62.668354 1.940135
v -6.076360 61.740433 3.956997
v -6.406709 64.105247 4.783888
v -5.218188 62.824028 0.593296
v -3.667239 70.032898 12.923846
v -3.866168 69.632896 12.765726
v -3.460904 69.781349 13.015813
v -4.210601 69.391380 12.423721
v -3.378991 69.619797 13.095934
v -3.365662 69.568848 13.127459
v -3.676311 69.397392 12.842169
v -4.125148 69.277512 12.568604
v -3.328287 69.530945 13.074242
v -4.002955 69.192787 12.528051
v -4.300142 69.116013 12.348395
v -4.031554 69.113205 12.358778
v -4.245352 69.082901 12.400754
v -4.123728 69.072685 12.356243
v -4.495180 68.974480 12.058842
v -4.369813 69.026176 12.226370
v -4.159495 69.024155 12.288457
v -4.092828 69.024643 12.253245
v -4.510437 68.842400 12.003519
v -4.365622 68.964348 12.173616
v -4.168161 69.009331 12.269917
v -4.092828 69.024643 12.253245
v -4.489893 68.794907 12.006348
v -4.337474 68.933250 12.179153
v -4.161255 68.996758 12.279608
v -4.255046 68.968781 12.264419
v -4.367933 68.706894 12.103271
v -4.100463 68.958778 12.369818
v -4.227328 68.850380 12.287701
v -4.535480 68.565956 11.928973
v -4.247567 68.655624 12.211386
v -4.147583 68.795921 12.406807
v -4.421195 68.527222 12.040613
v -4.094289 68.592728 12.365179
v -4.013417 68.735123 12.540581
v -4.246548 68.466721 12.203936
v -4.638053 68.350235 11.895927
v -3.719318 68.464401 12.735963
v -4.437197 68.256447 12.085870
v -5.823681 60.953613 1.881704
v -5.770827 61.137180 5.648758
v -5.155642 61.346428 0.539420
v -5.891813 58.408703 4.171721
v -5.948701 57.322453 3.886732
v -6.095498 57.655582 3.065940
v -5.594382 56.983894 4.728106
v -5.912648 58.304451 1.667411
v -6.056042 56.032536 3.666083
v -6.194922 57.058659 1.544586
v -6.394463 55.009865 2.909285
v -6.597003 55.298981 2.114670
v -6.726440 55.676064 1.393593
v -6.929688 56.543903 0.079966
v -6.022682 57.777863 0.354276
v -5.509704 58.842735 0.425270
v -5.243371 60.011147 0.501241
v -4.603237 59.512539 -1.223529
v -3.923999 61.758888 -0.800521
v -3.198448 68.399193 13.001710
v -2.661341 68.416748 13.071730
v -2.684026 68.181908 13.005676
v -2.660714 68.587593 13.150740
v -2.262975 68.679657 13.113355
v -2.262646 68.742165 13.141392
v -2.267465 68.813629 13.069086
v -2.670244 68.718246 13.149837
v -2.275911 68.855331 13.005540
v -2.021869 68.890625 12.986893
v -2.036785 68.921715 12.923290
v -1.844977 68.947258 12.892081
v -1.842839 68.980614 12.813494
v -3.199655 68.698837 13.045179
v -3.201848 68.558052 13.054975
v -3.614619 68.753410 12.825537
v -3.676325 68.609917 12.838261
v -3.985196 68.812515 12.607906
v -3.872149 68.921112 12.537283
v -3.924422 68.872894 12.585082
v -4.019803 68.922104 12.467797
v 5.308594 70.376778 11.783342
v 5.364181 70.621727 11.560617
v 5.048879 70.787415 12.276900
v 5.116338 71.386955 11.908229
v 5.557714 71.176758 11.016839
v 5.923185 70.713318 10.138674
v 5.280647 72.028755 11.462776
v 5.797754 71.698822 10.427894
v 6.142097 71.053848 9.401177
v 6.002907 72.251938 9.947640
v 6.304562 71.500237 8.983945
v -4.764682 66.385475 -1.272475
v -5.827975 59.517391 1.731987
v -1.291277 76.706215 12.613543
v -0.644272 76.773872 12.717978
v -0.649126 75.972595 13.301748
v 0.011129 76.810974 12.759345
v 0.656676 75.072319 13.727728
v -7.677397 69.352959 4.518774
v -7.526726 68.620239 4.809748
v -7.330007 68.344727 4.803951
v -7.216810 68.035393 4.800481
v -7.339426 67.259155 4.535582
v -7.297365 67.483246 4.959300
v 6.550247 69.010002 8.735323
v 6.565292 68.440079 8.899462
v 6.521494 67.882675 9.210649
v 6.863839 68.340675 7.351954
v 6.614755 66.515137 8.329425
v 6.985371 68.233856 6.295173
v 6.973598 67.463539 6.231328
v 7.005313 67.674744 6.067298
v 6.898908 66.309074 6.038717
v 7.046616 67.103699 5.943204
v 6.994400 65.906845 5.778326
v 7.142067 67.548683 5.586465
v 7.265436 67.237053 5.480702
v 7.320171 66.624619 5.494382
v 7.201314 66.387787 5.559109
v 7.330343 67.122589 5.263775
v 7.164468 66.160461 5.544156
v 7.304282 66.654083 5.225355
v 7.303782 65.357414 5.501173
v 7.006037 66.358566 5.335014
v 6.876876 66.497208 5.231771
v 6.710874 66.787277 4.938149
v 6.975974 67.121681 5.199520
v 7.142041 66.411240 4.686529
v 7.085239 67.570961 5.174276
v 7.319084 67.476364 4.948656
v 0.400426 70.845932 14.621314
v 0.352055 70.563622 14.619219
v 0.501647 71.536842 14.609124
v 0.321211 70.185669 14.537431
v 0.046973 70.551262 14.592520
v 0.569519 72.142052 14.495077
v 0.068300 70.190697 14.508197
v 0.352150 69.921120 14.413270
v -0.255524 70.540451 14.595498
v -0.179297 70.159508 14.508220
v 0.372468 69.799553 14.364697
v -0.176177 69.892738 14.378485
v -0.446795 70.084488 14.472163
v -0.184258 69.770836 14.327911
v 0.400865 69.533691 14.355667
v -0.465243 69.644394 14.224153
v 0.098438 69.575180 14.356926
v 0.405239 69.365211 14.419770
v -0.667245 69.466080 13.987102
v -0.199965 69.506836 14.321627
v -0.686671 69.144379 13.966187
v -0.704037 68.968925 14.032711
v -0.891641 68.921822 13.723750
v -0.814942 69.331047 13.704699
v -0.843715 69.480469 13.771396
v -0.937560 69.250908 13.463224
v -0.969218 69.431374 13.462601
v -1.020726 69.409676 13.334300
v -0.988627 69.751472 14.059185
v -0.700206 69.921944 14.344492
v -1.208843 69.702553 13.623102
v -1.277184 69.673851 13.412824
v -1.591706 70.084793 14.110783
v 7.259362 67.804626 5.259200
v 7.092937 67.979134 5.688515
v 7.385916 67.246330 4.501160
v 7.382138 68.166237 5.288591
v 7.227310 68.025818 4.775455
v 7.335682 68.333275 4.778266
v 7.533278 68.605812 4.784927
v 7.405862 67.652100 4.045932
v 8.056799 68.141197 3.875344
v 8.120484 67.512955 3.723573
v 8.017551 68.770035 3.704395
v 8.510945 67.676590 3.170995
v 8.514122 66.935699 3.335544
v 8.380281 68.602730 3.132928
v 8.329544 69.059967 3.216864
v 8.559505 66.824951 3.076967
v 8.359066 69.115250 2.806737
v 8.636005 67.594833 2.584333
v 8.687120 66.636200 2.795739
v 8.587111 68.624733 2.432334
v 8.605420 69.124474 2.495322
v 8.756622 69.122696 2.231179
v 8.480240 69.010376 1.973443
v 8.479465 68.442413 1.882908
v 8.529283 69.505516 2.207376
v 8.554424 69.882233 2.523869
v 8.712697 69.992065 3.084121
v 8.491955 70.134880 2.931773
v 8.304346 70.225548 3.399226
v 7.819101 69.117302 2.933972
v -1.533865 70.309021 14.349300
v -0.961619 70.388931 14.550872
v -1.639820 69.875069 13.602350
v -1.622997 69.954193 13.863945
v -1.760480 70.754013 14.480434
v -1.166946 70.732544 14.603876
v -2.090452 71.510025 14.439169
v -1.489553 71.477158 14.579510
v -0.970618 71.502632 14.609468
v -1.705107 72.078316 14.412132
v -0.474762 71.527985 14.607483
v -1.130387 72.098862 14.459400
v -0.559607 72.138405 14.483746
v -0.628496 72.734306 14.246977
v 0.004737 72.162155 14.499368
v 0.003046 72.745789 14.284391
v 0.632899 72.735893 14.270696
v 1.148732 72.108391 14.487182
v 0.011432 71.537766 14.598867
v -0.330847 70.826080 14.603991
v -0.591270 70.504921 14.588257
v -1.699205 69.733185 13.245392
v -1.140442 69.347427 13.170135
v -1.100741 69.177475 13.184766
v -1.561632 69.377113 12.989178
v 6.223358 67.328392 -0.992280
v 5.497872 65.500534 -0.403452
v 8.487795 70.187965 3.466516
v 8.114438 70.222031 3.870035
v 7.669745 69.560944 3.333030
v 7.939516 70.142097 4.289752
v 7.620738 69.814911 4.952497
v 7.852138 69.647697 4.972073
v 7.383539 69.408951 5.398264
v 7.305265 69.800972 5.384029
v 7.606843 69.151299 5.313625
v 7.164495 68.986931 5.722787
v 7.084467 68.830002 5.901755
v 7.357842 68.624588 5.517378
v 7.244511 68.384308 5.581838
v 7.494936 68.464996 5.289785
v 7.005358 68.140503 6.100221
v 7.902447 69.481552 4.866457
v 7.696075 69.324295 4.495726
v 8.192526 69.849289 4.337550
v 8.375791 69.942764 3.957332
v 8.223565 69.801842 3.791605
v 8.566216 70.088501 3.512181
v 8.550306 69.954643 3.540149
v 8.365568 69.479721 2.995947
v 8.580091 69.801720 3.201406
v 8.623986 69.677773 2.912830
v 5.158469 77.552109 6.999468
v 5.926961 76.417458 7.226766
v 5.306501 76.768860 8.527282
v 5.610577 75.943657 8.951284
v 4.723311 76.925148 9.564823
v 4.353769 77.454269 9.415486
v 4.957501 76.185417 9.998910
v 4.158041 77.064041 10.294274
v 3.772042 77.781227 9.668418
v 3.825614 77.399002 10.287675
v 3.555069 77.474518 10.486359
v 3.595881 77.222466 10.777401
v 4.709101 72.134560 12.394287
v 4.656256 71.504234 12.740548
v 6.048011 61.716305 7.955286
v 6.219661 62.423882 8.379837
v 5.817844 61.236279 7.522695
v 0.087826 56.803699 10.138393
v -0.693384 56.846611 10.094271
v -0.623032 57.133965 10.684048
v -0.597411 57.290874 11.223683
v -0.614280 57.441055 11.735975
v 8.621948 69.466370 2.674107
v 2.295621 70.220184 13.727058
v 2.330111 70.324509 13.930557
v 2.465556 70.698868 14.240099
v 2.578475 70.962509 14.298069
v 1.846870 70.798233 14.487612
v 1.645334 70.361473 14.363558
v 1.872275 72.693741 14.246462
v 1.940268 73.364372 14.021132
v 1.340003 73.401482 14.064892
v 0.677690 73.413376 14.093163
v 1.312620 74.165283 13.921886
v 0.661069 74.205261 13.952076
v 0.002575 73.406097 14.097935
v 0.003368 75.103889 13.744816
v -0.655654 74.200279 13.922042
v -0.672746 73.411621 14.061131
v -1.334496 73.387650 13.992872
v -0.649979 75.067657 13.709457
v -1.306888 74.144478 13.848954
v -1.289477 74.988594 13.629403
v -1.914250 74.082832 13.736101
v -1.296945 75.882088 13.226139
v -1.907042 74.914734 13.508038
v -1.918747 75.798882 13.084357
v -2.481684 74.048279 13.557316
v -2.490100 74.871666 13.304151
v 1.397048 66.626831 14.692066
v 1.468327 66.308640 14.932114
v 1.201669 66.283333 15.612368
v 0.372355 67.286980 15.883450
v 0.469456 66.585228 16.455713
v 0.567010 66.064087 16.711248
v -0.202764 66.587357 16.455330
v -0.217566 66.083031 16.708162
v -0.211623 65.540367 16.749855
v -0.569042 65.465012 16.465992
v -0.815262 65.251106 15.983636
v -0.613244 65.181198 15.840210
v -1.039661 65.073456 15.352455
v -1.294648 64.929070 14.960625
v -2.507123 75.759743 12.861439
v -1.912879 76.664398 12.428800
v -3.044521 74.049828 13.286408
v -3.082660 75.747620 12.547535
v -2.501956 76.660973 12.162022
v -3.073719 76.652084 11.835340
v -3.012731 77.359962 11.121566
v -3.522570 77.520218 10.486524
v -3.568511 77.263649 10.777447
v 6.106552 69.193779 10.088204
v 6.077175 68.822876 10.251653
v 5.794565 69.078354 10.768312
v 5.937029 66.412575 11.012327
v 6.168245 66.804848 10.441088
v 6.070210 65.324600 10.421476
v 5.799407 64.949120 10.981382
v 5.424828 64.646957 11.477405
v 6.304369 64.212700 9.193026
v 5.823345 63.522915 10.321137
v 6.535481 64.817329 7.864457
v 5.507303 63.341923 10.809310
v 6.006675 62.079685 9.044391
v 6.462674 63.082497 7.140653
v 5.737745 61.889069 9.728583
v 6.355998 62.542152 6.993966
v 5.467946 61.886650 10.363109
v 5.226472 61.132107 10.337129
v 4.997557 63.093929 11.574165
v 5.008454 62.543156 11.386673
v 4.802716 61.420364 11.259087
v 4.531591 60.865654 11.342999
v 4.539149 62.870689 12.156689
v 4.561567 62.432251 12.014488
v 4.373159 61.516308 11.902751
v 4.447980 63.289120 12.353877
v 4.763655 64.103149 12.134561
v -0.871154 65.169746 15.278862
v -0.314609 65.117538 15.499005
v -0.975543 65.052780 14.766688
v -1.019748 64.892860 14.703074
v -1.863777 72.678680 14.168640
v -1.934491 73.337013 13.913137
v -2.435816 72.673492 14.037708
v -2.297521 72.102509 14.274529
v -2.479673 73.310760 13.763079
v -3.006443 72.698616 13.779217
v -2.903498 72.158928 14.006604
v -3.033890 73.333229 13.510868
v -2.748279 71.584251 14.192094
v -3.602775 72.726524 13.388099
v -3.639218 73.384140 13.132622
v -3.528805 72.180275 13.646985
v -6.732687 64.695419 5.336931
v -6.904215 64.546066 4.984455
v 4.153636 61.040390 11.946745
v 3.250596 60.338848 12.763620
v 2.903414 60.723061 13.112533
v 2.704009 59.699100 13.368303
v 2.046175 59.535767 13.983294
v 1.766810 60.103638 14.071228
v 1.144039 59.642635 14.518082
v 0.967793 60.163830 14.488894
v 0.034735 60.249855 14.630742
v -0.900366 60.149956 14.618649
v -1.068321 59.627380 14.666653
v -1.206860 59.063782 14.598658
v -2.006683 59.518612 14.161523
v -1.736681 60.080837 14.241912
v -2.183193 58.978134 13.907800
v -1.260830 58.510490 14.296886
v -2.160886 58.580376 13.522221
v -2.919904 58.891663 12.691939
v -2.915408 59.221222 13.095459
v -2.001882 58.304852 13.126131
v -7.234987 64.996529 4.434044
v -7.093605 64.433472 4.936072
v -6.774373 64.906349 5.669881
v -7.125200 66.237335 3.656349
v -7.138175 64.396118 5.229801
v -7.235656 64.528725 5.446327
v -7.544615 65.574120 3.712938
v -7.459608 65.142746 3.979077
v -7.390425 64.272034 4.921799
v -7.324178 64.760872 5.492037
v -7.522560 64.320244 5.013046
v -7.615951 65.988152 3.479449
v -7.732069 66.819290 3.110457
v -7.900479 64.827286 3.937407
v -7.779303 64.502045 4.359820
v -7.898135 64.567749 4.417096
v -7.771821 64.442070 4.775316
v -7.654762 64.344292 4.718532
v -7.994160 64.719803 4.458540
v -7.866906 64.623566 4.807146
v -7.684623 64.674149 5.076159
v -8.020207 65.498962 4.205838
v -7.647582 65.237663 5.022618
v -7.801419 65.703964 4.537877
v -7.371600 65.106293 5.432324
v -7.538191 65.593513 4.993799
v -7.167715 65.072250 5.647684
v -7.216800 65.403625 5.546745
v -7.257498 65.893555 5.368457
v -6.916393 65.318726 5.852990
v -7.119961 66.197701 5.613123
v -6.931507 65.937607 5.851868
v -7.151604 66.422958 5.626806
v -6.881528 66.326828 6.114734
v -7.825058 66.308571 4.363494
v -7.939999 65.837524 4.251510
v -7.640270 66.401932 4.362647
v -8.147544 65.793709 3.889284
v -2.790810 58.596706 12.316111
v -2.679976 58.445538 12.125632
v -3.837415 59.666233 11.895323
v -3.708491 59.048077 11.120957
v -3.363215 58.636944 10.626579
v -4.797382 60.773323 11.345349
v -4.919506 60.102894 10.021104
v -5.118755 61.317402 11.245604
v -5.254377 60.266197 8.883848
v -4.961828 59.969578 8.476837
v -5.953379 61.280609 7.481462
v -4.533597 59.506989 7.852502
v -5.973110 61.602650 6.469383
v -6.203750 61.746521 7.902833
v -6.392869 62.455387 8.324401
v -6.208601 62.367176 6.124175
v -6.423920 62.584797 6.950906
v -6.513950 63.126518 7.098806
v -6.680563 64.836861 7.838585
v -6.450979 64.104324 5.244448
v -6.603462 64.520340 5.350240
v -6.926658 68.337929 7.357268
v -6.993968 67.459686 6.255632
v -7.027002 67.106094 5.996928
v -7.029103 67.672768 6.078765
v 2.855412 69.942596 12.983389
v 2.535991 69.686485 13.021345
v 3.248473 69.961029 12.936249
v 2.919493 69.739265 13.123951
v 2.620133 69.301193 13.155098
v 2.930998 69.319954 13.239233
v 2.915503 68.902687 13.123592
v 3.223871 69.335487 13.204136
v 2.532377 68.910622 13.021013
v 3.209417 68.918655 13.088340
v 2.849737 68.693893 12.982855
v 3.242405 68.714874 12.935713
v 1.580366 69.268448 12.379619
v 2.932420 70.957497 11.482491
v 2.015749 70.637543 11.593964
v 1.664779 70.268425 11.636673
v 1.363385 69.301476 11.673965
v 1.661553 68.376060 11.635940
v 2.012012 68.037468 11.592950
v 2.929776 67.754974 11.481163
v 3.830344 68.065735 11.372840
v 3.553179 68.965134 12.898522
v 4.173330 70.304016 11.333790
v 4.459605 69.364540 11.299624
v 3.836593 70.656357 11.373855
v 4.166773 68.421692 11.333055
v 4.355256 69.363319 12.044887
v 3.655631 70.239464 12.606361
v 2.400697 70.193604 12.757346
v 3.501505 69.347740 13.049442
v 3.557395 69.736633 12.898853
v 3.213607 69.753891 13.088697
v -3.077287 69.843033 12.937014
v -3.388862 69.607750 12.899582
v -2.677685 69.840279 12.984192
v -3.037617 69.636673 13.089460
v -3.327133 69.218742 13.050165
v -3.044579 69.217606 13.204884
v -3.030270 68.800659 13.091874
v -2.747227 69.215553 13.240010
v -3.380739 68.833580 12.902145
v -2.732138 68.798813 13.127401
v -3.066545 68.595352 12.949101
v -2.668346 68.593025 12.991791
v -4.246247 69.246971 12.045529
v -2.847720 70.887527 11.483204
v -3.768056 70.581245 11.374590
v -4.109022 70.224030 11.334481
v -4.405739 69.278305 11.300261
v -4.112887 68.334175 11.334524
v -3.765249 67.977798 11.379614
v -2.831849 67.670189 11.488100
v -1.890185 67.969933 11.593776
v -2.345267 68.827354 13.022890
v -1.536922 70.208092 11.637601
v -1.216827 69.256126 11.674891
v -1.900610 70.570267 11.594871
v -1.529047 68.318542 11.636809
v -1.408077 69.229416 12.380522
v -2.231804 70.111786 12.758121
v -3.511600 70.120468 12.607099
v -2.432427 69.212769 13.155903
v -2.351099 69.600746 13.022169
v -2.738783 69.634583 13.124741
v -1.842839 68.980614 12.813493
v -1.833552 68.979042 12.837695
v -2.040189 68.933426 12.948440
v -2.036785 68.921715 12.923290
v -1.855258 68.957741 12.887709
v -2.022476 68.889893 12.988428
v -2.278631 68.858070 13.060594
v -2.267464 68.813629 13.069086
v -2.275911 68.855331 13.005540
v -2.683642 68.782982 13.169456
v -2.670244 68.718246 13.149837
v -2.669162 68.764503 13.097152
v -3.182899 68.785576 13.018920
v -3.176831 68.747696 12.996434
v -3.199655 68.698837 13.045179
v -3.594613 68.838448 12.832338
v -3.573642 68.805832 12.775955
v -3.614619 68.753410 12.825537
v -3.924422 68.872894 12.585082
v -3.874533 68.942108 12.558885
v -3.872148 68.921112 12.537283
v -4.019803 68.922104 12.467797
v -3.962898 68.969002 12.455329
v -3.960996 68.960785 12.426989
v -4.061208 68.985115 12.380237
v -4.100463 68.958778 12.369818
v -4.031081 68.987144 12.341400
v -4.128879 69.009674 12.279608
v -4.161255 68.996758 12.279608
v -4.088353 69.013718 12.258985
v -4.134552 69.012711 12.271487
v -4.168161 69.009331 12.269917
v -4.095990 69.021904 12.247023
v -4.087525 69.028999 12.271216
v -4.159495 69.024155 12.288457
v -4.090866 69.035721 12.259105
v -4.065782 69.073257 12.309800
v -4.123728 69.072685 12.356243
v -4.098174 69.066086 12.345023
v -3.962821 69.182495 12.456672
v -1.803577 69.014908 12.805956
v -1.799521 68.992455 12.776140
v -1.842839 68.980614 12.813493
v -1.846175 68.986023 12.826181
v -1.755090 68.989212 12.802496
v -1.855258 68.957741 12.887709
v -1.794514 69.231949 12.838245
v -1.749682 69.230553 12.825274
v -1.837681 69.254059 12.858444
v -1.844697 69.251640 12.861563
v -1.969027 69.304070 12.903699
v -1.832959 69.248070 12.855034
v -1.797508 69.221245 12.793510
v -1.792792 69.014496 12.769059
v -1.799521 68.992455 12.776140
v -1.803577 69.014908 12.805956
v -1.784949 69.028397 12.758415
v -1.750273 69.027870 12.836576
v -1.781072 69.050880 12.809117
v -1.773002 69.071831 12.750098
v -1.775139 69.089935 12.816144
v -1.643122 69.034340 12.841708
v -1.759369 69.113739 12.750608
v -1.770463 69.129211 12.819269
v -1.602900 69.090828 12.845545
v -1.609289 69.058670 12.844573
v -1.562088 69.043869 12.825615
v -1.604813 69.014877 12.821486
v -1.761450 69.170944 12.813157
v -1.759442 69.161301 12.757225
v -1.608705 69.117226 12.844226
v -1.553801 69.080811 12.831293
v -1.509038 69.073029 12.768945
v -1.524063 69.029526 12.772990
v -1.574061 69.115074 12.831085
v -1.774779 69.200905 12.770162
v -1.765199 69.192520 12.809067
v -1.552434 69.126381 12.777782
v -1.749682 69.230553 12.825274
v -1.794514 69.231949 12.838245
v -1.797508 69.221245 12.793510
v -1.588233 69.004883 12.775312
v -1.755090 68.989212 12.802496
v 2.028628 69.031334 12.811620
v 2.018994 69.029015 12.835821
v 2.224314 68.999146 12.946466
v 2.220983 68.987396 12.921317
v 2.012929 69.018074 12.841125
v 2.205370 68.954575 12.985257
v 2.449648 68.892082 13.066513
v 2.465145 68.949936 13.018874
v 2.457755 68.935562 13.002689
v 2.860114 68.884132 13.164925
v 2.847357 68.818321 13.143997
v 2.845644 68.866035 13.092056
v 3.351326 68.909149 13.018001
v 3.345072 68.871101 12.993897
v 3.368174 68.821701 13.039269
v 3.753867 68.971710 12.830868
v 3.732970 68.939201 12.774097
v 3.772248 68.886055 12.819597
v 4.067104 69.003746 12.582088
v 4.020417 69.073692 12.559307
v 4.017830 69.052673 12.537230
v 4.120332 69.103043 12.474917
v 4.155489 69.051712 12.465620
v 4.100086 69.091675 12.427097
v 4.193670 69.114227 12.378757
v 4.229570 69.086510 12.367485
v 4.164832 69.116821 12.340457
v 4.285045 69.121895 12.278007
v 4.217508 69.141243 12.257693
v 4.221789 69.144943 12.265937
v 4.260287 69.136543 12.276085
v 4.291190 69.133743 12.268826
v 4.224215 69.148582 12.246233
v 4.217239 69.157310 12.270206
v 4.283689 69.149910 12.287547
v 4.220028 69.163788 12.258229
v 4.198599 69.201958 12.307738
v 4.194702 69.193817 12.321957
v 4.252876 69.199532 12.354115
v 4.105808 69.316078 12.456528
v 2.001532 69.068161 12.780799
v 2.028628 69.031334 12.811620
v 2.001908 69.046608 12.741968
v 2.032043 69.036842 12.824308
v 1.950379 69.040344 12.779762
v 2.012929 69.018074 12.841125
v 2.021458 69.300018 12.842546
v 1.933169 69.279968 12.821423
v 2.026932 69.299858 12.849715
v 1.983469 69.277328 12.820974
v 2.154401 69.365044 12.902358
v 2.021458 69.300018 12.842546
v 1.977689 69.276726 12.796281
v 1.995218 69.068390 12.734887
v 2.001532 69.068161 12.780799
v 2.001908 69.046608 12.741968
v 1.988009 69.082748 12.722366
v 1.945160 69.078659 12.814262
v 1.979837 69.104103 12.780929
v 1.972222 69.125992 12.720598
v 1.970897 69.143120 12.792507
v 1.830480 69.079056 12.827855
v 1.953267 69.167542 12.729505
v 1.961814 69.182259 12.802877
v 1.787173 69.132729 12.835960
v 1.794630 69.101318 12.833013
v 1.745872 69.083862 12.815362
v 1.790493 69.057205 12.809162
v 1.946325 69.223701 12.807468
v 1.942089 69.215790 12.754859
v 1.792566 69.159340 12.835804
v 1.736759 69.120216 12.822565
v 1.690943 69.110939 12.761192
v 1.706863 69.068016 12.763686
v 1.756912 69.155586 12.823389
v 1.953664 69.256287 12.774605
v 1.947526 69.245399 12.807609
v 1.734473 69.166656 12.771241
v 1.933169 69.279968 12.821423
v 1.983469 69.277328 12.820974
v 1.977689 69.276726 12.796281
v 1.773079 69.046326 12.764198
v 1.950379 69.040344 12.779762
v 0.719495 62.954933 13.785651
v 0.545569 63.103237 13.993718
v 0.726818 62.921139 13.677385
v 0.727560 62.663765 13.774575
v 0.751591 62.648621 13.695470
v 0.544858 62.698517 13.917446
v 0.233918 62.691551 13.967741
v 0.019880 62.709980 13.885668
v -0.006860 62.710381 13.811314
v -0.009602 62.885727 13.797609
v 0.012789 62.958958 13.879013
v 0.218585 63.084034 14.041691
v -0.010499 63.064072 13.865652
v -0.012800 63.292244 14.056040
v -0.013997 63.527386 14.127894
v -0.237247 63.080719 14.046132
v -0.031380 62.959202 13.879423
v -0.007317 62.885715 13.797588
v -0.006084 62.710381 13.811299
v -0.536557 63.076057 13.998167
v -0.238694 62.681622 13.976835
v -0.032497 62.709888 13.886562
v -0.517386 62.662746 13.931001
v -0.674158 62.917271 13.784059
v -0.667392 62.613693 13.782387
v -0.675592 62.882786 13.673571
v -0.684882 62.596962 13.700481
v -0.665614 63.023582 13.681194
v -0.687322 63.050964 13.752859
v -0.712697 63.279839 13.890152
v -0.714438 62.777069 13.737719
v -0.672258 62.776020 13.680292
v -0.863769 62.795692 13.777522
v -1.060639 62.791454 13.659968
v -1.126954 63.008663 13.351360
v -1.104152 62.873192 13.356425
v -1.137084 62.750610 13.386135
v -1.106172 62.612816 13.380700
v -1.406129 62.371197 13.124519
v -1.485264 62.649296 12.938544
v -1.503087 62.891987 12.915678
v -0.671808 62.783386 13.618178
v -0.672258 62.776020 13.680292
v -0.677692 63.002735 13.606251
v -0.647154 63.031357 13.606018
v -0.665614 63.023582 13.681194
v -0.616872 62.992447 13.617168
v -0.621282 62.833790 13.623192
v -0.675592 62.882786 13.673571
v -0.684882 62.596962 13.700481
v -0.043625 62.894234 13.719706
v -0.010036 63.051464 13.713475
v -0.007317 62.885715 13.797588
v -0.006084 62.710381 13.811299
v -0.010072 63.035210 13.786901
v 0.026716 62.893925 13.719203
v -0.009602 62.885727 13.797609
v -0.006860 62.710381 13.811314
v 0.666792 62.871037 13.625027
v 0.652344 63.022766 13.623138
v 0.751591 62.648621 13.695470
v 0.726818 62.921139 13.677385
v 0.685077 63.061306 13.614373
v 0.705377 63.055180 13.688271
v 0.722669 63.034939 13.615012
v 0.729384 62.825878 13.620557
v 0.728911 62.819523 13.680906
v 1.252724 63.038258 13.384191
v 1.290490 62.802177 13.410652
v 1.239774 62.914062 13.384070
v 1.263561 62.674194 13.399058
v 1.614210 62.439915 13.140009
v 1.669075 62.688229 12.966594
v 1.663290 62.909340 12.953784
v 1.499762 63.001892 12.721834
v 1.660154 62.889790 12.963606
v 1.655461 62.725498 12.950155
v 1.513158 62.820213 12.707760
v 1.644906 63.247166 12.314149
v 1.586723 63.043583 12.398940
v 1.686537 62.661659 12.708124
v 1.616331 62.778969 12.436337
v 1.742978 62.711189 12.472233
v 1.759177 62.858646 12.313283
v 1.979201 62.582611 12.528366
v 2.073417 62.772724 12.431646
v 2.062534 62.698826 12.582391
v 2.219953 63.014843 11.246287
v 2.298340 62.828514 12.357358
v 2.846357 63.134014 11.426294
v 2.695715 62.962757 11.360048
v 2.896441 63.572117 11.436325
v -1.153259 62.752033 13.465709
v -1.137084 62.750610 13.386135
v -1.126954 63.008663 13.351360
v -1.163512 63.049961 13.408964
v -1.234526 63.281387 13.520315
v -1.104152 62.873192 13.356425
v -1.170360 62.890850 13.406935
v -1.359364 63.033665 13.400015
v -1.155805 62.571022 13.424453
v -1.106172 62.612816 13.380700
v -1.567675 63.016869 13.135679
v -1.326031 62.540318 13.401505
v -1.453413 62.403156 13.161209
v -1.489942 62.565262 13.171168
v -1.406129 62.371197 13.124519
v -1.485264 62.649296 12.938544
v -1.503087 62.891987 12.915678
v -1.497023 62.870148 12.926381
v -1.477484 62.690472 12.920766
v -1.717316 62.578075 12.904032
v -1.777648 62.881481 12.917859
v -1.617878 62.459126 12.798127
v -2.263085 63.715034 12.646914
v -2.250424 64.334869 12.676750
v -2.003627 62.945072 12.593913
v -2.112075 63.324341 12.573697
v -1.926323 62.677460 12.547326
v -1.840878 62.553101 12.500147
v -1.965674 62.760777 12.394092
v -2.023936 62.881432 12.409645
v -2.222796 62.825127 12.312907
v -1.747592 62.564251 12.514508
v -1.816673 62.736626 12.343517
v -1.665694 62.852509 12.284401
v -1.891875 63.831345 11.051684
v -2.016780 63.477173 11.181216
v -2.218397 63.015697 11.236552
v -2.724751 62.960186 11.344672
v 3.199278 63.319916 9.360320
v 2.275287 63.665531 12.692749
v 2.218415 64.247757 12.706568
v 2.176795 63.302078 12.623643
v 2.119450 62.947144 12.638228
v 1.945395 62.894653 12.960419
v 1.760769 62.880787 13.004060
v 1.913642 62.619713 12.932981
v 1.732152 62.677418 13.001411
v 1.803267 62.507744 12.819668
v 1.655461 62.725498 12.950155
v 1.660154 62.889790 12.963606
v 2.122010 62.885170 12.452299
v -0.011558 63.892200 14.049088
v 1.663290 62.909340 12.953784
v 0.742987 63.320232 13.900457
v 1.732150 63.026783 13.182342
v 1.727193 62.949169 13.036053
v 1.669075 62.688229 12.966594
v 1.516900 63.058331 13.441363
v 1.703038 62.619068 13.197105
v 1.722452 62.661819 13.049467
v 1.354103 63.303490 13.563974
v 1.671022 62.470589 13.179132
v 1.614210 62.439915 13.140009
v 1.316885 62.931046 13.437464
v 1.252724 63.038258 13.384191
v 1.239774 62.914062 13.384070
v 1.310634 62.805466 13.490395
v 1.290490 62.802177 13.410652
v 1.194421 62.847103 13.679373
v 0.953570 62.848064 13.784447
v 0.777450 62.823288 13.738359
v 0.728911 62.819523 13.680906
v 0.727169 63.084297 13.759745
v 0.705377 63.055180 13.688271
v -3.183937 63.316032 9.358982
v -2.890813 63.138332 11.404130
v -2.947947 63.581112 11.416172
v 1.530887 62.606888 13.422763
v 1.326858 62.637047 13.442501
v 1.263561 62.674194 13.399058
v -1.381370 62.995949 12.687854
v -1.497023 62.870148 12.926381
v -1.477484 62.690472 12.920766
v -1.380545 62.799961 12.680796
v -1.580864 63.262890 12.277931
v -1.499403 63.046280 12.368492
v -1.506985 62.764118 12.412836
v -1.530499 62.629543 12.683329
v -1.619986 62.691219 12.446615
v -1.891875 63.831345 11.051684
v -1.237292 64.529457 10.852186
v 0.002487 64.775787 10.802217
v 1.249465 64.523552 10.853599
v 1.911806 63.819340 11.064087
v 1.911806 63.819340 11.064087
v 2.029801 63.467030 11.196281
v 1.416366 61.717667 11.769979
v 1.527325 62.362083 11.971483
v 1.764596 62.533028 11.818409
v 1.776544 62.788422 11.881705
v 1.628121 62.752926 12.074176
v 2.116825 62.715046 10.809025
v 1.939844 62.917389 11.693940
v 2.091369 62.676895 12.293874
v 2.210245 62.947395 11.789628
v 2.184344 62.718056 11.964146
v 2.669873 62.743637 11.127583
v 2.752862 62.548908 11.144218
v 2.474406 62.382812 11.787210
v 2.696258 63.152939 10.488682
v 2.829559 62.821564 10.222354
v 2.932328 62.691803 10.447783
v 2.969850 62.827034 9.466154
v 2.825058 63.092442 10.026303
v 2.422761 63.128185 10.436273
v 2.742774 63.178013 10.043140
v 2.924385 63.099602 9.527887
v 2.408595 63.167332 9.951258
v 2.311306 63.109718 10.309022
v 2.333989 62.887093 10.159219
v 2.200681 62.812798 10.334369
v 2.282798 63.123638 9.831464
v 2.229614 62.851120 9.939707
v 2.392770 63.176830 9.422400
v 2.150320 62.750481 9.578828
v 2.416326 62.921986 9.277989
v -1.839683 62.499443 11.309957
v -1.706337 61.785034 11.195240
v -1.904846 62.598213 11.350692
v -1.733418 62.517487 11.810912
v -1.737168 62.784817 11.863719
v -1.568066 62.745068 12.057987
v -2.111713 62.700905 10.816885
v -1.920421 62.920666 11.673525
v -2.194297 62.952564 11.759463
v -2.144141 62.709545 11.935654
v -2.379404 63.043350 11.302662
v -2.689894 62.697803 11.399548
v -2.805375 62.516899 11.148210
v -2.483936 62.353867 11.776033
v -2.806547 63.032879 10.430897
v -2.677280 63.143951 10.490739
v -2.836927 62.798801 10.228441
v -2.964786 62.659668 10.455288
v -2.972456 62.810478 9.470904
v -2.397849 63.122402 10.439104
v -2.716317 63.170990 10.045092
v -2.746596 63.202225 9.665339
v -2.284179 63.104725 10.312327
v 0.743862 62.397011 13.633622
v 0.725786 62.191395 13.633211
v 0.562521 62.573116 13.595389
v 0.570040 62.451256 13.594164
v 0.568433 62.309399 13.560001
v 0.517051 62.353264 13.481140
v 0.518828 62.499199 13.508713
v 0.551211 62.226612 13.541647
v 0.521565 62.232651 13.544430
v 0.400710 62.198650 13.680470
v 0.521015 62.349022 13.479492
v 0.513800 62.314610 13.554894
v 0.394685 62.437332 13.682395
v 0.521275 62.502029 13.506956
v 0.521239 62.476135 13.581367
v 0.146484 62.173080 13.721605
v 0.532779 62.611214 13.590269
v 0.142646 62.427254 13.729006
v 0.012863 62.303932 13.621037
v 0.000972 62.471191 13.648028
v -0.000702 62.604195 13.663558
v -0.006099 62.498093 13.571866
v -0.004698 62.349098 13.541817
v 0.011737 62.213539 13.615048
v -0.018331 62.213215 13.616045
v -0.004573 62.349098 13.541814
v -0.021280 62.303600 13.621897
v -0.148454 62.167229 13.735423
v -0.005606 62.498070 13.571857
v -0.012308 62.471100 13.648306
v -0.149271 62.420769 13.736194
v -0.381812 62.169262 13.712137
v -0.012879 62.604153 13.663737
v -0.378946 62.408474 13.698176
v -0.480831 62.275524 13.576355
v -0.500632 62.574013 13.596773
v -0.488561 62.437801 13.592806
v -0.488546 62.464958 13.514765
v -0.487193 62.310600 13.494871
v -0.487393 62.192841 13.572170
v -0.512850 62.184326 13.570685
v -0.527457 62.265751 13.583164
v -0.483808 62.315189 13.496243
v -0.529855 62.408669 13.607792
v -0.660673 62.134182 13.675496
v -2.183753 62.801022 10.342024
v -2.207947 62.841049 9.947184
v -2.399544 62.913303 9.283833
v -1.168573 62.212475 12.916353
v -1.158029 62.207558 12.951238
v -1.231477 62.244408 12.981745
v -1.182072 62.372124 12.980227
v -1.256200 62.431030 13.007917
v -1.187912 62.510628 13.058032
v -1.236395 62.513474 13.062668
v -1.127870 62.593620 13.179328
v -1.022778 62.591610 13.271843
v -0.918990 62.496819 13.310860
v -0.884016 62.400620 13.377747
v -0.877620 62.348282 13.286569
v -0.876691 62.216141 13.339870
v -0.867956 62.180164 13.266670
v -0.883409 62.191044 13.344769
v -0.798504 62.251877 13.278485
v -0.843821 62.212078 13.300401
v -0.872861 62.387825 13.343788
v -0.904065 62.357479 13.383806
v -0.514545 62.224602 13.389003
v -0.532059 62.309437 13.409725
v -0.483808 62.315189 13.496243
v -0.486429 62.462227 13.516684
v -0.421530 62.233265 13.407475
v -0.419735 62.400391 13.447609
v -0.487193 62.310600 13.494871
v -0.488546 62.464958 13.514765
v -0.059492 62.434151 13.484381
v -0.057967 62.267433 13.451614
v -0.005606 62.498070 13.571857
v -0.004573 62.349098 13.541814
v 0.050572 62.268543 13.449394
v 0.049596 62.435349 13.482559
v -0.004698 62.349098 13.541817
v -0.006099 62.498093 13.571866
v 0.944218 62.244297 13.263544
v 0.888522 62.311996 13.270247
v 0.982771 62.452259 13.344726
v 0.943826 62.276939 13.290284
v 0.993600 62.260609 13.333263
v 1.022321 62.426025 13.383886
v 0.970901 62.245987 13.255709
v 0.986637 62.412064 13.286247
v 0.985784 62.284664 13.330328
v 0.997284 62.466404 13.379352
v 1.036631 62.558182 13.318156
v 1.157943 62.649570 13.286466
v 1.333890 62.646206 13.241506
v 1.279532 62.649094 13.197231
v 1.345441 62.566788 13.073754
v 1.333206 62.432426 12.989352
v 1.423350 62.490479 13.021861
v 1.390475 62.312317 12.986398
v 1.298275 62.272999 12.951691
v 1.306867 62.276344 12.916895
v 0.442307 62.431026 13.439022
v 0.521275 62.502029 13.506956
v 0.521015 62.349022 13.479492
v 0.444708 62.264385 13.391386
v 0.551914 62.264122 13.371512
v 0.573078 62.350380 13.397243
v 0.517051 62.353264 13.481140
v 0.518828 62.499199 13.508713
v -0.486429 62.462227 13.516684
v -0.674955 62.340233 13.652781
v -0.525294 62.532925 13.603022
v -0.839897 62.102825 13.587688
v -0.830967 62.310295 13.575257
v -0.910338 62.326157 13.445547
v -0.893241 62.184746 13.424629
v -0.912619 62.456436 13.452126
v -0.883409 62.191044 13.344769
v -0.904065 62.357479 13.383806
v -0.894007 62.095779 13.413561
v -0.914438 62.107155 13.382252
v -0.921821 62.168900 13.391911
v -0.876691 62.216141 13.339870
v -1.101003 62.012836 13.423003
v -0.935752 62.368961 13.425353
v -0.884016 62.400620 13.377747
v -1.093309 62.355846 13.395206
v -0.938506 62.460720 13.418484
v -1.231175 62.365082 13.261768
v -1.257619 62.484245 13.095001
v -1.280354 62.400387 13.076096
v -1.236395 62.513474 13.062668
v -1.256200 62.431030 13.007917
v -1.271131 62.186958 13.057128
v -1.231477 62.244408 12.981745
v -1.261153 62.023567 13.252714
v -1.259560 62.128769 13.051086
v -1.280254 62.127907 13.029982
v -1.224475 62.301788 13.000015
v -1.289552 62.243340 13.042190
v -1.481657 62.112694 13.000306
v -1.306965 62.399857 13.055726
v -1.795781 62.001324 12.587719
v -1.660485 62.187500 12.720573
v -1.629414 62.440605 12.748421
v -1.374244 62.610115 12.864423
v -1.674264 62.261410 12.568891
v -1.225887 62.480164 12.943085
v -1.224475 62.301788 13.000015
v -1.571650 62.632004 12.686717
v -2.103637 62.096661 12.274206
v -2.086102 62.351173 12.280252
v -1.507300 62.652473 12.655385
v -1.189352 62.325844 12.920456
v -2.231790 62.542557 11.915288
v 1.385408 62.367630 13.007360
v 1.306867 62.276344 12.916895
v 1.334792 62.385654 12.927038
v 1.379554 62.533279 12.957592
v 1.260555 62.433670 12.706939
v 1.537060 62.650990 12.887160
v 1.387882 62.311443 12.437442
v 1.388208 62.496376 12.484153
v 1.476322 62.627071 12.594757
v 1.532680 62.381920 12.382748
v 1.654001 62.682438 12.679825
v 1.728065 62.664299 12.712543
v 1.805802 62.488873 12.768977
v 1.831634 62.250256 12.731589
v 1.820860 62.312702 12.582248
v 1.933018 62.066719 12.593177
v 2.177916 62.386745 12.304346
v 1.678844 62.192955 13.004427
v 2.181125 62.147137 12.287431
v 2.264767 62.560658 11.938131
v 1.257170 62.100761 13.401759
v 1.442862 62.113235 13.246256
v 1.427419 62.205975 13.051253
v 1.041985 62.242996 13.378593
v 1.416785 62.439644 13.273126
v 1.255470 62.433231 13.402099
v 1.444527 62.262367 13.060572
v 1.459456 62.465122 13.089790
v 1.432174 62.544205 13.111832
v 1.372936 62.583942 13.266542
v 1.423350 62.490479 13.021861
v 1.062243 62.440231 13.426604
v 1.333890 62.646206 13.241506
v 1.064057 62.528309 13.424507
v 0.997284 62.466404 13.379352
v 0.985784 62.284664 13.330328
v 1.030371 62.181225 13.362669
v 1.005875 62.169365 13.390293
v 0.993600 62.260609 13.333263
v 1.008216 62.257572 13.410139
v 0.942834 62.175426 13.552446
v 1.031501 62.397785 13.442662
v 1.022321 62.426025 13.383886
v 0.934887 62.379456 13.562712
v 1.032888 62.523964 13.456427
v -1.148748 62.388504 12.702888
v -1.168573 62.212475 12.916353
v -1.354337 62.595863 12.578526
v -1.287659 62.462799 12.477456
v -1.295873 62.272346 12.438081
v -1.491436 62.626041 12.352643
v 1.390475 62.312317 12.986398
v 1.449469 62.204807 13.030445
v 1.466323 62.315746 13.048740
v 1.385408 62.367630 13.007360
v 1.488651 62.463894 13.069930
v 1.669169 62.453957 13.010911
v -0.981889 61.519321 9.801052
v -0.905976 61.942905 10.104485
v -1.312782 62.300930 10.003643
v 0.000469 62.444782 11.884507
v -0.800915 62.417019 11.900462
v -1.751710 62.938259 9.789689
v -0.000719 62.353180 12.624129
v -1.245867 62.579433 8.196404
v -1.133205 63.067650 9.131214
v -1.066236 63.219158 9.790888
v -0.924084 63.199146 11.187424
v 0.000472 63.272060 9.840334
v -0.824541 63.124702 11.831786
v 1.073708 63.221764 9.787689
v -0.001505 63.163982 11.702113
v 0.930847 63.195435 11.187091
v 0.826888 63.113945 11.832813
v 1.768368 62.945675 9.782755
v 1.452374 62.745945 12.031534
v 0.806615 62.418392 11.892220
v 1.322449 62.322281 9.978161
v 0.716450 62.379700 12.236836
v 0.000469 62.444782 11.884507
v 0.424333 62.345013 12.566003
v -0.000719 62.353180 12.624129
v 0.917970 61.966042 10.075923
v 0.988378 61.559982 9.756564
v 1.229206 62.596844 8.179669
v 1.135713 63.073742 9.126385
v 0.002014 62.799992 8.142362
v -1.405054 62.739056 12.021777
v -0.702933 62.372406 12.245848
v -0.635130 62.879478 12.529282
v -0.417621 62.339657 12.573406
v -0.536557 62.294899 13.264359
v -0.428703 62.597969 13.140951
v -0.004583 62.753330 13.010592
v 0.448402 62.620216 13.138597
v 0.653498 62.882801 12.530825
v 0.576054 62.332661 13.254617
v 2.645145 59.474926 10.121599
v 3.479864 61.956581 11.179461
v 3.735661 61.660061 9.574473
v 2.896167 61.710735 7.786242
v 3.441138 63.402004 11.373529
v 3.196455 63.577049 8.512717
v 2.553591 63.337223 7.805086
v 3.587711 63.683128 9.642085
v 1.654492 62.743336 6.942969
v 2.427493 64.284744 11.953441
v 2.022245 64.665779 8.720480
v 1.586013 64.215164 7.933366
v 0.989786 63.145836 6.823323
v 2.312530 64.812103 9.897860
v 0.889452 61.834362 6.544949
v 1.034398 60.897938 6.813152
v 1.857311 59.303421 8.060136
v 2.382684 59.082264 8.926881
v 1.865202 61.898403 6.979442
v 1.114746 62.819763 13.271311
v 1.712825 62.719109 13.121277
v 2.021476 62.485104 13.099256
v 2.302097 62.633999 12.840476
v 2.735387 62.488613 12.590128
v 2.559473 62.205631 12.671980
v 2.705630 62.060658 12.432584
v 2.422212 61.917667 12.609558
v 1.870433 62.037861 12.904265
v 1.801044 62.281712 13.127465
v 1.145123 62.137951 13.173909
v 0.962833 62.347496 13.496847
v 0.551610 62.273254 13.295385
v 0.561722 62.397343 13.530935
v -0.006927 62.277420 13.351761
v -0.501507 62.238708 13.310269
v -0.570235 61.535332 13.473480
v -0.508559 62.358658 13.546204
v -1.026334 62.062050 13.186900
v -0.861007 62.275208 13.508877
v -0.648469 60.906631 13.127330
v -2.286630 61.061661 12.301888
v -1.964287 61.450497 12.729606
v -1.688749 61.955421 12.907598
v -2.501036 60.437687 11.626269
v -1.580663 62.201687 13.122312
v -2.340409 61.848839 12.592754
v -3.660969 61.849884 11.210917
v -2.691488 62.012718 12.406445
v -3.835615 61.597687 9.629662
v -3.563199 63.374790 11.372938
v -2.818104 62.179520 12.312972
v -3.276361 63.085194 11.823545
v -3.587298 63.675182 9.651391
v -3.192385 63.575722 8.516794
v -2.467150 62.161896 12.640766
v -2.858848 62.798710 12.155248
v -2.495854 64.319229 11.937786
v -2.593971 63.325676 7.808790
v -2.286511 64.814026 9.899527
v -2.015873 64.663872 8.723264
v -1.591732 64.214874 7.932930
v -0.507003 62.824177 13.297832
v -0.499707 62.540558 13.424299
v -1.001693 62.772625 13.255783
v -0.009764 62.789818 13.272867
v -0.570288 63.236294 13.407950
v 0.528071 62.851070 13.296342
v 0.580400 63.248829 13.418598
v -0.651240 64.022682 13.280575
v 0.539367 62.578297 13.414990
v 0.646670 64.005302 13.302910
v -1.327580 64.007484 12.993635
v -0.688311 64.694786 12.433763
v 1.365612 63.950500 13.046619
v 0.679524 64.642792 12.450865
v 1.922066 63.112598 13.075925
v 2.223805 63.794376 12.716040
v 0.726081 65.071976 10.104161
v -0.726270 65.073753 10.105318
v 0.630385 64.975693 8.919636
v -0.629930 64.975853 8.919941
v 2.843192 62.804054 12.191504
v 3.176130 63.086323 11.843461
v 0.521819 64.568939 8.103306
v -0.520750 64.568939 8.103307
v 0.289224 63.348591 6.770534
v -0.287281 63.348438 6.770445
v 0.221867 61.789253 6.431361
v -0.264454 61.784431 6.436426
v 2.055387 61.525341 12.711046
v 2.243963 61.119137 12.263214
v 0.265767 60.689232 6.786131
v -0.318458 60.685898 6.798255
v 2.440164 60.519287 11.528383
v 0.602699 61.567947 13.407946
v 0.674367 60.918385 13.062396
v 0.562181 58.722427 8.310768
v -0.452216 58.724640 8.356598
v 0.775414 60.192806 12.473586
v 0.698066 58.518326 9.253506
v -0.562363 58.493412 9.327833
v -0.718237 60.162704 12.562568
v 0.759870 59.117416 10.612740
v -0.668798 59.050449 10.697147
v -2.241324 59.057213 9.116185
v -2.551409 59.391232 10.327070
v -2.223397 63.850418 12.675362
v -1.781694 63.116749 13.027864
v -2.150678 62.606556 12.810470
v -1.521944 62.675510 13.093810
v -1.800842 62.425358 13.080158
v -1.003289 63.143341 6.823519
v -0.937301 61.816109 6.563036
v -1.084649 60.884510 6.853104
v -1.715160 62.727146 6.947012
v -1.786178 59.302460 8.190308
v -1.956583 61.861038 7.012832
v -2.985533 61.680565 7.838353
v -4.334280 68.741524 12.314870
v -4.399425 68.551926 12.293351
v -4.333893 68.511810 12.455953
v -4.263134 68.692520 12.471614
v -4.149007 68.630829 12.620807
v -4.215351 68.451302 12.620675
v -4.097607 68.874367 12.483475
v -3.985195 68.812515 12.607905
v -4.191739 68.918983 12.370620
v -3.833820 68.492996 12.922008
v -3.896661 68.316475 12.946199
v -3.667730 68.675682 12.872108
v -3.296254 68.406715 13.168781
v -3.220519 68.628952 13.080249
v -3.326724 68.222961 13.200077
v -2.651164 68.254547 13.290175
v -2.660184 68.413795 13.272610
v -2.671625 68.653069 13.193006
v -2.155355 68.395554 13.246894
v -2.188287 68.537140 13.224660
v -2.262647 68.742149 13.141386
v -1.894484 68.863907 13.012430
v -1.753100 68.822083 13.122426
v -1.690124 68.786385 13.199367
v -1.653525 68.966461 13.024892
v -1.750944 68.939857 12.902072
v -1.607156 68.946907 13.095675
v -4.627553 69.170044 12.353172
v -4.756652 69.294724 12.348218
v -4.612391 69.428329 12.645280
v -4.500107 69.300652 12.637454
v -4.270200 69.038956 12.343954
v -4.184836 69.153725 12.492645
v -4.362419 69.400246 12.827627
v -4.088148 69.228783 12.599895
v -4.471614 69.532906 12.858609
v -3.991770 69.628296 13.254908
v -3.747539 69.428444 12.914359
v -4.095840 69.770790 13.324270
v -3.578381 69.774712 13.494739
v -3.365662 69.568848 13.127458
v -3.668190 69.933487 13.597599
v -3.113416 69.832214 13.675104
v -2.977267 69.625313 13.266183
v -3.165529 70.016380 13.796824
v -2.664380 69.783600 13.692595
v -2.606074 69.602692 13.271374
v -2.667752 69.961609 13.839982
v -2.214320 69.620010 13.581139
v -2.245546 69.521416 13.177521
v -2.159404 69.764229 13.724315
v -1.716802 69.380341 13.367611
v -1.883910 69.369713 13.046799
v -1.639591 69.506714 13.508052
v -1.494790 69.259659 13.099618
v -1.699416 69.262978 12.880939
v -1.414604 69.373947 13.198572
v 4.541085 68.938484 12.260407
v 4.501391 68.651955 12.491572
v 4.652267 68.790588 12.206256
v 4.442668 68.853455 12.440458
v 4.323663 68.778877 12.592443
v 4.423483 68.618088 12.566895
v 4.227367 69.001602 12.479275
v 4.123734 68.942169 12.601649
v 4.313610 69.044563 12.366849
v 3.976463 68.613945 12.897659
v 4.035557 68.429947 12.903218
v 3.821059 68.806671 12.860667
v 3.773523 68.365211 13.042487
v 3.735310 68.556091 13.033530
v 3.616107 68.765678 12.977661
v 3.448684 68.523819 13.139080
v 3.387825 68.751015 13.069437
v 3.466950 68.337021 13.148319
v 3.132277 68.496712 13.228591
v 3.125349 68.734535 13.159602
v 3.137918 68.319267 13.238942
v 2.815548 68.339394 13.267250
v 2.829394 68.506348 13.257006
v 2.848194 68.751862 13.185880
v 2.569509 68.544479 13.232664
v 2.627553 68.783264 13.155499
v 2.546129 68.386047 13.247871
v 2.323749 68.457932 13.238844
v 2.361799 68.606346 13.218720
v 2.443845 68.819046 13.138646
v 2.211773 68.671242 13.186361
v 2.295999 68.854950 13.102681
v 2.171314 68.533485 13.216238
v 2.076578 68.919792 13.011621
v 1.934972 68.858971 13.111950
v 1.862259 68.825500 13.186869
v 1.822925 69.019753 13.019049
v 1.932562 68.988640 12.902063
v 1.768694 69.003288 13.088062
v 4.714165 69.274506 12.352186
v 4.833504 69.391502 12.345891
v 4.702249 69.531433 12.640680
v 4.599590 69.410446 12.633634
v 4.385281 69.161415 12.342728
v 4.308873 69.278778 12.489569
v 4.470193 69.513168 12.823546
v 4.219716 69.356575 12.596649
v 4.568769 69.639000 12.853909
v 4.116255 69.740746 13.253268
v 3.901903 69.558502 12.913093
v 4.206419 69.875038 13.322624
v 3.713656 69.885674 13.495343
v 3.530104 69.693169 13.127809
v 3.787814 70.035576 13.598491
v 3.262642 69.933380 13.674580
v 3.152639 69.736343 13.265306
v 3.300173 70.110741 13.796658
v 2.824042 69.873535 13.692379
v 2.787277 69.698792 13.271100
v 2.814567 70.046844 13.839899
v 2.384991 69.693268 13.581156
v 2.431474 69.599380 13.177776
v 2.320544 69.834282 13.724218
v 1.889071 69.428276 13.367038
v 2.067020 69.426247 13.046383
v 1.804613 69.553734 13.509229
v 1.670451 69.293930 13.099850
v 1.880860 69.308746 12.881137
v 1.586959 69.406479 13.200737
v -2.319327 69.028999 12.609416
v -1.943730 68.949646 12.871838
v -2.036785 68.921715 12.923290
v -2.607246 68.954185 12.702816
v -2.275911 68.855331 13.005540
v -3.443493 69.009293 12.409428
v -3.872148 68.921112 12.537283
v -4.070777 69.002228 12.288236
v -3.622149 69.056168 12.255118
v -4.092828 69.024643 12.253244
v -3.497734 69.142159 12.373647
v -4.031554 69.113205 12.358778
v -3.297393 69.517876 13.008613
v -2.965029 69.348228 12.739118
v -2.952501 69.558334 13.140791
v -2.286010 69.440079 13.039499
v -1.832959 69.248070 12.855034
v -1.759442 69.161301 12.757225
v -1.773002 69.071831 12.750098
v 2.128574 69.009727 12.870520
v 2.797264 69.058029 12.700916
v 2.457755 68.935562 13.002689
v 3.615847 69.146973 12.409776
v 4.017830 69.052673 12.537230
v 3.785203 69.195015 12.254372
v 4.221556 69.152046 12.252335
v 4.221556 69.152046 12.252335
v 3.669474 69.281647 12.372814
v 4.168272 69.243736 12.357227
v 3.464473 69.644676 13.012247
v 3.156521 69.469826 12.737932
v 3.139528 69.671783 13.138647
v 2.477443 69.522346 13.040886
v 2.021458 69.300018 12.842546
v 1.942089 69.215790 12.754859
v 1.972222 69.125992 12.720598
v -7.067590 68.056923 5.920263
v -7.382880 66.849442 5.291855
v -7.311405 66.919540 5.488181
v -7.357980 66.638626 5.380743
v -7.208430 67.439064 5.354233
v -7.094704 67.793869 5.673843
v -7.137011 67.696991 5.453558
v -7.164591 67.869858 5.491706
v -7.109158 68.300247 5.873508
v -7.180264 68.170685 5.672746
v -7.335505 66.853462 5.176472
v -7.248890 67.090996 5.162190
v -7.133851 67.340363 5.216612
v -7.095858 67.549721 5.291318
v -7.165187 67.710564 5.315751
v -7.172494 68.563057 5.777126
v -7.196180 66.739868 5.201830
v -7.150939 66.919975 5.171729
v -6.924963 67.463379 5.227345
v -6.916577 67.306709 5.225512
v -6.919238 66.738518 5.212447
v -6.816559 66.996536 5.205934
v -6.690866 67.182411 5.174616
v -6.718931 67.362892 5.102434
v -6.935912 67.440399 5.005408
v -7.161703 66.602142 5.264208
v -6.602593 66.990051 4.925378
v -6.705388 67.166481 4.841454
v -6.909998 67.265450 4.798952
v -6.746358 66.618919 5.102200
v -7.235061 66.523834 5.364948
v -6.782207 66.649521 4.760024
v -6.733759 66.779587 4.639260
v -6.816403 66.931396 4.575911
v -6.960215 67.038231 4.549877
v -7.272614 67.319511 4.817043
v -7.003756 66.673935 4.315820
v -6.995011 66.560013 4.427220
v -6.776504 66.426331 5.191170
v -6.831048 66.513794 4.909137
v -6.893960 66.250023 5.277705
v -7.001525 66.495041 4.585669
v -7.094178 66.809959 4.276068
v -7.233889 67.110069 4.578211
v -7.408926 66.612770 4.041435
v -7.319078 66.467903 4.145923
v -7.309912 66.433968 4.353613
v -7.019775 66.292793 4.884817
v -7.235388 66.414543 4.709428
v -7.280924 66.449104 4.546920
v -7.269728 66.940102 4.290618
v -7.871605 66.564476 3.951626
v -7.957537 66.728165 3.874648
v -7.744848 66.408394 4.100134
v -7.180123 66.337692 4.819265
v -7.518870 66.441322 4.582713
v -7.296748 66.282326 4.894538
v -7.627314 66.939423 3.926170
v -8.021460 66.900192 3.817516
v -8.249042 66.768776 3.824985
v -8.135427 66.559616 3.934772
v -7.671391 66.351662 4.608309
v -8.390840 66.741661 3.697111
v -8.071746 67.192688 3.785213
v -7.701913 67.223099 3.888578
v -8.294287 67.259613 3.732163
v -8.439451 66.984322 3.624007
v -7.359219 67.321793 4.153585
v -7.723281 67.549400 3.903908
v -8.378797 66.651024 3.545224
v -8.246037 66.470612 3.847488
v -8.429210 67.319588 3.580384
v -8.244847 67.605881 3.726365
v -8.358663 67.681114 3.565385
v -7.812335 67.913139 3.951203
v -8.042915 67.778908 3.830664
v -8.501950 67.309006 3.324542
v -7.537868 68.059464 4.167262
v -8.110840 68.320404 3.843452
v -8.555245 67.278603 2.929603
v -7.821063 68.299545 4.202540
v -8.458197 67.673454 2.933440
v -8.159778 68.402443 3.727429
v -8.213943 68.550117 3.568228
v -7.945816 68.483849 4.115283
v -7.965927 68.630890 3.975253
v -8.368716 68.094231 2.888592
v -8.508049 67.642975 2.802979
v -8.102706 68.957924 3.615719
v -7.780080 68.995438 4.003036
v -7.795813 68.819046 4.252856
v -7.781370 68.619171 4.408795
v -8.444266 68.060539 2.734289
v -8.377015 68.630119 2.706589
v -8.365986 69.136108 2.748565
v -7.867677 69.443794 3.982462
v -7.671877 69.203697 4.283211
v -8.103756 69.614006 3.703634
v -8.556488 68.048912 2.640621
v -7.804093 69.575966 4.273187
v -7.987622 69.727356 3.978564
v -8.222444 69.734688 3.388533
v -8.148484 69.826401 3.644270
v -8.664711 68.036430 2.510002
v -8.687263 67.557999 2.621296
v -8.608533 68.640984 2.479885
v -8.672527 67.163437 2.788143
v -7.990472 69.745522 4.153122
v -8.247979 69.853928 3.564196
v -1.784950 69.028397 12.758415
v -1.786327 68.994804 12.796594
v -1.765737 69.024605 12.787885
v -1.732426 69.023743 12.788278
v -1.747294 69.070770 12.779658
v -1.669610 69.019615 12.784623
v -1.657575 69.044136 12.777639
v -1.671211 68.996834 12.791760
v -1.612751 69.024742 12.774182
v -1.636925 69.079826 12.789620
v -1.734476 69.112259 12.782104
v -1.524063 69.029526 12.772990
v -1.560731 69.048347 12.770439
v -1.634356 69.116142 12.795719
v -1.551186 69.082375 12.774834
v -1.736631 69.159393 12.781798
v -1.754793 69.202408 12.795908
v -1.774779 69.200905 12.770162
v -1.571545 69.115234 12.782435
v -1.641646 69.159866 12.794237
v -1.717869 69.195663 12.800279
v -1.647176 69.195236 12.796450
v -1.782177 69.229523 12.825520
v 1.988009 69.082748 12.722367
v 1.986942 69.048019 12.765131
v 1.965237 69.077370 12.757647
v 1.926161 69.071991 12.767252
v 1.943300 69.119957 12.754613
v 1.858519 69.064964 12.769564
v 1.845467 69.089027 12.764031
v 1.859422 69.042023 12.777885
v 1.798511 69.067299 12.762479
v 1.822246 69.123749 12.779799
v 1.925162 69.161224 12.765672
v 1.706863 69.068016 12.763686
v 1.744045 69.088600 12.761376
v 1.817200 69.160271 12.790188
v 1.733107 69.122368 12.768161
v 1.916497 69.209274 12.783480
v 1.932362 69.253143 12.801654
v 1.953664 69.256287 12.774605
v 1.753747 69.156319 12.776041
v 1.824857 69.204651 12.788479
v 1.896881 69.244881 12.804014
v 1.831028 69.240486 12.789793
v 1.964342 69.279854 12.822794
v 1.831028 69.240486 12.789793
v 2.003448 69.329361 12.891345
v 1.951397 69.357101 12.952759
v 1.823282 69.243912 12.798954
v 1.951701 69.392479 12.952664
v 2.286663 69.470039 13.046338
v 1.784288 69.256699 12.848691
v 1.714995 69.287483 12.900904
v 1.920304 69.424843 12.989033
v 2.247398 69.514030 13.126734
v 1.781859 69.382980 12.958275
v 1.664550 69.318275 12.938587
v 2.070276 69.478790 13.040812
v 2.622416 69.615868 13.168776
v 1.616181 69.350548 12.975735
v 1.581684 69.220726 12.930244
v 1.543105 69.112007 12.931731
v 1.612799 69.022057 12.895726
v 1.562100 69.013420 12.933600
v 2.412707 69.644371 13.168907
v 2.233859 69.556183 13.116208
v 2.596339 69.729042 13.217272
v 2.601809 69.685638 13.213244
v 1.503985 69.006302 12.977616
v 1.639063 68.942085 12.929600
v 1.478339 69.279533 13.016794
v 1.447922 69.000847 13.024855
v 2.212793 69.598251 13.115211
v 1.526960 68.875244 13.012648
v 1.398421 68.998322 13.073754
v 1.330889 69.180237 13.131464
v 1.374927 69.339638 13.123882
v 1.521989 69.419930 13.065886
v 1.431736 68.821793 13.114567
v 1.352259 69.000122 13.131074
v 1.606113 68.731483 13.036335
v 1.304739 69.008049 13.203084
v 1.699416 68.847000 12.960144
v 1.788432 68.729721 12.990484
v 1.562483 68.679787 13.088820
v 1.474477 69.456291 13.121946
v 1.254697 69.023842 13.290947
v 1.224725 69.224968 13.279581
v 1.257173 69.407593 13.261089
v 1.926243 68.679230 12.991701
v 1.335003 68.811996 13.280427
v 1.725560 68.587524 13.065554
v 1.202872 69.047150 13.392187
v 1.358968 69.554604 13.258199
v 2.054678 68.630898 12.998491
v 1.468329 68.617302 13.252568
v -8.698956 68.005829 2.355562
v -8.620890 69.159714 2.536371
v -8.227855 69.863335 3.941864
v -8.610803 66.731964 3.016628
v -8.583015 68.534363 2.189747
v -8.593784 69.105011 2.270501
v -8.629837 67.002136 2.519546
v -8.629811 67.461891 2.339011
v -8.502784 66.318153 3.277541
v -8.524444 66.197723 3.167199
v -8.442004 67.920013 2.126142
v -8.615330 69.565742 2.429219
v -8.433125 66.097008 3.030031
v -8.436776 66.966553 2.420770
v -8.296583 65.640839 3.306640
v -8.104795 68.855354 2.343966
v -8.237716 66.047005 2.925335
v -8.023836 66.610146 2.758190
v -7.997833 68.233231 2.445413
v -7.865510 68.477081 2.655817
v -8.167033 65.245987 3.641555
v -7.913491 69.037933 2.741916
v -7.944291 69.468674 2.876965
v -8.087199 70.057083 2.996029
v -7.921760 69.744118 3.087864
v -7.756610 67.942062 2.756771
v -7.733044 69.425529 3.209670
v -7.681108 69.634819 3.445582
v -7.826992 69.914375 3.429482
v -7.952828 70.167458 3.420347
v -7.345444 67.977814 3.033449
v -7.587100 69.774391 3.746346
v -7.602959 69.441216 2.984610
v -7.586464 69.780190 3.342727
v -7.704761 69.988762 3.815432
v -7.272156 68.023804 2.710156
v -7.494068 69.843361 4.151372
v -7.601520 69.961945 4.187269
v -7.722135 70.116623 4.235332
v -7.709526 71.059143 2.856067
v -7.737609 70.414055 2.166258
v -7.540972 69.221176 1.994090
v -7.616925 69.986687 4.597022
v -7.500295 69.885475 4.557067
v -7.440466 69.857796 4.548191
v -7.671621 71.228439 3.744699
v -7.509529 69.831352 4.911339
v -7.416135 69.781036 4.879821
v -7.380360 69.789360 4.865608
v -7.576060 71.219223 4.516284
v -7.399761 70.276840 5.222097
v -7.416185 73.319443 3.221350
v -7.371978 69.660324 5.154695
v -7.352745 69.708733 5.147385
v -7.247542 73.197365 5.374721
v -6.805009 74.622597 5.719019
v -7.302939 70.923111 5.764380
v -6.966959 72.397575 6.824661
v -7.259237 69.724182 5.651348
v -6.275438 76.679955 4.018656
v -6.485579 76.143211 1.642330
v -6.432974 76.448807 2.792853
v -7.165712 70.604691 6.255860
v -7.020711 70.022820 6.772631
v -7.198209 69.223854 5.763319
v -6.705747 71.633835 7.805687
v -6.981595 69.025131 6.902231
v -7.038944 68.827209 6.518818
v -7.062160 68.627762 6.254592
v -7.011413 68.188179 6.505954
v -7.262303 68.806633 5.655240
v -7.283164 69.364456 5.551104
v 1.890840 68.518257 13.050699
v 2.048710 68.539665 13.011741
v 1.647888 68.463173 13.213275
v 2.064065 68.726166 12.997692
v 2.182590 68.572266 13.013382
v 2.027290 68.331406 13.093732
v 1.838485 68.348961 13.179391
v 2.040011 68.439064 13.044404
v 1.066977 69.322586 13.625509
v 1.085160 69.118965 13.618875
v 1.155055 68.887123 13.614065
v 1.291994 68.635170 13.579184
v 1.503367 68.395912 13.509260
v 2.011980 68.232826 13.155022
v 1.997831 68.154686 13.221870
v 1.751700 68.203339 13.425024
v 1.989442 68.096443 13.288883
v 1.013901 69.179031 13.738708
v 2.181036 68.120453 13.132578
v 1.992274 68.046051 13.354274
v 2.009984 67.981964 13.419401
v 2.221280 67.916946 13.296272
v 2.411454 67.880005 13.196225
v 2.381865 67.949188 13.151220
v 1.241379 68.465126 13.853300
v 1.778993 68.041367 13.576155
v 2.447438 67.817833 13.244200
v 2.078834 67.741356 13.555660
v 1.553940 68.070366 13.784937
v 2.288549 67.750229 13.413274
v 2.487621 67.743050 13.295358
v 2.676434 67.739990 13.193342
v 1.603290 67.863289 13.858825
v 1.858382 67.701363 13.731187
v 2.340132 67.436226 13.542419
v 2.526643 67.637642 13.348261
v 2.557262 67.494667 13.403491
v 2.767940 67.533203 13.285074
v 1.343207 68.037560 14.013391
v 1.623377 67.622574 13.936363
v 1.866878 67.472107 13.810667
v 2.106019 67.343880 13.705688
v 2.571855 67.315750 13.464404
v 2.335418 67.225456 13.613909
v 3.026228 67.431938 13.216638
v 3.063284 67.260071 13.260162
v 2.073846 67.097015 13.782147
v 1.609594 67.357269 14.024137
v 2.812702 67.190796 13.388981
v 2.520887 66.867004 13.604454
v 3.079919 67.056679 13.309593
v 2.233058 66.743080 13.755061
v 1.577416 67.094185 14.120363
v 2.801999 66.972664 13.457201
v 3.075017 66.828445 13.370343
v 1.158871 67.955643 14.273847
v 1.942615 66.627998 13.900370
v 2.152028 66.523422 13.803269
v 2.358017 66.398621 13.720400
v 2.450206 66.624809 13.668174
v 1.548646 66.858391 14.232557
v 1.886102 66.451805 13.943245
v 2.594559 66.259377 13.645866
v 2.011149 66.195839 13.851128
v 1.118923 68.215759 14.191307
v 1.695409 66.540779 14.126229
v 1.856734 66.312660 13.987610
v 2.167522 66.042717 13.781567
v 1.970147 66.079483 13.867937
v 2.360379 65.873840 13.731012
v 1.530270 66.490150 14.453568
v 1.851248 66.195465 14.042621
v 1.957758 65.973984 13.908886
v 1.863986 66.084290 14.117736
v 2.617928 65.691322 13.670145
v 2.033662 65.824646 13.781330
v 1.971137 65.861313 13.982494
v 1.561955 66.356949 14.559035
v 1.713366 66.277206 14.294334
v 1.887983 65.959991 14.217610
v 2.334839 65.428688 13.718943
v 1.616122 66.236061 14.672503
v 1.776289 66.028175 14.508431
v 2.060797 65.569504 13.749077
v 1.821433 65.880898 14.638271
v 1.917659 65.811501 14.344292
v 2.027121 65.608498 13.904342
v 2.039284 65.474068 13.802874
v 2.016889 65.568542 14.218082
v 1.728273 65.941116 14.915132
v 1.674177 66.101173 14.793887
v 1.950567 65.649696 14.485266
v 2.037445 65.334656 13.891973
v 2.015012 65.200531 13.992601
v 2.029200 65.311691 14.143965
v 1.913554 65.550301 14.874283
v -7.307034 69.205650 5.562821
v -7.511907 68.893333 5.441719
v -7.403350 69.063095 5.545229
v -7.332605 69.529427 5.379395
v -7.319777 69.610649 5.394218
v -7.520772 69.328346 5.390663
v -7.608891 68.733963 5.261047
v -7.426471 69.665070 5.170711
v -7.742610 69.435318 5.161110
v -7.602942 68.660675 5.073286
v -7.662898 68.935898 5.004813
v -7.628048 69.573311 5.200203
v -7.513807 69.644867 5.191354
v -7.788987 69.269836 5.032523
v -7.743437 69.189812 4.894665
v -7.753411 69.804405 4.991643
v -7.750146 70.038628 4.659594
v -7.843747 69.420059 4.739692
v -8.005871 69.719955 4.652312
v -7.983202 69.886177 4.718954
v -7.887403 70.007706 4.714790
v -7.941702 69.615257 4.545176
v -8.158784 70.251259 3.960984
v -8.076928 69.773109 4.268743
v -8.517077 70.120102 3.083217
v -8.361332 69.881676 3.597969
v -8.558237 69.930862 3.219305
v -8.590226 69.905701 2.710261
v -8.618902 69.778816 2.919887
v -8.634582 69.528351 2.688584
v -8.329437 69.789261 3.286644
v -8.370043 69.474312 2.876658
v -8.365690 69.649712 3.051381
v 7.009000 68.623856 6.243100
v 7.149194 70.575768 6.254097
v 7.305132 70.878914 5.763668
v 7.215713 69.698189 5.650005
v 7.386464 70.237358 5.222101
v 7.062284 72.356216 6.824502
v 6.749886 71.623009 7.805839
v 6.458492 74.040962 7.958688
v 6.406258 73.032524 8.766112
v 6.499751 74.587456 7.299903
v 6.917534 74.540482 5.719164
v 6.359510 72.760475 8.972899
v 6.233670 73.664543 9.099714
v 6.247917 74.283226 8.610468
v 6.185138 73.082680 9.468858
v 6.026495 73.886414 9.618108
v 6.039693 74.528191 9.136989
v 6.038104 74.185387 9.396875
v 5.982312 73.345528 9.958158
v 6.007940 73.609230 9.802268
v 5.961208 75.350555 8.640395
v 6.020228 74.922020 8.864849
v 5.774623 74.727028 9.685693
v 5.722853 73.536896 10.454055
v 5.945815 73.082932 10.097808
v 5.459935 74.876343 10.235446
v 5.464318 74.535080 10.453797
v 5.457538 74.227806 10.642212
v 5.436461 75.259422 9.989469
v 5.698627 75.532654 9.180982
v 5.417425 73.657433 10.968834
v 5.441920 73.938866 10.809449
v 5.115899 74.318977 11.168275
v 5.097995 74.975761 10.776770
v 5.383319 75.671600 9.736480
v 4.708809 75.052887 11.291135
v 4.721594 74.700058 11.503428
v 5.379796 73.375122 11.137439
v 5.091443 73.729080 11.498097
v 4.694224 75.444366 11.034531
v 4.737854 74.070946 11.847071
v 4.666813 75.861885 10.746058
v 5.028300 75.770248 10.264000
v 4.339235 75.135040 11.753483
v 1.781914 65.769341 15.024929
v 1.621139 65.972923 15.188681
v 1.964657 65.081703 14.095189
v 2.005223 65.258682 14.479706
v 1.985172 65.328987 14.711680
v 1.822262 65.435280 15.160148
v 1.691057 65.620560 15.350185
v 1.960828 65.199951 14.759606
v 1.974861 65.137550 14.560414
v 1.944661 65.062546 14.368612
v 1.797459 65.293396 15.171873
v 1.906928 65.095787 14.784526
v 1.497794 65.483810 15.666462
v 1.643084 65.330200 15.406317
v 1.516199 65.629723 15.621782
v 1.500115 65.795914 15.556641
v 1.447212 65.349960 15.684347
v 1.820373 65.021912 14.803442
v 1.810350 64.954483 14.672995
v 1.309179 65.640640 15.914806
v 1.374448 65.232536 15.672184
v 1.241027 65.333878 15.979151
v 1.667278 65.113838 15.131804
v 1.506983 65.156136 15.360712
v 1.111944 65.448792 16.234438
v 1.597282 64.847137 14.626665
v 1.682341 64.923668 14.717949
v 1.294737 65.190048 15.634386
v 1.059826 65.283035 16.244911
v 1.227302 65.209648 15.588072
v 1.066986 65.164139 15.916336
v 0.978917 65.156517 16.224001
v 0.880813 65.080475 16.141672
v 1.176047 65.226990 15.541090
v 0.759982 65.224892 16.592609
v 0.798939 65.447762 16.635429
v 0.690400 65.055290 16.512379
v 0.740500 64.992935 16.300200
v 0.910609 65.177483 15.713898
v 0.599314 65.254379 16.688118
v 0.618255 64.916603 16.377888
v 0.407678 65.584702 16.824352
v 0.601252 65.789810 16.759266
v 0.408189 65.307747 16.749193
v 0.499885 64.849243 16.401438
v 0.388165 65.038803 16.602833
v 0.559959 64.771950 16.138811
v 0.626479 64.828041 15.602453
v 0.390161 65.844360 16.829214
v 0.357797 64.826637 16.407225
v 0.318138 64.655106 16.168880
v 0.509058 64.631775 15.805031
v 0.604491 64.667549 15.337230
v -0.011236 65.600967 16.823002
v 0.001085 65.321678 16.748535
v 0.016679 65.050133 16.603439
v 0.200895 64.827713 16.411301
v 0.043702 64.837845 16.409115
v 0.296115 64.525436 15.894102
v 0.406431 64.560013 15.861641
v 0.459279 64.527000 15.506086
v 0.636980 64.594574 15.192358
v 0.545225 64.517830 15.257556
v -0.189875 65.278503 16.687986
v -0.100504 64.871597 16.404930
v 0.084124 64.664856 16.171429
v 0.195028 64.518570 15.912849
v 0.094042 64.530212 15.897203
v 0.278285 64.448151 15.642797
v 0.432779 64.466629 15.306558
v 0.576956 64.464485 15.190586
v -0.223591 64.947884 16.382399
v -0.294479 65.088158 16.515167
v -0.161873 64.799629 16.146034
v 0.083141 64.446747 15.646563
v -0.015209 64.568573 15.867897
v -0.117319 64.639412 15.815524
v 0.251233 64.410126 15.445081
v 0.165857 64.403000 15.481034
v 0.339349 64.431053 15.376067
v 0.435893 64.419075 15.205950
v -0.357633 65.032700 16.306780
v 0.074278 64.403275 15.450031
v -0.110571 64.511757 15.521025
v 0.145553 64.367653 15.310377
v 0.228986 64.377144 15.284227
v 0.320478 64.393700 15.234936
v -0.244343 64.815247 15.626660
v -0.271351 64.623558 15.364758
v -0.132750 64.436897 15.323936
v -0.026269 64.414322 15.386961
v 0.056800 64.366745 15.290070
v -0.252380 64.472710 15.280574
v -0.347170 64.532700 15.219938
v 0.226754 64.335175 15.192139
v 0.028558 64.321548 15.198672
v -0.296197 64.694016 15.289022
v -0.260346 64.857094 15.514014
v -0.046067 64.370270 15.246819
v -0.168815 64.381027 15.224020
v -0.311104 64.410645 15.213087
v -0.367838 64.636192 15.155089
v -0.451845 64.482536 15.119813
v 4.321965 75.962463 11.166471
v 4.728360 73.770042 12.009384
v 5.318305 73.081543 11.328663
v 3.998337 75.215454 12.145618
v 3.998130 76.060814 11.515944
v 3.992276 74.827019 12.380355
v 3.973508 76.469086 11.171240
v 4.698374 73.469070 12.178094
v 4.990941 73.133446 11.860632
v 3.676401 75.278671 12.462396
v 3.690346 76.141693 11.803760
v 3.929869 76.835602 10.849408
v 3.392387 76.196121 12.042547
v 3.386224 75.756012 12.406529
v 4.639974 73.155472 12.349202
v 3.638412 76.912628 11.091550
v 3.380131 76.607002 11.661302
v 3.100759 76.224525 12.245639
v 3.070170 77.006851 11.474327
v 2.788990 77.025871 11.636606
v 2.807600 76.653328 12.027639
v 2.812723 76.233978 12.422930
v 3.318817 77.281143 10.961021
v 2.765055 77.349152 11.269999
v 2.218042 77.032478 11.926950
v 2.803021 75.788994 12.785957
v 2.525039 76.234932 12.578275
v 2.230922 76.654732 12.325460
v 2.744749 77.626617 10.924457
v 3.012108 77.808578 10.460810
v 3.289728 77.537445 10.650222
v 2.233614 76.238396 12.710646
v 2.225725 75.802307 13.045033
v 2.503666 75.356247 13.208014
v 2.788010 75.350266 13.074152
v 3.074248 75.340515 12.910492
v 2.734142 77.860794 10.581887
v 3.010796 77.997238 10.105803
v 3.281196 77.737076 10.348883
v 2.214696 75.366058 13.314294
v 2.775980 74.923195 13.293669
v 2.443158 78.109116 10.343326
v 2.178971 78.146446 10.441320
v 2.315230 78.340767 9.930393
v 2.868867 78.222206 9.716335
v 2.769960 74.506859 13.458979
v 1.752066 78.437576 10.096305
v 1.771384 78.770851 9.232603
v 3.800878 77.951874 9.197148
v 1.791610 79.016068 8.380124
v 2.343925 78.869514 8.292198
v 2.888212 78.707108 8.161658
v 1.219479 79.150177 8.438277
v 1.170500 78.522247 10.219154
v 1.608405 78.214699 10.623866
v 3.975777 78.253235 7.872090
v 3.434708 78.509445 8.004425
v 4.186080 77.745590 9.053061
v 1.822657 79.194298 7.541071
v 2.358552 79.044342 7.495397
v 0.614453 78.970772 9.369884
v 0.631307 79.253662 8.484594
v 0.622964 79.462128 7.609130
v 4.483011 77.928680 7.792844
v 3.455727 78.694122 7.154050
v 4.520002 77.495430 8.976325
v 1.891544 79.289230 6.884127
v 0.567184 79.589317 6.936083
v 2.833665 79.023438 6.764104
v 0.036715 79.298431 8.503086
v 2.415922 79.281380 5.845644
v 4.192672 78.553528 5.945691
v 3.310141 78.942917 6.073851
v 3.542408 79.023888 4.642158
v 3.675669 78.920723 3.337823
v 3.809698 78.695137 2.023928
v 4.067328 77.570320 -0.502819
v 5.421616 77.748741 2.437015
v 4.128592 76.628479 -1.544937
v 6.637410 76.383514 2.792836
v 6.479324 76.617523 4.018768
v 5.596566 76.790260 0.221925
v 4.104253 75.497383 -2.501742
v 6.660573 76.083786 1.642410
v -0.053514 64.267899 15.175652
v -0.205874 64.329567 15.198255
v -0.505670 64.374023 15.109109
v -0.321013 64.799431 15.085430
v -0.438768 64.640930 15.056208
v -0.607001 64.516464 14.965803
v -0.289436 64.280746 15.193386
v -0.525224 64.283775 15.118885
v -0.254226 65.017357 15.004429
v -0.464662 64.849350 14.907627
v -0.534492 64.668686 14.955121
v -0.775743 64.534912 14.810705
v -0.719754 64.296654 14.963259
v -0.540617 64.175522 15.143526
v -0.913432 64.320198 14.768596
v -0.680972 64.685204 14.858215
v -0.426378 65.042572 14.817503
v -0.315461 65.031120 14.886856
v -1.126847 64.360725 14.529953
v -0.866915 64.691292 14.750335
v -1.213458 64.224251 14.546350
v -1.360920 64.434540 14.318132
v -0.573750 65.062370 14.735925
v -1.337484 64.701294 14.440294
v -1.174068 64.657471 14.567984
v -0.912226 64.867302 14.714654
v -1.025315 64.719177 14.678999
v -0.720106 65.068542 14.670570
v -1.476078 64.797630 14.329890
v -1.275160 64.733002 14.633184
v -1.575915 64.911034 14.230053
v -1.589364 64.977448 14.400968
v -1.448370 64.843521 14.684858
v -1.584811 65.036430 14.588137
v -1.647112 65.034126 14.138516
v -1.508411 64.982269 14.799541
v -1.330510 64.808182 14.727302
v -1.436456 64.907036 14.814814
v -1.545434 65.088371 14.779326
v -1.605559 65.168175 14.516635
v -1.671034 65.267204 14.199295
v -1.698063 65.172997 14.047199
v -1.337565 64.872650 14.834003
v -1.556165 65.223106 14.736807
v -1.633782 65.534454 14.273005
v -1.362990 65.184204 15.185953
v -1.373097 65.327499 15.175486
v -1.260321 65.000603 15.147447
v -1.461631 65.446388 14.894674
v -1.532332 65.587143 14.523124
v -1.520814 65.780075 14.385613
v -1.217947 65.243683 15.424578
v -1.396310 65.815689 14.666606
v -1.508474 65.952324 14.259665
v -1.095999 65.446350 15.686007
v -1.060243 65.322365 15.704689
v -1.240541 65.526901 15.367584
v -1.327697 65.671112 15.045141
v -1.287759 65.853363 14.936858
v -1.371472 65.983826 14.538735
v -1.176677 65.879654 15.207094
v -1.252258 66.026154 14.816450
v -1.098592 65.579109 15.640745
v -1.069299 65.731262 15.575221
v -0.923344 65.640343 15.929628
v -1.022819 65.911774 15.480894
v -1.126243 66.069679 15.084526
v -0.847068 65.986694 15.757303
v -0.720030 65.870758 16.141108
v -0.968611 66.111870 15.350470
v -0.928509 66.312881 15.211847
v -0.802736 66.462463 15.483072
v -0.682954 66.375610 15.893826
v -0.688810 66.102814 16.035908
v -0.682467 66.632599 15.739747
v -0.919293 66.516907 15.082039
v -0.799286 66.685219 15.344223
v -0.681774 66.858749 15.585320
v -0.539665 66.757324 15.966637
v -0.543089 66.986191 15.798847
v -0.926655 66.718307 14.950852
v -0.678126 67.057030 15.434098
v -0.374628 66.815216 16.150051
v -0.379111 67.043396 15.968061
v -0.379407 67.244194 15.788540
v -0.680223 67.254463 15.284765
v -0.812349 67.094025 15.058798
v -0.538466 67.373672 15.478870
v -0.385398 67.445145 15.627628
v -0.215350 67.064140 16.085085
v -0.234561 67.494743 15.730906
v -0.689141 67.473015 15.138563
v -0.397375 67.671959 15.489338
v -0.087928 67.528275 15.790553
v -0.073741 67.303642 15.960626
v -0.696755 67.716339 14.991287
v 4.058525 74.025124 -3.047811
v 5.692575 74.965187 -1.449295
v 6.531309 75.416214 0.089462
v 6.611574 75.727425 0.696216
v 3.984624 72.372452 -3.468055
v 5.659546 72.112953 -2.439580
v 3.561263 69.203392 -3.797606
v 5.005324 68.690796 -2.935894
v 4.480167 67.474510 -2.946422
v 4.858063 67.435234 -2.670534
v 3.062063 66.455490 -3.069834
v 4.150284 66.351105 -2.609694
v 4.538043 66.349945 -2.356863
v 5.826880 67.905319 -1.993607
v 5.590478 67.269043 -1.941800
v 1.086691 65.596832 -2.867283
v 2.792121 65.416962 -2.555067
v 4.181981 65.311455 -1.921803
v 3.823790 65.309868 -2.146942
v 0.063196 64.614670 -2.395661
v 0.985161 64.597992 -2.411645
v 1.825587 64.566887 -2.350243
v 2.533941 64.515747 -2.212836
v 3.089250 64.460159 -2.022903
v 3.532715 64.412498 -1.799898
v 3.926188 64.377808 -1.541164
v 0.893322 63.902370 -2.353382
v 2.323774 63.787354 -2.114138
v 3.303124 63.660149 -1.620774
v 0.829181 63.295818 -2.399821
v 2.180617 63.180538 -2.130887
v 0.773890 62.694725 -2.489450
v 2.642508 62.543343 -1.936404
v 2.101246 62.605156 -2.193844
v 3.151943 63.047478 -1.573740
v 0.736155 62.053341 -2.544936
v 2.071472 62.004253 -2.260849
v 0.718580 61.387547 -2.569885
v 1.411104 61.380188 -2.478749
v 2.080651 61.371918 -2.314289
v 2.689440 61.352665 -2.065483
v 3.130588 61.906784 -1.656643
v 3.501542 62.402084 -1.204206
v 0.721560 60.727837 -2.591997
v 2.133871 60.742809 -2.361470
v 3.213121 61.317780 -1.733506
v 3.662461 61.255840 -1.324568
v 3.549292 61.837910 -1.248847
v 3.332260 60.730217 -1.821175
v 0.738845 60.093231 -2.620939
v 1.476513 60.114143 -2.545203
v 2.217240 60.145039 -2.418907
v 3.806751 60.678566 -1.416446
v 3.477307 60.174057 -1.920394
v 3.976716 60.132519 -1.522836
v 2.319827 59.585697 -2.514332
v 0.771445 59.493893 -2.690885
v 3.644120 59.656010 -2.041230
v 4.170064 59.620464 -1.647644
v 4.389052 60.030483 -1.056380
v 2.436210 59.058887 -2.659180
v 3.181471 59.139069 -2.486826
v 0.817085 58.919754 -2.821622
v 3.846555 59.180504 -2.204844
v 4.419176 59.153290 -1.805810
v 0.882304 58.356171 -3.003761
v 2.571781 58.539249 -2.849667
v -0.547288 67.833572 15.192448
v -0.403991 67.925331 15.350805
v -0.256253 67.991371 15.458735
v -0.104962 68.031937 15.518572
v -0.100006 67.768410 15.654056
v 0.047874 68.045982 15.534098
v -0.401724 68.189644 15.187775
v -0.103877 68.301872 15.352621
v 0.197726 67.768440 15.642459
v 0.202281 67.528549 15.781531
v 0.200080 68.032822 15.505660
v -0.248744 68.515495 15.096238
v -0.392687 68.446831 15.000706
v -0.096443 68.558815 15.152826
v 0.202406 68.302429 15.339670
v 0.355841 67.993759 15.434116
v -0.237830 68.743454 14.883276
v 0.066035 68.807793 14.966036
v -0.086216 68.789818 14.944929
v 0.208086 68.558853 15.141006
v 0.510839 67.676041 15.459080
v 0.511964 67.930405 15.317230
v 0.220655 68.792625 14.940643
v -0.072537 68.995949 14.740083
v 0.364617 68.516716 15.072685
v 0.377352 68.749695 14.874210
v 0.514034 68.196365 15.153609
v 0.234559 69.003456 14.743795
v 0.091277 69.220078 14.584408
v 0.516797 68.451736 14.967653
v 0.669047 67.841599 15.155586
v 0.522934 68.687889 14.779613
v 0.245153 69.209015 14.572914
v 0.840482 67.732994 14.956680
v 0.850317 67.495819 15.107344
v 0.826666 67.992386 14.805652
v 0.535216 68.904160 14.606069
v 0.402966 69.170258 14.533289
v 0.654381 68.605614 14.661225
v 0.802278 68.255417 14.660358
v 0.786409 68.502586 14.523317
v 1.023371 67.594078 14.735790
v 0.547961 69.109512 14.467035
v 0.967361 68.117645 14.471239
v 0.782288 68.725380 14.387426
v 0.671704 69.028412 14.376205
v 1.212576 67.431183 14.518006
v 1.221604 67.196930 14.664438
v 1.194551 67.687927 14.382741
v 0.782701 68.929565 14.268156
v 0.553216 69.303391 14.370138
v 1.393368 67.260933 14.314647
v 0.901993 68.813011 14.152126
v 1.081184 68.455429 14.109621
v 0.787544 69.120888 14.181878
v 0.550940 69.476234 14.319807
v 1.047199 68.666344 14.017439
v 0.788936 69.298180 14.137621
v 0.539987 69.625008 14.315276
v 0.673966 69.552650 14.246634
v 1.011219 68.863922 13.933112
v 0.782107 69.459976 14.139662
v 0.970411 69.064827 13.882985
v 0.866644 69.356163 14.006253
v 0.520140 69.757278 14.346334
v 0.767833 69.610138 14.186050
v 0.940380 69.259003 13.867876
v 0.494837 69.885750 14.404131
v 0.746237 69.755203 14.274660
v 0.723983 69.906281 14.385405
v 0.944307 69.586617 13.997924
v 0.470841 70.020531 14.473906
v 0.601719 69.974716 14.446379
v 0.842781 69.817993 14.283989
v 0.721056 70.074547 14.487316
v 1.001411 69.891060 14.294247
v 1.069924 69.667892 13.964150
v 1.096654 69.493507 13.664640
v 0.763222 70.270760 14.567368
v 1.113607 70.099663 14.421587
v 1.309934 70.016342 14.261436
v 0.924448 70.190788 14.517697
v 1.275566 69.773582 13.903196
v 1.236331 69.626389 13.556106
v 0.865036 70.509621 14.618801
v 1.310556 70.387321 14.513779
v 1.298990 69.599503 13.379029
v 1.546691 69.863113 13.771849
v 1.011030 70.812347 14.638123
v 1.606238 69.811287 13.508608
v 1.523945 70.755905 14.559122
v 1.503380 69.651520 13.287382
v 4.087009 58.731201 -2.410739
v 4.724432 58.737236 -1.982417
v 3.589205 58.176083 -2.933701
v 0.966089 57.783478 -3.224194
v 2.759048 58.022560 -3.072974
v 5.089255 58.356911 -2.164648
v 1.059279 57.221413 -3.461458
v 3.011142 57.514122 -3.314893
v 4.741117 57.902489 -2.884598
v 5.645860 58.265491 -1.556231
v 4.272677 57.250420 -3.477603
v 1.162805 56.618271 -3.732401
v 3.341368 57.003292 -3.587471
v 5.992100 57.632442 -2.571029
v 1.303531 55.853149 -4.177542
v 3.765552 56.337151 -4.053603
v 5.734913 57.030590 -3.473499
v 6.607313 57.561310 -1.815681
v 4.308751 55.539116 -4.729042
v 6.533145 56.392689 -4.004220
v 8.928020 55.670074 -0.783634
v 8.057195 56.231712 -0.595254
v 6.199864 56.307907 2.391302
v 6.270851 56.615414 1.677026
v 6.135092 55.924026 3.073751
v 6.090975 56.907150 2.379803
v 5.982131 57.754589 1.684117
v 5.647923 55.153160 4.591758
v 6.027283 57.150402 3.090517
v 5.865546 56.815479 3.882748
v 1.660699 69.739082 13.329848
v 1.154171 71.164116 14.636605
v 1.710060 69.668755 13.221365
v 1.697144 71.146278 14.576405
v 1.411267 71.145767 14.623101
v 2.023541 70.065948 13.700350
v 2.028636 69.995010 13.485922
v 2.047530 69.931023 13.309286
v 1.266448 71.507019 14.618182
v 2.284380 70.145607 13.554976
v 1.749069 69.618805 13.140646
v 1.900799 69.730560 13.154751
v 2.070188 69.882652 13.196785
v 1.826764 71.507942 14.550473
v 2.289323 70.048233 13.273422
v 1.357231 71.809540 14.564265
v 1.638702 71.807495 14.538927
v 2.581780 70.232712 13.439286
v 2.571683 70.190804 13.327796
v 2.560786 70.128738 13.243464
v 2.173094 69.678375 13.122811
v 1.931836 71.818192 14.493561
v 2.877178 70.325897 13.285915
v 2.580261 69.951141 13.218007
v 2.365583 69.810997 13.183000
v 3.180051 70.394165 13.243397
v 2.590989 69.810799 13.218527
v 2.818947 70.072411 13.207573
v 3.124450 70.317802 13.183416
v 3.065335 70.151352 13.172698
v 3.016074 69.961891 13.206667
v 2.786462 69.786560 13.235451
v 3.227180 70.453011 13.304675
v 3.446688 70.358170 13.179459
v 3.293146 70.167946 13.121330
v 2.982994 69.835831 13.228287
v 3.183920 69.861893 13.196662
v 3.498113 70.129547 13.047671
v 3.429751 69.961319 13.108060
v 3.385178 69.850311 13.148024
v 3.688041 70.275131 13.084670
v 3.687854 70.053474 12.944563
v 2.966881 69.763756 13.267114
v 3.578606 69.813103 13.068655
v 3.810818 69.843323 12.902235
v 3.768294 69.763138 12.959004
v 3.732697 69.697220 13.000824
v 3.330333 69.690216 13.153086
v 2.967532 69.675690 13.226498
v 3.704829 69.635895 13.027131
v 3.967226 69.685867 12.830035
v 3.651689 69.602730 12.959472
v 3.614658 69.594543 12.898227
v 4.112106 69.512505 12.717598
v 4.145768 69.571800 12.659513
v 4.079593 69.454811 12.734895
v 4.016880 69.423302 12.674119
v 4.293917 69.453369 12.504795
v 4.182677 69.637001 12.584206
v 4.055698 69.859032 12.664876
v 4.237739 69.730011 12.493152
v 3.979532 69.418602 12.610868
v 4.352504 69.312424 12.443419
v 4.394364 69.351357 12.377089
v 4.433600 69.398621 12.292218
v 4.322005 69.809990 12.417035
v 3.875620 69.969437 12.820232
v 3.989770 70.060310 12.769503
v 4.461436 69.262703 12.278249
v 4.547249 69.294823 12.110804
v 4.542978 69.472145 12.142816
v 4.273899 69.964752 12.592485
v 4.431120 69.832275 12.403223
v 4.553217 69.676697 12.237802
v 4.629766 69.491196 12.099843
v 4.593573 69.155060 12.034463
v 4.551992 69.178658 12.114964
v 4.671429 69.287926 11.987746
v 4.555349 69.872253 12.400081
v 4.747800 69.527603 12.065893
v 4.625150 69.035736 11.978233
v 4.639442 69.121849 11.963881
v 4.702965 69.098991 11.898781
v 4.696886 69.946663 12.387199
v 4.830817 69.790886 12.201008
v 4.910504 69.606277 12.029331
v 5.870979 58.043686 1.032362
v 5.729301 58.325615 0.419533
v 6.014999 58.016941 2.375206
v 5.725224 58.594193 1.046052
v 5.560080 56.408646 4.687754
v 5.845271 58.908798 1.713819
v 6.004035 58.597019 2.421809
v 6.021684 58.246113 3.213804
v 5.049921 56.503014 5.505402
v 5.143062 55.935951 5.390115
v 5.445190 57.437523 4.887345
v 5.988577 59.212097 2.511508
v 4.957911 56.999783 5.609246
v 4.861372 57.454384 5.730253
v 5.976736 59.422611 3.476471
v 5.272602 58.381252 5.189125
v 5.718365 58.912773 4.366326
v 4.753264 57.890213 5.891571
v 5.980325 60.597065 2.722579
v 4.243679 57.488091 6.533042
v 4.675940 58.318047 6.092581
v 5.647335 60.010952 4.692226
v 4.667736 58.739998 6.309619
v 3.731606 57.157192 7.175333
v 4.710901 59.144466 6.529273
v 5.199209 60.067593 6.022479
v 4.395931 59.074192 7.527229
v 4.770085 59.512043 6.764956
v 4.864359 59.842701 7.036739
v 3.548722 58.424820 9.115582
v 3.388446 58.193508 9.024775
v 5.956675 61.889397 4.674695
v 5.372519 60.666912 6.674737
v 4.689115 59.639385 8.070636
v 6.003316 61.417728 2.801575
v 5.712770 61.353310 6.061010
v 3.684299 58.625916 9.286442
v 3.072967 58.229816 9.801188
v 4.294360 59.188499 8.796581
v 3.828746 58.813202 9.512445
v 2.525014 57.976177 10.224308
v 3.322376 58.526859 10.185841
v 3.984414 59.016571 9.780841
v 2.218831 57.933586 10.844065
v 4.671076 59.716667 9.498778
v 2.831347 58.307716 10.786408
v 2.947740 58.455326 11.015622
v 2.393182 58.139957 11.290844
v 4.137968 59.261410 10.092306
v 3.589329 58.896702 10.687558
v 3.066426 58.621002 11.250477
v 2.615744 58.410217 11.744107
v 4.258143 59.551735 10.451376
v 1.912751 57.902290 11.457414
v 2.001635 58.009308 11.699488
v 2.107774 58.127113 11.936903
v 3.171607 58.795139 11.487530
v 5.536128 60.714169 8.199658
v 2.224833 58.247280 12.163916
v 4.305248 59.848442 10.836640
v 3.247505 58.968048 11.723832
v 2.339769 58.368454 12.376479
v 2.439137 58.488331 12.575888
v 4.701501 60.706177 10.973592
v 4.262161 60.104778 11.203920
v 3.759098 59.566650 11.547133
v 1.502860 58.028984 12.834901
v 4.145595 60.294750 11.527129
v 3.290499 59.291332 12.187346
v 2.565398 58.738831 12.960795
v 2.515286 58.609863 12.767404
v 3.999136 60.424698 11.812096
v 3.262080 59.435863 12.413692
v 3.619315 59.892651 12.072082
v 2.917748 59.096321 12.780510
v 2.589180 58.885506 13.164618
v 3.202748 59.587017 12.638707
v 2.576993 59.068119 13.368676
v 2.177042 58.475079 13.159561
v 2.261304 58.777794 13.554297
v 1.866873 58.743538 13.944342
v 1.820201 59.005020 14.100916
v 1.863823 58.533127 13.753151
v 4.806732 69.119278 11.830404
v 4.956836 69.401466 11.885070
v 5.100365 69.726196 11.971201
v 4.988622 69.206299 11.762681
v 5.209134 69.352036 11.656839
v 4.769334 68.847595 11.782157
v 4.697729 68.887375 11.862393
v 5.262681 69.872047 11.868897
v 5.016922 69.037704 11.663798
v 5.035687 68.896179 11.591975
v 5.408511 69.522957 11.493870
v 4.780220 68.768753 11.754185
v 5.243641 68.998367 11.461216
v 5.453434 69.127167 11.278315
v 5.465514 69.877769 11.471863
v 5.365458 70.040131 11.707758
v 5.036776 68.774956 11.549700
v 5.619770 69.480591 11.129555
v 5.554902 69.691910 11.273144
v 5.643849 69.248779 11.048694
v 5.021087 68.665352 11.544079
v 5.671691 69.868813 10.991905
v 5.145303 68.542778 11.466647
v 4.984459 68.557541 11.581625
v 5.565050 68.763840 11.077707
v 5.624719 69.006248 11.031848
v 5.519603 70.486511 11.218785
v 5.312186 68.536720 11.338674
v 5.476747 68.528633 11.187386
v 4.918526 68.447517 11.669756
v 5.642659 68.516182 11.002498
v 5.367085 68.305206 11.362757
v 5.935659 70.248589 10.245102
v 4.806737 68.338799 11.814353
v 5.813746 68.496429 10.776053
v 5.224648 68.102226 11.598647
v 4.622354 68.228882 12.011725
v 5.538872 67.913048 11.375839
v 5.333841 67.666519 11.740897
v 4.485394 67.988937 12.209528
v 4.608902 67.886902 12.188524
v 4.743966 67.786110 12.168397
v 5.053273 67.461922 12.097440
v 4.422832 67.673637 12.433195
v 5.663294 67.170151 11.467340
v 5.374273 66.927757 11.917998
v 5.876429 67.495438 11.002388
v 4.712950 67.318108 12.412660
v 4.214762 67.447952 12.662830
v 4.091896 67.605019 12.653610
v 4.346017 67.247086 12.674703
v 4.480216 67.007889 12.683751
v 5.517203 66.570335 11.769271
v 5.813876 66.829437 11.261113
v 5.008896 66.782089 12.326073
v 4.599024 66.729691 12.676123
v 3.980164 67.236000 12.876325
v 5.124959 66.429344 12.237406
v 4.679066 66.403114 12.643090
v 4.173908 66.747154 12.940289
v 3.706859 67.056816 13.068403
v 3.549346 67.444427 12.991380
v 4.703414 66.018852 12.605189
v 3.764530 66.815086 13.114394
v 3.394440 66.925072 13.223313
v 3.312904 67.338676 13.133932
v 3.790051 66.551247 13.145304
v 4.148026 65.788986 12.968536
v 4.637946 65.587349 12.610455
v 3.770745 66.268806 13.167068
v 3.703590 65.978386 13.205551
v 3.316681 66.164581 13.384917
v 4.446515 65.190247 12.708351
v 3.818969 65.162605 13.144899
v 3.045927 66.585060 13.440184
v 2.980967 66.337387 13.509317
v 2.880558 66.099991 13.566514
v 2.692627 66.490730 13.592935
v 2.756421 65.882172 13.618431
v 3.266780 65.220222 13.453617
v 3.616793 64.922661 13.265845
v 1.735098 59.291389 14.205763
v 1.227718 59.364441 14.498310
v 0.701393 59.124374 14.708010
v 1.351477 58.309013 13.921098
v 0.757002 58.502205 14.456633
v 0.736584 58.803978 14.618259
v 0.658891 59.429081 14.735915
v 0.044971 59.453266 14.853093
v 1.735109 58.244373 13.329636
v 0.756118 58.266281 14.232596
v 0.059498 58.250278 14.397383
v 0.722883 58.098915 13.950800
v -0.632804 58.799564 14.722948
v -0.646177 58.500408 14.557885
v -0.594876 58.093685 14.041369
v -0.637444 58.263592 14.329438
v 0.665700 57.974129 13.624118
v -1.236561 58.301476 14.076399
v -0.527700 57.965046 13.705853
v 0.073507 57.838371 13.381552
v 0.605102 57.866974 13.284416
v -1.623172 58.215729 13.499503
v -0.459525 57.853905 13.356630
v -1.507682 58.096474 13.256619
v -0.950126 57.909210 13.219535
v -1.377200 57.980568 12.989472
v -0.397785 57.753044 13.009454
v 0.548041 57.769932 12.946802
v -1.252964 57.863754 12.705360
v -0.758108 57.696495 12.583306
v -0.346822 57.659138 12.675058
v -1.145895 57.750889 12.417530
v -0.309901 57.573498 12.361246
v -2.010551 58.015305 12.108107
v -1.891456 57.886356 11.877540
v -1.519769 57.806755 12.180135
v -0.644241 57.518772 12.002052
v -0.997186 57.567497 11.870172
v -1.789044 57.771465 11.641316
v -2.277836 58.008587 11.493669
v -1.350337 57.613632 11.673676
v -0.955603 57.494286 11.612476
v -1.706041 57.681923 11.407435
v -2.707371 58.193176 11.005855
v -2.068330 57.799118 11.058988
v -1.643235 57.618336 11.183473
v -1.607426 57.569950 10.963521
v -1.272317 57.489223 11.189640
v -3.192147 58.470200 10.401563
v -2.344169 57.869919 10.456087
v -1.930200 57.679714 10.685313
v -2.894103 58.178234 10.032071
v -1.921298 57.645096 10.492879
v -1.608024 57.531960 10.730711
v -2.232636 57.790596 10.352689
v -3.715482 58.839306 9.697050
v -3.544644 58.653603 9.483955
v -3.386188 58.450455 9.322765
v -1.650931 57.483429 10.459237
v -1.996246 57.608624 10.219852
v -2.929077 57.933186 9.301932
v -3.203846 58.209270 9.241241
v -2.543841 57.691452 9.548624
v -2.275077 57.354675 9.413144
v -4.405172 59.199783 7.625436
v -1.805879 57.237282 9.772242
v -2.933179 57.305225 8.417912
v -3.610217 57.269772 7.333071
v -4.803599 59.266834 6.558980
v -4.753491 58.865944 6.345200
v -4.751202 58.446373 6.126991
v -4.216638 57.626446 6.634763
v -3.029672 56.935665 7.962166
v -2.471906 56.720737 8.512453
v -3.132778 56.502689 7.599810
v -4.812639 58.020348 5.916527
v -3.254337 56.042263 7.330435
v -1.947206 56.585861 8.978320
v -5.392435 58.474510 5.161291
v -5.799957 60.030338 4.669696
v -5.009014 57.087681 5.591795
v -2.685986 55.783123 7.796758
v -2.135262 55.611641 8.234465
v -1.485697 56.111996 9.006806
v -3.379086 55.511360 7.100848
v -5.856668 58.938618 4.334056
v -1.577089 55.568024 8.644163
v -1.024275 55.532398 8.962440
v 3.971397 64.601715 13.020367
v 2.617098 65.184334 13.673869
v 2.921046 64.920227 13.583573
v 3.221704 64.589485 13.463357
v 3.744819 64.386063 13.165150
v 3.525645 64.208961 13.292206
v 4.205390 64.863136 12.858629
v 2.761943 64.825417 13.627344
v 3.814364 63.838348 13.066128
v 3.317334 64.086395 13.397087
v 2.872373 64.435905 13.604338
v 4.520250 63.881245 12.384437
v 4.820685 64.832611 12.269479
v 4.285618 63.678768 12.604698
v 4.045622 63.483337 12.808949
v 3.127736 64.030136 13.493431
v 2.949633 64.009094 13.577396
v 2.458145 64.697479 13.764095
v 3.808697 63.317165 13.003533
v 4.208573 63.124161 12.583533
v 3.583923 63.193676 13.179134
v 2.776792 63.954391 13.653908
v 2.526857 64.350647 13.767738
v 3.373079 63.110119 13.326031
v 2.627559 63.817307 13.731248
v 2.084005 64.610069 13.998186
v 3.843535 62.516426 12.858377
v 3.184392 63.035355 13.439243
v 3.021819 62.936005 13.515661
v 2.743422 63.213799 13.671238
v 2.538228 63.587894 13.783920
v 2.279141 63.879940 13.944272
v 2.002604 64.040833 14.144347
v 1.944784 64.344872 14.144123
v 3.318527 62.628147 13.302002
v 2.891128 62.817139 13.562665
v 2.491324 63.336723 13.810722
v 2.032043 63.733192 14.141352
v 1.738979 64.108749 14.356421
v 3.396113 62.331799 13.169708
v 2.989004 62.467964 13.458392
v 2.266208 63.289211 13.955961
v 2.791199 62.701038 13.587571
v 2.713342 62.601128 13.599514
v 2.458536 63.084972 13.817510
v 2.778974 62.385895 13.511207
v 2.421319 62.848927 13.810740
v 3.042976 62.032574 13.292268
v 2.385062 62.669163 13.799196
v 2.600766 62.457050 13.608192
v 2.649857 62.341530 13.533287
v 2.997845 61.876633 13.260490
v 3.162856 61.858688 13.158548
v 2.795623 62.076035 13.387192
v 2.663841 62.238686 13.475917
v 2.860586 61.913654 13.324142
v 2.558139 62.404453 13.605101
v 2.752744 61.966022 13.368982
v 2.914461 61.716793 13.257783
v 2.647083 62.155113 13.443915
v 2.603528 62.086178 13.436066
v 2.669380 62.025646 13.406150
v 2.810987 61.551823 13.292497
v 2.490394 62.318092 13.580017
v 2.551937 62.142014 13.461208
v 2.536793 62.023201 13.444942
v 2.451396 61.961166 13.473330
v 2.600427 61.758545 13.408063
v 2.503138 61.655663 13.491225
v 2.690425 61.390598 13.372995
v 2.807728 61.262478 13.266451
v 2.512766 62.188499 13.483832
v 2.289231 62.003716 13.571836
v 2.349590 61.902485 13.540951
v 2.423506 61.785095 13.518242
v 2.376092 61.563026 13.612028
v -0.474606 55.498909 9.155682
v -0.428481 56.031673 9.481146
v -4.076994 55.231251 6.459061
v 0.660136 55.617634 9.103575
v 0.690164 55.051884 8.787358
v 2.538717 61.241058 13.494127
v 2.245600 62.091408 13.607049
v 2.223640 61.851006 13.659354
v 2.272331 61.300491 13.720341
v 2.204590 61.481327 13.762316
v 2.340268 61.112823 13.650180
v 2.118973 62.056068 13.723312
v 2.208820 62.168041 13.633726
v 2.017617 61.922482 13.858385
v 2.067364 61.801361 13.817361
v 2.134466 61.651878 13.789537
v 1.988120 61.413193 13.935972
v 2.097794 61.018181 13.832106
v 1.881763 61.748135 13.999495
v 1.774870 61.177826 14.086114
v 1.819639 60.965485 14.023481
v 1.696409 61.534748 14.147041
v 1.660314 61.686153 14.181585
v 1.808428 61.986977 14.092974
v 1.922385 62.100426 13.904598
v 1.642487 61.822094 14.244540
v 1.446697 61.341454 14.299511
v 1.405825 61.644814 14.363270
v 1.510327 60.947380 14.213301
v 1.115019 61.479675 14.479515
v 1.121069 61.329079 14.445436
v 1.120461 61.619217 14.548325
v 1.126784 61.776470 14.657384
v 1.211106 60.692047 14.335092
v 1.381086 61.982536 14.518394
v 1.569896 62.120480 14.313765
v 0.790601 61.581512 14.720796
v 0.765307 61.297592 14.569504
v 0.776040 61.902546 14.917336
v 1.085716 62.182117 14.754570
v 0.786778 60.951828 14.493481
v 0.413855 61.529770 14.840508
v 0.403137 61.385826 14.735913
v 0.394345 61.251041 14.667060
v 0.392893 61.113609 14.615446
v 0.401930 60.947617 14.577288
v 0.386675 61.839436 15.067125
v 0.412135 61.663845 15.000593
v 0.014455 61.496735 14.909226
v 0.367326 62.108036 15.028313
v -0.367353 61.375977 14.813242
v -0.384508 61.519981 14.916809
v -0.390408 61.654892 15.069420
v -0.353540 61.241524 14.743328
v -0.347540 61.104378 14.690652
v -0.723960 61.279053 14.705474
v -0.759077 61.561623 14.851376
v -0.372052 61.831055 15.126226
v -1.070376 61.297737 14.622554
v -1.062646 61.444672 14.650230
v -1.078812 61.739174 14.801224
v -0.761006 61.885185 15.023524
v -1.068025 61.582096 14.708635
v -0.735221 60.934113 14.625574
v -1.375342 61.296982 14.482296
v -1.316689 61.588982 14.516562
v -1.463316 60.918404 14.399049
v -1.160552 60.672729 14.504704
v -1.697799 61.126507 14.249251
v -1.770424 60.924366 14.188453
v -1.573664 61.462982 14.282351
v -1.522110 61.609150 14.295891
v -1.496316 61.743919 14.338911
v -1.288648 61.922886 14.623360
v -1.232725 60.385555 14.476404
v -1.616567 60.378143 14.275061
v -1.853061 61.333130 14.034726
v -1.692737 61.652122 14.064730
v -1.605898 61.891598 14.132700
v -1.417652 62.038506 14.367183
v -1.936027 61.553326 13.828681
v -2.044939 61.392799 13.811472
v -1.843422 61.697247 13.847319
v -1.780932 61.817760 13.880254
v -1.680802 61.998283 13.915581
v -1.984097 61.750576 13.672381
v -1.499851 62.100327 14.145095
v -1.635766 62.081974 13.925506
v -2.209754 61.699295 13.526050
v -2.204440 61.477509 13.633009
v -1.857210 61.954445 13.728420
v -1.779226 62.113094 13.762534
v -2.109533 61.811028 13.546756
v -9.059388 55.507721 -0.955881
v -8.271221 55.954247 -0.903705
v -7.489451 56.507500 -0.704638
v -6.800616 57.107449 -0.466213
v -6.710958 57.411583 -2.028514
v -6.643752 56.206676 -4.275455
v -5.772114 56.951775 -3.589061
v -6.019462 57.582474 -2.645669
v -4.350796 55.412750 -4.907392
v -4.735310 57.899368 -2.887839
v -4.264833 57.245693 -3.480352
v -3.349452 56.950504 -3.667975
v -3.776559 56.277493 -4.140260
v -3.004274 57.514359 -3.315315
v -1.317848 55.701172 -4.391304
v -2.754612 58.024048 -3.082466
v -3.584781 58.175629 -2.946217
v -1.164246 56.560257 -3.816541
v -2.569418 58.543869 -2.876146
v -1.053381 57.219585 -3.462228
v -0.959932 57.781807 -3.225286
v -0.877928 58.356148 -3.012158
v -2.327151 61.577377 13.500927
v -1.981352 61.997219 13.607043
v -1.941445 62.075607 13.630495
v -1.908297 62.144699 13.641968
v -2.033356 61.909485 13.574931
v -2.219587 61.880157 13.472961
v -1.567845 62.216892 13.912005
v -1.876547 62.203640 13.633691
v -1.839869 62.252357 13.593351
v -1.798633 62.288940 13.515999
v -1.664593 62.265442 13.667667
v -2.134416 62.180405 13.516702
v -1.925550 62.304695 13.403114
v -1.760545 62.308723 13.407143
v -2.042464 62.309475 13.322483
v -2.220543 62.183334 13.493418
v -2.164927 62.248970 13.386984
v -2.145254 62.311520 13.144445
v -1.736933 62.300877 13.276443
v -2.254896 62.193905 13.456514
v -2.215491 62.260574 13.238593
v -1.916560 62.243534 13.027054
v -1.738695 62.260536 13.133403
v -2.088036 62.211567 12.942196
v -2.279395 62.181534 13.463816
v -2.251815 62.207066 13.275298
v -2.261377 62.227379 13.121090
v -2.374922 62.157551 12.842552
v -2.338575 62.182667 12.824252
v -2.235170 62.197273 12.871491
v -1.959342 62.179100 12.880216
v -2.358508 62.179737 12.877070
v -2.193775 62.196156 13.220419
v -2.225738 62.221581 13.066857
v -2.207177 62.184937 13.516759
v -2.197856 62.162819 13.469689
v -2.156127 62.282005 12.990089
v -2.286361 62.226513 12.921396
v -1.952200 62.196907 13.363382
v -1.959426 62.256302 13.224005
v -1.992423 62.198254 13.643873
v -1.975191 62.168278 13.580580
v -1.960713 62.165581 13.487794
v -2.236006 62.330059 12.837818
v -1.981565 62.322849 13.084547
v -1.781862 62.330727 13.202529
v -1.859445 62.206894 13.761009
v -1.814161 62.154373 13.599350
v -1.618746 62.163528 13.616410
v -1.591962 62.216717 13.476689
v -1.581490 62.396805 13.219603
v -1.577090 62.308102 13.331391
v -1.719283 62.241707 13.909916
v -1.685906 62.190338 13.835992
v -1.651657 62.158878 13.738319
v -1.378727 62.290100 13.451143
v -1.755272 62.317341 13.963675
v -1.264110 62.213444 13.861007
v -1.224289 62.246941 13.701593
v -1.192108 62.328136 13.527178
v -1.181014 62.405449 13.411374
v -1.350311 62.281509 14.104244
v -1.306103 62.229778 13.996563
v -1.134499 62.292671 14.068542
v -1.015753 62.457798 13.436820
v -1.025936 62.383556 13.560367
v -0.731216 62.312889 13.953609
v -0.868170 62.417648 13.573813
v -0.713414 62.345798 13.759143
v -0.759199 62.333771 14.146386
v -0.688651 62.525951 13.438209
v -0.698522 62.439747 13.565315
v -0.507925 62.452038 13.540802
v -0.278684 62.353916 13.703325
v -0.534374 62.318848 14.155770
v -0.277955 62.304779 13.916751
v -0.797943 62.397091 14.335123
v -0.278013 62.541294 13.415024
v -0.280534 62.455246 13.518198
v -0.010135 62.455494 13.508918
v -0.281759 62.315361 14.147932
v -0.297444 62.380581 14.441113
v -0.600168 62.482208 14.635238
v -2.436567 59.067200 -2.704465
v -0.816359 58.922951 -2.840572
v -2.320911 59.596672 -2.565910
v -3.181827 59.145706 -2.537715
v -3.846889 59.184093 -2.252270
v -4.084604 58.731823 -2.437685
v -3.646580 59.663109 -2.103650
v -0.767696 59.498844 -2.715127
v -2.214698 60.158810 -2.473876
v -1.470200 60.126328 -2.592335
v -3.479526 60.185177 -1.983078
v -4.719971 58.735142 -2.002423
v -4.415649 59.153175 -1.844252
v -5.084085 58.354179 -2.171719
v -4.168324 59.623550 -1.706811
v -2.123194 60.760052 -2.418146
v -0.730155 60.100266 -2.648312
v -3.330879 60.746006 -1.875802
v -3.975278 60.139339 -1.588831
v -2.058083 61.392155 -2.366831
v -5.642065 58.262260 -1.559412
v -0.702444 60.736362 -2.620361
v -1.381533 61.398087 -2.524599
v -2.674398 61.372894 -2.114609
v -3.203984 61.337711 -1.776912
v -2.034785 62.025291 -2.298810
v -0.684613 61.397148 -2.596099
v -3.109365 61.929043 -1.672537
v -2.048662 62.629822 -2.195511
v -2.600724 62.569004 -1.914902
v -0.684073 62.063408 -2.565175
v -2.109338 63.199821 -2.066820
v -3.097719 63.069126 -1.450854
v -3.472323 62.423206 -1.149051
v -0.702734 62.705162 -2.499783
v -2.233267 63.805485 -1.953529
v -3.229969 63.680763 -1.382373
v -3.510338 63.003838 -1.073788
v -0.740202 63.305359 -2.394660
v -2.422804 64.532135 -1.914609
v -2.986430 64.478195 -1.663936
v -3.437679 64.431618 -1.401034
v -3.643621 63.629826 -1.051273
v -3.839046 64.397339 -1.114901
v -0.786112 63.911449 -2.313847
v -1.706901 64.581276 -2.141451
v -2.661116 65.430893 -2.091575
v -3.707330 65.327606 -1.562585
v -4.070979 65.330002 -1.305214
v -4.020981 66.369293 -1.873441
v -0.858932 64.606117 -2.311843
v -2.923679 66.468475 -2.481871
v 0.063196 64.614670 -2.395661
v -0.943209 65.601868 -2.677221
v -4.355298 67.495575 -2.157910
v -4.413161 66.369843 -1.587265
v -4.734574 67.458023 -1.848125
v -4.896758 68.713333 -2.192528
v -3.476640 69.216644 -3.290722
v -5.592153 72.130768 -2.194632
v -3.959499 72.377190 -3.347708
v -4.045713 74.026657 -3.038927
v -5.632957 74.985481 -1.449180
v -4.090016 75.501129 -2.501879
v -6.408415 75.458824 0.089279
v -5.486352 76.827629 0.222176
v -4.095943 76.640015 -1.544859
v -6.467692 75.777321 0.696007
v 0.274772 62.373249 13.686359
v 0.274053 62.322338 13.891469
v 0.277364 62.474022 13.508524
v 0.276286 62.558712 13.407387
v 0.277028 62.329205 14.117086
v -0.306835 62.475735 14.691942
v 0.540156 62.492867 13.527716
v 0.555986 62.356930 14.105671
v 0.290036 62.389137 14.407958
v 0.298230 62.481022 14.663541
v 0.755190 62.578026 13.431490
v 0.766047 62.497005 13.553267
v 0.780673 62.406822 13.732388
v 0.817481 62.390736 14.096898
v 0.795195 62.373150 13.912599
v 0.604387 62.506126 14.588207
v 0.972404 62.487972 13.566662
v 0.847715 62.448944 14.284617
v 1.167149 62.463665 13.559422
v 0.878942 62.529953 14.473242
v 1.153383 62.530785 13.440266
v 1.371368 62.415436 13.531151
v 1.275374 62.377506 14.042974
v 1.408393 62.341755 13.696498
v 0.894997 62.632065 14.640106
v 1.361046 62.486496 14.290895
v 1.528964 62.370213 14.091582
v 1.488378 62.323231 13.981521
v 1.448960 62.309769 13.848625
v 1.355433 62.484631 13.418772
v 1.575319 62.436085 14.188696
v 0.885173 62.761147 14.777737
v 1.159238 62.749092 14.636896
v 1.905226 62.255535 13.741940
v 1.628186 62.527679 14.282871
v 1.433103 62.705376 14.504782
v 1.871521 62.260609 13.621011
v 1.839972 62.308887 13.484949
v 1.938297 62.283401 13.840435
v 2.080829 62.245686 13.605181
v 1.672442 62.649151 14.363540
v 1.669308 62.786407 14.398185
v 2.222180 62.249798 13.496031
v 2.204486 62.278389 13.373698
v 1.860013 62.571033 14.188523
v 1.641722 62.923519 14.417152
v 2.240443 62.251446 13.588362
v 2.026246 62.498161 14.010009
v 2.039595 62.587086 14.027920
v 1.617833 63.083942 14.449885
v 1.096264 63.187878 14.880920
v 1.368856 63.142471 14.665551
v 1.844487 62.984055 14.248298
v 2.169653 62.436176 13.850966
v 1.599390 63.304115 14.498811
v 2.053252 62.834736 14.066730
v 2.326588 62.465683 13.761934
v 1.576539 63.583614 14.546939
v 1.316370 63.620342 14.767609
v 2.232424 62.750069 13.917643
v 2.057814 63.124466 14.102712
v 1.820037 63.524063 14.329180
v 2.354195 62.551205 13.783686
v 1.537999 63.866856 14.574821
v 1.481417 64.126022 14.578542
v 2.300383 62.390907 13.733931
v 2.411063 62.354301 13.646705
v 2.277002 62.325504 13.698721
v 1.407854 64.331955 14.561522
v 2.257598 62.277855 13.652812
v 2.125259 62.291897 13.768622
v 2.000381 62.397228 13.973705
v 2.450809 62.251446 13.529005
v 2.466698 62.281494 13.558239
v 2.439750 62.231827 13.481163
v 1.968795 62.329399 13.916495
v 2.410860 62.260899 13.236563
v 2.467262 62.268513 13.293323
v 2.419461 62.278389 13.085789
v 2.456516 62.283886 13.143667
v 2.346519 62.337627 13.009068
v 2.195808 62.330143 13.239179
v -4.011786 77.589096 -0.502654
v -5.272233 77.792305 2.437933
v -3.716460 78.724716 2.024831
v -6.016221 76.843781 5.201949
v -5.260972 77.623421 6.089685
v -5.761424 76.973114 6.244287
v -6.150086 76.207741 6.438765
v -6.452691 74.630241 7.299484
v -2.329812 79.337753 5.846200
v -6.428753 74.067940 7.957948
v -5.928833 75.374527 8.639638
v -5.999053 74.937668 8.863923
v -6.239616 74.298630 8.609398
v -6.026351 74.537392 9.135860
v -0.499698 79.606583 6.936286
v -6.391334 73.040489 8.764853
v -6.231548 73.672211 9.098329
v -6.028863 74.190521 9.395589
v -6.019029 73.889053 9.616770
v -5.759622 74.733482 9.684598
v -0.551880 79.480331 7.609402
v -6.184234 73.085327 9.467608
v -6.349737 72.765450 8.971635
v -6.001086 73.610077 9.800963
v -5.975394 73.345261 9.956902
v -0.559280 79.270546 8.484895
v -6.299668 72.448463 9.133773
v -5.715149 73.535912 10.452672
v -5.938447 73.082092 10.096556
v -6.233359 72.160034 9.298573
v -6.386152 71.758751 8.796471
v -6.076767 72.530983 9.775493
v -5.882720 72.808571 10.249132
v 0.036715 79.298431 8.503086
v -0.545191 78.985161 9.370126
v -6.161068 71.892784 9.461384
v -6.400418 70.995438 8.703464
v -6.241886 71.295227 9.161396
v -0.512726 78.613174 10.275353
v -5.697120 72.211731 10.689380
v -6.005997 71.407310 9.895149
v -0.045310 78.683708 10.174892
v -0.335208 78.354225 10.818827
v -6.543815 69.613083 8.680618
v -6.429422 69.606308 9.135090
v -6.219697 70.005188 9.626090
v -6.484918 69.132324 9.238487
v -6.299454 69.603119 9.591069
v -6.753334 69.794746 7.816057
v -6.669206 70.551323 7.949372
v -6.522905 68.652687 9.466540
v -6.339965 69.190857 9.681549
v -6.821287 69.037209 7.800830
v -6.790720 68.289986 8.296770
v -6.538476 68.151810 9.754867
v -6.354947 68.770691 9.881573
v -6.331543 68.331276 10.175710
v -6.460400 67.645889 10.220306
v -6.773880 66.837906 9.328913
v -6.245764 67.889008 10.555866
v -6.588496 66.342880 10.115969
v -6.081853 67.488831 10.995986
v -6.744873 65.430382 8.860991
v -6.029296 66.821892 11.274008
v -6.311068 65.926231 10.728251
v -5.832134 67.149376 11.480792
v -6.607801 65.085236 9.509357
v -5.966309 65.572197 11.357337
v -5.694437 66.539902 11.829257
v -5.510784 66.884483 11.973691
v 2.429133 62.321594 13.260399
v 2.452455 62.274971 12.941854
v 2.508307 62.224072 12.899051
v 2.018347 62.403564 13.218189
v 2.198330 62.386723 13.102606
v 2.394083 62.375202 12.861765
v 2.581795 62.198959 12.743378
v 2.514791 62.203201 12.867894
v 1.809559 62.467499 13.235278
v 1.815472 62.389820 13.343699
v 2.478926 62.232574 12.852837
v 1.594569 62.378754 13.459087
v 2.396827 62.255085 12.899117
v 2.278185 62.277061 12.964832
v 2.131524 62.315083 13.044549
v 2.151944 62.245045 12.895025
v 1.969411 62.337589 13.145532
v 2.353945 62.371998 13.168611
v 1.974145 62.283657 13.004754
v 1.796873 62.331245 13.271367
v 1.979863 62.380680 13.290917
v 2.175387 62.381695 13.420416
v 2.278749 62.379578 13.342038
v 2.011998 62.390327 13.422665
v 2.056470 62.372440 13.529446
v 1.602382 62.319958 13.417673
v 2.102223 62.337654 13.605007
v 2.399020 62.316422 13.403261
v 1.918536 62.355427 13.677973
v 1.381512 62.347656 13.548447
v 2.141984 62.290955 13.643086
v 1.742692 62.348419 13.845507
v 1.799535 62.312035 13.914310
v 1.167283 62.401840 13.647103
v 1.201525 62.474792 13.862748
v 1.314015 62.468273 14.126617
v 1.252180 62.490055 14.012649
v 1.379692 62.424194 14.217786
v 2.287623 62.250301 13.569962
v 2.384590 62.253918 13.528795
v 1.155294 62.312027 13.443436
v 0.973894 62.437462 13.711968
v 1.441488 62.362549 14.275204
v 1.103593 62.524689 14.224748
v 0.768840 62.456017 13.746552
v 0.919495 62.525448 14.445021
v 0.864194 62.552597 14.304070
v 0.542777 62.473152 13.756723
v 0.585124 62.547649 14.360345
v 0.289439 62.405628 13.517598
v 0.276715 62.485943 13.754234
v 0.269879 62.539497 14.016137
v 0.276350 62.551311 14.223989
v 0.307892 62.508144 14.596214
v 0.289330 62.539120 14.412472
v -0.009271 62.480671 13.759081
v -0.277561 62.467728 13.766786
v -0.278160 62.524315 14.031584
v -0.287674 62.539749 14.243111
v -0.301322 62.530670 14.435905
v -0.318304 62.501705 14.623571
v -0.574689 62.515896 14.399382
v -0.281001 62.386639 13.527282
v -0.508477 62.432640 13.776856
v -0.702905 62.396759 13.766574
v -0.816120 62.500446 14.343132
v -1.010496 62.455795 14.252787
v -0.871965 62.363884 13.725471
v -0.874571 62.476040 14.491486
v -1.114510 62.407017 14.024465
v -1.063076 62.390850 13.870546
v -1.175416 62.385841 14.143372
v -1.018244 62.229897 13.449263
v -1.027155 62.317532 13.652537
v -1.238973 62.342514 14.239889
v -1.200936 62.256332 13.546873
v -1.387000 62.229263 13.411896
v -1.513881 62.253681 13.840787
v -1.296824 62.281048 14.302543
v -6.410841 64.659241 10.088870
v -6.149337 64.289085 10.626509
v -5.285546 66.371849 12.338501
v -5.130352 66.716835 12.415895
v -6.511633 63.340336 8.755064
v -5.823153 64.010521 11.113801
v -6.166360 62.708061 9.962720
v -4.893499 65.951035 12.728834
v -4.832427 66.328484 12.755020
v -4.710382 66.650818 12.777656
v -5.501137 63.784676 11.513625
v -4.749082 67.239296 12.492319
v -4.545897 66.924065 12.783127
v -5.890905 62.578697 10.507795
v -5.620944 62.515095 10.972118
v -5.598593 63.167313 11.197691
v -4.264290 66.677010 13.047024
v -4.366446 67.157181 12.781487
v -5.219952 63.586689 11.839823
v -5.333683 61.227039 10.836294
v -5.312820 61.872337 11.251119
v -3.977020 67.149315 12.999659
v -5.116125 62.399086 11.695146
v -5.056053 61.873608 11.602572
v -4.890204 61.365551 11.593088
v -4.797581 61.876572 11.916094
v -4.543005 61.885376 12.197573
v -4.591845 62.316654 12.263532
v -4.556559 62.740082 12.385280
v -4.411623 61.454262 12.175885
v -4.611078 60.861839 11.668005
v -4.283649 61.892925 12.444809
v -4.448861 63.143570 12.571704
v -4.065282 60.439346 12.100319
v -4.199502 61.017742 12.219333
v -3.998905 61.879494 12.659647
v -4.039620 62.216610 12.718060
v -3.997320 62.548042 12.821558
v -3.884215 61.539848 12.640941
v -3.987924 63.368088 12.991065
v -3.903290 60.554501 12.346684
v -3.715229 60.691978 12.575721
v -3.494597 60.837666 12.783753
v -3.702936 63.247597 13.155886
v -3.432346 63.159996 13.297873
v -3.410286 62.349640 13.130774
v -3.316177 62.657513 13.264656
v -3.187163 63.077908 13.409558
v -2.970031 62.967766 13.485941
v -2.768533 64.003372 13.661272
v -2.877843 62.468178 13.428597
v -2.790220 62.834389 13.533884
v -2.662744 63.244801 13.643885
v -2.450792 63.617390 13.763191
v -2.574832 63.858322 13.724642
v -2.650922 62.702698 13.560497
v -2.952881 62.011806 13.267174
v -2.606688 62.361759 13.488461
v -2.373214 63.354530 13.780922
v -2.157134 63.878819 13.925829
v -2.543269 62.588551 13.574574
v -2.308325 63.090141 13.782758
v -2.235981 62.839195 13.777842
v -2.114182 63.283173 13.918724
v -2.630975 62.034985 13.370119
v -2.445120 62.301788 13.514191
v -2.392027 62.422508 13.587545
v -2.461405 62.193188 13.458594
v -2.299150 62.540634 13.673883
v -2.169445 62.640705 13.771967
v -2.337156 62.361496 13.586260
v -2.442829 62.102837 13.429447
v -2.119868 62.507954 13.761065
v -2.252701 62.260933 13.564681
v -2.305660 62.226501 13.516325
v -2.079870 62.410721 13.743394
v -2.163257 62.293617 13.631813
v -2.044514 62.325653 13.719277
v -2.224712 62.219006 13.544513
v -2.014695 62.251541 13.687403
v -2.321475 62.196350 13.488335
v -2.301032 62.174507 13.480505
v -1.915014 62.367817 13.835700
v -1.564233 62.247364 13.263260
v -1.759432 62.212128 12.996547
v -1.362278 62.178177 14.355162
v -1.208434 62.248096 14.552929
v -1.046807 62.141918 14.847327
v -1.009465 62.315830 14.761598
v -0.710952 62.342422 14.898149
v -0.361915 62.099751 15.075805
v -0.353070 62.339676 14.952166
v -0.336874 62.447109 14.794089
v -0.000331 62.339012 14.968351
v 0.351082 62.346649 14.915077
v 0.330157 62.453373 14.761906
v 0.714638 62.363762 14.831419
v 1.050129 62.359615 14.693081
v 1.304211 62.312893 14.497644
v 1.510630 62.259789 14.317254
v 1.697499 62.194527 14.123554
v 1.874883 62.181973 13.920077
v 2.042099 62.209358 13.765370
v 2.175655 62.234447 13.648474
v 2.460136 62.249954 13.506911
v 2.487131 62.257515 13.470583
v 2.483768 62.223476 13.501394
v 2.509945 62.243443 13.477681
v 2.530461 62.234612 13.494793
v 2.548003 62.253166 13.503531
v 2.535527 62.282345 13.531832
v 2.000535 69.577377 13.073025
v 1.841854 69.509438 13.043827
v 1.884536 69.462143 13.015700
v 1.693835 69.454903 13.026722
v 1.568630 69.384773 13.017043
v 1.605701 69.535309 13.128175
v 1.419711 69.501564 13.181050
v 4.212535 69.252579 12.419839
v 4.198599 69.201958 12.307738
v 4.270848 69.166885 12.317021
v 4.451836 69.184311 12.278663
v 4.506745 69.187042 12.201915
v 4.532778 69.120216 12.143766
v 4.478570 69.108841 12.188864
v 4.540541 69.063950 12.105923
v 4.290392 69.142853 12.272628
v 4.594115 69.007362 12.020918
v 4.532948 69.019218 12.088348
v 4.221556 69.152046 12.252335
v 4.643307 68.944939 11.939931
v 4.509980 68.981087 12.093611
v 4.644926 68.876785 11.918619
v -2.246554 62.157803 13.488704
v -2.280464 62.123783 13.472111
v -2.328110 62.078632 13.450315
v -2.392214 62.025646 13.425711
v -2.315431 61.952808 13.439283
v -2.476395 61.969341 13.395628
v -2.585728 61.915939 13.357290
v -2.728357 61.871929 13.310018
v -2.910895 61.844822 13.242601
v -2.424002 61.688652 13.409664
v -2.829576 61.673187 13.248419
v -3.135372 61.837509 13.136252
v -2.733215 61.497971 13.293110
v -3.401316 61.845367 12.995546
v -3.303129 61.591480 12.997681
v -3.442425 62.094837 13.038105
v -2.620225 61.330585 13.384676
v -2.804397 61.209641 13.279427
v -3.173681 61.338428 13.044968
v -2.473620 61.177372 13.524724
v -3.697984 61.860672 12.839202
v -3.014686 61.090984 13.138838
v -2.814030 60.854904 13.294953
v -3.250711 60.969238 12.971527
v -2.160426 61.224422 13.779177
v -2.281310 61.049053 13.716687
v -2.569624 60.648682 13.518751
v -2.744875 60.418118 13.405640
v -3.224694 60.481842 12.983262
v -2.287259 60.500511 13.766282
v -2.044983 60.962776 13.953017
v -1.969137 60.413513 14.025024
v -2.596828 59.938560 13.601002
v -2.102039 60.113384 13.970811
v -2.253236 59.823772 13.919719
v -3.203169 59.711384 12.920743
v -3.552351 60.092064 12.593266
v -3.289004 59.529957 12.712127
v -3.766832 59.811394 12.134542
v -4.219632 60.336304 11.837644
v 7.387342 73.098724 5.374710
v 7.936116 71.144676 3.725024
v 7.765903 73.210503 3.221360
v 7.999497 70.988121 2.778045
v 7.929447 70.367653 1.983931
v 7.662618 69.188713 1.700689
v 7.706242 69.740845 3.233673
v 7.711210 69.407730 2.824828
v 7.358997 68.002563 2.465055
v 6.948269 67.048859 1.290914
v 6.570809 67.246109 -0.170224
v 7.426241 67.956917 2.836114
v 7.209003 67.384544 2.483835
v 6.767397 66.515877 1.243683
v 7.104459 66.807556 2.702794
v 7.836360 67.922226 2.545469
v 7.072853 66.248474 3.161503
v 7.574143 67.416245 3.028884
v 6.613718 65.289932 2.974129
v 6.827644 65.438728 3.458063
v 4.628998 68.822479 11.917872
v 4.530821 68.859947 12.033487
v 4.466806 68.942436 12.126929
v 4.398403 69.015175 12.211453
v 4.348439 69.067902 12.298445
v 4.201616 69.130821 12.286633
v 4.267734 69.107910 12.308664
v 4.593318 68.778252 11.944437
v 4.659571 68.703888 11.861661
v 4.395680 68.896980 12.193254
v 4.770637 68.701775 11.751052
v 4.529701 68.742897 12.006595
v 4.682149 68.587181 11.845737
v 4.296511 68.843124 12.300730
v 4.846057 68.589882 11.686657
v 4.427665 68.710091 12.111332
v 4.580657 68.539719 11.961115
v 4.174887 68.780128 12.449927
v 4.412954 68.473694 12.126342
v 4.282262 68.660606 12.262076
v 4.061138 68.642830 12.528316
v 4.029364 68.719879 12.611565
v 4.099578 68.573631 12.443128
v 4.192735 68.364037 12.319268
v 3.883213 68.510887 12.629528
v 4.269348 68.238945 12.274528
v 4.371432 68.110641 12.238440
v 3.939120 68.268799 12.511880
v 3.629146 68.557480 12.860757
v 3.841520 68.672600 12.768824
v 3.634736 68.468475 12.798695
v 3.660681 68.222977 12.683204
v 3.636116 68.356422 12.728771
v 4.088502 67.997849 12.458002
v 3.714106 68.083473 12.658694
v 3.379072 68.163406 12.812522
v 3.618291 68.632065 12.910403
v 3.355962 68.413956 12.905542
v 3.789064 67.947411 12.646341
v 3.878417 67.828659 12.642499
v 3.080848 68.386414 12.972424
v 3.112785 68.132278 12.903698
v 3.084465 68.501160 13.028911
v 3.495905 67.910599 12.794436
v 3.157621 68.006989 12.898638
v 2.874416 68.148056 12.963093
v 3.220409 67.890816 12.904636
v 2.838560 68.392143 13.011061
v 2.969110 67.905144 12.983428
v 2.670667 68.170921 13.001407
v 3.295560 67.787422 12.918738
v 2.630281 68.533295 13.063364
v 2.636889 68.412460 13.029102
v 2.493550 68.209785 13.025487
v 2.702843 68.050781 13.015310
v 2.746370 67.938553 13.038563
v 3.378039 67.691139 12.938972
v 2.465661 68.448059 13.034015
v 2.331877 68.265968 13.036651
v 2.546195 67.979614 13.077964
v 2.798820 67.840706 13.067187
v 3.178428 67.617928 13.063496
v 2.312368 68.626328 13.044585
v 2.342431 68.144043 13.067890
v 2.358860 68.036560 13.107759
v 2.857096 67.757080 13.099909
v 2.975062 67.569008 13.175951
v 2.182952 68.346458 13.040980
v 2.183052 68.774605 13.026885
v 2.307841 68.729195 13.055186
v 2.076699 68.811539 12.990181
v 2.453226 68.677338 13.078597
v 2.298286 68.799004 13.084299
v 1.972128 68.842216 12.962449
v 2.077059 68.870338 13.000265
v 7.534521 66.958588 3.195182
v 7.236345 66.538849 3.345567
v 7.504523 66.572983 3.367196
v 6.965082 65.511230 3.833948
v 6.825214 65.061508 4.118624
v 7.812970 67.332787 2.713652
v 7.766861 66.386017 3.152551
v 7.461339 66.209686 3.576981
v 7.160461 65.837677 3.883011
v 6.770066 64.717201 4.576126
v 7.020814 65.125710 4.433414
v 7.421383 65.824944 3.848833
v 7.384143 65.434235 4.140567
v 6.960687 64.760780 4.701131
v 7.454032 64.710915 4.318607
v 7.179759 64.628944 4.691072
v 8.227764 65.231476 3.611485
v 7.367329 64.439545 4.645778
v 8.078526 64.864960 4.010308
v 7.542440 64.328857 4.659956
v 8.173419 65.180237 4.137504
v 8.058138 64.939400 4.451400
v 7.425165 64.376793 5.251153
v 7.530344 64.549286 5.294140
v 7.311885 64.296753 5.101868
v 7.609402 64.868507 5.219109
v 7.928587 64.853607 4.754385
v 7.870083 65.183014 4.736499
v 7.578873 65.271179 5.171577
v 7.436088 65.425980 5.283313
v 7.749918 65.582779 4.736286
v 7.503833 65.580650 5.111513
v 7.422060 65.674866 5.227933
v 7.700682 65.991989 4.777635
v 7.585284 65.875610 4.962998
v 7.488650 65.826134 5.107300
v 7.406272 65.843933 5.218139
v 7.080515 65.466057 5.700218
v 7.534927 66.156258 4.955416
v 7.167412 66.063232 5.357877
v 7.302853 65.994156 5.193350
v 7.430767 66.307266 4.858917
v 6.903722 65.790367 5.933482
v 7.326817 66.362648 4.778139
v 7.184325 66.323120 4.826429
v 7.355186 66.418121 4.664937
v 7.761614 66.315407 4.566998
v 7.616086 66.416161 4.542234
v 7.384824 66.431839 4.496247
v 7.405088 66.414078 4.300038
v 7.828258 66.395615 4.050519
v 7.405623 66.449875 4.084483
v 7.976078 66.077805 4.265406
v 8.199335 66.545212 3.883858
v 7.943930 66.550919 3.894638
v 7.487830 66.595093 3.972877
v 8.305531 66.455254 3.794889
v 8.137225 66.220673 4.004466
v 8.158300 66.036186 3.924223
v 8.440157 66.729988 3.639308
v 8.302164 66.756126 3.768382
v 8.021323 66.714218 3.812083
v 8.078717 66.886398 3.749479
v 8.430088 66.638855 3.476831
v 8.484665 66.973724 3.558914
v 8.348011 66.101395 3.583328
v 8.299372 65.530121 3.791944
v 7.691567 66.923607 3.851901
v 8.477015 66.458771 3.330076
v 8.421077 65.905838 3.486505
v 8.363531 65.624542 3.250210
v 8.306828 66.028305 2.814080
v 8.090635 66.591957 2.590168
v 8.493035 66.952560 2.233346
v 8.680899 66.990852 2.358964
v 8.219756 67.470894 2.101243
v 8.686039 67.449379 2.149692
v 8.023046 67.588409 2.319146
v 8.048468 67.895287 2.220999
v 8.082957 68.212212 2.215505
v 6.839004 65.716888 6.097337
v 6.854550 65.210861 5.908023
v 2.624693 68.636452 13.096032
v 2.622952 68.716354 13.125980
v 2.076582 68.919807 13.011618
v 1.862313 68.872322 12.940943
v 2.835989 68.612297 13.101189
v 2.310003 68.926895 13.029737
v 2.627481 68.783257 13.155485
v 3.090994 68.595619 13.072826
v 2.109288 68.979713 12.937551
v 2.628419 68.849602 13.107848
v 3.104375 68.668289 13.117579
v 3.362570 68.606255 13.008444
v 2.128574 69.009727 12.870520
v 2.632703 68.893761 13.052430
v 3.612371 68.701111 12.944511
v 3.613957 68.769318 12.975483
v 3.577224 68.849541 12.929391
v 4.002445 68.873558 12.730809
v 4.010531 68.800865 12.675103
v 3.541928 68.900574 12.881307
v 3.939413 68.948608 12.689383
v 3.897396 69.000206 12.645318
v 1.747698 68.900932 12.929177
v 1.790807 68.945091 12.904022
v 1.841605 69.008560 12.871747
v 1.664055 69.041840 12.850837
v 1.860104 69.036064 12.819230
v 1.695873 69.060005 12.794478
v 1.859422 69.042023 12.777885
v 1.706863 69.068016 12.763686
v 3.912446 70.176270 12.944458
v 4.104044 70.079216 12.776944
v 3.759280 70.320480 13.113334
v 4.202099 70.124596 12.779684
v 3.562817 70.471161 13.276453
v 3.830600 70.389481 13.149725
v 4.083801 70.301300 12.979444
v 4.309515 70.199432 12.783620
v 3.911304 70.485924 13.196229
v 3.268389 70.514107 13.378126
v 3.310255 70.579285 13.466655
v 2.932383 70.442436 13.474342
v 4.433282 70.297089 12.787567
v 4.514920 70.080048 12.582701
v 4.007084 70.595032 13.256657
v 3.364950 70.647675 13.571359
v 4.568059 70.402573 12.792631
v 3.439554 70.745705 13.673573
v 4.693147 70.521538 12.779627
v 4.422757 70.627716 13.067047
v 3.082304 70.685234 13.850622
v 2.657431 70.464058 13.857097
v 3.530572 70.907181 13.750145
v 4.207838 70.871468 13.333532
v 4.790874 70.670319 12.733013
v 4.923759 70.417473 12.493822
v 3.622380 71.130043 13.782417
v 2.818995 70.778488 14.114900
v 4.290656 71.066528 13.310202
v 3.704386 71.403618 13.760072
v 4.851603 70.866463 12.644907
v 4.639483 71.205811 12.893455
v 4.036220 71.394440 13.514075
v 4.350669 71.306458 13.229522
v 6.996986 64.552452 5.313436
v 6.389341 64.234421 4.214141
v 6.233899 63.680195 4.158989
v 6.292631 63.625862 4.722484
v 6.124610 62.907925 4.299959
v 6.199132 63.867237 3.437259
v 6.280258 63.246059 5.427825
v 6.142570 64.168869 2.536632
v 6.005239 64.457993 1.554306
v 5.732284 64.541481 0.703415
v 5.824381 61.778416 1.929171
v 5.366975 64.511787 0.020014
v 5.538832 61.184353 1.160980
v 5.199973 62.058090 0.537655
v 4.852492 62.823078 -0.041275
v 4.952236 63.558426 -0.207686
v 5.544145 60.465977 1.132801
v 4.756845 61.487606 0.056538
v 5.194934 60.661671 0.542427
v 4.778691 62.140091 0.038852
v 5.814055 60.219730 1.830042
v 4.530447 63.538517 -0.620378
v 4.326134 62.228012 -0.377960
v 4.329317 61.623226 -0.371696
v 4.806443 60.845100 0.037677
v 4.418415 61.018604 -0.411957
v 4.909597 60.222633 -0.001309
v 4.562553 60.417297 -0.480915
v 5.057318 59.640354 -0.067619
v 4.741248 59.852497 -0.573826
v 3.704269 63.609539 -1.317397
v 3.551507 62.983681 -1.221208
v 4.972229 59.328697 -0.681470
v 5.268362 58.852509 -0.777779
v 5.267847 59.102001 -0.140815
v 5.542188 58.601795 -0.186674
v 5.868050 58.140842 -0.211086
v 6.243193 57.700356 -0.232628
v 5.351960 59.419838 0.474320
v 6.694817 57.257698 -0.279087
v 7.298939 56.766125 -0.402087
v 0.573737 78.601463 10.275215
v -0.045310 78.683708 10.174892
v 1.014692 78.281937 10.762238
v 0.389663 78.347168 10.818772
v 0.360011 78.069572 11.256598
v 0.996318 78.021637 11.176050
v 0.990032 77.731407 11.572786
v 1.599122 77.971321 11.017784
v 2.946560 61.139149 13.123159
v 3.109983 61.379627 13.043042
v 3.250353 61.619717 13.009574
v 3.693021 61.575119 12.642882
v 3.357485 61.857563 13.019580
v 3.816697 61.893463 12.675581
v 3.581568 61.868969 12.860240
v 3.410210 62.090714 13.072302
v 4.049076 61.929131 12.457077
v 3.868150 62.206158 12.748720
v 4.281460 61.964367 12.208139
v 3.367321 71.363724 13.969335
v 2.928326 71.016273 14.161223
v 3.766823 71.692612 13.686003
v 4.384709 71.587250 13.102787
v 3.032330 71.319481 14.145809
v 3.809522 71.954636 13.585434
v 4.115392 71.929985 13.299608
v 3.490578 71.957626 13.816747
v 3.171073 71.944542 14.004856
v 2.696186 71.278160 14.290808
v 2.855937 71.919159 14.163284
v 3.223260 72.200203 13.915087
v 3.869551 72.467659 13.346373
v 2.545261 71.884163 14.302570
v 3.568599 72.461548 13.601231
v 4.429661 72.171822 12.806891
v 2.353653 71.231087 14.407705
v 2.971680 72.443626 13.991422
v 2.617763 72.153854 14.222637
v 3.907808 72.776405 13.225447
v 3.303845 72.740967 13.705942
v 2.237162 71.847206 14.418702
v 2.725705 72.710884 14.031173
v 2.680676 72.423172 14.135845
v 2.391644 72.400612 14.244646
v 3.627723 73.083084 13.367565
v 3.323162 73.059372 13.586589
v 3.030272 73.039810 13.765930
v 2.747821 73.021851 13.905969
v 2.473611 73.009987 14.011141
v 4.557802 72.817444 12.507915
v 4.284623 73.144402 12.767804
v 3.976573 73.452141 12.969695
v 2.757104 73.358978 13.788493
v 2.199403 73.008987 14.083305
v 3.650904 73.770134 13.131396
v 3.989487 73.782066 12.835423
v 3.044971 73.734741 13.540932
v 3.338128 73.752945 13.360268
v 2.486852 73.714958 13.795877
v 2.216129 73.350922 13.971752
v 2.213800 73.718887 13.878496
v 3.340313 74.119232 13.247949
v 2.765814 74.104095 13.581398
v 4.348840 73.783577 12.458892
v 3.991573 74.116699 12.705508
v 2.206057 74.107979 13.787405
v 1.934764 73.732841 13.934413
v 3.990739 74.463371 12.561687
v 3.655154 74.489685 12.877038
v 3.342470 74.502663 13.114990
v 2.488915 74.508705 13.582182
v 2.203272 74.516342 13.675615
v 1.911135 74.531601 13.745136
v 4.346708 74.423286 12.156400
v 3.351907 74.902527 12.940241
v 2.207464 74.937218 13.525171
v 1.610720 74.552986 13.793466
v 1.607939 74.979324 13.652988
v 3.368821 75.319099 12.711607
v 1.918193 75.385681 13.396301
v 1.613044 75.415405 13.455112
v 1.299530 75.451515 13.492984
v 1.623017 75.853859 13.205146
v 0.980579 75.490410 13.519899
v 1.313768 76.311386 12.963165
v 1.629218 76.277809 12.902700
v 0.990908 76.349052 13.003859
v 0.986540 75.932411 13.284983
v 1.626767 76.674522 12.546908
v 1.935557 76.252205 12.818787
v 0.664451 76.388077 13.032668
v 0.991311 76.731636 12.677695
v 0.989526 77.085602 12.323988
v 1.307246 77.059029 12.252691
v 0.336787 76.421120 13.053190
v 1.618822 77.041801 12.162797
v 0.667218 77.116615 12.379432
v 0.339184 76.797882 12.748754
v 0.341589 77.142113 12.416693
v 1.609520 77.381653 11.778516
v 0.988394 77.418854 11.955779
v 0.344658 77.465378 12.059635
v 1.922640 77.033997 12.053312
v 1.602109 77.693085 11.399587
v 1.626878 58.134804 13.092763
v 1.089388 57.937477 13.092901
v 1.383611 57.921490 12.563345
v 0.904550 57.738354 12.484183
v 1.280687 57.816826 12.289058
v 0.499374 57.679474 12.620772
v 0.463309 57.596642 12.314247
v 0.793644 57.571442 11.921136
v 1.638165 57.902988 12.028923
v 1.137602 57.651741 11.750852
v 1.483463 57.729832 11.517948
v 0.077705 57.485470 12.080063
v 0.438572 57.514812 12.030053
v 1.098838 57.587242 11.490290
v 1.842853 57.816906 11.219162
v 0.422918 57.434113 11.760201
v 1.081659 57.526104 11.235362
v 1.423060 57.612995 11.026244
v 0.748741 57.432159 11.392890
v 1.792802 57.753986 10.991761
v 1.769180 57.703720 10.768948
v 1.087001 57.464561 10.977886
v 1.782425 57.661537 10.532217
v 0.415015 57.355469 11.497803
v 2.106046 57.806828 10.468342
v 2.108085 57.764950 10.274257
v 1.840227 57.605309 10.255413
v 0.763710 57.294666 10.867882
v 1.112401 57.395500 10.709465
v 1.472336 57.498749 10.502180
v 0.414046 57.283897 11.237074
v 2.423081 57.895355 10.122664
v 2.197813 57.714619 9.997160
v 0.419824 57.216400 10.972566
v 1.149939 57.306778 10.420561
v 3.135026 57.942295 9.075265
v 2.761951 57.740402 9.315769
v 1.588188 57.252571 9.871279
v 0.434058 57.140537 10.691677
v 0.825385 57.098610 10.282745
v 1.190112 57.177299 10.116330
v 2.503286 57.413765 9.185505
v 2.028148 57.329742 9.559607
v 1.633865 57.012314 9.537835
v 1.213395 56.976086 9.828794
v 3.135201 57.276855 8.208029
v 0.458297 57.031559 10.388477
v 1.095927 56.681347 9.610136
v 3.209923 56.923187 7.779633
v 2.685680 56.793106 8.318824
v 2.169980 56.732300 8.792900
v 0.501531 56.847229 10.083241
v 1.710616 56.257225 8.849709
v 0.569381 56.531731 9.753474
v 3.293914 56.502739 7.439310
v 2.327786 55.808975 8.093204
v 1.785155 55.754391 8.508682
v 1.228380 55.690620 8.856644
v 0.621853 56.114414 9.419353
v 1.858807 55.198967 8.182094
v 3.395863 56.048233 7.187380
v 2.866178 55.876240 7.642035
v 3.488797 55.569733 6.987545
v 3.562623 55.021309 6.809682
v 4.111445 55.289333 6.404073
v 4.621808 55.613617 5.969299
v 0.349725 77.773445 11.671362
v 2.200722 77.369835 11.542771
v 2.184683 77.667236 11.176111
v -0.310328 77.469963 12.059407
v -0.313570 77.146133 12.416345
v 2.174567 77.925133 10.813648
v -0.308684 77.778610 11.671249
v -0.639331 77.124649 12.378855
v 1.880266 78.183418 10.542020
v -0.312137 78.075485 11.256568
v -0.954362 77.432442 11.955322
v -0.961906 77.097351 12.323064
v -0.949462 77.746666 11.572586
v -0.949347 78.038612 11.176060
v -0.961719 78.300835 10.762384
v -1.111690 78.546135 10.219444
v -1.562528 77.717667 11.399298
v -1.553648 77.998291 11.017776
v -1.279996 77.073181 12.250093
v -1.576209 77.403656 11.777867
v -1.557577 78.244133 10.624072
v -1.591960 77.057701 12.157851
v -1.696514 78.472137 10.096694
v -1.830757 78.217270 10.542227
v -2.131347 77.960678 10.813632
v -2.131209 78.184776 10.441530
v -2.146652 77.699936 11.175798
v -2.168422 77.398895 11.541665
v -1.896149 77.051643 12.046323
v -2.262826 78.384842 9.930814
v -1.707491 78.811264 9.233216
v -2.397046 78.151291 10.343564
v -1.148372 79.182671 8.438841
v -2.191921 77.052200 11.918800
v -2.694088 77.903214 10.581975
v -2.709075 77.665642 10.924307
v -2.817425 78.274101 9.716763
v -1.720212 79.061363 8.380877
v -2.734338 77.384216 11.269270
v -2.966654 78.046417 10.106095
v -2.973378 77.853882 10.460974
v -2.270984 78.924805 8.293049
v -1.746274 79.242447 7.541823
v -3.243484 77.784660 10.349100
v -3.256814 77.581192 10.650314
v -2.812309 78.769707 8.162489
v -2.278294 79.101974 7.496265
v -1.812882 79.339081 6.884817
v -3.745082 78.012894 9.197458
v -3.354685 78.576912 8.005139
v -2.743721 79.087158 6.764920
v -3.362707 78.763130 7.154797
v -3.209051 79.008621 6.074507
v -4.044952 77.692421 9.499393
v -3.749917 77.654137 10.010015
v -4.077045 78.621277 5.946146
v -3.891897 78.322815 7.872622
v -3.435330 79.081627 4.642778
v -4.397133 77.997719 7.793159
v -4.552423 78.092178 6.969093
v -3.572087 78.966240 3.338709
v -4.849683 77.606308 7.763113
v -4.129328 77.807343 9.053201
v -4.463849 77.555710 8.976290
v -4.743265 77.256783 8.982733
v -4.985298 77.222565 8.425925
v -5.235482 77.160568 7.787567
v -5.492681 77.072639 7.075782
v -4.965655 76.911789 9.082667
v -4.513371 77.274292 9.442628
v -4.206258 77.469864 9.685233
v -5.536599 76.676437 7.903690
v -4.294125 77.303467 9.793663
v -5.136057 76.529671 9.263613
v 1.591692 65.106628 15.111759
v 1.710930 64.989502 14.822988
v 1.515984 65.137299 15.096731
v 1.386936 65.195412 15.305824
v 1.590822 65.075928 14.938495
v 1.445472 65.177933 15.088570
v 1.336312 65.226410 15.285844
v 1.602876 65.019547 14.829309
v 1.558752 64.962173 14.739236
v 1.502806 65.123741 14.930941
v 1.359760 65.240486 15.078485
v 1.504444 65.084984 14.833675
v 1.401696 65.191368 14.880064
v 1.132219 65.245033 15.490816
v 1.185082 65.341454 15.124051
v 1.084054 65.279724 15.416519
v 1.217684 65.354156 14.845432
v 1.188890 65.304169 14.704799
v 0.874079 65.195099 15.624062
v 0.849150 65.241898 15.518818
v 0.880821 65.399544 15.138906
v 1.010357 65.354721 15.311011
v 1.244145 65.146149 14.658510
v 1.129146 65.259575 14.627613
v 1.053301 65.369331 14.688310
v 0.996202 65.417007 14.800780
v 0.835560 65.330879 15.371102
v 0.706364 65.086937 15.582753
v 0.996794 65.322632 14.639458
v 1.079809 65.221909 14.601955
v 0.836137 65.357307 14.723053
v -5.739001 76.184601 8.134392
v -5.265682 76.121201 9.491221
v -4.056471 77.366806 10.060461
v -4.407116 77.034561 9.967400
v -4.825193 76.618118 9.757845
v -5.850114 75.750328 8.425450
v -5.668654 75.556732 9.180174
v -5.360641 75.696236 9.735751
v -4.206228 76.785843 10.555206
v -4.596822 76.309341 10.457215
v -4.653840 75.885178 10.744585
v -5.012051 75.794937 10.263475
v -3.848645 77.189590 10.559072
v -3.907900 76.872421 10.849106
v -5.420727 75.274590 9.988482
v -4.309175 75.979279 11.157581
v -4.684796 75.456001 11.028074
v -3.956148 76.494637 11.165052
v -3.615759 76.946938 11.089611
v -3.984683 76.069595 11.497596
v -5.449029 74.883224 10.234277
v -5.089896 74.983437 10.775009
v -4.701016 75.053444 11.278988
v -3.676603 76.142899 11.776875
v -4.331448 75.122231 11.723696
v -3.361407 76.623047 11.645472
v -3.378618 76.191086 12.008970
v -4.714651 74.691742 11.487170
v -5.456093 74.536804 10.452497
v -3.990750 75.188141 12.093140
v -5.108737 74.316299 11.163710
v -5.450166 74.227097 10.640813
v -3.669366 75.239357 12.389361
v -3.376769 75.728210 12.348610
v -3.986080 74.787125 12.308748
v -4.340589 74.393036 12.104454
v -5.434455 73.937767 10.807952
v -4.731264 74.055489 11.822645
v -3.362459 75.271782 12.623447
v -5.409900 73.656372 10.967231
v -5.084185 73.725021 11.492510
v -3.650136 74.431847 12.764566
v -3.985050 74.417099 12.476076
v -4.721664 73.754669 11.981174
v -3.347165 74.842941 12.826702
v -3.338037 74.438469 12.984782
v -5.372561 73.373817 11.135736
v -3.335433 74.058311 13.109934
v -3.985873 74.070694 12.611948
v -4.342673 73.753769 12.395877
v -4.692400 73.453896 12.146516
v -5.313220 73.079391 11.326896
v -4.987659 73.128029 11.851771
v -3.983593 73.739960 12.738983
v -5.622964 72.984230 10.773217
v -4.637872 73.140839 12.315104
v -5.217668 72.757133 11.532989
v -4.282669 73.119911 12.703414
v -3.971236 73.414856 12.874316
v -4.561624 72.803261 12.473645
v -5.096323 72.413681 11.738884
v -5.412357 72.349312 11.227041
v -4.790523 72.449394 12.209114
v -4.989244 72.073120 11.940375
v -5.569396 71.898453 10.952889
v -4.433425 72.151634 12.779808
v -3.910717 72.750504 13.144783
v -4.921774 71.740547 12.139083
v -5.448601 71.593506 11.212562
v -5.688180 71.427292 10.719383
v -3.873126 72.444313 13.276928
v -4.668862 71.792885 12.558120
v -5.343369 71.283394 11.464435
v -4.109433 71.902100 13.263573
v -4.369514 71.549400 13.085883
v -5.055476 71.011719 12.106268
v -5.250762 70.960991 11.700335
v -5.771113 70.963631 10.564878
v -5.644106 70.715820 10.906616
v -6.075043 70.875488 9.737480
v -3.800003 71.926529 13.537048
v -5.191739 70.660973 11.912389
v -4.321554 71.258255 13.217836
v -4.613202 71.156296 12.888985
v -3.745356 71.657578 13.647155
v -4.004257 71.348663 13.492419
v -4.246804 71.008499 13.302361
v -3.666100 71.358627 13.730963
v 0.708989 65.285530 15.309425
v 1.143032 65.144913 14.635153
v 1.218399 64.989647 14.690529
v 0.620313 65.090042 15.299002
v 0.977564 65.245361 14.614451
v 1.024283 65.182175 14.637890
v 0.845983 65.264832 14.656651
v 0.868038 65.171593 14.700671
v 0.733621 65.283386 14.715645
v 0.679201 65.370895 14.927360
v 0.613918 65.267715 15.164150
v 0.719664 65.140976 14.778815
v 1.134868 64.816689 14.728751
v 0.632695 65.294296 14.809740
v 0.578968 65.286346 14.928169
v 0.940759 64.804245 14.827286
v 0.745767 64.951385 14.867856
v 0.611311 65.117149 14.846415
v 0.566611 65.093849 14.962961
v 0.567558 65.251396 15.063103
v 0.577217 65.082664 15.120666
v 0.714667 64.729118 15.021968
v 0.798308 64.772621 14.920511
v 0.625085 64.877472 15.046129
v 0.633433 64.955185 15.390331
v 0.662698 64.709778 15.121634
v 0.847308 64.621002 14.938546
v 0.711406 64.560822 15.093017
v 0.635933 64.886856 15.483711
v 0.625958 64.750664 15.256065
v 0.725399 65.061188 15.702393
v 1.008014 64.656898 14.789186
v 0.741120 64.452560 15.087427
v 0.743219 64.358063 15.101139
v 0.919184 64.398041 14.947835
v 1.110790 64.437592 14.761874
v 1.338149 64.472458 14.537967
v 0.526907 64.328522 15.176548
v 0.456723 64.370995 15.180923
v 0.739677 64.242393 15.129793
v 0.291629 64.290878 15.166191
v 1.586699 64.519493 14.332951
v 0.739144 64.086823 15.157782
v 0.976544 64.101624 15.013179
v 0.507407 64.083023 15.211552
v 1.225731 64.121353 14.811643
v 0.746377 63.882809 15.163876
v 0.291053 64.083893 15.180264
v 0.760119 63.642406 15.139218
v 0.499875 63.658245 15.231538
v 0.776503 63.392365 15.094230
v 0.265517 63.673992 15.216619
v 0.809684 63.195534 15.077653
v 0.096537 64.084381 15.150229
v 0.264260 63.167152 15.270044
v 0.527690 63.200291 15.224245
v 0.013833 63.148621 15.276006
v 0.839655 63.041405 15.012217
v -0.158655 63.662304 15.227402
v 0.864451 62.896809 14.906104
v -0.233690 63.165592 15.286272
v -0.399371 63.635998 15.248384
v -0.496108 63.192699 15.250616
v 0.587120 62.756344 14.916108
v 0.284788 62.753502 15.022989
v -0.000002 62.753929 15.072729
v -0.785506 63.175884 15.105909
v -0.730956 63.363129 15.117210
v -0.827169 63.023540 15.044543
v -0.615536 63.833984 15.174932
v -0.676612 63.601524 15.155672
v -0.287154 62.751472 15.043653
v -0.856223 62.875652 14.940377
v -0.594411 62.751415 14.951455
v -1.215847 63.533054 14.757408
v -0.871520 62.733196 14.814232
v -0.870356 62.596443 14.681782
v -0.841068 62.485355 14.520309
v -3.320877 71.318420 13.936722
v -4.148601 70.803848 13.328357
v -3.564191 71.073654 13.761812
v -2.979372 71.275002 14.113051
v -2.854070 70.961105 14.140007
v -3.452324 70.839256 13.735788
v -2.724450 70.713516 14.101048
v -2.638409 71.235870 14.260433
v -2.976016 70.608246 13.839412
v -3.342974 70.667130 13.663296
v -3.916663 70.508972 13.254401
v -4.355987 70.550400 13.065098
v -2.133522 70.839104 14.390979
v -2.291899 71.191750 14.382210
v -2.530208 70.389282 13.850543
v -3.254141 70.560966 13.563479
v -3.806292 70.391586 13.194815
v -2.267737 70.420609 14.109540
v -3.188782 70.487183 13.460504
v -2.474299 70.292839 13.687515
v -1.893443 70.112083 13.935658
v -3.974066 70.199722 12.978364
v -3.713079 70.287880 13.148860
v -3.438593 70.370766 13.274220
v -2.445904 70.215546 13.555058
v -2.793059 70.353615 13.469271
v -3.138188 70.417953 13.373569
v -3.631881 70.213036 13.112644
v -3.089469 70.353874 13.301429
v -1.873108 70.008568 13.698911
v -2.130179 70.077774 13.553980
v -2.427290 70.152550 13.437237
v -3.552826 70.163750 13.083918
v -3.782763 70.063690 12.943581
v -3.306899 70.250656 13.178278
v -3.035442 70.293129 13.241301
v -2.724671 70.233383 13.283445
v -2.411923 70.109703 13.326025
v -1.880815 69.873329 13.308280
v -1.868936 69.937607 13.484954
v -2.972441 70.214981 13.181836
v -2.123259 69.978867 13.273247
v -2.395797 70.047020 13.241712
v -3.135803 70.056396 13.120524
v -3.344465 70.012413 13.046968
v -2.903302 70.047211 13.171539
v -2.651110 69.977409 13.206066
v -2.407212 69.867119 13.216531
v -1.899318 69.824051 13.195930
v -3.267333 69.842522 13.107369
v -2.845770 69.857437 13.205510
v -2.188513 69.737633 13.182057
v -2.412980 69.725441 13.217290
v -1.994101 69.615074 13.121977
v -1.728406 69.680603 13.152781
v -2.415717 69.642906 13.216406
v -2.608188 69.690826 13.234466
v -3.012751 69.749710 13.196037
v -3.218092 69.731316 13.147608
v -2.808198 69.731926 13.228214
v -2.031395 69.533119 13.114251
v -1.821934 69.523399 13.071703
v -2.050917 69.490326 13.116727
v -2.230245 69.568336 13.168115
v -2.419587 69.598923 13.213338
v -2.790495 69.660301 13.267489
v -1.887659 69.421997 13.041084
v -2.061218 69.446564 13.126549
v -1.740145 69.375938 12.987970
v -2.435698 69.526550 13.168335
v -2.095969 69.399391 13.045310
v -1.769770 69.342186 12.952236
v -3.155336 69.571053 13.154267
v -2.783662 69.570473 13.227102
v -1.769060 69.307411 12.952873
v -1.819643 69.276924 12.891932
v -1.641318 69.199547 12.801641
v -1.647176 69.195236 12.796450
v -1.603513 69.214592 12.850452
v -1.536726 69.248810 12.900636
v -1.232352 62.412132 14.311323
v -1.105102 62.702717 14.660480
v -1.401360 62.353348 14.196568
v -1.326435 62.647358 14.511727
v -1.461300 62.453327 14.283650
v -1.515031 62.585167 14.357108
v -1.520350 62.728466 14.386215
v -1.053013 63.141350 14.898341
v -1.656557 62.502632 14.175229
v -1.501920 62.866482 14.401024
v -1.788667 62.428837 13.994589
v -1.286021 63.080860 14.663084
v -1.487286 63.023937 14.429498
v -1.810704 62.526455 14.007919
v -1.672849 62.933243 14.217905
v -1.475225 63.235352 14.472982
v -1.448721 63.501213 14.516396
v -1.852062 62.793369 14.035107
v -1.393086 63.770397 14.545831
v -1.670539 63.464203 14.288412
v -1.883330 63.092587 14.062309
v -2.019194 62.717888 13.887025
v -1.881425 63.696331 14.106949
v -1.074825 64.019180 14.803210
v -0.824910 64.018707 15.017669
v -0.567436 64.029305 15.168386
v -1.565770 64.029312 14.326724
v -1.843931 63.997837 14.119173
v -1.310912 64.022362 14.555404
v -0.314664 64.046379 15.223289
v -1.759326 64.297646 14.133778
v -1.884394 64.586372 14.020414
v -0.095407 64.063652 15.188478
v -2.452584 64.379616 13.796699
v -2.337742 64.719276 13.823282
v 0.117539 64.264343 15.162073
v -2.990964 64.064156 13.592451
v -2.896865 64.484741 13.656164
v -3.219320 64.089958 13.512383
v -2.723376 64.864235 13.714483
v -3.460562 64.148026 13.422875
v -2.474106 65.211929 13.780714
v -2.919504 64.955246 13.685832
v -4.023170 63.878651 13.088278
v -3.715965 64.264069 13.332704
v -3.340669 64.640968 13.539495
v -2.090044 65.451813 13.811205
v -3.964070 64.417320 13.230653
v -3.344756 65.249825 13.580469
v -4.271451 63.517982 12.814422
v -4.196712 64.597443 13.115082
v -3.801714 64.951912 13.374970
v -2.424468 65.719620 13.785994
v -4.024477 65.175659 13.266708
v -4.434982 64.836464 12.977393
v -4.774352 63.856552 12.427839
v -2.604078 65.905968 13.742062
v -2.091078 65.905800 13.820051
v -2.769178 66.119270 13.689792
v -4.672404 65.144272 12.841089
v -5.055146 64.790794 12.385926
v -3.348951 66.182304 13.509043
v -2.900662 66.350769 13.624690
v -3.844628 65.988373 13.329529
v -1.524063 69.029526 12.772990
v -1.514403 69.022560 12.801191
v -1.485939 69.006096 12.852033
v -1.436296 68.989082 12.895391
v -1.366782 69.081955 12.930613
v -1.386327 68.982765 12.932491
v -1.487738 69.281731 12.937552
v -1.405100 69.188454 12.929203
v -1.463562 68.907784 12.928623
v -1.328740 68.978203 12.975985
v -1.440474 69.316017 12.974134
v -1.675424 68.989723 12.826349
v -1.660217 68.963593 12.874194
v -1.612718 68.903328 12.903897
v -1.671211 68.996834 12.791760
v -1.571506 68.861313 12.928360
v -1.272950 68.974968 13.022951
v -1.302950 69.251465 13.014227
v -1.353725 68.845543 13.010957
v -1.684523 68.827110 12.940199
v -1.525267 68.809509 12.958884
v -1.223475 68.974106 13.071035
v -1.792544 68.791679 12.961769
v -1.616020 68.687523 12.989085
v -1.436097 68.697304 13.034790
v -1.153836 69.156975 13.122528
v -1.260024 68.795074 13.112691
v -1.176917 68.976830 13.126138
v -1.894488 68.863922 13.012428
v -1.894833 68.814461 13.000345
v -1.895884 68.755577 12.989699
v -1.752042 68.630646 12.990321
v -1.394442 68.647087 13.087297
v -1.128273 68.984802 13.194630
v -1.879038 68.576187 12.997942
v -1.885736 68.670662 12.997098
v -2.001421 68.712585 13.027482
v -1.558606 68.548965 13.064305
v -1.163419 68.786232 13.275208
v -1.076854 68.999619 13.277826
v -2.126084 68.660049 13.057271
v -2.115402 68.730751 13.085645
v -2.006515 68.511406 13.014848
v -1.875857 68.486496 13.011594
v -1.722328 68.473755 13.049645
v -1.303457 68.587624 13.250769
v -1.023759 69.020760 13.373522
v -2.272191 68.600266 13.083303
v -2.133443 68.557831 13.047378
v -1.486485 68.430115 13.212055
v -1.861700 68.286415 13.095296
v -1.870556 68.389008 13.045104
v -1.676501 68.312431 13.178687
v -2.291214 68.374855 13.042917
v -2.164497 68.207565 13.045923
v -1.849393 68.193504 13.157061
v -2.463936 68.330353 13.042746
v -1.836799 68.120377 13.223927
v -2.019541 68.079002 13.139676
v -2.327757 68.144913 13.040692
v -1.828918 68.065941 13.290625
v -1.592872 68.174530 13.423615
v -1.832213 68.018150 13.355587
v -2.224456 67.908485 13.168623
v -2.255949 67.842834 13.216278
v -2.062989 67.887939 13.305363
v -1.850224 67.957108 13.420524
v -2.199403 67.990852 13.122221
v -2.293667 67.783646 13.267081
v -2.389585 67.926010 13.104454
v -2.179530 68.092224 13.079584
v -2.716069 67.698982 13.162856
v -2.529827 67.697044 13.237563
v -2.335745 67.712631 13.321803
v -2.131957 67.729782 13.425849
v -2.544818 67.981331 13.050069
v -2.593941 67.873795 13.082980
v -2.651826 67.779747 13.121086
v -2.376883 67.612915 13.378821
v -2.506992 68.096558 13.027282
v -2.823064 67.826134 13.050039
v -3.268715 67.601021 13.053390
v -3.065282 67.548508 13.162839
v -2.852965 67.519539 13.255165
v -3.171813 67.694572 13.022236
v -2.714077 68.060974 13.003896
v -3.010704 67.908600 12.974071
v -3.084097 67.795448 12.994986
v -4.348008 65.756683 13.091590
v -4.852816 65.529114 12.743734
v -5.422773 65.282875 12.086401
v -2.391200 66.278191 13.741371
v -2.527166 66.502602 13.684044
v -3.892550 66.261887 13.282294
v -2.981203 66.591652 13.544511
v -3.878266 66.525635 13.254412
v -2.228443 66.633560 13.734566
v -2.337422 66.869667 13.661776
v -2.679850 66.969131 13.527829
v -3.010354 66.826286 13.465915
v -3.811058 66.773003 13.225762
v -2.690890 67.177444 13.454821
v -3.004533 67.041893 13.402351
v -3.380591 66.904106 13.333241
v -3.710354 66.999718 13.188687
v -2.152783 67.219376 13.642143
v -2.420728 67.304344 13.505410
v -2.972008 67.231201 13.351556
v -2.408201 67.476898 13.438670
v -2.174046 67.426605 13.562737
v -2.633751 67.501480 13.341612
v -2.918427 67.390945 13.303432
v -3.241026 67.286163 13.248224
v -3.482752 67.365601 13.120289
v -1.916743 67.727402 13.557849
v -1.619930 68.017944 13.574512
v -1.345311 68.365944 13.507101
v -1.688900 67.687500 13.730060
v -1.440302 67.842018 13.857335
v -1.397683 68.044945 13.783405
v -1.082867 68.436897 13.854871
v -1.128181 68.606522 13.574673
v -1.186988 68.011375 14.015469
v -1.441519 67.601143 13.936160
v -0.980063 68.857567 13.597274
v -0.922065 68.428307 14.117500
v -0.880730 68.637344 14.014519
v -0.964318 68.189003 14.202276
v -1.000499 67.927589 14.282355
v -0.726133 68.783356 14.137268
v -0.818162 68.093987 14.495517
v -1.017009 67.655296 14.389724
v -0.599741 68.898842 14.244942
v -0.613896 68.700035 14.383522
v -0.633176 68.482140 14.545004
v -0.660307 68.237007 14.696328
v -1.002779 67.390587 14.524767
v -0.485131 68.998604 14.349479
v -0.504064 68.589958 14.678956
v -0.690459 67.975563 14.840897
v -0.850191 67.563995 14.758461
v -0.367025 68.884796 14.597187
v -0.360438 69.082672 14.441684
v -0.377729 68.676880 14.792828
v -0.215479 69.149918 14.513918
v -0.974615 67.146461 14.672629
v -0.059078 69.198257 14.562554
v -0.049367 69.390900 14.426003
v -0.946618 66.923843 14.814727
v -1.149663 67.221924 14.315350
v -1.307889 67.066902 14.127048
v -1.229945 66.823700 14.244315
v -1.064875 66.759270 14.580642
v -1.390209 67.334465 14.025906
v -1.159034 66.444000 14.471840
v -1.030480 66.375145 14.821818
v -1.343164 66.527145 14.150141
v -1.676760 67.459244 13.812543
v -1.624707 66.628960 13.932701
v -1.547418 66.460114 13.978144
v -1.845177 67.090401 13.802908
v -1.174668 66.302910 14.579703
v -1.507410 66.324913 14.024843
v -1.915387 67.335831 13.717025
v -1.855854 66.534676 13.851940
v -1.975591 66.746590 13.800266
v -1.682845 66.223434 13.900871
v -1.212659 66.172928 14.694312
v -1.335738 66.257759 14.323440
v -1.493570 66.206955 14.081563
v -1.637014 66.109131 13.918730
v -2.098128 66.416496 13.789587
v -1.860951 66.076035 13.848185
v -3.370357 67.800392 12.900525
v -2.957902 68.030617 12.963743
v -3.782894 67.718025 12.756226
v -3.675263 67.832283 12.751102
v -4.194677 67.351822 12.776688
v -4.039709 67.503357 12.771464
v -3.230009 68.047966 12.885963
v -3.584090 67.963905 12.749083
v -4.388189 67.579987 12.519535
v -3.991410 67.887543 12.541637
v -4.296139 68.008873 12.286756
v -4.430898 67.894188 12.259134
v -4.576604 67.799202 12.235943
v -4.736080 67.705902 12.212206
v -4.175709 68.130302 12.318402
v -3.811399 68.147888 12.572616
v -3.518824 68.100159 12.756340
v -5.111309 67.398849 12.141019
v -4.577432 68.138588 12.031351
v -5.283289 68.050507 11.598326
v -4.083717 68.249397 12.356254
v -5.422041 67.620384 11.752164
v -5.436249 68.260376 11.360925
v -4.787835 68.259308 11.819788
v -5.357938 68.487312 11.337519
v -5.543754 68.488884 11.185276
v -5.656717 67.880569 11.371748
v -5.732996 68.487495 10.999169
v -5.169139 68.483498 11.466091
v -4.914011 68.374603 11.670271
v -5.623178 68.727707 11.075205
v -5.928623 68.479980 10.771382
v -5.671407 68.971695 11.029007
v -4.984838 68.487846 11.581342
v -5.020260 68.596733 11.543387
v -6.003629 68.809425 10.569485
v -5.680101 69.213196 11.045661
v -5.030656 68.705421 11.548607
v -5.475317 69.079391 11.275818
v -6.014090 69.469177 10.412495
v -6.161500 69.562950 10.019492
v -5.248893 68.938461 11.459078
v -5.021570 68.824005 11.590546
v -4.992150 68.961197 11.662185
v -4.951626 69.124535 11.760960
v -5.696630 69.835457 10.988915
v -4.721313 68.756897 11.781816
v -5.979049 70.241234 10.241830
v -4.751306 69.026558 11.829185
v -5.826382 70.507782 10.541888
v -6.104325 70.385170 9.797552
v -5.523685 70.448555 11.216531
v -6.218254 70.496307 9.382360
v -5.464686 69.825745 11.469392
v -5.222281 70.118889 11.957767
v -5.350677 69.981331 11.705600
v -5.236480 69.803856 11.866936
v -5.567819 69.646698 11.270386
v -5.409069 69.466835 11.491407
v -4.873787 70.343422 12.491944
v -4.946419 70.088860 12.306242
v -5.059007 69.647202 11.969459
v -5.192512 69.283440 11.654658
v -4.816754 70.806946 12.642583
v -4.744226 70.601959 12.730778
v -4.633955 70.444717 12.777625
v -4.784800 69.960442 12.356968
v -4.908369 69.314751 11.883424
v -4.851137 69.515800 12.027755
v -4.760568 69.697334 12.199478
v -4.615163 69.849724 12.385816
v -4.494973 70.317200 12.790929
v -4.422140 69.980049 12.581406
v -4.672166 69.427513 12.064482
v -1.496806 66.089821 14.158066
v -1.618067 66.000465 13.961057
v -1.621175 65.877785 14.037361
v -1.720123 65.859558 13.844229
v -1.765734 65.596603 13.816836
v -1.735090 65.489540 13.868369
v -1.694435 65.619362 13.968788
v -1.726064 65.329063 13.954147
v 1.315665 64.841774 14.665140
v 1.461438 64.772270 14.563959
v 1.636725 64.800453 14.436079
v 1.785034 64.879845 14.314442
v 1.890514 64.977005 14.200113
v -2.466118 62.167427 12.723109
v -4.823725 68.510109 11.686971
v -4.730907 68.614349 11.751666
v -4.738129 68.680550 11.754221
v -4.636796 68.790176 11.862833
v -4.571268 68.842392 11.940895
v -4.561452 69.016350 11.963503
v -4.634417 68.998787 11.897954
v -4.507865 69.045624 12.034499
v -4.592732 69.183350 11.986802
v -4.445753 69.359581 12.142385
v -4.452388 69.181396 12.110822
v -4.541933 69.384079 12.098815
v -4.322078 69.278328 12.292918
v -4.455788 69.567612 12.236745
v -4.204587 69.693192 12.416429
v -4.459527 69.767494 12.398807
v -4.323532 69.721169 12.402116
v -5.645109 69.441322 11.126568
v -6.477526 67.267761 0.434039
v -6.863735 67.068924 1.688070
v -6.679477 66.536766 1.628633
v -6.115451 66.431557 0.539944
v -7.126371 67.403923 2.726277
v -7.019425 66.829056 2.908569
v -6.986359 66.270866 3.298936
v -6.529334 65.310783 3.098148
v -5.636590 64.565643 1.027649
v -5.911006 64.482758 1.765529
v -6.077407 64.183647 2.634559
v -6.749938 65.456970 3.540466
v -7.499271 67.435043 3.196406
v -6.176888 63.866886 3.462926
v -6.768575 65.072548 4.143460
v -5.282342 64.531929 0.428459
v -6.360588 64.236488 4.219273
v -6.225882 63.676598 4.159387
v -6.150271 62.903156 4.299648
v -6.044706 61.407658 2.797258
v -6.280978 63.626324 4.720525
v -6.035587 61.892399 4.671397
v -4.345458 70.203323 12.786141
v -4.207675 70.098022 12.782402
v -4.088386 70.016777 12.778718
v -4.157195 69.852051 12.591479
v -3.980558 69.966324 12.776073
v -3.856979 69.942108 12.769294
v -3.731894 69.846458 12.821030
v -3.918885 69.735016 12.665265
v -3.537611 69.931892 12.944101
v -3.659136 69.717094 12.902988
v -4.111031 69.607239 12.493564
v -3.416071 69.689003 13.068408
v -3.611862 69.635742 12.959140
v -4.049058 69.510155 12.585285
v -3.819992 69.557411 12.831133
v -4.007739 69.443771 12.660618
v -3.573015 69.569466 13.001398
v -3.543624 69.507721 13.027740
v -4.166506 69.327805 12.505886
v -3.970456 69.384056 12.718751
v -3.485525 69.472954 12.959742
v -3.937014 69.324783 12.737443
v -4.277224 69.229095 12.377997
v -3.445455 69.464043 12.898328
v -3.867167 69.289726 12.674644
v -4.230240 69.189148 12.444498
v -4.353418 69.143753 12.278911
v -3.827407 69.282753 12.610859
v -4.078422 69.123718 12.421367
v -4.406324 69.071396 12.202609
v -4.459039 69.065941 12.115340
v -4.343794 69.065781 12.279514
v -4.144631 69.040482 12.318539
v -4.065782 69.073257 12.309800
v -4.437863 69.007240 12.144666
v -4.547179 68.930191 11.978676
v -4.511981 68.900238 12.022090
v -4.448672 68.952606 12.107118
v -4.376968 68.993446 12.189963
v -4.167141 69.018250 12.273591
v -4.441781 68.908371 12.089930
v -4.092828 69.024643 12.253245
v -4.417111 68.869469 12.095853
v -4.576219 68.775833 11.920164
v -4.560641 68.721657 11.920182
v -4.445804 68.751648 12.037158
v -4.369327 68.828606 12.130432
v -4.289645 68.896248 12.214635
v -4.230220 68.945099 12.300958
v -4.070777 69.002228 12.288237
v -4.141977 68.981506 12.310944
v -4.521680 68.675858 11.947906
v -4.602121 68.607872 11.864468
v -4.289986 68.779465 12.198920
v -4.449824 68.636978 12.011966
v -4.633410 68.495255 11.849368
v -4.178900 68.721306 12.309012
v -4.333706 68.598618 12.119678
v -4.045523 68.654381 12.462090
v -4.517166 68.441750 11.968716
v -4.327039 68.367088 12.142728
v -4.169912 68.542671 12.274988
v -3.926327 68.516090 12.550274
v -3.889052 68.591072 12.629219
v -3.971367 68.449585 12.468359
v -5.815242 61.778992 1.929738
v -6.029530 60.583488 2.694495
v -5.517932 61.183792 1.150427
v -5.170140 62.065296 0.570118
v -5.336670 60.151016 6.003392
v -5.534472 60.456436 1.122699
v -6.070595 59.406837 3.431303
v -5.822796 61.385597 6.043500
v -5.491503 60.740211 6.652987
v -4.956899 59.957123 7.045206
v -4.864367 59.630699 6.785852
v -6.079015 58.240868 3.179102
v -6.024848 59.191547 2.464832
v -6.031689 58.583992 2.384828
v -5.854449 58.891140 1.682136
v -6.066115 57.972099 2.310406
v -5.525240 57.513748 4.857365
v -4.906296 57.578686 5.741943
v -6.000793 56.705776 3.765219
v -6.148024 57.013985 2.956852
v -5.120125 56.522411 5.452506
v -5.666138 56.370838 4.605747
v -6.021889 57.709217 1.628066
v -6.261606 56.658585 2.150136
v -5.224571 55.902386 5.313502
v -5.746587 55.037140 4.495638
v -6.293256 55.683403 2.876262
v -6.410575 55.984089 2.106820
v -4.648077 55.568203 5.960617
v -6.428137 56.374893 1.454002
v -5.904060 57.994022 0.976547
v -5.731647 58.314987 0.409234
v -5.729342 58.580666 1.027132
v -6.270380 57.656590 -0.284811
v -5.539868 58.594719 -0.194428
v -5.867780 58.134621 -0.216826
v -5.345337 59.408360 0.460265
v -5.263613 59.093597 -0.153216
v -5.052103 59.633072 -0.088100
v -5.264342 58.849487 -0.786269
v -4.968966 59.323181 -0.705451
v -4.904839 60.220387 -0.030806
v -4.739189 59.854237 -0.608693
v -5.184351 60.657375 0.524004
v -4.387301 60.031609 -1.115851
v -4.559978 60.417892 -0.528957
v -4.801464 60.847507 0.005839
v -4.414391 61.022861 -0.450602
v -4.747873 61.490990 0.045714
v -3.804346 60.689301 -1.473106
v -3.657542 61.274162 -1.361470
v -4.322529 61.634659 -0.371927
v -3.534865 61.855026 -1.251853
v -3.740159 68.382568 12.666618
v -3.472473 68.430267 12.894314
v -3.690717 68.542374 12.791424
v -3.481071 68.341789 12.842511
v -3.459013 68.504677 12.935806
v -3.486118 68.231544 12.784895
v -3.195259 68.294800 12.949325
v -2.914539 68.392113 13.053033
v -2.914393 68.279411 13.005454
v -3.195744 68.485825 13.031561
v -2.918294 68.485794 13.090072
v -2.668061 68.298676 13.032722
v -2.453624 68.448669 13.073294
v -2.658964 68.514595 13.112774
v -2.930282 68.557564 13.130480
v -2.445158 68.550148 13.104129
v -2.441607 68.629730 13.131934
v -2.447343 68.696053 13.160284
v -2.447505 68.761070 13.112356
v -2.127629 68.856667 13.031522
v -2.452025 68.803696 13.057031
v -1.925457 68.921394 12.938683
v -1.943730 68.949646 12.871838
v -3.414072 68.720078 12.935993
v -3.453509 68.641121 12.987856
v -3.378534 68.770683 12.883864
v -3.450910 68.573318 12.963335
v -3.788231 68.814949 12.694864
v -3.856761 68.742767 12.739517
v -3.743550 68.865280 12.648148
v -3.866409 68.670532 12.688343
v 4.851049 70.048225 12.358443
v 4.998076 70.167313 12.307854
v 5.250255 70.183701 11.959652
v 5.210956 70.713127 11.914396
v 5.072575 71.058189 12.108397
v 5.259987 71.001907 11.702322
v 5.631297 70.741226 10.908788
v 5.344302 71.312538 11.466320
v 4.878054 71.122833 12.510885
v 5.443647 71.611816 11.214309
v 5.798391 70.523750 10.544506
v 5.752197 70.977509 10.566901
v 5.675883 71.439262 10.721095
v 6.041958 70.872620 9.739417
v 6.057444 70.382378 9.800202
v 4.923117 71.766548 12.141831
v 5.562304 71.907898 10.954513
v 5.986240 71.406342 9.896736
v 6.173800 70.487549 9.384507
v 6.159334 69.997040 9.629636
v 6.281777 70.053101 9.185423
v 6.225940 71.289413 9.162726
v 5.693261 72.215431 10.690902
v 5.407835 72.355377 11.228724
v 6.384932 70.987343 8.704612
v 6.489322 69.597961 8.683498
v 6.363004 69.590210 9.139050
v 6.155317 71.890327 9.462623
v 6.393485 71.754288 8.797639
v -4.312159 62.239265 -0.310845
v -4.758389 62.151131 0.089636
v -4.816313 62.838425 0.106601
v -4.478680 63.556332 -0.338255
v -4.207534 64.388245 -0.801542
v -4.564334 64.409309 -0.457922
v -4.922014 64.463333 -0.059045
v -4.896225 63.576263 0.067673
v -4.720800 65.397362 -0.674328
v -5.051579 65.459885 -0.288625
v -5.091496 66.389687 -0.926392
v -5.417130 66.408592 -0.532770
v -5.473724 67.293549 -1.119912
v -5.709495 67.931557 -1.190537
v -5.894232 67.907417 -0.955787
v -5.826057 60.202950 1.806854
v -0.969739 76.739227 12.673404
v -0.974711 76.351021 12.994184
v -0.647776 76.391777 13.028677
v -0.974730 75.928925 13.269720
v -0.319819 76.424072 13.052395
v -0.316996 76.801460 12.748292
v -0.321863 76.005081 13.323482
v 0.008529 76.435928 13.061567
v 0.334369 76.003464 13.325657
v 0.332286 75.553177 13.558955
v 0.658028 75.526588 13.542488
v 0.978270 75.041260 13.707434
v 0.980524 74.604385 13.843605
v -4.855309 71.073471 12.508609
v -7.854078 69.594131 4.434604
v -7.743042 69.398773 4.641603
v -7.625031 69.106850 4.683676
v -7.663040 69.164421 4.797833
v -7.594667 68.858406 4.767224
v -7.598926 68.915741 4.891693
v -7.652127 68.754463 4.610213
v -7.656695 68.976387 4.495942
v -7.528170 68.657677 4.933735
v -7.577883 68.528984 4.662013
v -7.428847 68.354912 4.927939
v -7.511891 68.386848 5.079439
v -7.674902 68.411392 4.472161
v -7.298277 68.288933 4.635508
v -7.429935 68.132805 5.030896
v -7.341204 68.081970 4.889256
v -7.369489 68.191109 4.416962
v -7.181323 67.830833 4.375592
v -7.158557 67.970947 4.639004
v -7.312062 67.793541 4.795730
v -7.235158 67.694298 4.670743
v -7.384096 67.911629 5.127038
v -7.401293 67.976379 4.990966
v -7.362930 67.890030 4.890003
v -7.215969 67.517578 4.424660
v -7.375412 67.750618 4.973810
v -7.363952 67.616440 4.863198
v -7.370461 67.086655 4.257900
v -7.264246 67.655029 5.103517
v -4.530773 63.677776 12.629748
v -4.961020 63.414658 12.115524
v 6.233729 72.157509 9.299767
v 6.080076 72.530945 9.776616
v 6.401756 69.114777 9.243657
v 6.701185 69.782585 7.816072
v 6.647405 70.540894 7.949668
v 6.305406 72.445335 9.134981
v 6.395348 68.636620 9.472548
v 6.760804 69.029099 7.800538
v 6.688602 68.287773 8.298669
v 6.738650 67.515671 7.748523
v 6.920622 69.019333 6.895553
v 6.976043 70.005867 6.769370
v 6.693539 66.696014 7.633628
v 6.483864 66.837318 9.335881
v 6.792003 66.851120 7.008893
v 6.911558 68.296082 6.883775
v 6.980793 68.822334 6.509393
v 6.961867 68.190887 6.493345
v 6.859942 66.924736 6.648904
v 6.638745 65.887657 7.484184
v 6.948012 67.608215 6.446509
v 6.906335 66.943871 6.366039
v 6.978215 67.979797 6.303280
v 6.976116 67.715256 6.279177
v 6.607688 64.996880 7.197237
v 6.817290 66.276718 6.462609
v 6.999832 67.903305 6.104564
v 6.954563 67.109398 6.220625
v 7.018765 67.418892 6.000078
v 6.787557 65.595421 6.290039
v 7.025496 67.849869 5.891706
v 7.049647 67.624207 5.834049
v 7.021961 66.729179 5.904181
v 7.124714 67.352242 5.754966
v 7.169771 66.673714 5.705042
v 7.356375 66.890541 5.439118
v 7.098669 66.354073 5.693347
v 7.101943 66.043961 5.647794
v 7.167732 65.715637 5.569336
v 7.397326 66.829666 5.257350
v 7.368549 66.615005 5.329704
v 7.225747 66.437012 5.437542
v 7.209374 67.434860 5.351206
v 7.221567 65.934128 5.471814
v 7.129584 66.255257 5.449591
v 7.294130 66.850342 5.168577
v 7.206159 67.098763 5.169883
v 7.185727 66.496910 5.323370
v 6.946137 66.218056 5.204949
v 7.317209 65.674187 5.376030
v 7.055055 66.577164 5.257572
v 7.088544 66.731606 5.211084
v 7.063941 66.923897 5.184344
v 6.858041 66.717331 5.189117
v 6.852521 66.401939 5.082893
v 6.805555 66.592117 5.007122
v 6.793173 66.982727 5.181283
v 6.939523 66.483284 4.803439
v 6.866937 66.613068 4.670424
v 6.643456 66.968613 4.878300
v 6.698376 67.170799 5.152966
v 7.125570 67.338821 5.218321
v 6.912151 67.301216 5.222946
v 6.808845 66.747162 4.571449
v 6.748266 67.149925 4.807373
v 6.739166 67.353943 5.087638
v 6.934131 67.457550 5.221587
v 7.087299 66.531540 4.361466
v 7.109620 66.467201 4.515897
v 7.130142 67.693436 5.450774
v 7.098443 67.545265 5.288573
v 6.883321 66.907440 4.522699
v 7.085075 66.650848 4.251392
v 6.949274 67.252670 4.770094
v 6.959328 67.431725 4.989655
v 7.017331 67.020874 4.503362
v 7.078365 67.792259 5.666099
v 7.153304 67.865868 5.484734
v 7.164273 67.705612 5.310966
v 7.306983 67.309502 4.798172
v 7.167008 66.790550 4.212428
v 7.273571 67.648979 5.096031
v 0.600200 70.849930 14.633374
v 0.520062 70.562843 14.628550
v 0.686309 71.193047 14.627832
v 0.456281 71.190125 14.614336
v 0.471839 70.342735 14.597733
v 0.754642 71.530266 14.617496
v 0.231630 71.182686 14.601305
v 0.207657 70.835350 14.606909
v 0.252373 71.538605 14.600965
v 0.458709 70.168785 14.541969
v 0.325179 70.350357 14.590059
v 0.190105 70.557922 14.603673
v 0.182957 70.350571 14.573358
v 0.808850 71.832794 14.566839
v 0.536952 71.848770 14.570523
v 0.268295 71.860046 14.571228
v 0.186540 70.192215 14.521196
v 0.283832 72.156616 14.499216
v 0.197229 70.060318 14.461096
v 0.333040 70.047333 14.474943
v -0.137920 70.825401 14.597647
v -0.093240 70.546799 14.591914
v -0.062449 70.338905 14.560486
v -0.045481 70.179863 14.507299
v 0.210712 69.939667 14.403050
v -0.037926 70.047104 14.445931
v -0.204544 70.325638 14.563269
v -0.035730 69.925949 14.386384
v 0.224304 69.822876 14.358857
v -0.172650 70.020004 14.443056
v -0.351411 70.305634 14.558468
v -0.316403 70.129845 14.498708
v -0.309786 69.980255 14.426723
v -0.036856 69.808868 14.340991
v 0.236233 69.702858 14.340716
v 0.389532 69.674591 14.341829
v -0.318344 69.844437 14.353271
v -0.437732 69.923920 14.387110
v -0.039954 69.688721 14.322488
v -0.332158 69.716003 14.293612
v 0.244740 69.567657 14.362477
v -0.555016 69.847984 14.317666
v -0.563070 69.699089 14.205801
v -0.576219 69.557487 14.119306
v -0.043835 69.553917 14.345211
v -0.193014 69.646278 14.305017
v -0.344432 69.585144 14.263861
v -0.478261 69.506271 14.187243
v 0.248157 69.403519 14.440688
v -0.586314 69.411911 14.078527
v -0.671856 69.310471 13.948672
v -0.351635 69.439293 14.273361
v -0.592635 69.255287 14.085628
v -0.749191 69.217392 13.817249
v -0.784470 69.028229 13.846666
v -0.355793 69.270782 14.332455
v -0.595009 69.083824 14.142562
v -0.834859 68.832474 13.914443
v -0.827361 69.141891 13.697685
v -0.902401 69.086098 13.587739
v -0.882123 69.285149 13.582453
v -0.758701 69.532028 13.930254
v -0.915317 69.450874 13.614922
v -0.895578 69.610649 13.899424
v -0.842082 69.823692 14.223694
v -0.668968 69.755775 14.211817
v -1.078979 69.380890 13.239597
v -1.044371 69.200287 13.259983
v -1.063401 69.585915 13.516882
v -1.115252 69.717857 13.853683
v -1.126107 69.565376 13.351706
v -1.186170 69.523598 13.239981
v -1.172392 69.952621 14.213027
v -0.978488 70.031921 14.362362
v -0.571506 70.015846 14.423646
v -1.335420 69.614914 13.274979
v -1.394011 69.812080 13.746178
v -1.446352 69.766266 13.494153
v 7.283930 67.096024 4.542638
v 7.389883 67.743683 4.966402
v 7.387597 67.609306 4.854297
v 7.333961 66.923676 4.233722
v 7.429821 67.071388 4.202574
v 7.387752 67.904411 5.114127
v 7.158644 68.168221 5.655178
v 7.377719 67.881577 4.875366
v 7.407368 67.968575 4.973001
v 7.342995 67.783424 4.781958
v 7.271828 67.682831 4.648757
v 7.428051 68.126167 5.008099
v 7.343701 68.075119 4.867912
v 7.419833 68.349854 4.907892
v 7.504223 68.381058 5.056046
v 7.522377 68.647148 4.913954
v 7.180778 67.958405 4.607297
v 7.315148 68.274834 4.601455
v 7.258492 67.504555 4.380844
v 7.214729 67.815208 4.328491
v 7.592326 68.514557 4.631951
v 7.395251 68.175781 4.372283
v 7.699165 68.396118 4.434967
v 7.414009 67.306976 4.087708
v 7.574082 68.043129 4.106469
v 7.808150 68.601738 4.370079
v 7.667472 68.737381 4.579672
v 7.857896 68.282310 4.152385
v 7.760989 67.207954 3.809743
v 7.777522 67.534058 3.824460
v 7.858715 67.897659 3.878291
v 7.987230 68.464958 4.062852
v 7.828905 68.797592 4.207071
v 8.162302 68.301735 3.775705
v 8.093903 67.764648 3.756118
v 8.012990 68.609772 3.913936
v 8.125351 67.179504 3.712120
v 8.215741 68.383041 3.652043
v 8.295721 67.593040 3.653129
v 8.342779 67.247986 3.664422
v 8.410057 67.668495 3.483719
v 7.826640 68.969513 3.942412
v 8.276463 68.529442 3.482429
v 8.166893 68.931435 3.533677
v 8.475942 67.308578 3.506486
v 8.550313 67.298256 3.232592
v 8.436596 68.078362 2.739683
v 8.515191 67.661125 2.796435
v 8.603036 67.268913 2.801811
v 8.563335 67.630920 2.654929
v 8.511263 68.045082 2.573351
v 8.718225 67.154457 2.655837
v 8.462071 68.608269 2.544173
v 8.621963 68.033875 2.477109
v 8.739295 67.547203 2.467479
v 8.655635 66.722603 2.912903
v 8.554666 66.306274 3.203091
v 8.463046 69.108566 2.602702
v 8.729521 68.021721 2.341350
v 8.764408 67.991028 2.172889
v 8.578931 66.185539 3.091594
v 8.692828 68.620087 2.310776
v 8.668352 68.513908 1.981934
v 8.494077 66.082413 2.940074
v 8.717622 69.133865 2.387565
v 8.512942 67.903267 1.891406
v 8.692866 69.079712 2.088574
v 8.723792 69.536491 2.282736
v 8.738401 69.498665 2.567763
v 8.206297 68.828308 2.126006
v 8.717027 69.870926 2.603116
v 8.732901 69.745018 2.827406
v 7.955517 68.453514 2.446465
v 8.012655 69.007652 2.561776
v 8.052382 69.431496 2.729873
v 8.241334 70.009270 2.893597
v 8.044343 69.701454 2.971178
v 8.660650 70.078514 3.011575
v 8.106184 70.114525 3.352058
v 7.828693 69.386497 3.082997
v 7.780532 69.594627 3.345970
v -1.202224 70.330956 14.481868
v -1.495565 69.696648 13.323635
v -0.793148 70.125839 14.456287
v -0.637415 70.213371 14.510693
v -1.437249 70.713943 14.551864
v -0.765033 70.458412 14.576475
v -0.935412 70.775078 14.620039
v -1.630352 71.113045 14.563300
v -1.947623 71.143387 14.482443
v -1.347683 71.116486 14.614720
v -1.096337 71.138916 14.631649
v -1.777317 71.481476 14.524023
v -1.223303 71.487480 14.604383
v -1.603930 71.788696 14.506416
v -1.895903 71.796707 14.453283
v -1.325709 71.794022 14.539544
v -0.530405 70.822220 14.611686
v -0.639140 71.175682 14.624509
v -0.722803 71.517685 14.612599
v -1.054132 71.805466 14.547077
v -0.786875 71.823647 14.555426
v -1.417227 72.086319 14.447180
v -0.411470 71.177620 14.610964
v -0.520569 71.842804 14.564597
v -0.844820 72.117714 14.471098
v -1.498662 72.383659 14.332105
v -0.898857 72.414558 14.359183
v -0.595766 72.431450 14.371951
v -0.254716 71.857124 14.569388
v -0.228282 71.534119 14.600909
v -0.275734 72.155190 14.494286
v -0.294196 72.445595 14.387080
v -0.947718 72.722961 14.230803
v -0.310285 72.742851 14.269545
v -0.656948 73.058990 14.137308
v -0.987984 73.051613 14.112576
v -0.324468 73.059464 14.163298
v 0.299575 72.446350 14.395802
v 0.315111 72.743553 14.281887
v 0.601539 72.433624 14.389467
v 0.907059 72.419029 14.386999
v 0.858920 72.124207 14.490301
v 1.081497 71.817863 14.564775
v 1.438993 72.098785 14.483901
v 1.512144 72.393806 14.381818
v -0.188193 71.176010 14.598425
v -0.424096 70.528748 14.595118
v -1.541111 69.626877 13.218488
v -1.577325 69.576302 13.138300
v -1.433945 69.499352 13.124932
v -1.246984 69.471352 13.169560
v -1.301459 69.425758 13.115345
v -1.348228 69.388649 13.062479
v -1.199300 69.313782 13.114353
v -1.393913 69.352127 13.015024
v -1.518940 69.416275 13.024812
v -1.706095 69.414650 13.014247
v -1.603983 69.340782 12.957237
v -1.665396 69.463554 13.042098
v 6.010340 67.880936 -1.738932
v 5.205299 66.367943 -1.703958
v 5.523489 66.387001 -1.279690
v 6.206952 66.410889 -0.035472
v 5.146916 65.441345 -0.918828
v 4.820775 65.378769 -1.317623
v 7.952607 69.867271 3.346117
v 7.676373 69.729836 3.676575
v 7.808884 69.936401 3.761698
v 7.797647 70.062813 4.210788
v 7.666494 69.911316 4.153805
v 8.277885 70.201530 3.936403
v 7.644453 69.941490 4.584104
v 7.551796 69.799858 4.111960
v 7.524145 69.843292 4.539382
v 7.777741 69.995186 4.651755
v 7.502375 69.794914 4.905986
v 7.466280 69.820244 4.530004
v 7.409750 69.746124 4.872569
v 7.910981 69.968056 4.709970
v 7.744426 69.771271 4.989320
v 7.376919 69.756226 4.858099
v 7.348988 69.630608 5.153326
v 7.489827 69.615952 5.190418
v 7.402709 69.635239 5.169620
v 8.002287 69.850212 4.714116
v 7.605560 69.546112 5.199103
v 7.330557 69.679077 5.146131
v 7.299604 69.504211 5.379478
v 7.731099 71.139786 4.515650
v 7.725775 69.410408 5.159295
v 7.490119 69.307365 5.389530
v 7.286206 69.584267 5.394096
v 7.243621 69.343765 5.550247
v 7.268110 69.188187 5.561320
v 7.368276 69.048569 5.543096
v 7.151927 69.207268 5.760241
v 7.226644 68.797127 5.651216
v 7.487873 68.881340 5.435551
v 7.134789 68.557915 5.766028
v 7.074585 68.299187 5.854771
v 7.037013 68.058060 5.899198
v 7.595512 68.723877 5.246264
v 7.585237 68.653824 5.053747
v 7.655485 68.920403 4.991374
v 7.781052 69.246857 5.027362
v 7.741437 69.167000 4.883860
v 7.593753 68.899635 4.873794
v 7.661725 69.142036 4.782186
v 7.599998 68.841019 4.743594
v 7.849806 69.391190 4.728940
v 7.750986 69.370415 4.625206
v 7.632240 69.084297 4.661878
v 8.023196 69.686577 4.644148
v 7.962224 69.582634 4.530898
v 7.880833 69.560928 4.413465
v 7.676289 68.954674 4.463488
v 7.702981 69.176041 4.243346
v 7.843460 69.541336 4.242819
v 8.127963 69.736160 4.246729
v 8.048855 69.707840 4.122525
v 7.921206 69.410637 3.931490
v 8.058367 69.689049 3.936838
v 8.311043 69.823898 3.907970
v 8.249803 69.785995 3.587515
v 8.184358 69.577782 3.643714
v 8.355044 69.813660 3.506320
v 8.466650 69.842201 3.547595
v 8.328388 69.696655 3.312219
v 8.442523 69.751022 3.209152
v 8.679058 69.893051 3.152327
v 8.475137 69.614731 2.951121
v 8.474173 69.442429 2.754758
v 4.640809 64.391068 -0.910220
v 4.999693 64.444916 -0.504895
v 4.286536 64.369667 -1.247802
v 6.183503 76.786491 5.202181
v 5.385755 77.559364 6.089682
v 5.885273 76.914490 6.244535
v 6.268173 76.156052 6.439049
v 5.591573 77.013077 7.075964
v 4.934931 77.540375 7.763051
v 4.656649 78.022354 6.968764
v 5.316994 77.100204 7.787755
v 5.609693 76.624908 7.904048
v 5.797377 76.142685 8.134864
v 5.051365 77.163521 8.426105
v 5.893630 75.717865 8.426076
v 5.013338 76.861160 9.082880
v 4.796536 77.200294 8.982889
v 5.175881 76.486649 9.263891
v 5.296694 76.087067 9.491667
v 4.557176 77.220757 9.442719
v 4.856504 76.576317 9.758018
v 4.331940 77.252441 9.793649
v 4.247613 77.416153 9.685205
v 4.439390 76.988121 9.967398
v 4.092016 77.635262 9.499280
v 4.091085 77.317558 10.060345
v 3.788773 77.602432 10.009820
v 4.228948 76.747398 10.555198
v 3.876053 77.146774 10.558966
v 4.615592 76.276863 10.457374
v 4.785074 72.460793 12.221226
v 5.215750 72.760567 11.534781
v 5.091086 72.422035 11.741038
v 4.985710 72.089577 11.943110
v 5.629698 72.985909 10.774833
v 4.670849 71.820236 12.568243
v 5.890001 72.809822 10.250426
v 5.030993 60.125359 7.370322
v -0.320551 56.802612 10.140903
v -0.288547 56.988281 10.441715
v -0.273636 57.096489 10.742702
v 0.076915 57.174194 11.023903
v -0.265548 57.174587 11.021190
v -0.645421 57.020836 10.386104
v -0.377534 56.488384 9.819575
v -0.884902 56.582451 9.738610
v -1.006653 56.884480 9.975886
v -0.261536 57.246101 11.283009
v -0.606128 57.216427 10.962706
v -0.972594 57.200985 10.563634
v -0.996317 57.077129 10.263303
v -0.948239 57.288681 10.847178
v -1.410585 56.918663 9.722630
v -1.380244 57.146530 10.055994
v -0.262129 57.322395 11.541209
v -0.932538 57.360214 11.109347
v -1.297305 57.376110 10.676882
v -0.599194 57.364906 11.478945
v -0.933908 57.426647 11.361773
v -0.269127 57.405075 11.801682
v 0.077073 57.317368 11.547841
v 2.593618 70.294357 13.557928
v 2.613376 70.370026 13.691874
v 2.031019 70.169708 13.937544
v 2.384120 70.484589 14.115559
v 2.216592 70.887497 14.404062
v 2.012876 71.179642 14.501572
v 2.023202 72.099342 14.411063
v 1.808228 72.385040 14.357352
v 2.101326 72.385925 14.315372
v 2.161755 72.690048 14.206931
v 1.574840 72.705536 14.269141
v 1.917362 73.018684 14.126902
v 1.622783 73.034279 14.150049
v 1.648832 73.383797 14.048752
v 1.314188 73.047615 14.155875
v 1.642378 73.753601 13.971344
v 0.992766 73.056229 14.157596
v 0.952594 72.726273 14.267139
v 0.661493 73.060242 14.165933
v 1.015269 73.412224 14.081492
v 1.008314 73.788300 14.015777
v 1.332851 73.773918 13.996405
v 1.623461 74.142769 13.893164
v 0.672605 73.796829 14.027549
v 0.336859 73.408607 14.100152
v 0.329120 73.059822 14.178264
v 0.990101 74.186356 13.940441
v 0.335115 73.798813 14.029593
v 0.656411 74.630508 13.858513
v 0.330719 74.217598 13.956055
v 0.329714 74.650177 13.867074
v -0.329973 73.798805 14.014166
v -0.332036 73.408813 14.084274
v 0.331185 75.095276 13.741280
v -0.325480 74.216675 13.942573
v -0.324151 74.648964 13.857171
v -0.667217 73.793663 13.994916
v 0.004533 75.563309 13.563944
v -0.324459 75.094536 13.735321
v -0.650798 74.624992 13.833506
v -1.002579 73.778770 13.962364
v -1.010011 73.405243 14.029983
v -0.984451 74.174385 13.889791
v -0.323259 75.553429 13.555329
v -0.974880 74.591743 13.799160
v -1.326959 73.756264 13.921070
v -1.636468 73.727531 13.875097
v -0.649140 75.524094 13.531075
v -0.971710 75.029800 13.672197
v -1.617816 74.112549 13.798498
v -0.972004 75.482170 13.495576
v -1.605406 74.521194 13.706127
v -1.291458 75.435371 13.452482
v -1.602191 74.949226 13.578299
v -1.928940 73.698990 13.819849
v -1.906207 74.489937 13.638248
v -2.200959 74.060776 13.657329
v -1.605579 75.390221 13.397197
v -1.612438 75.837135 13.165637
v -2.198739 74.465607 13.552486
v -1.911366 75.351540 13.322038
v -1.298150 76.309799 12.946176
v -1.614199 76.271873 12.877899
v -2.208461 75.324005 13.226788
v -2.202749 74.888298 13.416382
v -2.484696 74.450478 13.447454
v -1.606182 76.680107 12.532804
v -1.921114 76.242172 12.786519
v -2.216382 75.772705 12.983137
v -2.497831 75.308250 13.111731
v -2.765890 74.443321 13.318483
v -0.284801 57.489433 12.071169
v 1.393414 66.819008 14.573185
v 1.231687 66.986771 14.805914
v 1.248494 66.793068 14.941455
v 1.044907 67.145851 15.037670
v 1.276425 66.598747 15.071474
v 1.413667 66.451271 14.807777
v 1.107710 66.756584 15.327986
v 0.866238 67.288528 15.256731
v 1.318054 66.397919 15.200043
v 1.551403 66.158852 15.066708
v 0.896244 67.102623 15.409960
v 0.938035 66.911484 15.564694
v 1.152557 66.533928 15.470734
v 0.691973 67.391106 15.449961
v 1.384768 66.195930 15.336420
v 1.455048 65.989120 15.464394
v 0.982865 66.686386 15.724675
v 0.760037 67.017502 15.779214
v 0.519081 67.452881 15.602518
v 0.540946 67.256302 15.768398
v 1.255078 66.033234 15.745829
v 1.028142 66.421577 15.887051
v 0.799483 66.788849 15.953846
v 0.575090 67.059128 15.953245
v 0.355699 67.497612 15.713179
v 1.071714 66.129570 16.032282
v 1.111325 65.869690 16.135273
v 0.610880 66.829391 16.141615
v 0.400661 67.070702 16.075653
v 0.216793 67.305214 15.953861
v 0.903115 66.235374 16.290182
v 0.655150 66.576218 16.323563
v 0.432364 66.834343 16.273474
v 0.716116 66.305145 16.483788
v 0.266688 66.837051 16.350328
v 0.240905 67.077110 16.149424
v 0.293492 66.588058 16.531116
v 0.518823 66.328308 16.606941
v 0.771613 66.009483 16.590343
v 0.800915 65.715134 16.637398
v 0.088341 67.077606 16.174347
v 0.107814 66.840523 16.377190
v 0.327544 66.338554 16.676495
v 0.362272 66.091423 16.776720
v 0.149775 66.346466 16.701435
v -0.048232 66.836311 16.352478
v -0.033486 66.590302 16.530687
v -0.024606 66.344467 16.674553
v -0.021745 66.101952 16.774860
v -0.208705 66.337952 16.603306
v -0.207550 66.830727 16.278215
v -0.018229 65.859108 16.827536
v -0.219448 65.815369 16.756571
v -0.407553 66.028824 16.587297
v -0.393261 66.310219 16.479725
v -0.375998 66.569717 16.324865
v -0.408096 65.741241 16.635658
v -0.552589 66.226028 16.288559
v -0.396384 65.478844 16.635189
v -0.359402 65.258781 16.593918
v -0.743988 65.489609 16.242535
v -0.700497 65.332787 16.253593
v -0.886110 65.364624 15.995349
v -0.620104 65.207321 16.232922
v -0.517761 65.125549 16.151840
v -0.716437 65.196358 15.933462
v -0.998672 65.208977 15.693847
v -0.920891 65.162781 15.658067
v -0.849939 65.176979 15.613940
v -1.102861 65.065201 15.382456
v -0.795504 65.187553 15.568268
v -0.543201 65.177643 15.737524
v -1.189465 64.990646 15.130774
v -0.984308 65.100555 15.331582
v -0.343357 65.061134 15.726673
v -0.934021 65.130753 15.313872
v -0.750140 65.197395 15.520403
v -0.502524 65.179604 15.651201
v -2.761156 74.045006 13.433764
v -2.782319 75.298973 12.974450
v -2.771816 74.862259 13.169146
v -2.219633 76.225487 12.672606
v -3.068381 75.289261 12.813414
v -2.794152 75.754532 12.716827
v -2.511325 76.221054 12.537295
v -2.211109 76.659348 12.303919
v -2.799092 76.221199 12.382070
v -3.087080 76.214790 12.207424
v -2.788272 76.661758 12.005882
v -2.763792 77.051170 11.629191
v -3.045629 77.035263 11.468416
v -3.290512 77.320564 10.960923
v 6.226674 69.591515 9.595485
v 6.091135 69.560417 10.023943
v 6.253117 69.177902 9.686717
v 5.951898 69.478302 10.416728
v 5.909238 68.820198 10.574154
v 6.234852 68.759048 9.887424
v 6.164068 68.324249 10.182090
v 6.346763 68.138168 9.761757
v 6.041713 67.888237 10.562464
v 6.215065 67.635757 10.227906
v 6.262558 66.333565 10.123639
v 6.022856 65.913635 10.726101
v 5.723441 65.574867 11.311474
v 6.445628 65.423340 8.878600
v 6.290217 65.054626 9.529475
v 5.207340 65.321053 11.972649
v 6.093692 64.625038 10.112093
v 5.812034 64.273590 10.646736
v 5.480979 64.019981 11.116688
v 6.438392 63.643913 8.144155
v 6.299526 63.303291 8.801811
v 6.530995 63.915688 7.469545
v 5.837580 62.733593 10.007947
v 5.175875 63.811806 11.501266
v 6.592214 64.074028 6.818286
v 6.472917 63.195446 6.597146
v 5.526232 62.635975 10.548942
v 5.246711 62.592999 11.006055
v 5.233564 63.214302 11.223627
v 6.285906 62.448433 6.630398
v 5.025604 61.317738 10.855805
v 4.959313 61.974899 11.274975
v 4.785372 62.486305 11.716338
v 4.732203 61.978405 11.619338
v 4.916911 63.620770 11.824986
v 4.588413 61.473106 11.600878
v 4.508445 61.978813 11.927968
v 4.681841 63.448257 12.105682
v -1.114290 65.020157 15.119307
v -1.043376 65.060516 15.114580
v -0.262362 64.912117 15.425508
v -0.323176 65.069519 15.613132
v -0.470212 65.208992 15.552338
v -0.957354 65.124100 15.109926
v -0.696703 65.219749 15.451169
v -1.203788 64.956482 14.956270
v -1.115747 65.003677 14.953756
v -0.784901 65.234474 15.162251
v -0.236321 65.014862 15.161905
v -0.250939 65.034714 15.338640
v -1.018937 65.072113 14.909375
v -0.618104 65.277626 15.351395
v -1.232024 64.900505 14.844432
v -1.131543 64.965317 14.854406
v -0.838513 65.242264 14.883558
v -0.496942 65.311737 15.183375
v -1.209361 64.843811 14.752759
v -0.835477 65.194252 14.740296
v -0.711497 65.264572 14.725424
v -0.641274 65.314278 14.840882
v -0.799133 65.150429 14.661072
v -0.911390 65.030273 14.686928
v -0.674058 65.217941 14.675309
v -0.765921 65.112068 14.633987
v -0.827925 65.028809 14.665398
v -0.672027 65.137238 14.648514
v -0.513365 65.256859 14.762233
v -0.545327 65.160225 14.693332
v -0.334898 65.285210 14.970095
v -0.429686 65.186546 14.754268
v -0.318163 65.208328 14.850133
v -0.250301 65.209312 14.969133
v -0.249692 65.198341 15.206127
v -0.221604 65.181206 15.104339
v -0.328155 65.225822 15.351275
v -0.450052 65.273331 15.411239
v -0.062236 67.074760 16.153999
v -2.014173 68.292297 13.045353
v -1.309147 73.038063 14.093175
v -1.617514 73.019241 14.070328
v -1.567519 72.694763 14.204535
v -1.792881 72.371429 14.296659
v -1.643169 73.362923 13.957493
v -1.911858 72.998444 14.032079
v -2.152824 72.670860 14.117511
v -2.085389 72.369011 14.244501
v -1.997985 72.081322 14.356617
v -2.210340 73.317848 13.850017
v -2.193690 72.984001 13.975863
v -2.376458 72.380531 14.164313
v -2.203395 71.823746 14.369865
v -2.208175 73.678146 13.748896
v -2.468007 72.980690 13.893723
v -2.718271 72.684486 13.925079
v -2.668121 72.400314 14.047987
v -2.598122 72.131584 14.151511
v -2.516108 71.859291 14.246510
v -2.481443 73.668274 13.655133
v -2.742616 72.988731 13.781968
v -2.751545 73.316841 13.649970
v -2.963456 72.418869 13.899723
v -3.025524 73.003860 13.640360
v -2.831702 71.892746 14.102723
v -3.213501 72.175056 13.839792
v -3.302110 72.711525 13.600317
v -3.151830 71.916870 13.943626
v -3.319015 73.022392 13.465897
v -3.568900 72.436333 13.518840
v -3.039754 73.680931 13.394681
v -3.476375 71.929367 13.759534
v -3.624530 73.047432 13.258702
v -3.332753 73.699181 13.221922
v -3.645369 73.720062 13.009414
v -6.724842 64.724785 4.577025
v -6.967017 65.136848 4.444045
v -6.913963 64.770920 4.699629
v 4.344421 60.961609 11.662571
v 4.328443 62.364231 12.286224
v 4.301211 62.750473 12.408262
v 4.153399 61.551762 12.175297
v 3.846855 60.531181 12.078677
v 3.955690 61.120468 12.209480
v 3.691978 60.647377 12.326332
v 3.511586 60.772816 12.554476
v 3.399273 60.163307 12.553112
v 3.311369 60.895302 12.762278
v 3.076847 60.534031 12.948716
v 3.111281 59.760929 12.856236
v 3.115687 61.017727 12.951899
v 2.661109 60.457615 13.332896
v 2.753209 60.903473 13.257969
v 2.820498 59.459469 13.199534
v 2.399148 59.565166 13.678528
v 2.252918 59.848450 13.764464
v 2.258439 60.538315 13.648015
v 2.522054 60.693417 13.445982
v 2.512858 59.298546 13.545174
v 1.967740 60.441277 13.869963
v 2.097430 60.141354 13.816278
v 1.907001 59.819942 14.038248
v 2.163053 59.253544 13.886718
v 1.646308 60.399620 14.101028
v 1.391716 60.121231 14.308979
v 1.625378 59.577255 14.262951
v 1.285954 60.403980 14.310297
v 1.056294 59.904186 14.512041
v 0.884530 60.437656 14.457880
v 0.612223 59.709965 14.720819
v 0.508432 60.223175 14.586052
v 0.560608 59.970322 14.663653
v 0.459386 60.485508 14.529522
v 0.423597 60.738388 14.542917
v 0.031142 60.504276 14.569160
v -0.395385 60.476326 14.596876
v -0.437826 60.214935 14.653564
v -0.530930 59.699074 14.803851
v -0.485049 59.960434 14.734978
v -0.352078 60.938725 14.650892
v -0.367677 60.729271 14.613876
v -0.570044 59.418762 14.833192
v -0.985577 59.888866 14.648636
v -0.821555 60.423183 14.583439
v -1.145992 59.352257 14.660926
v -1.336741 60.103291 14.474882
v -0.605293 59.116955 14.813166
v -1.664726 59.279900 14.392349
v -1.562218 59.561550 14.444885
v -1.873903 59.798950 14.214590
v -2.115882 59.238792 14.059940
v -1.741218 58.996704 14.284875
v -1.779203 58.735153 14.123978
v -2.501039 59.275810 13.686144
v -2.394121 59.542950 13.827280
v -2.195529 58.756741 13.719544
v -2.559971 58.849228 13.300404
v -2.556878 59.040653 13.504015
v -2.854747 59.425732 13.299774
v -1.767350 58.520767 13.929148
v -2.527659 58.690762 13.101286
v -2.094718 58.434124 13.325571
v -2.935413 59.045685 12.889436
v -2.467689 58.549160 12.913916
v -2.380280 58.415260 12.728749
v -7.134893 64.640373 4.688101
v -6.892737 65.527588 3.886918
v -6.953434 64.560677 5.312036
v -7.406485 64.722542 4.321134
v -7.319950 65.451172 4.167773
v -7.346772 65.844566 3.904019
v -7.084898 65.856461 3.940911
v -7.327298 64.448631 4.642444
v -7.272339 64.303795 5.099360
v -7.381988 66.230988 3.664404
v -7.506767 64.334160 4.658418
v -7.382699 64.386963 5.253471
v -7.425535 66.594139 3.483233
v -7.152830 66.560982 3.470997
v -7.691431 66.407204 3.275076
v -7.478198 64.566452 5.304774
v -7.458727 66.978165 3.337524
v -7.740634 67.351051 2.903617
v -8.152042 67.487358 2.333296
v -7.970145 67.914246 2.454674
v -7.950123 67.606300 2.543153
v -8.031000 64.874969 4.022235
v -8.114289 65.196548 4.159015
v -8.002771 64.955681 4.471854
v -7.868124 64.873589 4.780102
v -7.542315 64.897804 5.244910
v -7.794868 65.216255 4.771335
v -7.492154 65.317200 5.210333
v -7.345889 65.477463 5.329741
v -7.669749 65.633423 4.783285
v -7.424535 65.633377 5.169260
v -7.342167 65.730461 5.289671
v -7.615761 66.037300 4.827737
v -7.496480 65.906593 5.015110
v -7.401488 65.861717 5.165558
v -7.237344 65.720505 5.431989
v -7.323595 65.887505 5.280206
v -7.414804 66.137260 4.994917
v -7.153222 65.972046 5.532589
v -7.084750 65.758217 5.632152
v -7.113165 66.102814 5.414305
v -7.000045 65.505569 5.749525
v -7.199108 66.009171 5.249560
v -7.028027 66.079338 5.720343
v -6.865995 65.815781 5.997342
v -7.143753 66.297256 5.511371
v -7.028658 66.387360 5.768898
v -7.100047 66.702164 5.773229
v -7.243229 66.465660 5.496966
v -6.821205 65.732109 6.140652
v -6.819299 65.229752 5.928348
v -7.901860 66.109833 4.311013
v -8.066374 66.241135 4.051216
v -8.091564 66.056946 3.974240
v -8.287412 66.117012 3.639066
v -8.237095 65.546326 3.824418
v -8.426277 66.470879 3.404073
v -8.361445 65.920486 3.537277
v -3.353740 59.214931 12.292921
v -3.338796 59.369492 12.501786
v -2.268138 58.282616 12.535789
v -3.864169 59.485069 11.645831
v -3.262965 58.871593 11.870805
v -3.152203 58.690552 11.656377
v -2.140396 58.148308 12.329199
v -2.547650 58.294098 11.924422
v -4.442213 60.036354 11.250088
v -3.008723 58.510365 11.440074
v -4.357049 60.213104 11.558987
v -2.854238 58.341587 11.222785
v -4.947641 60.628159 10.974362
v -4.426970 59.802666 10.909156
v -4.305036 59.534470 10.557143
v -3.543781 58.831581 10.866897
v -3.907817 59.036583 9.946238
v -4.113930 59.267815 10.231454
v -4.696415 59.767239 9.574708
v -4.238880 59.280094 8.928677
v -5.677454 60.766678 8.167738
v -4.720985 59.749950 8.135790
v -5.128212 60.229336 7.364837
v -6.342679 62.488075 6.595218
v -6.577768 63.688046 8.100910
v -6.486421 63.236568 6.565440
v -6.280522 63.257812 5.418546
v -6.593284 63.956772 7.432894
v -6.598277 64.107094 6.790536
v -6.671576 65.008720 7.179214
v -6.755877 65.876373 7.477304
v -6.818763 66.676056 7.633602
v -6.855536 66.833130 7.016807
v -6.839782 66.270638 6.481313
v -6.783357 65.600189 6.310758
v -6.898219 66.913292 6.666817
v -6.853234 67.500137 7.749928
v -6.924470 66.938080 6.403274
v -6.967552 68.292870 6.893171
v -6.982535 67.601860 6.464833
v -6.962443 67.090462 6.262311
v -7.008011 67.712105 6.292122
v -6.983285 66.748375 5.975007
v -7.026504 67.417877 6.023425
v -7.019104 67.977394 6.316602
v -7.032909 67.900902 6.119374
v -7.064405 67.625038 5.843137
v -7.116471 67.357742 5.774640
v -7.051129 67.848846 5.905970
v 4.349720 69.852547 11.064531
v 4.137331 70.292007 11.089625
v 4.173330 70.304016 11.333790
v 3.836593 70.656357 11.373855
v 4.387559 69.858902 11.308297
v 4.276968 69.834167 10.829807
v 4.421415 69.364510 11.056066
v 4.346521 69.364227 10.821753
v 4.071599 70.257278 10.853911
v 3.803855 70.639862 11.129129
v 3.409359 70.881554 11.424914
v 4.459605 69.364540 11.299624
v 4.170404 69.804008 10.610276
v 4.236042 69.363701 10.602818
v 4.274157 68.893364 10.829464
v 4.346255 68.875504 11.064136
v 4.168248 68.922546 10.609966
v 3.977197 70.200356 10.632815
v 3.749504 70.592209 10.891916
v 3.381021 70.862190 11.179524
v 2.932420 70.957497 11.482491
v 4.383482 68.869331 11.307897
v 4.032512 69.762711 10.411431
v 4.092540 69.362976 10.404719
v 4.030973 68.962425 10.411154
v 3.973737 68.523842 10.632222
v 4.067064 68.467789 10.853255
v 4.131733 68.433540 11.088899
v 3.853948 68.600380 10.431343
v 3.856394 70.122620 10.431865
v 3.674533 70.514099 10.668403
v 3.341397 70.806252 10.940442
v 2.909022 70.937172 11.236309
v 2.452928 70.875359 11.540741
v 4.166773 68.421692 11.333055
v 3.710559 68.695511 10.255782
v 3.865635 69.011955 10.238144
v 3.578354 68.312408 10.463476
v 3.671025 68.206657 10.667561
v 3.745033 68.129265 10.891016
v 3.798502 68.082069 11.128144
v 3.469083 68.443817 10.283913
v 3.580774 70.407501 10.464192
v 3.291320 70.714622 10.713884
v 2.885836 70.878441 10.995157
v 2.435419 70.857430 11.293930
v 2.015749 70.637543 11.593964
v 3.830344 68.065735 11.372840
v 3.164345 68.281464 10.319953
v 3.230502 68.126671 10.504663
v 3.289033 68.002167 10.712913
v 3.338580 67.911026 10.939368
v 3.377628 67.855469 11.178377
v 3.232058 70.589554 10.505522
v 2.863519 70.782257 10.765193
v 2.429005 70.801804 11.050690
v 2.004990 70.625946 11.346558
v 1.664779 70.268425 11.636673
v 3.405210 67.836288 11.423721
v 2.824184 68.224396 10.360766
v 2.842447 68.061340 10.551279
v 2.862710 67.930168 10.764188
v 2.884607 67.834206 10.994046
v 2.907312 67.775696 11.235116
v 2.842701 70.650940 10.552158
v 2.434713 70.710426 10.817266
v 2.015679 70.581947 11.101396
v 1.659805 70.264862 11.388801
v 1.439866 69.806152 11.664326
v 2.929776 67.754974 11.481163
v 2.483502 68.278145 10.402191
v 2.453595 68.122902 10.598631
v 2.435374 67.998009 10.816293
v 2.428794 67.905792 11.049617
v 2.433526 67.847618 11.292781
v 2.452629 70.585716 10.599490
v 2.047922 70.505951 10.864779
v 1.684656 70.237434 11.142129
v 1.437580 69.811890 11.416189
v 1.363385 69.301476 11.673965
v 2.449237 67.824471 11.539516
v 2.176628 68.437515 10.440006
v 2.102816 68.305092 10.641913
v 2.048586 68.196770 10.863938
v 2.014979 68.114777 11.100495
v 2.002775 68.061287 11.345574
v 2.101203 70.400215 10.642631
v 1.739126 70.186188 10.902979
v 1.470635 69.804619 11.168575
v 1.362012 69.315598 11.425810
v 1.438527 68.809746 11.663921
v 2.012012 68.037468 11.592950
v 1.932512 68.686760 10.470473
v 1.822842 68.588593 10.676800
v 1.739243 68.506424 10.902388
v 1.683726 68.442490 11.141474
v 1.657725 68.398582 11.388074
v 1.821867 70.112122 10.677321
v 1.539569 69.783295 10.927815
v 1.397406 69.328773 11.177939
v 1.436695 68.829460 11.415794
v 1.470125 68.859962 11.168232
v 1.661553 68.376060 11.635940
v 1.470538 69.339325 10.936678
v 1.539488 68.899406 10.927505
v 1.642136 68.946938 10.699636
v 1.775153 69.001221 10.490450
v 1.641735 69.748451 10.699915
v 1.579617 69.346542 10.708028
v 1.720604 69.350670 10.497821
v 1.774410 69.700928 10.490689
v 1.934746 69.642746 10.305549
v 1.890189 69.351913 10.311495
v 2.064882 69.905464 10.289112
v 1.931023 70.017204 10.470911
v 2.220452 69.780350 10.136713
v 2.119930 69.577362 10.149395
v 1.935471 69.061363 10.305351
v 2.085501 69.352737 10.153967
v 2.377165 69.941765 10.117318
v 2.267784 70.114502 10.263948
v 2.175044 70.268562 10.440610
v 2.500485 69.754684 10.004616
v 2.393837 69.644768 10.017786
v 2.325435 69.506622 10.026396
v 2.120440 69.128342 10.149200
v 2.066108 68.799644 10.288750
v 2.301974 69.353683 10.029470
v 2.634895 69.825569 9.988211
v 2.574639 70.045868 10.093169
v 2.523389 70.249298 10.232643
v 2.482410 70.430695 10.402921
v 2.702667 69.593712 9.920617
v 2.634663 69.557800 9.928957
v 2.580703 69.502151 9.935639
v 2.546081 69.432243 9.940008
v 2.221336 68.926208 10.136436
v 2.269129 68.592422 10.263459
v 2.779806 69.606354 9.911246
v 2.785510 69.850571 9.970000
v 2.794969 70.082558 10.066507
v 2.807920 70.296730 10.198181
v 2.823987 70.487747 10.361511
v 2.636247 69.441383 9.922095
v 2.701019 69.448418 9.909126
v 2.378175 68.766159 10.116944
v 2.524439 68.459969 10.232049
v 2.857228 69.594482 9.902026
v 2.936311 69.827065 9.951955
v 3.015332 70.048050 10.040146
v 3.092271 70.252106 10.164163
v 2.794418 70.101486 12.906746
v 2.676832 69.841118 13.004651
v 2.395378 69.787498 12.954247
v 4.171733 68.958717 12.305586
v 4.012249 68.594070 12.324549
v 4.038104 69.361267 12.559328
v 3.995357 69.021255 12.564167
v 3.810832 69.357925 12.783787
v 3.780059 69.616013 12.787767
v 1.980476 70.063438 12.570808
v 2.029417 69.617661 12.801213
v 2.169347 69.940086 12.784827
v 2.289597 69.544319 12.966623
v 2.447278 69.495361 13.031787
v 3.052594 69.983437 12.959821
v 2.883033 69.877045 13.036939
v 3.058085 69.913902 13.015991
v 2.723898 69.785629 13.055901
v 2.517220 69.477165 13.080272
v 3.866620 68.713661 12.579420
v 3.777091 69.098839 12.787545
v 2.253410 69.279938 12.970687
v 2.489126 69.293030 13.083437
v 2.784597 69.674011 13.128471
v 2.637343 69.457275 13.146634
v 2.515497 69.113441 13.080118
v 2.445344 69.087196 13.031612
v 2.635882 69.147873 13.146502
v 2.783474 69.494431 13.190304
v 2.929774 69.528862 13.209614
v 3.076888 69.546494 13.205376
v 2.594272 68.955887 13.070570
v 2.781737 69.128685 13.190143
v 2.927768 69.111549 13.209423
v 3.079609 69.328140 13.237892
v 2.719483 68.835197 13.055495
v 3.074750 69.110184 13.205190
v 3.063143 68.889618 13.110228
v 2.877851 68.762314 13.036462
v 2.671952 68.775467 13.004194
v 3.218226 69.127220 13.174603
v 3.052537 68.743698 13.015491
v 2.287133 69.022766 12.966401
v 2.562296 68.625366 12.933210
v 3.354007 69.159515 13.121539
v 3.226599 68.781128 12.994608
v 3.046524 68.672997 12.959258
v 2.788301 68.521103 12.906070
v 1.982286 69.268661 12.806408
v 2.026188 68.930542 12.800920
v 2.163841 68.635696 12.784270
v 3.382637 68.870934 12.975922
v 3.041029 68.494576 12.875719
v 2.695867 68.268929 12.720249
v 1.807157 69.680229 12.591128
v 1.749428 69.265137 12.597621
v 1.803679 68.864204 12.590780
v 1.974640 68.514366 12.570144
v 2.258597 68.241531 12.536022
v 3.417144 68.815300 12.914748
v 3.292170 68.547165 12.845502
v 3.027260 68.234512 12.680279
v 2.617391 68.075317 12.492755
v 2.159500 68.134842 12.308860
v 2.165287 70.492355 12.310284
v 3.355718 68.303123 12.640666
v 3.512935 68.673943 12.818992
v 3.009840 68.032997 12.445250
v 2.556560 67.948570 12.260842
v 2.095572 70.571304 12.078141
v 2.090009 68.072380 12.076974
v 3.398216 68.112625 12.398335
v 2.991383 67.898903 12.208175
v 2.480268 70.857506 11.786362
v 2.046376 70.618660 11.838123
v 1.697749 70.250031 11.880316
v 1.474590 69.789253 11.907599
v 1.398288 69.288025 11.917056
v 1.472704 68.801643 11.907207
v 1.693515 68.374664 11.879556
v 2.041385 68.041901 11.837097
v 2.955518 70.941574 11.728912
v 2.971833 67.815544 11.970080
v 3.421476 67.982925 12.156160
v 2.475259 67.833298 11.784261
v 2.452928 70.875359 11.540741
v 1.439866 69.806152 11.664326
v 1.438527 68.809746 11.663921
v 2.951140 67.769279 11.726545
v 2.449237 67.824471 11.539516
v 3.421543 67.851677 11.669684
v 3.405210 67.836288 11.423721
v 3.841416 68.078781 11.619286
v 3.833335 68.119614 11.866098
v 4.173604 68.431091 11.579827
v 3.803753 68.191490 12.110098
v 3.744463 68.303764 12.356672
v 3.637953 69.150398 12.888547
v 3.582378 69.170303 12.952166
v 3.505192 69.004845 12.961296
v 3.609374 69.351791 12.949109
v 3.165128 70.434074 10.320682
v 2.575505 68.663849 10.092729
v 2.808376 68.415306 10.197580
v 2.925196 69.559235 9.894008
v 3.070444 69.757530 9.936049
v 3.212115 69.945930 10.016842
v 3.346616 70.119858 10.134056
v 3.470545 70.274994 10.284515
v 2.795501 68.629395 10.066051
v 3.092053 68.462738 10.163568
v 2.979122 69.504150 9.887711
v 3.176771 69.648666 9.923585
v 3.367989 69.786049 9.998590
v 3.547954 69.912819 10.110491
v 3.712112 70.026001 10.256223
v 3.015462 68.666016 10.039703
v 3.345903 68.597702 10.133568
v 3.013748 69.434570 9.883743
v 3.244967 69.511200 9.915739
v 3.467890 69.584053 9.987102
v 3.676854 69.651375 10.095650
v 3.866631 69.711395 10.238381
v 3.211918 68.770271 10.016468
v 3.547115 68.806953 10.110129
v 3.025681 69.357246 9.882347
v 3.268451 69.358498 9.913141
v 3.502199 69.359756 9.983347
v 3.721027 69.360954 10.090819
v 3.919447 69.362053 10.232552
v 3.676298 69.069962 10.095453
v 3.467652 69.135017 9.986907
v 3.367665 68.931870 9.998311
v 3.244927 69.205528 9.915605
v 3.013779 69.279800 9.883652
v 3.176748 69.067268 9.923391
v 2.979198 69.209854 9.887600
v 2.920316 69.356728 9.885582
v 2.922124 69.276176 9.887441
v 2.925329 69.154175 9.893851
v 3.070523 68.957298 9.935762
v 2.856257 69.356400 9.886828
v 2.856635 69.271088 9.890857
v 2.857424 69.118279 9.901855
v 2.936565 68.886353 9.951654
v 2.778000 69.356026 9.891731
v 2.778435 69.269630 9.896298
v 2.780058 69.105621 9.911057
v 2.785959 68.861412 9.969687
v 2.702951 69.117508 9.920446
v 2.635493 68.884857 9.987911
v 2.778430 69.453209 9.897370
v 2.700739 69.355629 9.905540
v 2.701150 69.270317 9.909566
v 2.634935 69.152725 9.928800
v 2.636438 69.274765 9.921817
v 2.637751 69.355309 9.919579
v 2.501115 68.954483 10.004330
v 2.580921 69.207870 9.935529
v 2.546199 69.277481 9.939917
v 2.394367 69.063400 10.017593
v 2.534198 69.354790 9.941483
v 2.325732 69.200974 10.026262
v 2.856537 69.449203 9.890417
v 2.922194 69.442795 9.887694
v 4.387559 69.858902 11.308297
v 4.180932 70.294411 11.580588
v 4.392242 69.853722 11.555255
v 3.848570 70.643227 11.620313
v 3.841299 70.602066 11.867126
v 4.463233 69.364365 11.546541
v 4.383482 68.869331 11.307897
v 3.426636 70.866173 11.670928
v 3.409359 70.881554 11.424914
v 3.812218 70.529198 12.111058
v 3.428891 70.725723 12.158190
v 4.387686 68.874130 11.554862
v 2.977694 70.887161 11.973724
v 2.998031 70.786446 12.212473
v 4.019774 70.128708 12.325213
v 3.752774 70.412109 12.357581
v 3.406520 70.582062 12.400182
v 3.016795 70.631050 12.448954
v 4.176502 69.765625 12.305931
v 2.562227 70.708954 12.264803
v 2.623090 70.560905 12.496216
v 3.873213 70.006424 12.579979
v 3.363680 70.376251 12.641748
v 3.034225 70.413391 12.682289
v 2.701889 70.352882 12.722118
v 4.224848 69.362396 12.299595
v 3.999214 69.700882 12.564460
v 2.264514 70.369568 12.537391
v 3.683193 69.846397 12.799688
v 3.299024 70.123215 12.846178
v 3.047625 70.150032 12.876429
v 3.422646 69.876686 12.915206
v 3.483278 69.193268 13.044903
v 3.584391 69.531853 12.952321
v 3.484944 69.501205 13.045033
v 3.640251 69.555824 12.888722
v 3.355908 69.524109 13.121701
v 3.343279 69.702110 13.061507
v 3.387552 69.817955 12.976329
v 3.220330 69.543861 13.174794
v 3.232096 69.893784 12.995085
v 3.067420 69.768456 13.110613
v -1.310858 69.757843 11.417126
v -1.543573 70.204895 11.389729
v -1.536922 70.208092 11.637601
v -1.900610 70.570267 11.594871
v -1.300321 69.754860 11.665260
v -1.357490 69.748856 11.169508
v -1.228961 69.265739 11.426738
v -1.279172 69.275261 11.178864
v -1.580634 70.178825 11.143055
v -1.901768 70.561989 11.347466
v -2.352799 70.804733 11.541582
v -1.216827 69.256126 11.674891
v -1.439561 69.727867 10.928741
v -1.366683 69.284363 10.937596
v -1.354159 68.804649 11.169135
v -1.306927 68.777054 11.416699
v -1.436808 68.843384 10.928404
v -1.647691 70.130211 10.903899
v -1.924565 70.522179 11.102302
v -2.347611 70.793091 11.294805
v -2.847720 70.887527 11.483204
v -1.295846 68.761284 11.664825
v -1.555084 69.695305 10.700830
v -1.489341 69.292839 10.708937
v -1.552853 68.892372 10.700526
v -1.642324 68.447906 10.903255
v -1.574401 68.382942 11.142344
v -1.536489 68.339569 11.388945
v -1.738677 68.532875 10.677662
v -1.743174 70.060234 10.678231
v -1.968874 70.451302 10.865681
v -2.353137 70.744255 11.051563
v -2.836221 70.874649 11.237107
v -3.334888 70.810387 11.425696
v -1.529047 68.318542 11.636809
v -1.861242 68.635796 10.471328
v -1.699476 68.950302 10.491330
v -2.027303 68.249077 10.642740
v -1.961352 68.135941 10.864767
v -1.916052 68.050522 11.101325
v -1.892279 67.994888 11.346402
v -2.112532 68.387283 10.440830
v -2.033815 70.351318 10.643523
v -2.369609 70.658966 10.818136
v -2.823559 70.822548 10.995955
v -3.317599 70.798401 11.180311
v -3.768056 70.581245 11.374590
v -1.890185 67.969933 11.593776
v -2.427595 68.228516 10.402982
v -2.388768 68.067871 10.599421
v -2.360441 67.936844 10.817080
v -2.342932 67.838486 11.050401
v -2.336330 67.775124 11.293562
v -2.396904 70.539413 10.600356
v -2.810272 70.732079 10.765990
v -3.287572 70.749084 10.941229
v -3.746668 70.572556 11.129868
v -4.109022 70.224030 11.334481
v -2.340360 67.747620 11.540581
v -2.776207 68.174576 10.361489
v -2.787659 68.006340 10.551995
v -2.799773 67.869232 10.764898
v -2.811796 67.766533 10.994752
v -2.822680 67.699944 11.237583
v -2.796988 70.605530 10.552956
v -3.245617 70.663277 10.714674
v -3.702091 70.532043 10.892659
v -4.085148 70.220459 11.090321
v -4.328779 69.775009 11.308954
v -2.831849 67.670189 11.488100
v -3.124947 68.231445 10.320681
v -3.186189 68.071335 10.505383
v -3.238615 67.940582 10.713642
v -3.280057 67.842300 10.940214
v -3.307794 67.777832 11.182461
v -3.192976 70.543137 10.506314
v -3.635148 70.460258 10.669151
v -4.029667 70.193542 10.854613
v -4.304333 69.777824 11.065192
v -4.405739 69.278305 11.300261
v -3.321266 67.748344 11.433865
v -3.439503 68.394028 10.284616
v -3.546751 68.257065 10.464192
v -3.637083 68.144814 10.668296
v -3.705796 68.059937 10.891760
v -3.749090 68.004204 11.129604
v -3.547645 70.359123 10.464947
v -3.943367 70.143616 10.633524
v -4.242375 69.767906 10.830478
v -4.381861 69.287979 11.056705
v -4.330896 68.781914 11.308558
v -3.765249 67.977798 11.379614
v -3.689427 68.646309 10.256471
v -3.831989 68.545586 10.432036
v -3.949960 68.462280 10.632938
v -4.038296 68.398445 10.853985
v -4.092974 68.355469 11.089634
v -3.828474 70.071915 10.432584
v -4.143706 69.745270 10.610956
v -4.318016 69.296570 10.822401
v -4.308280 68.797852 11.064803
v -4.246892 68.824715 10.830131
v -4.112887 68.334175 11.334524
v -4.215033 69.303856 10.603477
v -4.147768 68.861847 10.610628
v -4.014016 68.908470 10.411820
v -3.849646 68.963432 10.238828
v -4.010857 69.710411 10.412124
v -4.075649 69.309731 10.405392
v -3.903802 69.314224 10.233241
v -3.847467 69.664436 10.239088
v -3.658097 69.608650 10.096373
v -3.704465 69.317451 10.091529
v -3.525767 69.871193 10.111233
v -3.688002 69.980331 10.256952
v -3.346123 69.747482 9.999345
v -3.448001 69.544586 9.987841
v -3.659123 69.025841 10.096157
v -3.483333 69.319603 9.984077
v -3.187593 69.908295 10.017617
v -3.320829 70.079590 10.134824
v -3.441923 70.231140 10.285275
v -3.045737 69.721619 9.936831
v -3.153800 69.612175 9.924355
v -3.222940 69.474083 9.916498
v -3.448003 69.094315 9.987633
v -3.525837 68.762230 10.110837
v -3.246614 69.320824 9.913894
v -2.909282 69.791611 9.952752
v -2.987364 70.011200 10.040943
v -3.062016 70.212959 10.164959
v -3.131183 70.391739 10.321475
v -2.829829 69.559570 9.902824
v -2.898950 69.524124 9.894798
v -2.953713 69.468765 9.888494
v -2.988768 69.398888 9.884521
v -3.345055 68.890709 9.999041
v -3.317920 68.552437 10.134288
v -2.751316 69.571556 9.912017
v -2.756081 69.815376 9.970778
v -2.763393 70.046112 10.067290
v -2.772975 70.258194 10.198969
v -2.784355 70.446220 10.362305
v -2.895556 69.407310 9.888483
v -2.828870 69.413956 9.891210
v -3.184644 68.728729 10.017208
v -3.056456 68.417252 10.164310
v -2.672432 69.558945 9.921430
v -2.602348 69.790390 9.989037
v -2.538425 70.009338 10.094008
v -2.482110 70.210472 10.233491
v -3.135164 70.005844 12.846945
v -3.253466 69.752625 12.915953
v -3.523042 69.717491 12.800411
v -1.627979 68.818420 12.591649
v -1.804200 68.458572 12.570992
v -1.798504 69.215332 12.807272
v -1.843445 68.875694 12.801770
v -2.065458 69.212128 12.971525
v -2.103657 69.472870 12.967466
v -3.895581 70.013641 12.325911
v -3.853568 69.571617 12.565146
v -3.730271 69.882416 12.580687
v -3.618376 69.482819 12.788472
v -3.471129 69.423439 12.889438
v -2.878704 69.872803 12.960569
v -3.058995 69.776154 12.995850
v -2.882668 69.803024 13.016739
v -3.216201 69.694656 12.977077
v -3.413350 69.400856 12.953042
v -1.985227 68.572472 12.785942
v -2.099728 68.953781 12.967228
v -3.647170 69.222160 12.784481
v -3.437497 69.219200 12.949821
v -3.168927 69.579834 13.062256
v -3.311223 69.373268 13.045763
v -3.409489 69.038002 12.952916
v -3.466634 69.016357 12.889596
v -3.308125 69.064468 13.045622
v -3.179833 69.400986 13.122440
v -3.042129 69.426262 13.175549
v -2.896782 69.435104 13.206112
v -3.331173 68.874916 12.963306
v -3.176407 69.035713 13.122271
v -3.038445 69.009232 13.175455
v -2.898412 69.216743 13.238621
v -3.207204 68.745583 12.982021
v -2.893131 68.998779 13.206145
v -2.882281 68.778419 13.114450
v -3.049334 68.662270 13.003720
v -3.243258 68.688660 12.924368
v -2.743678 69.007271 13.210375
v -2.873268 68.632820 13.024565
v -3.612185 68.962982 12.790011
v -3.345890 68.545937 12.840137
v -2.595651 69.031883 13.190956
v -2.695640 68.660141 13.043512
v -2.868411 68.562317 12.971663
v -3.122657 68.427002 12.873456
v -3.888952 69.227997 12.560017
v -3.844532 68.887146 12.569621
v -3.714808 68.581749 12.598399
v -2.534591 68.741516 13.059852
v -2.868575 68.385124 12.899263
v -3.197414 68.182159 12.694939
v -4.049567 69.644417 12.306603
v -4.094912 69.236618 12.300249
v -4.040424 68.832054 12.311966
v -3.878532 68.468925 12.347302
v -3.604638 68.179131 12.408465
v -2.487499 68.684212 13.009462
v -2.611536 68.424454 12.920500
v -2.864725 68.127983 12.722785
v -3.252428 67.992920 12.463515
v -3.681288 68.074059 12.155650
v -3.703399 70.428864 12.111789
v -2.527662 68.180885 12.741055
v -2.381395 68.540520 12.940622
v -2.858782 67.929420 12.492858
v -3.289936 67.867500 12.213170
v -3.746799 70.510323 11.867858
v -3.729824 68.010971 11.897811
v -2.459476 67.993393 12.512304
v -2.853171 67.797691 12.246512
v -3.339871 70.787071 11.671688
v -3.767488 70.559898 11.621046
v -4.103187 70.205711 11.581279
v -4.318201 69.760345 11.555911
v -4.392673 69.268074 11.547175
v -4.317531 68.776642 11.555601
v -4.101078 68.333725 11.585470
v -3.757526 67.980217 11.636159
v -2.857885 70.863426 11.728606
v -2.847266 67.717377 11.993574
v -2.410306 67.869118 12.273752
v -3.322158 67.753242 11.690645
v -3.334888 70.810387 11.425696
v -4.328779 69.775009 11.308954
v -4.330896 68.781914 11.308558
v -2.840033 67.676399 11.738625
v -3.321266 67.748344 11.433865
v -2.354110 67.754074 11.786890
v -2.340360 67.747620 11.540581
v -1.908535 67.974342 11.837921
v -1.946205 68.006821 12.077794
v -1.550496 68.319046 11.880423
v -2.005110 68.070587 12.311128
v -2.094064 68.175209 12.541574
v -2.256538 69.008812 13.032428
v -2.326911 69.031120 13.080926
v -2.407099 68.869209 13.072238
v -2.300374 69.211761 13.084252
v -2.434630 70.388611 10.403777
v -2.982888 68.624313 10.040457
v -2.766240 68.369965 10.198312
v -2.603067 69.522964 9.929774
v -2.464982 69.719193 10.005451
v -2.336110 69.904518 10.118171
v -2.219537 70.074417 10.264817
v -2.117995 70.224586 10.441491
v -2.758488 68.587837 10.066789
v -2.476355 68.414917 10.232842
v -2.547887 69.467148 9.936460
v -2.355577 69.608711 10.018630
v -2.174788 69.742020 10.137576
v -2.009886 69.863609 10.289992
v -1.864876 69.970634 10.471808
v -2.534184 68.622612 10.093523
v -2.215188 68.547211 10.264281
v -2.512332 69.396965 9.940831
v -2.285061 69.469948 10.027241
v -2.070711 69.537888 10.150261
v -1.874528 69.599106 10.306435
v -1.701258 69.652000 10.491591
v -2.332875 68.725052 10.117762
v -2.007041 68.754189 10.289597
v -2.499939 69.319260 9.942304
v -2.260479 69.316460 10.030312
v -2.034453 69.312355 10.154829
v -1.827337 69.306961 10.312376
v -1.644154 69.300423 10.498716
v -1.873127 69.015877 10.306218
v -2.069640 69.087440 10.150053
v -2.172633 68.885147 10.137272
v -2.284302 69.163330 10.027098
v -2.511915 69.241699 9.940734
v -2.354079 69.025475 10.018418
v -2.547078 69.171867 9.936340
v -2.605603 69.319847 9.920390
v -2.603918 69.238983 9.922626
v -2.601917 69.116531 9.929604
v -2.462786 68.916351 10.005141
v -2.670014 69.320312 9.906345
v -2.669932 69.234581 9.910369
v -2.671053 69.081169 9.921244
v -2.599562 68.846527 9.988708
v -2.749235 69.320801 9.892494
v -2.749144 69.233955 9.897058
v -2.749841 69.069160 9.911812
v -2.753006 68.822853 9.970433
v -2.828399 69.081772 9.902638
v -2.906261 68.847672 9.952423
v -2.749722 69.418114 9.898137
v -2.828417 69.320930 9.887620
v -2.828311 69.235207 9.891644
v -2.897714 69.117668 9.894629
v -2.894925 69.240135 9.888222
v -2.893418 69.320984 9.886366
v -3.043287 68.918663 9.936520
v -2.952802 69.173470 9.888374
v -2.988284 69.243599 9.884426
v -3.152248 69.028854 9.924143
v -3.000672 69.321266 9.883122
v -3.222309 69.167458 9.916354
v -2.670474 69.413307 9.909935
v -2.604310 69.406151 9.922910
v -1.300321 69.754860 11.665260
v -1.559054 70.189796 11.881239
v -1.323991 69.740715 11.908530
v -1.919774 70.548729 11.839026
v -1.958066 70.499207 12.078896
v -1.240615 69.246780 11.917978
v -1.295846 68.761284 11.664825
v -2.367876 70.781197 11.786352
v -2.352799 70.804733 11.541582
v -2.017356 70.418022 12.310709
v -2.425413 70.623047 12.262845
v -1.319035 68.756966 11.908108
v -2.866489 70.800957 11.972091
v -2.872647 70.692879 12.210162
v -1.813538 70.000191 12.571699
v -2.106036 70.292252 12.537803
v -2.473511 70.470612 12.494666
v -2.876491 70.530937 12.447140
v -1.633500 69.629303 12.592023
v -3.313683 70.628845 12.158081
v -3.274629 70.475990 12.400172
v -1.993888 69.870865 12.785696
v -2.539651 70.258255 12.721971
v -2.879009 70.307915 12.681988
v -3.214724 70.262863 12.642325
v -1.571874 69.221519 12.598507
v -1.848473 69.558784 12.802084
v -3.627347 70.302322 12.358314
v -2.213281 69.708633 12.955087
v -2.621583 70.002296 12.907559
v -2.879740 70.040894 12.877184
v -2.495411 69.747444 13.005466
v -2.448174 69.058868 13.147301
v -2.329680 69.393600 13.081092
v -2.450541 69.367416 13.147440
v -2.259644 69.415421 13.032614
v -2.598502 69.396965 13.191098
v -2.601367 69.575890 13.129273
v -2.541786 69.689995 13.056710
v -2.747025 69.424187 13.210396
v -2.704199 69.773674 13.037737
v -2.889564 69.657272 13.111356
v -1.846175 68.986023 12.826181
v -1.943730 68.949646 12.871838
v -1.940106 68.956833 12.892330
v -2.026316 68.926537 12.970397
v -1.935653 68.953003 12.908831
v -1.934005 68.931496 12.916532
v -2.134118 68.894783 13.017944
v -2.152768 68.905617 12.988210
v -2.139622 68.892075 12.967919
v -2.127628 68.856667 13.031522
v -2.283276 68.869362 13.021646
v -2.461601 68.824371 13.128229
v -2.447505 68.761070 13.112356
v -2.456171 68.834641 13.076783
v -2.452025 68.803696 13.057031
v -2.679141 68.791885 13.108508
v -2.953298 68.763130 13.153251
v -2.943520 68.770844 13.099014
v -2.934392 68.740784 13.078498
v -2.944557 68.691391 13.128499
v -3.196469 68.776985 13.060726
v -3.398212 68.793373 12.936814
v -3.381619 68.805527 12.898749
v -3.378534 68.770683 12.883864
v -3.414072 68.720078 12.935993
v -3.571631 68.847084 12.799470
v -3.770088 68.876785 12.709151
v -3.788231 68.814949 12.694864
v -3.744987 68.880615 12.677766
v -3.743550 68.865280 12.648148
v -3.896632 68.940033 12.587992
v -3.981494 68.972244 12.475341
v -4.032719 68.992760 12.367820
v -4.114387 69.008163 12.316216
v -4.141977 68.981506 12.310944
v -4.079530 69.007957 12.301906
v -4.070777 69.002228 12.288236
v -4.092728 69.017464 12.267190
v -4.096902 69.020897 12.256338
v -4.134151 69.018761 12.272417
v -4.167141 69.018250 12.273591
v -4.093996 69.022301 12.256439
v -4.096133 69.027206 12.247875
v -4.128491 69.025932 12.284734
v -4.079969 69.052040 12.282210
v -4.077234 69.042290 12.294688
v -4.144631 69.040482 12.318539
v -4.116676 69.040314 12.309360
v -4.061230 69.064842 12.324158
v -4.051603 69.109390 12.404670
v -4.024332 69.102051 12.378051
v -4.078422 69.123718 12.421367
v -4.031554 69.113205 12.358778
v -1.833552 68.979042 12.837695
v -1.766634 68.997902 12.805750
v -1.801323 69.223900 12.822506
v -1.843685 69.249413 12.858748
v -1.789082 69.029243 12.804845
v -1.766634 68.997902 12.805750
v -1.741497 69.054985 12.846631
v -1.691957 69.027084 12.842150
v -1.686992 69.048553 12.846908
v -1.730324 69.085663 12.852423
v -1.672184 69.075554 12.849854
v -1.686336 69.004082 12.829454
v -1.663875 69.107002 12.851866
v -1.723397 69.122574 12.855356
v -1.657801 69.139641 12.849773
v -1.721557 69.162079 12.847818
v -1.642937 69.165054 12.838534
v -1.727301 69.187469 12.832644
v -1.647176 69.195236 12.796450
v -1.801323 69.223900 12.822506
v -1.671211 68.996834 12.791760
v 2.032043 69.036842 12.824308
v 2.128574 69.009727 12.870520
v 2.124797 69.016548 12.891012
v 2.210232 68.991066 12.968594
v 2.120065 69.012314 12.907514
v 2.118051 68.990601 12.915215
v 2.316512 68.965858 13.015977
v 2.335119 68.978340 12.986004
v 2.321891 68.964104 12.965711
v 2.310003 68.926895 13.029737
v 2.460723 68.937691 13.058063
v 2.642308 68.914040 13.124319
v 2.628419 68.849602 13.107847
v 2.637046 68.924866 13.072635
v 2.632703 68.893761 13.052430
v 2.855874 68.893974 13.103970
v 3.127248 68.876419 13.149784
v 3.118052 68.884682 13.095935
v 3.108904 68.854317 13.074545
v 3.118785 68.804138 13.122412
v 3.364967 68.900215 13.059054
v 3.562037 68.923203 12.934688
v 3.545380 68.935608 12.897772
v 3.541928 68.900574 12.881307
v 3.577224 68.849541 12.929391
v 3.731567 68.980560 12.799156
v 3.922749 69.011047 12.706205
v 3.939413 68.948608 12.689383
v 3.898838 69.015396 12.675420
v 3.897396 69.000206 12.645318
v 4.041651 69.071556 12.587488
v 4.102335 69.099976 12.455568
v 4.166954 69.122589 12.366915
v 4.242631 69.135635 12.314506
v 4.267734 69.107910 12.308664
v 4.210063 69.136421 12.300367
v 4.201616 69.130821 12.286633
v 4.255682 69.133926 12.280693
v 4.225310 69.147652 12.255506
v 4.259963 69.144516 12.276985
v 4.290392 69.142853 12.272628
v 4.222722 69.149864 12.255641
v 4.224482 69.154602 12.247176
v 4.255284 69.154236 12.286774
v 4.210799 69.180305 12.280588
v 4.208535 69.170776 12.292899
v 4.270848 69.166885 12.317021
v 4.244658 69.171402 12.311550
v 4.229129 69.193863 12.342817
v 4.187554 69.239296 12.403014
v 4.161958 69.232933 12.376353
v 4.212535 69.252579 12.419838
v 4.168272 69.243736 12.357227
v 2.018994 69.029015 12.835821
v 1.961348 69.049141 12.784757
v 1.977111 69.283836 12.835093
v 2.028646 69.299873 12.847373
v 1.988229 69.082451 12.776757
v 1.961348 69.049141 12.784757
v 1.935626 69.105507 12.824936
v 1.881958 69.074432 12.825855
v 1.876723 69.095856 12.830814
v 1.922300 69.135445 12.833652
v 1.860478 69.121857 12.835553
v 1.875755 69.050613 12.813910
v 1.850409 69.152237 12.840580
v 1.912313 69.171577 12.841697
v 1.842726 69.184265 12.841381
v 1.906964 69.210709 12.840434
v 1.826751 69.209183 12.831543
v 1.910728 69.236336 12.828475
v 1.831028 69.240486 12.789792
v 1.977111 69.283836 12.835093
v 1.859422 69.042023 12.777885
v 0.660653 63.035145 13.890481
v 0.703974 63.058022 13.772799
v 0.651337 63.166637 13.866838
v 0.534552 63.295223 13.970406
v 0.366766 63.340931 14.034971
v 0.741902 62.786308 13.692228
v 0.727769 62.806816 13.786736
v 0.663711 62.855247 13.887207
v 0.549046 62.884163 13.972933
v 0.386650 63.126266 14.059727
v 0.661513 62.689228 13.853205
v 0.659831 62.567719 13.806758
v 0.394179 62.697514 13.957572
v 0.396180 62.891850 14.021657
v 0.652911 62.512867 13.752256
v 0.389418 62.552494 13.893211
v 0.379901 62.504902 13.823990
v 0.099382 62.696320 13.944344
v 0.080414 62.573956 13.899693
v 0.233694 62.878036 14.015347
v 0.044378 62.518284 13.845912
v 0.015408 62.839184 13.889479
v 0.098215 62.854931 13.968151
v 0.088552 63.008839 13.965811
v 0.009787 63.035515 13.862940
v 0.070526 63.128807 13.944149
v -0.009685 63.005611 13.790222
v 0.196601 63.265808 14.022799
v 0.042318 63.167564 13.939061
v 0.369139 63.419811 14.064880
v -0.011523 63.156307 13.959672
v 0.101414 63.427448 14.100780
v -0.065725 63.167702 13.939529
v -0.013697 63.418480 14.107624
v -0.128218 63.422726 14.100771
v -0.030143 63.036144 13.863249
v -0.093114 63.129124 13.945076
v -0.009847 63.005611 13.790224
v -0.385065 63.400379 14.064594
v -0.220243 63.262012 14.024107
v -0.108146 63.009590 13.967807
v -0.381866 63.323818 14.035626
v -0.395624 63.110294 14.065859
v -0.395133 62.873470 14.032248
v -0.244575 62.872017 14.022789
v -0.113467 62.854588 13.971350
v -0.031110 62.839287 13.890100
v -0.531711 63.266418 13.968971
v -0.529775 62.854046 13.982964
v -0.110440 62.694607 13.948379
v -0.385329 62.674004 13.970475
v -0.631297 63.001724 13.891378
v -0.628098 63.135109 13.863054
v -0.089278 62.572174 13.903479
v -0.624767 62.816422 13.893684
v -0.376307 62.526546 13.909359
v -0.666413 63.024834 13.767933
v -0.647876 63.173271 13.840457
v -0.673464 62.762207 13.789648
v -0.052976 62.517376 13.848250
v -0.608845 62.519970 13.822143
v -0.615127 62.644390 13.864182
v -0.681857 62.740570 13.692553
v -0.600558 62.464558 13.768778
v -0.365940 62.478676 13.840231
v -0.671348 62.968498 13.680096
v -0.704206 63.136135 13.827641
v -0.748170 63.116581 13.767595
v -0.706817 62.995785 13.712505
v -0.663342 62.962582 13.671892
v -0.856538 63.181480 13.749506
v -0.768084 63.076271 13.733520
v -0.995807 63.332363 13.744579
v -0.775285 62.782722 13.768688
v -0.967842 62.802639 13.734848
v -0.981943 63.245678 13.714349
v -0.754877 62.549255 13.748436
v -0.936018 62.482574 13.668534
v -0.722623 62.476795 13.719214
v -1.109043 62.959385 13.346000
v -1.127124 62.976280 13.358943
v -1.103395 62.736069 13.367786
v -1.092906 62.405357 13.486408
v -0.919058 62.398975 13.621011
v -1.188944 62.400425 13.352253
v -1.337958 62.297161 13.243878
v -1.499405 62.780685 12.920030
v -0.722623 62.476795 13.719214
v -1.503502 62.961117 12.911347
v -0.663342 62.962582 13.671892
v -0.671348 62.968498 13.680096
v -0.681857 62.740570 13.692553
v -0.600558 62.464558 13.768778
v -0.365940 62.478676 13.840231
v -0.009847 63.005611 13.790224
v -0.052976 62.517376 13.848250
v -0.009685 63.005611 13.790222
v 0.044378 62.518284 13.845912
v 0.379901 62.504902 13.823990
v 0.652911 62.512867 13.752256
v 0.741902 62.786308 13.692228
v 0.715952 63.002678 13.685914
v 0.707217 62.996647 13.677458
v 0.800561 62.534782 13.708459
v 1.044550 62.472008 13.617588
v 1.258452 62.482956 13.494754
v 1.236826 62.992954 13.376629
v 1.256494 63.008736 13.390782
v 1.251139 62.788052 13.390639
v 1.372258 62.475388 13.364168
v 1.546103 62.375671 13.254591
v 1.671143 62.807755 12.953621
v 1.655632 62.972424 12.952112
v 1.517754 63.050900 12.521143
v 1.515764 62.840469 12.538879
v 1.497265 63.251102 12.515928
v 1.582799 62.723251 12.578100
v 1.718208 62.941479 12.310858
v 1.555764 63.733063 11.751254
v 1.704117 62.679955 12.624544
v 1.757013 62.935699 12.124217
v 1.802079 63.326153 11.934293
v 1.866876 62.483971 12.700356
v 1.888586 62.594200 12.540635
v 1.923868 62.750317 12.375133
v 1.808770 62.962502 11.930351
v 1.907598 63.220291 11.787378
v 1.929260 63.373722 11.649011
v 1.944706 63.037991 11.783391
v 1.884914 62.824158 11.969730
v 2.101157 62.725620 12.247139
v 1.974816 62.482906 12.736928
v 2.038875 63.104439 11.664170
v 2.013767 62.888405 11.827621
v 2.223282 62.696442 12.113342
v 2.292430 62.801704 11.944949
v 2.101165 62.956226 11.674450
v 2.349110 62.690254 12.163330
v 2.140775 63.084805 11.227507
v 2.318714 62.922825 11.730548
v 2.433065 62.797634 11.990955
v 2.465096 62.882301 12.210996
v 2.518518 62.985165 12.020407
v 2.484988 62.915886 11.776737
v 2.445634 62.977287 11.297421
v 2.598081 63.131073 11.817531
v 2.437676 63.195633 10.182710
v 2.513040 63.123398 10.184457
v 2.528931 63.139797 12.060399
v 2.463030 63.131294 12.236546
v 2.732074 63.107651 10.207502
v 2.701935 63.473083 11.859175
v 2.519215 63.269333 9.381479
v -1.088624 63.214252 13.616954
v -0.919058 62.398975 13.621011
v -1.132796 63.105537 13.518439
v -1.102837 62.483376 13.541374
v -1.122654 62.772350 13.560900
v -1.092906 62.405357 13.486408
v -1.137978 63.014000 13.431448
v -1.127124 62.976280 13.358943
v -1.163303 63.134113 13.510344
v -1.199474 63.126884 13.478269
v -1.232306 63.141918 13.410547
v -1.174390 62.996128 13.387854
v -1.251732 63.089458 13.409467
v -1.109043 62.959385 13.346000
v -1.246250 62.962841 13.427069
v -1.362875 63.211739 13.379328
v -1.516588 63.413689 13.309531
v -1.157412 62.716496 13.424128
v -1.103395 62.736069 13.367786
v -1.235704 62.742065 13.438600
v -1.498406 63.318233 13.298257
v -1.587096 63.180058 13.113155
v -1.490799 63.084682 13.325529
v -1.226696 62.559196 13.426961
v -1.333879 62.765247 13.408962
v -1.444835 62.774616 13.332863
v -1.565025 63.021435 12.985319
v -1.209908 62.424232 13.400223
v -1.416989 62.530010 13.327589
v -1.520896 62.776627 13.158424
v -1.562060 62.935200 12.993814
v -1.382547 62.337353 13.294197
v -1.188944 62.400425 13.352253
v -1.542017 62.770401 13.005843
v -1.337958 62.297161 13.243878
v -1.497586 62.507229 13.037477
v -1.524174 62.618065 13.021236
v -1.499405 62.780685 12.920030
v -1.503502 62.961117 12.911347
v -1.586407 63.048485 12.964792
v -1.609457 63.020874 12.949298
v -1.588276 62.861477 12.964602
v -1.539389 62.637016 12.972447
v -1.537608 62.532730 12.937829
v -2.101132 63.663742 12.881541
v -1.990999 63.233837 12.811228
v -1.885688 62.589127 12.739884
v -1.968255 62.917103 12.780810
v -1.797999 62.437550 12.712724
v -1.696485 62.439117 12.678639
v -2.098274 63.106339 12.444214
v -2.259860 63.042114 12.311976
v -2.018093 62.714031 12.212550
v -2.443251 63.147255 12.188186
v -2.428854 62.886162 12.165119
v -2.530236 63.156479 12.015009
v -2.748972 63.495911 11.824648
v -2.998237 64.611992 10.264693
v -2.295047 62.680408 12.125592
v -2.164591 62.685738 12.079635
v -1.833668 62.821533 11.945149
v -2.511697 62.995174 11.977041
v -2.617920 63.145954 11.779772
v -1.691174 62.937126 12.096914
v -1.765506 62.967293 11.904847
v -2.410427 62.796371 11.953796
v -2.261295 62.799213 11.911867
v -1.981509 62.890221 11.801833
v -1.918933 63.046852 11.756264
v -1.887655 63.236366 11.756464
v -1.775681 63.346577 11.899926
v -1.921220 63.393230 11.619355
v -2.025058 63.115589 11.637618
v -2.085055 62.961235 11.650575
v -2.309990 62.926754 11.702126
v -2.487194 62.920460 11.744676
v -1.548623 63.759945 11.722979
v -2.135720 63.087410 11.217368
v -2.455393 62.976616 11.285208
v -2.482201 63.117702 10.187331
v -2.183166 63.897251 10.173656
v -2.358593 63.599564 10.174486
v -2.403346 63.192223 10.184935
v -2.709068 63.097775 10.210201
v 3.180873 63.681454 10.295424
v 3.140050 63.274448 10.267673
v 2.962259 63.086075 10.242993
v 2.824589 63.176895 9.412995
v 3.171163 64.037537 10.300300
v 3.040905 64.606392 10.264370
v 2.095727 63.215179 12.861875
v 2.152294 63.611553 12.929723
v 2.175508 63.096474 12.492037
v 2.110144 62.923325 12.824365
v 2.056696 62.622665 12.771725
v 2.316308 63.033134 12.360293
v 1.718788 63.027390 13.031012
v 1.655632 62.972424 12.952112
v 1.728421 63.174976 13.165522
v 1.671143 62.807755 12.953621
v 1.640112 63.403503 13.365679
v 1.651044 63.098473 13.372725
v 1.630212 63.313629 13.352691
v 1.641524 62.816032 13.367014
v 1.714813 62.810352 13.194186
v 1.725897 62.799915 13.040852
v 1.520225 62.812794 13.439764
v 1.499863 63.223408 13.426643
v 1.634062 62.593456 13.350514
v 1.361964 63.163002 13.451075
v 1.327134 63.153465 13.516747
v 1.408898 62.794518 13.465696
v 1.397685 62.996479 13.462413
v 1.389650 63.113289 13.449125
v 1.601542 62.415165 13.307581
v 1.284818 63.163017 13.547382
v 1.318221 62.771561 13.447906
v 1.310065 63.027081 13.421989
v 1.251762 63.136684 13.553355
v 1.546103 62.375671 13.254591
v 1.236826 62.992954 13.376629
v 1.266098 63.045811 13.464587
v 1.251139 62.788052 13.390639
v 1.256494 63.008736 13.390782
v 1.272139 62.827133 13.584083
v 1.268175 62.558128 13.552802
v 1.258452 62.482956 13.494754
v 1.044550 62.472008 13.617588
v 1.062207 62.553970 13.669423
v 1.079710 62.857307 13.748464
v 1.191249 63.248718 13.651516
v 1.063249 63.286640 13.742395
v 0.836545 62.607613 13.741753
v 0.800561 62.534782 13.708459
v 0.918499 63.221550 13.768197
v 1.074733 63.375015 13.774720
v 0.848722 62.831989 13.771133
v 0.820798 63.112602 13.745279
v 0.794257 63.152576 13.778606
v 0.754650 63.031086 13.719755
v 0.740515 63.171616 13.835497
v 0.707217 62.996647 13.677458
v 0.673041 63.205601 13.846710
v 0.715952 63.002678 13.685914
v -2.484690 63.268105 9.382844
v -2.956172 63.069511 10.245516
v -2.796509 63.172478 9.414288
v -3.136449 63.260124 10.268087
v -3.157493 63.677814 10.294594
v -3.136115 64.039978 10.299198
v 1.398561 62.499653 13.413571
v 1.372258 62.475388 13.364168
v 1.412608 62.626102 13.446475
v -1.421775 63.052364 12.489529
v -1.420510 63.266529 12.478610
v -1.403517 62.826378 12.514425
v -1.454365 62.700027 12.555273
v -1.630475 62.939968 12.280928
v -1.559477 62.652351 12.599451
v -2.183166 63.897251 10.173656
v -1.540369 64.573341 10.094198
v 0.004215 64.818329 10.039605
v -1.548623 63.759945 11.722979
v -0.961216 64.357407 11.601865
v 1.556933 64.570206 10.094561
v 0.000841 64.586311 11.552846
v 0.966105 64.343384 11.613094
v 1.555764 63.733063 11.751254
v 2.222394 63.893883 10.174125
v 2.222394 63.893883 10.174125
v 2.400527 63.597622 10.174842
v 1.835851 62.512241 11.304058
v 1.693571 61.818821 11.160847
v 1.902628 62.607841 11.352423
v 1.925167 62.845493 11.405607
v 1.528285 62.410759 12.205206
v 1.592291 62.703220 12.229043
v 2.069155 62.950134 11.166382
v 1.997392 62.931572 11.442367
v 2.165884 62.741676 11.009170
v 1.798286 62.743965 12.416959
v 1.965295 62.846172 12.242152
v 2.032863 62.816574 11.947392
v 2.100032 63.004211 11.303563
v 2.145811 62.943707 11.518750
v 2.210435 63.011055 11.268086
v 2.087000 62.906120 11.747293
v 2.150725 62.987717 10.798203
v 2.197351 62.930286 10.958870
v 2.342574 63.026531 11.602503
v 2.370954 63.040596 11.317042
v 2.418788 62.825756 11.804346
v 2.317814 63.043991 10.955267
v 2.606364 63.085949 11.020532
v 2.341034 63.078140 10.682523
v 2.582135 62.923656 11.462849
v 2.462028 62.611847 11.793621
v 2.689919 63.093380 10.766378
v 2.653929 62.711315 11.409496
v 2.692382 62.926067 11.057632
v 2.822804 62.948769 10.766958
v 2.813841 63.047924 10.427681
v 2.728009 63.066017 10.252848
v 2.447757 63.079292 10.211868
v 2.776335 63.206642 9.663954
v 2.211610 63.078480 10.455176
v 2.274993 63.078579 10.066297
v 2.565265 63.201683 9.554526
v 2.223610 63.011780 9.873313
v 2.374137 63.048191 9.340369
v -1.921753 62.844444 11.398541
v -1.454942 62.383148 12.201417
v -1.512510 62.689278 12.212730
v -1.992618 62.933949 11.430089
v -2.166938 62.729061 11.013396
v -1.686323 62.727852 12.389179
v -1.886107 62.841362 12.207876
v -1.989986 62.813690 11.919569
v -2.098885 63.006565 11.293216
v -2.141842 62.947002 11.501266
v -2.211865 63.012424 11.257799
v -2.288480 62.978443 11.053626
v -2.067003 62.908859 11.722372
v -2.136952 62.980991 10.801063
v -2.190819 62.922882 10.960083
v -2.346954 63.034317 11.576245
v -2.526612 63.035458 11.108428
v -2.413802 62.825108 11.774724
v -2.309857 63.038784 10.952855
v -2.610459 63.079426 11.014057
v -2.323332 63.071648 10.684560
v -2.461577 62.597733 11.772353
v -2.683891 63.083244 10.765868
v -2.700647 62.723862 11.125997
v -2.710320 62.911835 11.053399
v -2.833829 62.929947 10.768799
v -2.711382 63.054535 10.256020
v -2.421150 63.072998 10.215369
v -2.187810 63.072983 10.458824
v -2.246215 63.073719 10.070244
v -2.313592 62.876785 10.165635
v 0.847014 62.381905 13.610991
v 0.830591 62.574009 13.587014
v 0.811799 62.656849 13.546119
v 0.627480 62.253010 13.606194
v 0.611217 62.173283 13.579478
v 0.645249 62.420940 13.627546
v 0.634609 62.583473 13.618366
v 0.606218 62.658627 13.578949
v 0.515611 62.297432 13.463904
v 0.560174 62.244926 13.538540
v 0.517676 62.268257 13.461833
v 0.589069 62.142509 13.579660
v 0.549920 62.140163 13.599396
v 0.538500 62.217598 13.549393
v 0.562405 62.014591 13.642785
v 0.501358 62.146412 13.594206
v 0.509094 62.252495 13.539116
v 0.480175 62.181923 13.594300
v 0.517047 62.295746 13.465698
v 0.412014 62.079700 13.657416
v 0.283622 61.947899 13.712990
v 0.479641 62.266884 13.615205
v 0.281193 62.027020 13.714020
v 0.477328 62.457260 13.635138
v 0.007051 61.681446 13.805825
v 0.275864 62.422764 13.730309
v 0.283268 62.154541 13.735928
v 0.129829 62.052555 13.692749
v 0.012143 61.328823 13.666862
v 0.486090 62.621880 13.632233
v 0.266317 62.631474 13.703461
v 0.488229 62.670162 13.600477
v 0.056929 62.150517 13.655684
v 0.056148 62.241180 13.675181
v 0.263164 62.694679 13.654401
v 0.032381 62.623142 13.694611
v 0.047954 62.447189 13.700470
v 0.032791 62.673733 13.651823
v 0.018634 62.237206 13.606777
v -0.004121 62.288647 13.539009
v -0.003929 62.269390 13.533412
v -0.003157 62.201794 13.620525
v 0.033249 62.115379 13.668619
v -0.001721 62.108093 13.676854
v -0.036917 62.114555 13.671984
v 0.000465 61.983246 13.720352
v -0.061528 62.149109 13.660816
v -0.025764 62.236744 13.608105
v -0.004090 62.288647 13.539009
v -0.062680 62.239677 13.679442
v -0.130169 62.048492 13.707111
v -0.273538 61.933968 13.746894
v -0.272264 62.011681 13.745348
v -0.275594 62.136932 13.763403
v -0.058325 62.445869 13.702931
v -0.272613 62.404469 13.744068
v -0.391306 62.050781 13.695829
v -0.046047 62.622631 13.695773
v -0.451542 62.145611 13.627105
v -0.267273 62.615749 13.710587
v -0.451250 62.230164 13.642578
v -0.047390 62.673321 13.652792
v -0.469975 62.108532 13.630819
v -0.523572 61.973175 13.695901
v -0.476667 62.213791 13.564558
v -0.265341 62.680023 13.659975
v -0.461214 62.588089 13.639782
v -0.450966 62.421825 13.649409
v -0.463729 62.637463 13.606194
v -0.483766 62.257462 13.484350
v -0.484347 62.229851 13.482387
v -0.501957 62.176327 13.579246
v -0.511961 62.098038 13.639351
v -0.545599 62.097031 13.619919
v -0.564236 62.125751 13.617658
v -0.482540 62.259300 13.482323
v -0.520472 62.201904 13.566051
v -0.577563 62.203892 13.638463
v -0.634454 62.022911 13.655742
v -0.756464 61.884003 13.657557
v -0.747308 61.961506 13.637110
v -0.760801 62.092781 13.658707
v -2.533172 63.199066 9.556478
v -2.252810 63.119888 9.834979
v -2.196757 63.005806 9.878410
v -2.351750 63.042557 9.344613
v -2.555178 63.171230 9.407259
v -1.126452 62.206036 12.837541
v -1.109409 62.199905 12.875383
v -1.164271 62.203648 12.930356
v -1.218223 62.181881 12.981586
v -1.252822 62.325634 12.989853
v -1.206821 62.557396 13.144168
v -1.167115 62.560646 13.124634
v -1.074129 62.613190 13.225764
v -1.115464 62.613472 13.285266
v -0.965827 62.558273 13.305682
v -0.977899 62.553749 13.363051
v -0.881601 62.296791 13.356694
v -0.880045 62.146866 13.339459
v -0.869589 62.558048 13.464358
v -0.734806 62.603535 13.545093
v -0.563913 62.617432 13.583119
v -0.482540 62.259300 13.482323
v -0.463365 62.223564 13.387709
v -0.484347 62.229851 13.482387
v -0.483766 62.257462 13.484350
v -0.463729 62.637463 13.606194
v -0.265341 62.680023 13.659975
v -0.047390 62.673321 13.652792
v -0.002593 62.169907 13.326767
v -0.004090 62.288647 13.539009
v -0.003704 62.259972 13.434937
v -0.003929 62.269390 13.533412
v -0.004121 62.288647 13.539009
v 0.032791 62.673733 13.651823
v 0.263164 62.694679 13.654401
v 0.977362 62.619209 13.470729
v 0.987904 62.216652 13.323946
v 0.993706 62.364624 13.352794
v 1.091569 62.618080 13.317053
v 1.108116 62.616283 13.374567
v 1.216682 62.668728 13.242832
v 1.269054 62.671738 13.303861
v 1.324217 62.616310 13.142183
v 1.372993 62.614300 13.162874
v 1.418025 62.390320 12.998946
v 1.303098 62.268410 12.930524
v 1.372543 62.252090 12.982802
v 1.231186 62.259720 12.872829
v 1.247059 62.264393 12.835196
v 0.488229 62.670162 13.600477
v 0.517047 62.295746 13.465698
v 0.492548 62.258286 13.370838
v 0.517676 62.268257 13.461833
v 0.515611 62.297432 13.463904
v 0.606218 62.658627 13.578949
v 0.811799 62.656849 13.546119
v -0.593070 62.371853 13.645017
v -0.759501 62.317867 13.628390
v -0.586557 62.538006 13.625713
v -0.833025 61.980400 13.565422
v -0.748362 62.515930 13.590024
v -0.563913 62.617432 13.583119
v -0.875772 62.052700 13.488783
v -0.884843 62.139702 13.505363
v -0.884426 62.311199 13.512784
v -0.734806 62.603535 13.545093
v -0.880733 62.474686 13.500700
v -0.869589 62.558048 13.464358
v -0.886917 62.118370 13.413949
v -0.880045 62.146866 13.339459
v -0.908114 62.093685 13.407204
v -0.894556 62.015305 13.483610
v -0.936410 62.005589 13.468131
v -0.966520 61.887329 13.519384
v -0.982872 62.003792 13.422234
v -1.001261 62.092968 13.433683
v -1.005735 62.214584 13.430868
v -0.930313 62.255039 13.407756
v -0.881601 62.296791 13.356694
v -1.229128 61.557320 13.401523
v -1.200094 61.822201 13.358002
v -1.102148 62.181282 13.406668
v -1.011192 62.357315 13.421071
v -1.201705 61.979660 13.362571
v -1.193082 62.163605 13.354217
v -1.170978 62.355637 13.341674
v -1.002844 62.488628 13.399966
v -0.977899 62.553749 13.363051
v -1.247102 62.189110 13.257085
v -1.144979 62.539677 13.315022
v -1.115464 62.613472 13.285266
v -1.259938 62.379116 13.169519
v -1.237069 62.499458 13.165149
v -1.206821 62.557396 13.144168
v -1.272986 62.234440 13.162224
v -1.252822 62.325634 12.989853
v -1.284793 62.282272 13.064538
v -1.276877 62.110790 13.148451
v -1.280253 62.019203 13.126541
v -1.323385 62.016529 13.088461
v -1.271513 62.118523 13.039465
v -1.218223 62.181881 12.981586
v -1.349574 62.030014 13.047298
v -1.362848 61.881599 13.122005
v -1.469389 61.585945 13.129465
v -1.375632 62.178226 13.047335
v -1.705663 61.623276 12.855702
v -1.919284 61.323250 12.630728
v -1.375645 62.393646 13.045809
v -1.603611 61.890133 12.887063
v -1.590867 62.098701 12.902658
v -1.561599 62.400749 12.904799
v -1.345024 62.541328 12.989302
v -1.502890 62.631912 12.851434
v -1.313367 62.570965 12.916639
v -1.784740 62.294968 12.498667
v -1.432138 62.646652 12.789268
v -1.323783 62.594345 12.812919
v -1.291446 62.575878 12.864473
v -1.207270 62.515373 12.855552
v -1.155540 62.349861 12.826136
v -1.752453 62.588985 12.463220
v -1.453702 62.633389 12.641407
v -1.373025 62.624538 12.739902
v 1.247059 62.264393 12.835196
v 1.283707 62.402931 12.831286
v 1.346882 62.562088 12.869728
v 1.475352 62.617172 12.936893
v 1.273462 62.476734 12.562490
v 1.443746 62.619614 12.883605
v 1.473829 62.634624 12.832889
v 1.521300 62.592537 13.009964
v 1.394216 62.627544 12.665564
v 1.519058 62.659763 12.761146
v 1.590555 62.681702 12.813814
v 1.594638 62.664352 12.663402
v 1.676672 62.669762 12.877960
v 1.591850 62.647369 12.369569
v 1.757988 62.458515 12.923336
v 1.881887 62.615822 12.489613
v 1.784251 62.175430 12.908429
v 1.922401 62.341335 12.515688
v 1.776003 61.973351 12.883410
v 1.836912 61.708145 12.840181
v 1.957556 61.396618 12.602370
v 1.612563 61.678967 13.094967
v 1.536722 61.972454 13.110405
v 1.355186 61.646290 13.325751
v 1.357222 61.914780 13.322279
v 1.375324 62.071438 13.346201
v 1.085298 61.968529 13.465902
v 1.499981 62.101566 13.084414
v 1.453189 62.104382 13.121596
v 1.110855 62.084553 13.392359
v 1.138706 62.174549 13.415154
v 1.434690 62.272919 13.260491
v 1.374446 62.250450 13.353496
v 1.265575 62.265766 13.402665
v 1.457700 62.193878 13.148571
v 1.458990 62.312572 13.168435
v 1.147993 62.294235 13.424487
v 1.444204 62.449196 13.182126
v 1.348412 62.432980 13.350988
v 1.155191 62.432571 13.424767
v 1.054792 62.328568 13.401774
v 1.463868 62.353546 13.072952
v 1.309806 62.604340 13.331621
v 1.413080 62.561344 13.182400
v 1.418025 62.390320 12.998946
v 1.141799 62.556774 13.409657
v 1.269054 62.671738 13.303861
v 1.372993 62.614300 13.162874
v 1.108116 62.616283 13.374567
v 0.993706 62.364624 13.352794
v 0.987904 62.216652 13.323946
v 1.022930 62.168167 13.384712
v 1.055244 62.084129 13.433077
v 1.004727 62.090965 13.446567
v 0.983636 62.126873 13.455311
v 0.998049 62.191250 13.392822
v 0.832841 61.947285 13.588892
v 0.929084 62.052067 13.515341
v 0.998423 62.214390 13.481857
v 0.825178 62.025433 13.578318
v 1.000476 62.383099 13.505471
v 0.845862 62.159138 13.614095
v 0.692596 62.076630 13.603701
v 0.993710 62.541000 13.503544
v 0.977362 62.619209 13.470729
v -1.126452 62.206036 12.837541
v -1.272664 62.593697 12.650434
v -1.176231 62.440079 12.558662
v 1.439711 62.195976 13.039303
v 1.372543 62.252090 12.982802
v 1.526939 62.113449 13.044425
v 1.566100 62.256027 13.052599
v 1.567672 62.457920 13.061245
v -0.435358 61.499531 10.150065
v -0.456920 61.950912 10.457847
v 0.005942 62.156136 10.734240
v -0.455191 62.244339 10.689089
v -1.397200 61.979134 9.269664
v -1.023979 62.330959 10.466359
v -0.457885 62.399948 11.069646
v 0.001801 62.403324 11.470694
v -0.418833 62.415424 11.482209
v -1.641281 62.451782 9.936304
v -1.471120 62.523720 10.451301
v -1.785138 61.936146 8.446159
v -1.744719 62.240528 9.290695
v -0.386120 62.426601 11.894491
v -0.902380 62.421757 11.494411
v -1.797999 62.692593 9.864665
v -1.839700 62.496281 9.155193
v -1.729607 62.193611 8.320057
v -1.456664 61.956890 7.901451
v -1.383700 61.624016 7.996124
v -1.526195 62.382587 8.251322
v -0.354304 62.400982 12.252394
v -0.526155 61.649342 7.594393
v -1.722031 62.740131 10.426544
v -1.458903 63.106903 9.772506
v -1.715472 62.992107 10.404961
v -1.469074 62.921955 9.089992
v -1.649983 62.731365 10.889492
v -1.682905 62.990509 10.882318
v -1.442239 63.176285 10.384092
v -1.020775 63.256042 10.397292
v -1.365931 62.531559 10.919490
v -0.391804 63.306496 9.831435
v -0.430160 63.199734 9.129497
v -1.404147 63.172150 10.863367
v -0.964816 63.230209 10.838999
v -0.396493 63.336899 10.376756
v -1.282864 62.518036 11.184062
v -1.346189 63.143482 11.232943
v -0.391109 63.314499 10.785226
v -0.000161 63.269291 10.368012
v -0.000624 63.255978 10.768092
v -1.281834 63.090710 11.576207
v -0.381794 63.282276 11.123098
v -0.883892 63.174759 11.499408
v 0.393812 63.307087 9.830326
v 0.397429 63.336514 10.376027
v 0.391203 63.313435 10.784746
v -0.367536 63.235508 11.403475
v -0.001235 63.194057 11.370201
v -1.181965 62.992386 11.938432
v -0.355019 63.180611 11.734322
v 0.972558 63.228172 10.837680
v 0.381175 63.280666 11.122841
v 0.366314 63.233356 11.402774
v 1.028934 63.255898 10.395285
v -0.743253 63.006531 12.172979
v 0.353149 63.177441 11.732232
v -0.341873 63.099953 12.051739
v 0.888764 63.167877 11.500507
v 1.418542 63.170090 10.861873
v 1.458074 63.176926 10.381157
v 1.471178 63.111549 9.767716
v -0.001681 63.092190 12.031448
v 1.356735 63.137344 11.236094
v 1.735406 62.996441 10.399785
v -0.319258 62.983044 12.417253
v 1.289901 63.081009 11.583736
v 1.696701 62.992855 10.879293
v 1.541667 62.878448 11.645767
v 1.204296 62.987576 11.946196
v 1.738775 62.749462 10.417921
v 1.442488 62.642117 11.607699
v 1.564012 62.697372 11.244411
v 1.661013 62.738991 10.882179
v 1.082090 62.869648 12.297491
v 1.377859 62.539371 10.910343
v 1.192373 62.499245 11.548651
v 1.305814 62.554379 11.960719
v 1.291870 62.523819 11.176355
v 1.332464 62.608814 12.380533
v 1.485581 62.536171 10.437463
v 1.651870 62.471695 9.914503
v 1.813060 62.705231 9.852962
v 1.037999 62.344456 10.448567
v 1.077859 62.457752 11.908171
v 1.178998 62.444817 12.293921
v 0.909295 62.424377 11.488256
v 0.465596 62.403080 11.064297
v 1.736410 62.272705 9.255846
v 0.423797 62.416237 11.478944
v 0.965496 62.388496 12.230686
v 0.388571 62.425503 11.889787
v 0.467266 62.250637 10.679840
v 0.001801 62.403324 11.470694
v 0.355284 62.398602 12.246718
v 0.005942 62.156136 10.734240
v 0.257536 62.346603 12.600049
v 0.473558 61.961739 10.443546
v 0.251936 62.273991 12.886771
v 0.454849 61.518631 10.128899
v -0.001453 62.259804 12.910188
v 1.388011 62.015045 9.228396
v -0.002767 62.245850 13.212942
v 1.748029 61.977734 8.399904
v 1.351412 61.659767 7.949809
v 1.834292 62.520180 9.131836
v 1.419266 61.991028 7.864377
v 1.692970 62.227985 8.285549
v 1.498457 62.408607 8.225817
v 1.247242 62.205956 7.823516
v 1.469471 62.931881 9.082440
v 0.499168 61.984531 7.483299
v 0.502285 62.203129 7.519007
v 0.497930 61.664822 7.576327
v 1.009555 62.362106 7.870285
v 0.494032 62.360199 7.653132
v 0.517950 62.757629 8.143381
v -0.010183 61.967213 7.477623
v -0.006777 62.186073 7.499660
v -0.004072 62.340454 7.619776
v 0.433689 63.201500 9.127749
v -0.520891 61.971558 7.497298
v -0.518045 62.191875 7.530525
v -0.518001 62.751125 8.149580
v -0.504511 62.350410 7.662956
v -1.275958 62.179657 7.850705
v -1.027689 62.342911 7.889889
v -1.559086 62.693233 11.248285
v -1.186527 62.495419 11.554215
v -1.431085 62.637810 11.607188
v -1.526692 62.881332 11.636375
v -1.061576 62.449139 11.914840
v -1.272994 62.542728 11.961268
v -0.934435 62.372105 12.238611
v -1.122559 62.421062 12.296779
v -1.251244 62.585567 12.373276
v -1.038234 62.863781 12.290755
v -0.956220 62.316757 12.601152
v -0.886810 62.692951 12.658063
v -0.819498 62.313835 12.452832
v -0.819227 62.339733 13.046219
v -0.654246 62.278709 12.674860
v -0.748694 62.252857 12.881481
v -0.587062 62.328049 12.514856
v -0.461287 62.271656 12.820631
v -0.731517 62.543304 12.995572
v -0.530689 62.433861 13.232783
v -0.509473 62.236786 13.111396
v -0.535568 62.725922 12.877298
v -0.257708 62.346893 12.604850
v -0.250819 62.269363 12.892409
v -0.285265 62.872784 12.748803
v -0.284690 62.417706 13.345757
v -0.238190 62.590130 13.255959
v -0.277295 62.296993 13.338352
v -0.265574 62.244793 13.189708
v -0.233632 62.736256 13.023188
v -0.001453 62.259804 12.910188
v -0.002767 62.245850 13.212942
v -0.004578 62.413177 13.361716
v -0.003381 62.882778 12.711138
v 0.237548 62.600395 13.253335
v 0.230088 62.740353 13.021729
v 0.281376 62.871346 12.747902
v 0.569054 62.468773 13.227963
v 0.290233 62.434315 13.340147
v 0.560544 62.743202 12.877419
v 0.282668 62.313248 13.329924
v 0.314830 62.976021 12.415936
v 0.795840 62.580475 12.996528
v 0.949815 62.715019 12.663342
v 0.903148 62.389637 13.043167
v 0.269585 62.257313 13.181314
v 0.751860 63.000763 12.174054
v 0.339219 63.095093 12.049558
v 1.024354 62.352379 12.595146
v 0.806822 62.292000 12.872853
v 0.540508 62.267967 13.100489
v 0.478166 62.288685 12.811970
v 0.855838 62.335625 12.443578
v 0.686184 62.302021 12.665155
v 0.604329 62.340420 12.505692
v -2.626309 59.920559 11.175282
v -3.107615 59.799759 10.109394
v -3.549885 60.560280 9.806898
v -3.339003 60.516304 8.655890
v 3.163085 59.856785 9.917425
v 3.336421 60.509319 8.529253
v 3.527771 60.608200 9.669852
v 3.280478 61.278076 11.200017
v 3.550306 62.661240 11.159472
v 3.794673 62.705879 10.555100
v 2.755040 60.706726 7.816126
v 3.451115 62.637810 8.482185
v 2.826728 62.573696 7.793262
v 3.818745 62.674011 9.580407
v 3.608626 63.611416 10.582643
v 2.236925 62.503990 7.276851
v 2.271387 61.800262 7.269223
v 1.998068 63.056805 7.274047
v 3.088418 63.952866 11.646806
v 1.866440 62.450947 6.995734
v 2.065948 63.877335 7.851825
v 1.610117 63.444305 7.285204
v 1.318486 62.975903 6.871613
v 2.973813 64.456581 9.774744
v 2.458673 64.635254 10.986929
v 1.178099 62.469231 6.654902
v 1.492959 62.383022 6.779839
v 1.210965 63.684288 7.316982
v 0.888083 62.550446 6.567685
v 1.519977 64.910553 11.272231
v 1.207290 61.904846 6.640941
v 1.349017 64.888130 8.846994
v 1.079818 64.431778 8.026641
v 0.802098 63.877094 7.335723
v 0.653993 63.275127 6.800080
v 0.573786 62.625969 6.503934
v 0.550777 61.797859 6.467720
v 1.501998 64.996155 10.025283
v 0.665103 60.739368 6.786618
v 0.886473 59.717945 7.352487
v 1.347237 59.985767 7.316510
v 1.363215 61.170654 6.848841
v 1.234250 58.908566 8.217392
v 1.740013 60.414440 7.275562
v 1.542109 58.733944 9.100455
v 2.370010 59.832142 7.918077
v 2.084177 61.062778 7.267306
v 1.660423 61.528793 6.904557
v 1.796312 59.241440 10.357774
v 1.503150 61.992149 6.766953
v 1.355433 62.484631 13.418770
v 1.153383 62.530785 13.440266
v 1.809559 62.467499 13.235279
v 2.394083 62.375202 12.861765
v 2.581796 62.198959 12.743379
v 2.795528 62.262909 12.400146
v 2.806273 62.211449 12.343617
v 2.151944 62.245045 12.895027
v 1.974145 62.283657 13.004754
v 1.155294 62.312031 13.443436
v 0.289439 62.405628 13.517601
v -0.281001 62.386639 13.527283
v -1.518114 60.938831 12.919052
v -1.018244 62.229893 13.449263
v -1.661337 60.277000 12.172780
v -3.002059 60.641117 11.344546
v -3.235155 61.549759 11.740206
v -3.447963 61.166138 11.260756
v -1.759432 62.212128 12.996547
v -2.898653 61.779560 12.130533
v -3.548294 60.801090 10.707713
v -1.959343 62.179104 12.880216
v -3.431019 62.511112 11.622469
v -3.713109 62.582901 11.172990
v -3.969083 62.628071 10.573745
v -3.926842 62.622223 9.601783
v -3.064038 62.397903 12.013822
v -3.678972 63.585011 10.591277
v -3.183833 63.950619 11.651497
v -3.507628 62.617325 8.497244
v -2.783483 62.237392 12.372885
v -2.923740 64.458443 9.779479
v -2.461201 64.640137 10.988154
v -2.085520 63.872078 7.852862
v -0.688651 62.525951 13.438208
v -0.278013 62.541294 13.415023
v -1.015753 62.457798 13.436820
v -1.181014 62.405449 13.411373
v 0.276286 62.558716 13.407387
v -0.006868 64.660378 12.525976
v 0.755190 62.578026 13.431490
v -0.705629 65.070374 11.438531
v -1.502896 64.603172 12.232100
v 1.484952 64.522842 12.271176
v 0.704619 65.064728 11.438951
v -0.000413 65.095314 10.115489
v -1.518722 64.925011 11.262448
v -1.498502 64.998680 10.025238
v 0.001176 64.631096 8.087379
v -1.350746 64.887726 8.847679
v 0.001550 64.061684 7.375658
v 3.005221 62.428623 12.030874
v 3.295113 62.556297 11.623365
v 0.378177 64.009529 7.352388
v -1.082045 64.431564 8.027006
v -0.375641 64.009529 7.352388
v -0.801744 63.877087 7.335719
v -0.005238 62.694481 6.466774
v 2.837598 61.849823 12.123019
v 3.080247 61.638401 11.707582
v 0.244692 62.674805 6.471443
v -0.657259 63.274509 6.799942
v -0.256551 62.673218 6.472020
v -0.590523 62.622017 6.505473
v 2.892289 60.750286 11.242167
v -0.594522 61.786522 6.479542
v 0.009464 59.548908 7.417687
v 1.541201 60.975304 12.838928
v 0.384940 59.582714 7.387170
v -0.369956 59.589142 7.410545
v -0.714458 60.731007 6.814997
v 0.057735 58.678017 8.359731
v 1.655340 60.339577 12.065353
v -0.880214 59.727196 7.405184
v -1.138223 58.909897 8.316261
v 0.044647 59.035683 10.749996
v 0.036368 60.145382 12.576224
v -1.398052 58.690037 9.252782
v 0.803452 59.630299 11.658894
v -0.727947 59.579102 11.741087
v -1.686631 59.140087 10.532932
v -1.794973 59.690281 11.531700
v 1.819777 59.790733 11.391084
v 2.607576 60.031216 11.018323
v 3.423349 60.900406 10.605926
v -1.217874 63.683399 7.317199
v -1.581490 62.396805 13.219603
v -2.236006 62.330059 12.837818
v -2.681792 62.476467 12.557756
v -2.466118 62.167427 12.723109
v -0.915054 62.542664 6.571140
v -1.264521 61.879585 6.663878
v -1.220153 62.455910 6.661294
v -1.351094 59.988762 7.390544
v -1.423030 61.147873 6.894186
v -1.350966 62.968288 6.873166
v -1.573997 61.961567 6.791973
v -1.555431 62.361862 6.790938
v -1.769779 60.408695 7.355962
v -1.737611 61.495663 6.947712
v -1.949161 62.425262 7.006130
v -1.637911 63.438778 7.285995
v -2.060542 63.042000 7.276717
v -2.328882 62.477058 7.287166
v -2.157727 61.037060 7.337758
v -2.338889 59.836899 8.050941
v -2.373825 61.761356 7.312326
v -2.802457 60.700809 7.918944
v -2.898784 62.550880 7.805851
v -4.264213 68.846222 12.329875
v -4.181236 68.794922 12.470618
v -4.071639 68.733406 12.605675
v -4.093665 68.388641 12.778134
v -4.029123 68.563705 12.768440
v -3.856761 68.742767 12.739517
v -3.951327 68.666840 12.741854
v -3.765005 68.603401 12.880303
v -3.640486 68.247726 13.094139
v -3.591973 68.434593 13.060932
v -3.455931 68.637726 12.990245
v -3.538722 68.560928 13.009729
v -3.257805 68.539436 13.117045
v -2.970101 68.388847 13.251895
v -2.952595 68.622902 13.168735
v -2.950484 68.518654 13.204908
v -2.984084 68.216461 13.277321
v -2.661793 68.540672 13.230912
v -2.419686 68.586067 13.198156
v -2.398015 68.464165 13.241673
v -2.447416 68.696060 13.160296
v -2.379583 68.312851 13.259705
v -2.223799 68.642281 13.180207
v -2.077791 68.703857 13.141127
v -2.038567 68.609154 13.190352
v -2.114447 68.786575 13.104200
v -2.001144 68.475235 13.221770
v -2.114447 68.786575 13.104200
v -2.074455 68.716263 13.145833
v -2.032482 68.638588 13.201701
v -1.982746 68.523567 13.247590
v -1.996964 68.824402 13.063833
v -1.947074 68.770180 13.106192
v -1.893019 68.717003 13.163557
v -1.831631 68.630157 13.208586
v -1.817588 68.839828 13.064598
v -1.702840 68.946159 12.957310
v -4.237496 68.841362 12.551373
v -4.344525 68.893806 12.336126
v -4.132171 68.455193 12.960804
v -4.090696 68.764854 12.724093
v -4.053925 68.593544 12.917143
v -3.966922 68.695229 12.865526
v -3.856761 68.742767 12.739517
v -3.779094 68.624092 12.995983
v -3.652851 68.331291 13.255340
v -3.596068 68.459389 13.202588
v -3.535205 68.564186 13.121241
v -3.453509 68.641121 12.987856
v -3.263986 68.539429 13.218632
v -2.954729 68.418961 13.386879
v -2.950778 68.524719 13.307310
v -2.952247 68.622917 13.168732
v -2.953605 68.299591 13.441229
v -2.646743 68.561760 13.322191
v -2.363610 68.515022 13.343726
v -2.447343 68.696045 13.160284
v -2.396410 68.613487 13.275003
v -2.335290 68.403763 13.379028
v -2.203264 68.679413 13.243620
v -1.999670 68.677849 13.252622
v -2.114447 68.786575 13.104201
v -2.052285 68.736404 13.192546
v -1.952333 68.609268 13.296146
v -2.114447 68.786575 13.104201
v -2.033950 68.759026 13.197071
v -1.933430 68.658936 13.301291
v -1.977511 68.713142 13.257991
v -1.996966 68.824394 13.063831
v -1.914370 68.800377 13.163594
v -1.860175 68.763725 13.227695
v -1.816281 68.717979 13.270493
v -1.816818 68.867081 13.113621
v -1.706808 68.920143 13.144949
v -1.740274 68.924294 13.067263
v -1.816732 68.900169 12.953170
v -1.685119 68.897835 13.201738
v -1.678077 68.985458 13.019947
v -4.686388 69.344376 12.481115
v -4.562509 69.220100 12.477920
v -4.444274 69.079636 12.346949
v -4.391618 69.126183 12.439934
v -4.245352 69.082901 12.400754
v -4.335468 69.194984 12.563560
v -4.209575 69.299683 12.728900
v -4.291785 69.649658 13.079094
v -4.175806 69.516869 13.035665
v -3.937016 69.323586 12.737439
v -4.045909 69.408424 12.899190
v -3.858230 69.513901 13.063669
v -3.907713 69.847229 13.443211
v -3.791238 69.712280 13.373879
v -3.543624 69.507599 13.027738
v -3.664794 69.595139 13.196786
v -3.479817 69.665886 13.325094
v -3.423859 69.997536 13.721127
v -3.356338 69.825821 13.613462
v -3.181154 69.614105 13.210379
v -3.265479 69.715157 13.439760
v -3.043474 69.729256 13.497406
v -2.925046 70.002037 13.826818
v -2.894703 69.820824 13.696063
v -2.786899 69.613853 13.286331
v -2.839211 69.718155 13.524513
v -2.634395 69.695686 13.508563
v -2.420671 69.879555 13.796476
v -2.447845 69.721893 13.650194
v -2.428389 69.575645 13.226233
v -2.456404 69.648674 13.475547
v -2.243944 69.567589 13.420164
v -1.922711 69.652992 13.595934
v -1.951489 69.497452 13.493787
v -2.061218 69.446564 13.126553
v -2.003804 69.456070 13.345758
v -1.794917 69.340256 13.235481
v -1.564830 69.292618 13.205457
v -1.769056 69.307327 12.952857
v -1.650646 69.258965 13.098983
v -1.480005 69.407867 13.336332
v -1.587479 69.228302 13.005774
v -1.371495 69.269974 13.234060
v -1.507417 69.186043 13.151405
v -1.655662 69.187103 13.066458
v -1.565648 69.148422 12.960174
v -1.786624 69.245697 13.188938
v -1.806370 69.499619 13.595310
v -1.890135 69.383163 13.464839
v -1.769060 69.307404 12.952872
v -1.994004 69.360649 13.282852
v -2.221611 69.466713 13.379299
v -2.061218 69.446564 13.126549
v -2.402345 69.621582 13.664791
v -2.396406 69.779694 13.812130
v -2.422812 69.528137 13.443460
v -2.607006 69.558716 13.486355
v -2.428390 69.575661 13.226233
v -2.883775 69.703285 13.734032
v -2.920894 69.912514 13.856682
v -2.832247 69.583450 13.503629
v -3.048173 69.594307 13.473640
v -2.786901 69.613869 13.286335
v -3.370353 69.710297 13.624504
v -3.461888 69.935410 13.739497
v -3.263781 69.574051 13.394204
v -3.463370 69.542763 13.300858
v -3.181153 69.614075 13.210377
v -3.844884 69.629555 13.456349
v -3.985689 69.827087 13.504782
v -3.673836 69.483246 13.202943
v -3.882599 69.398125 13.081094
v -3.543624 69.507721 13.027740
v -4.264948 69.409874 13.078566
v -4.398738 69.582680 13.148135
v -4.063170 69.296967 12.902744
v -4.189696 69.200714 12.760629
v -3.937013 69.324783 12.737442
v -4.279668 69.107155 12.615365
v -4.585239 69.089943 12.489815
v -4.345644 69.030296 12.469938
v -4.786857 69.231133 12.502449
v -4.388551 68.980743 12.368040
v -4.245355 69.082886 12.400757
v -2.400203 69.735924 13.839135
v -2.851262 69.770226 13.875031
v -2.795630 69.641998 13.598335
v -2.360592 69.630806 13.625208
v -2.753051 69.575928 13.388842
v -2.323986 69.574120 13.416245
v -2.717419 69.567284 13.213675
v -2.301108 69.566811 13.259748
v -2.013121 69.609947 13.752938
v -2.485256 69.729202 13.835950
v -2.477523 69.612762 13.532515
v -2.017711 69.518753 13.536421
v -2.454362 69.547607 13.314375
v -1.990524 69.453400 13.369508
v -2.427605 69.537392 13.100653
v -1.997937 69.461243 13.150354
v -2.782443 69.837845 13.968726
v -3.207534 69.782310 13.858391
v -3.073756 69.656685 13.567368
v -2.690572 69.739532 13.750889
v -2.974731 69.595810 13.358304
v -2.594136 69.678413 13.538855
v -2.904265 69.592842 13.186927
v -2.510921 69.668968 13.354251
v -3.117138 69.824387 13.881031
v -3.533840 69.743652 13.728056
v -3.410085 69.623550 13.447389
v -3.016530 69.717941 13.679645
v -3.315156 69.573395 13.243116
v -2.930896 69.660019 13.473831
v -3.254143 69.574898 13.075991
v -2.858711 69.655716 13.318239
v -3.493493 69.831070 13.722616
v -3.868251 69.683388 13.572275
v -3.732001 69.553185 13.310246
v -3.382910 69.717270 13.541332
v -3.633765 69.485313 13.110100
v -3.288417 69.651108 13.358673
v -3.571553 69.475311 12.952487
v -3.220248 69.638809 13.215981
v -3.875757 69.684891 13.600672
v -4.235466 69.501686 13.403635
v -4.051448 69.404724 13.122822
v -3.727798 69.600082 13.409015
v -3.918322 69.342377 12.899710
v -3.603737 69.561272 13.215306
v -3.833209 69.352409 12.738408
v -3.513234 69.573479 13.070721
v -4.540587 69.453270 13.137959
v -4.671748 69.201859 12.743690
v -4.423036 69.140129 12.614311
v -4.345083 69.407387 13.071346
v -4.227811 69.125565 12.520190
v -4.173541 69.400970 12.968532
v -4.085454 69.157173 12.443256
v -4.034951 69.438850 12.886206
v -4.233106 69.604622 13.389797
v -4.475590 69.352844 13.052881
v -4.254952 69.269913 12.865591
v -4.056950 69.532135 13.259635
v -4.086833 69.234283 12.721048
v -3.905042 69.503647 13.125522
v -3.969486 69.242676 12.604206
v -3.784372 69.521973 13.018852
v -4.632965 69.369324 12.777998
v -4.815021 69.207733 12.504763
v -4.626205 69.083771 12.391804
v -4.479067 69.277603 12.715089
v -4.472577 69.003952 12.288794
v -4.340270 69.225822 12.617926
v -4.349196 68.971619 12.211814
v -4.220392 69.219238 12.532628
v 4.424792 69.000168 12.307050
v 4.329276 68.934387 12.456548
v 4.222992 68.869781 12.592955
v 4.253309 68.553314 12.720755
v 4.182302 68.699554 12.744083
v 4.002445 68.873558 12.730809
v 4.097781 68.798981 12.727552
v 3.911860 68.730629 12.863770
v 3.691229 68.686234 12.993720
v 3.419558 68.659538 13.099281
v 3.119062 68.628479 13.190068
v 2.835292 68.637291 13.219923
v 2.595482 68.670250 13.191029
v 2.401584 68.715988 13.175912
v 2.256167 68.768539 13.137906
v 2.295999 68.854950 13.102681
v 2.251131 68.782722 13.143415
v 2.202959 68.702408 13.197393
v 2.145189 68.584061 13.242672
v 2.178894 68.886032 13.062740
v 2.124234 68.830055 13.104221
v 2.062611 68.777489 13.160496
v 1.982006 68.719002 13.225277
v 1.992899 68.895004 13.060957
v 1.879267 68.996155 12.954560
v 4.381046 68.991905 12.534126
v 4.493357 69.069038 12.310549
v 4.274485 68.587891 12.935358
v 4.236124 68.910553 12.705929
v 4.197229 68.726723 12.899086
v 4.110250 68.827492 12.853135
v 4.002445 68.873558 12.730809
v 3.922476 68.748650 12.984262
v 3.685160 68.690422 13.106762
v 3.420620 68.654694 13.204684
v 3.115468 68.631233 13.294942
v 2.817861 68.655449 13.312514
v 2.575677 68.697670 13.270199
v 2.379861 68.751846 13.239824
v 2.228738 68.798805 13.191312
v 2.295999 68.854950 13.102682
v 2.209846 68.824112 13.193803
v 2.098993 68.720856 13.296366
v 2.148093 68.776482 13.253675
v 2.178895 68.886017 13.062737
v 2.089172 68.861092 13.160612
v 2.029118 68.823219 13.223353
v 1.979825 68.777313 13.265772
v 1.990331 68.923294 13.109235
v 1.872835 68.976700 13.138822
v 1.912807 68.978615 13.062466
v 1.998892 68.951958 12.952827
v 1.845903 68.955986 13.194876
v 1.849834 69.038460 13.014786
v 4.770951 69.443291 12.477769
v 4.657581 69.327400 12.475459
v 4.545228 69.193718 12.346523
v 4.499592 69.242012 12.438041
v 4.364481 69.205582 12.398348
v 4.448011 69.313271 12.560441
v 4.331064 69.420975 12.725324
v 4.396356 69.756508 13.075562
v 4.293037 69.631233 13.032415
v 4.079611 69.453621 12.734890
v 4.177422 69.531487 12.896289
v 4.000435 69.637192 13.062176
v 4.022960 69.951248 13.442667
v 3.921661 69.824799 13.373211
v 3.704833 69.635780 13.027127
v 3.812688 69.717377 13.196085
v 3.630288 69.784531 13.325537
v 3.550476 70.095650 13.721251
v 3.497718 69.931747 13.613219
v 3.351070 69.732346 13.209742
v 3.421655 69.827652 13.439281
v 3.205960 69.835510 13.496696
v 3.066383 70.092705 13.826746
v 3.049520 69.917046 13.695733
v 2.965878 69.717613 13.285792
v 3.005915 69.818047 13.524061
v 2.804808 69.788605 13.508327
v 2.574683 69.958542 13.796353
v 2.612853 69.804688 13.650111
v 2.612190 69.663353 13.226339
v 2.630385 69.734505 13.475533
v 2.421851 69.643501 13.420291
v 2.088997 69.712906 13.595594
v 2.124936 69.558105 13.493688
v 2.247398 69.514030 13.126738
v 2.183469 69.519447 13.345806
v 1.972678 69.391388 13.234988
v 1.739263 69.331444 13.205289
v 1.951395 69.357025 12.952744
v 1.828800 69.301605 13.098960
v 1.649554 69.445900 13.339500
v 1.765925 69.267258 13.006172
v 1.544288 69.300072 13.237623
v 1.683039 69.220795 13.151802
v 1.835091 69.229713 13.066990
v 1.744362 69.185555 12.960456
v 1.965905 69.295746 13.188545
v 1.973830 69.553619 13.595119
v 2.065104 69.440063 13.464816
v 1.951397 69.357101 12.952759
v 2.176500 69.423088 13.283001
v 2.402453 69.541504 13.379429
v 2.247398 69.514030 13.126734
v 2.569140 69.702415 13.664675
v 2.552585 69.857964 13.811980
v 2.600517 69.612816 13.443438
v 2.781651 69.651405 13.485952
v 2.612190 69.663368 13.226340
v 3.040271 69.799515 13.733548
v 3.063923 70.003647 13.856478
v 3.003212 69.684624 13.502996
v 3.215000 69.702835 13.472664
v 2.965879 69.717628 13.285797
v 3.514227 69.818069 13.624021
v 3.588119 70.034203 13.739472
v 3.425508 69.689796 13.393541
v 3.618667 69.664001 13.301157
v 3.351070 69.732292 13.209740
v 3.970877 69.739799 13.455627
v 4.093964 69.927528 13.504066
v 3.823630 69.607071 13.202234
v 4.024819 69.522141 13.079620
v 3.704829 69.635895 13.027131
v 4.376432 69.521805 13.075243
v 4.495317 69.685410 13.144485
v 4.194840 69.420738 12.899832
v 4.313012 69.323074 12.756869
v 4.079593 69.454811 12.734895
v 4.396850 69.227699 12.611626
v 4.676645 69.197296 12.489199
v 4.456707 69.148201 12.466805
v 4.863281 69.327850 12.500686
v 4.493284 69.097214 12.365897
v 4.364483 69.205566 12.398351
v 2.556141 69.814079 13.838974
v 2.961833 69.739319 13.597783
v 2.999255 69.861137 13.874626
v 2.528965 69.710281 13.625091
v 2.929910 69.676460 13.388238
v 2.501650 69.654152 13.416216
v 2.900541 69.669548 13.213121
v 2.484384 69.647217 13.259981
v 2.175182 69.673424 13.752559
v 2.649998 69.698822 13.532477
v 2.641018 69.810478 13.835543
v 2.190052 69.582458 13.536213
v 2.636154 69.635597 13.314436
v 2.169296 69.515991 13.369532
v 2.615277 69.626549 13.100823
v 2.182341 69.524994 13.150472
v 2.924739 69.923836 13.968355
v 3.234349 69.762634 13.566500
v 3.345565 69.879318 13.857727
v 2.848273 69.829414 13.750614
v 3.147808 69.704948 13.357371
v 2.764128 69.769211 13.538589
v 3.084302 69.703217 13.186026
v 2.688497 69.759003 13.354091
v 3.255892 69.918968 13.880464
v 3.562307 69.738724 13.446757
v 3.663567 69.846756 13.727602
v 3.171949 69.818619 13.678907
v 3.478246 69.694252 13.243482
v 3.099268 69.764610 13.473247
v 3.424148 69.698387 13.076369
v 3.034343 69.761360 13.317706
v 3.622777 69.932793 13.722345
v 3.873095 69.672104 13.309511
v 3.986176 69.787796 13.571606
v 3.529792 69.827759 13.540844
v 3.788498 69.611786 13.109446
v 3.448554 69.767159 13.358085
v 3.733421 69.605438 12.951949
v 3.387983 69.757401 13.215391
v 3.991850 69.788010 13.600002
v 4.180254 69.522545 13.121109
v 4.339928 69.604378 13.401876
v 3.864308 69.715141 13.408277
v 4.060248 69.470146 12.896811
v 3.755515 69.684105 13.214582
v 3.982841 69.484894 12.735856
v 3.673501 69.699654 13.070065
v 4.629304 69.552818 13.134174
v 4.528629 69.254509 12.610867
v 4.757693 69.303673 12.739506
v 4.450718 69.516548 13.067930
v 4.348609 69.248856 12.516794
v 4.294407 69.518585 12.965433
v 4.216766 69.286072 12.440343
v 4.166936 69.562065 12.883333
v 4.336263 69.706078 13.387918
v 4.371591 69.387756 12.861662
v 4.571405 69.457787 13.048300
v 4.178942 69.644310 13.257917
v 4.218123 69.360580 12.717457
v 4.042588 69.624344 13.123961
v 4.109828 69.374237 12.601009
v 3.932491 69.647812 13.017408
v 4.721424 69.471313 12.773497
v 4.712601 69.188759 12.391135
v 4.888992 69.303162 12.503042
v 4.580345 69.387962 12.711271
v 4.568721 69.116287 12.287874
v 4.452716 69.343369 12.614677
v 4.453547 69.089783 12.210381
v 4.341952 69.342346 12.529787
v -1.842839 68.980614 12.813493
v -2.900666 69.109550 12.563149
v -2.214538 69.066162 12.569277
v -2.452025 68.803696 13.057031
v -2.228430 69.125031 12.566688
v -3.378534 68.770683 12.883864
v -3.743550 68.865280 12.648148
v -4.092828 69.024643 12.253244
v -4.092828 69.024643 12.253244
v -4.065782 69.073257 12.309800
v -3.827407 69.282753 12.610859
v -3.445455 69.464043 12.898328
v -1.774779 69.200905 12.770162
v -1.784949 69.028397 12.758415
v 2.028628 69.031334 12.811620
v 2.635459 69.088722 12.658403
v 2.220983 68.987396 12.921317
v 3.092412 69.230995 12.561215
v 2.414835 69.148239 12.552980
v 2.424104 69.208382 12.558384
v 2.632703 68.893761 13.052430
v 3.541928 68.900574 12.881307
v 3.897396 69.000206 12.645318
v 4.201616 69.130821 12.286633
v 4.221556 69.152046 12.252335
v 4.198599 69.201958 12.307738
v 3.979532 69.418602 12.610868
v 3.614658 69.594543 12.898227
v 1.953664 69.256287 12.774605
v 1.988009 69.082748 12.722366
f 256 259 257
f 259 256 260
f 256 255 279
f 260 256 279
f 279 255 52
f 280 259 260
f 260 278 280
f 260 277 278
f 279 277 260
f 211 277 279
f 52 211 279
f 45 211 52
f 280 278 261
f 261 294 280
f 278 277 296
f 265 278 296
f 261 278 265
f 211 215 277
f 277 191 296
f 215 191 277
f 211 45 254
f 254 215 211
f 254 45 253
f 263 294 261
f 261 266 263
f 265 266 261
f 264 294 298
f 298 294 263
f 266 298 263
f 298 299 264
f 264 288 289
f 264 299 288
f 191 215 293
f 276 296 191
f 191 293 276
f 293 215 37
f 252 215 254
f 37 215 252
f 252 254 36
f 36 254 253
f 275 298 266
f 298 275 299
f 299 275 274
f 299 274 297
f 288 299 297
f 37 252 251
f 251 252 36
f 37 251 292
f 293 37 292
f 292 251 281
f 292 281 293
f 276 293 258
f 293 249 258
f 295 249 293
f 293 281 295
f 275 286 274
f 286 275 30
f 30 275 266
f 286 185 274
f 185 287 274
f 274 114 297
f 274 287 114
f 291 249 295
f 258 249 141
f 291 262 249
f 249 262 141
f 285 185 286
f 285 286 291
f 291 286 250
f 286 30 250
f 262 250 30
f 262 30 265
f 265 30 266
f 250 262 291
f 291 295 285
f 265 296 262
f 262 296 141
f 284 185 285
f 114 287 283
f 283 287 284
f 287 185 284
f 285 283 284
f 141 296 276
f 295 283 285
f 281 283 295
f 283 9 114
f 106 9 283
f 283 282 106
f 282 283 281
f 281 273 282
f 282 273 106
f 106 273 272
f 106 272 9
f 272 273 107
f 9 272 270
f 107 270 272
f 271 270 107
f 271 102 270
f 193 9 270
f 270 102 193
f 297 9 193
f 297 114 9
f 93 193 102
f 290 297 193
f 290 193 93
f 288 297 290
f 268 290 93
f 269 288 290
f 269 290 268
f 289 288 269
f 267 289 269
f 276 258 141
f 361 360 359
f 363 361 420
f 420 361 359
f 418 363 420
f 364 363 418
f 363 364 268
f 268 364 93
f 420 419 418
f 345 419 420
f 418 416 364
f 418 417 416
f 419 417 418
f 364 416 94
f 364 94 93
f 93 94 97
f 343 419 345
f 343 299 419
f 419 299 417
f 345 344 343
f 442 299 343
f 343 344 442
f 442 123 299
f 417 299 274
f 299 123 274
f 344 294 441
f 442 344 441
f 442 377 123
f 441 377 442
f 441 294 342
f 340 294 398
f 342 294 340
f 342 385 441
f 385 377 441
f 336 337 398
f 336 335 338
f 337 336 338
f 337 339 398
f 398 339 340
f 123 377 378
f 385 383 377
f 383 378 377
f 338 278 337
f 337 278 339
f 238 385 342
f 342 440 238
f 340 440 342
f 339 235 340
f 340 235 440
f 339 278 228
f 339 228 235
f 338 335 395
f 338 391 278
f 395 391 338
f 228 278 296
f 391 296 278
f 353 238 440
f 350 440 235
f 350 351 440
f 351 353 440
f 235 228 347
f 349 235 347
f 349 350 235
f 352 350 349
f 352 351 350
f 355 353 351
f 355 351 352
f 352 349 348
f 348 349 347
f 346 347 228
f 348 347 346
f 389 391 395
f 391 424 296
f 391 389 392
f 391 392 424
f 352 348 369
f 369 348 346
f 352 369 368
f 352 368 355
f 369 346 403
f 368 369 403
f 392 389 427
f 309 392 427
f 424 392 309
f 296 424 309
f 368 404 355
f 30 368 403
f 30 404 368
f 404 382 355
f 404 405 382
f 30 405 404
f 387 427 389
f 209 427 387
f 209 431 427
f 427 431 309
f 209 387 431
f 431 387 432
f 431 432 309
f 309 423 296
f 215 423 309
f 432 215 309
f 215 432 131
f 131 432 387
f 405 381 382
f 405 406 381
f 30 406 405
f 406 408 381
f 30 408 406
f 423 215 422
f 215 131 386
f 422 215 386
f 387 388 131
f 387 389 388
f 386 131 324
f 131 325 324
f 131 388 325
f 325 388 51
f 51 388 389
f 362 381 408
f 318 386 324
f 318 324 323
f 324 325 323
f 316 386 318
f 422 386 433
f 386 316 433
f 51 50 325
f 43 323 325
f 325 50 43
f 319 323 43
f 319 318 323
f 318 317 316
f 317 318 319
f 51 389 326
f 52 51 326
f 50 51 52
f 433 316 314
f 316 315 314
f 316 317 315
f 326 255 52
f 314 315 375
f 314 375 313
f 314 313 433
f 313 396 433
f 433 396 422
f 313 375 397
f 397 430 313
f 313 430 396
f 430 394 396
f 341 396 394
f 422 396 341
f 331 394 430
f 341 394 393
f 331 393 394
f 439 341 393
f 439 422 341
f 423 422 439
f 430 425 331
f 429 425 430
f 429 430 397
f 397 375 438
f 428 397 438
f 429 397 428
f 428 425 429
f 390 439 393
f 393 306 390
f 306 393 331
f 390 296 439
f 439 296 423
f 425 330 331
f 331 330 307
f 331 307 306
f 306 307 390
f 390 228 296
f 390 307 228
f 426 425 428
f 329 330 425
f 328 425 426
f 329 425 328
f 428 407 426
f 402 407 428
f 438 402 428
f 330 310 307
f 330 434 310
f 330 329 434
f 228 307 346
f 346 307 310
f 328 436 329
f 434 329 435
f 329 436 435
f 434 435 311
f 310 434 311
f 310 403 346
f 403 310 311
f 328 322 436
f 328 412 322
f 426 412 328
f 421 426 407
f 402 414 407
f 414 421 407
f 436 437 435
f 322 437 436
f 435 437 312
f 311 435 312
f 312 30 311
f 311 30 403
f 312 437 30
f 320 437 322
f 30 437 320
f 322 321 320
f 321 322 412
f 30 320 408
f 380 320 321
f 380 409 320
f 409 408 320
f 362 409 380
f 362 408 409
f 362 380 379
f 379 380 321
f 123 321 412
f 379 321 378
f 321 123 378
f 362 379 383
f 383 379 378
f 383 384 362
f 381 362 384
f 385 384 383
f 381 384 358
f 358 384 385
f 358 357 381
f 385 357 358
f 385 238 357
f 381 357 356
f 356 357 238
f 381 356 382
f 382 356 354
f 354 356 238
f 353 354 238
f 382 354 355
f 355 354 353
f 411 274 123
f 411 123 412
f 413 274 411
f 411 421 413
f 410 411 412
f 421 411 410
f 410 426 421
f 426 410 412
f 413 421 414
f 374 413 414
f 376 413 374
f 376 274 413
f 374 414 402
f 374 9 376
f 305 376 9
f 274 376 305
f 304 9 374
f 402 401 374
f 374 401 304
f 438 401 402
f 304 7 9
f 303 305 9
f 7 303 9
f 401 400 304
f 399 400 401
f 399 401 438
f 400 370 304
f 367 7 304
f 304 370 367
f 438 375 399
f 375 373 399
f 399 373 400
f 373 372 400
f 400 372 370
f 302 303 7
f 308 305 303
f 302 308 303
f 7 367 365
f 302 7 415
f 7 365 415
f 365 367 366
f 370 366 367
f 372 371 370
f 370 371 366
f 371 103 366
f 366 103 365
f 103 97 365
f 365 94 415
f 365 97 94
f 302 415 416
f 415 94 416
f 21 308 302
f 300 302 416
f 21 302 300
f 21 300 308
f 300 305 308
f 301 300 416
f 300 301 305
f 417 301 416
f 305 301 443
f 417 443 301
f 274 305 443
f 417 274 443
f 326 389 395
f 326 395 327
f 327 255 326
f 327 395 335
f 327 335 332
f 332 335 334
f 332 334 333
f 52 49 479
f 48 49 52
f 317 473 319
f 479 135 395
f 135 574 580
f 135 580 599
f 135 599 395
f 479 395 480
f 479 481 52
f 480 481 479
f 480 395 602
f 395 599 338
f 338 602 395
f 480 255 481
f 327 255 480
f 602 600 480
f 480 600 327
f 507 602 338
f 492 600 602
f 507 492 602
f 508 507 338
f 338 278 508
f 599 278 338
f 327 485 255
f 327 600 484
f 484 485 327
f 484 600 601
f 600 492 601
f 606 507 508
f 606 493 507
f 493 492 507
f 601 492 491
f 492 490 491
f 484 601 486
f 488 601 491
f 486 601 488
f 484 486 333
f 257 486 488
f 257 488 491
f 334 257 491
f 490 334 491
f 333 486 487
f 487 486 257
f 257 334 487
f 489 334 490
f 517 657 658
f 658 657 659
f 660 529 359
f 659 529 660
f 359 529 267
f 267 527 359
f 657 661 659
f 531 529 659
f 662 531 659
f 659 661 662
f 528 529 531
f 267 529 528
f 267 528 530
f 527 267 530
f 530 528 531
f 532 530 531
f 532 531 662
f 360 527 530
f 532 360 530
f 363 532 662
f 541 363 662
f 661 541 662
f 532 363 533
f 363 541 268
f 363 268 533
f 541 542 268
f 541 543 542
f 543 541 418
f 541 661 418
f 543 93 542
f 543 418 176
f 95 543 176
f 93 543 95
f 419 418 661
f 418 419 647
f 176 418 647
f 657 419 661
f 98 93 95
f 516 419 657
f 419 516 299
f 647 419 299
f 176 647 695
f 176 695 646
f 645 176 646
f 95 176 645
f 95 365 98
f 544 95 645
f 544 365 95
f 701 647 299
f 647 701 696
f 647 696 695
f 517 516 657
f 365 103 98
f 695 697 646
f 696 698 695
f 698 697 695
f 698 696 699
f 701 699 696
f 459 645 646
f 459 461 645
f 461 544 645
f 545 365 544
f 365 545 546
f 103 365 546
f 367 545 544
f 461 367 544
f 698 700 697
f 700 698 699
f 444 700 699
f 701 444 699
f 371 103 546
f 272 545 367
f 546 545 272
f 537 566 535
f 537 538 566
f 539 538 537
f 642 539 537
f 537 536 642
f 535 536 537
f 538 539 540
f 547 538 540
f 538 547 627
f 538 627 566
f 566 534 535
f 565 566 627
f 566 383 534
f 565 383 566
f 564 536 535
f 535 534 563
f 563 564 535
f 534 526 563
f 534 383 525
f 526 534 525
f 547 540 549
f 549 540 548
f 547 612 627
f 547 550 612
f 549 550 547
f 563 526 120
f 562 564 563
f 120 562 563
f 526 266 120
f 526 525 524
f 266 526 524
f 549 520 550
f 551 520 549
f 548 551 549
f 523 120 266
f 266 524 523
f 560 120 523
f 120 560 562
f 557 551 548
f 562 560 561
f 612 550 158
f 612 158 627
f 551 559 520
f 551 557 558
f 559 551 558
f 560 559 561
f 559 560 521
f 521 560 523
f 523 524 522
f 523 522 521
f 520 559 521
f 521 522 350
f 520 521 350
f 561 559 558
f 158 613 627
f 613 565 627
f 613 158 30
f 611 30 158
f 158 550 611
f 320 613 30
f 613 320 628
f 565 613 628
f 470 320 30
f 692 628 320
f 320 470 692
f 692 476 628
f 692 470 476
f 378 565 628
f 383 565 378
f 29 470 30
f 403 30 611
f 469 30 403
f 29 30 469
f 470 29 691
f 470 691 476
f 628 476 637
f 328 637 476
f 328 476 691
f 628 123 378
f 123 628 629
f 628 637 629
f 126 383 378
f 126 378 123
f 29 28 691
f 29 690 28
f 469 690 29
f 328 691 329
f 691 28 329
f 690 329 28
f 469 468 690
f 609 468 469
f 403 609 469
f 629 637 634
f 636 634 637
f 636 637 328
f 328 329 675
f 675 636 328
f 330 329 690
f 330 690 468
f 638 123 629
f 635 638 629
f 635 629 634
f 329 291 675
f 329 482 291
f 330 482 329
f 609 518 468
f 518 464 468
f 330 468 464
f 482 330 462
f 462 330 464
f 609 403 518
f 635 634 633
f 634 636 632
f 633 634 632
f 632 636 630
f 636 675 630
f 656 638 635
f 663 656 635
f 663 635 633
f 462 464 463
f 518 514 464
f 514 463 464
f 463 453 462
f 453 452 462
f 462 452 482
f 611 518 403
f 632 630 626
f 631 632 626
f 633 632 631
f 663 633 421
f 664 633 631
f 633 664 421
f 421 669 663
f 669 656 663
f 513 463 514
f 513 579 463
f 579 453 463
f 453 450 452
f 591 450 453
f 579 591 453
f 669 421 666
f 421 664 666
f 664 665 666
f 665 664 631
f 626 625 631
f 667 665 631
f 625 667 631
f 668 669 666
f 578 579 513
f 578 393 579
f 590 591 579
f 579 393 590
f 450 591 447
f 592 591 590
f 597 591 592
f 447 591 597
f 393 593 590
f 590 593 592
f 594 593 393
f 393 578 594
f 594 578 577
f 578 513 577
f 595 593 594
f 594 596 595
f 576 596 594
f 577 576 594
f 596 576 575
f 575 576 568
f 577 568 576
f 577 513 512
f 512 510 577
f 577 510 568
f 513 514 512
f 510 505 568
f 568 505 503
f 503 575 568
f 504 575 503
f 511 510 512
f 671 505 510
f 671 510 511
f 671 506 505
f 505 506 503
f 503 506 500
f 502 503 500
f 504 503 502
f 512 225 511
f 512 296 225
f 512 514 228
f 512 228 296
f 228 514 518
f 511 672 671
f 191 672 511
f 511 225 191
f 191 225 296
f 671 598 506
f 671 604 598
f 672 604 671
f 506 497 500
f 506 598 497
f 500 501 502
f 498 501 500
f 500 497 498
f 497 598 495
f 497 495 498
f 191 215 672
f 686 191 296
f 215 191 686
f 672 215 386
f 433 604 672
f 672 386 433
f 688 495 598
f 689 688 598
f 689 598 604
f 313 689 604
f 313 604 433
f 498 499 501
f 498 495 496
f 496 499 498
f 495 451 496
f 494 451 495
f 494 495 688
f 451 499 496
f 386 215 324
f 570 215 686
f 571 215 570
f 324 215 571
f 252 386 324
f 474 386 252
f 386 474 433
f 448 499 451
f 494 449 451
f 451 446 448
f 449 446 451
f 252 324 477
f 324 478 477
f 571 478 324
f 570 573 571
f 573 572 571
f 571 572 478
f 252 473 474
f 475 252 477
f 473 252 475
f 477 478 325
f 325 475 477
f 478 49 325
f 478 572 49
f 446 449 447
f 573 574 572
f 572 574 135
f 49 572 135
f 43 475 325
f 319 475 43
f 319 473 475
f 49 48 325
f 325 48 43
f 49 135 479
f 552 546 272
f 371 546 552
f 367 461 9
f 460 461 459
f 461 460 9
f 272 367 304
f 304 367 9
f 553 272 304
f 272 553 552
f 372 371 552
f 552 554 372
f 553 554 552
f 555 304 9
f 555 401 304
f 304 401 553
f 401 607 553
f 554 553 607
f 114 555 9
f 460 465 9
f 9 465 114
f 554 373 372
f 607 556 554
f 556 373 554
f 607 401 608
f 556 607 608
f 401 555 610
f 438 401 610
f 401 438 608
f 114 639 555
f 555 641 610
f 639 641 555
f 608 438 281
f 281 556 608
f 465 274 114
f 114 274 117
f 639 114 117
f 438 610 682
f 682 610 614
f 641 614 610
f 438 397 281
f 397 438 682
f 638 639 117
f 638 117 274
f 639 638 640
f 641 639 640
f 641 648 614
f 641 640 644
f 641 644 648
f 640 653 644
f 656 653 640
f 638 656 640
f 644 650 648
f 653 650 644
f 638 274 123
f 648 616 614
f 648 649 616
f 650 649 648
f 656 655 653
f 654 653 655
f 650 653 654
f 656 669 655
f 670 654 655
f 655 669 670
f 652 650 654
f 651 649 650
f 652 651 650
f 649 651 643
f 620 649 643
f 649 620 616
f 669 668 670
f 616 620 617
f 616 617 614
f 620 643 622
f 620 619 617
f 619 620 622
f 621 619 622
f 617 619 621
f 618 617 621
f 615 614 617
f 618 615 617
f 682 614 615
f 623 621 622
f 618 621 684
f 621 623 624
f 684 621 624
f 615 618 683
f 683 618 684
f 682 615 681
f 615 675 681
f 675 615 683
f 630 683 684
f 630 675 683
f 626 630 684
f 625 626 684
f 624 625 684
f 682 681 674
f 681 675 291
f 674 681 291
f 295 682 674
f 295 397 682
f 295 674 689
f 295 689 397
f 689 674 483
f 674 291 483
f 483 291 482
f 689 483 688
f 688 483 482
f 397 689 313
f 313 281 397
f 482 567 688
f 452 567 482
f 688 567 494
f 567 449 494
f 452 449 567
f 450 449 452
f 687 281 313
f 433 687 313
f 281 687 603
f 471 687 433
f 603 687 471
f 447 449 450
f 433 474 471
f 471 472 603
f 472 471 474
f 603 472 315
f 474 473 472
f 473 317 472
f 472 317 315
f 467 466 460
f 466 467 445
f 445 465 466
f 465 460 466
f 467 460 457
f 467 454 445
f 467 457 454
f 460 459 457
f 457 459 456
f 457 456 454
f 454 455 445
f 455 454 456
f 445 444 465
f 700 444 445
f 455 700 445
f 458 455 456
f 700 455 458
f 458 456 646
f 456 459 646
f 697 458 646
f 697 700 458
f 444 702 465
f 702 274 465
f 702 444 701
f 701 274 702
f 299 274 701
f 123 274 299
f 442 123 299
f 516 442 299
f 442 126 123
f 442 441 126
f 442 516 515
f 441 442 515
f 516 344 515
f 517 344 516
f 515 605 441
f 294 605 515
f 344 294 515
f 294 344 88
f 344 517 88
f 605 342 441
f 441 569 126
f 441 342 569
f 126 569 383
f 605 340 342
f 509 340 605
f 294 509 605
f 294 88 398
f 398 509 294
f 398 88 606
f 342 694 569
f 342 693 694
f 340 693 342
f 569 694 525
f 569 525 383
f 606 508 398
f 508 509 398
f 340 509 339
f 339 509 508
f 339 235 340
f 340 235 693
f 694 524 525
f 694 522 524
f 693 522 694
f 235 350 693
f 693 350 522
f 508 278 339
f 339 278 228
f 339 228 235
f 235 347 350
f 235 228 347
f 518 347 228
f 347 518 519
f 350 347 519
f 519 520 350
f 228 278 296
f 519 518 611
f 611 550 519
f 519 550 520
f 278 589 296
f 589 278 599
f 589 673 296
f 673 686 296
f 673 589 586
f 586 686 673
f 599 584 589
f 589 584 585
f 589 585 586
f 599 580 584
f 583 585 584
f 584 580 583
f 586 585 587
f 587 585 583
f 587 676 586
f 676 686 586
f 583 580 582
f 583 582 587
f 580 574 582
f 582 574 581
f 582 581 587
f 677 676 587
f 587 581 677
f 676 685 686
f 686 685 570
f 581 574 588
f 581 588 677
f 678 676 677
f 677 588 678
f 685 676 680
f 680 676 678
f 588 574 573
f 570 679 573
f 680 679 570
f 679 588 573
f 679 678 588
f 680 678 679
f 680 570 685
f 709 703 708
f 709 705 703
f 710 705 709
f 705 716 703
f 710 706 705
f 705 718 716
f 706 718 705
f 711 706 710
f 718 713 716
f 711 707 706
f 706 717 718
f 707 717 706
f 717 714 718
f 718 714 713
f 707 712 717
f 712 715 717
f 717 715 714
f 712 704 715
f 730 729 732
f 730 732 734
f 731 730 734
f 734 732 719
f 731 734 733
f 734 719 721
f 733 734 721
f 720 731 733
f 721 719 724
f 720 733 728
f 733 721 722
f 728 733 722
f 722 721 725
f 721 724 725
f 728 722 723
f 723 722 726
f 722 725 726
f 723 726 727
f 747 767 749
f 747 749 748
f 765 748 749
f 765 764 748
f 764 763 750
f 764 750 748
f 739 742 745
f 739 745 741
f 742 747 745
f 742 766 747
f 747 766 767
f 739 741 737
f 739 737 738
f 750 746 747
f 750 747 748
f 737 741 740
f 737 740 736
f 760 738 737
f 760 737 762
f 756 759 761
f 756 761 757
f 759 760 762
f 759 762 761
f 756 757 751
f 756 751 754
f 755 754 751
f 755 751 753
f 743 752 753
f 743 753 751
f 768 758 757
f 768 757 761
f 736 735 762
f 736 762 737
f 761 762 735
f 761 735 768
f 741 745 744
f 741 744 740
f 744 745 747
f 744 747 746
f 751 757 758
f 751 758 743
f 770 773 769
f 770 769 771
f 769 786 772
f 769 772 771
f 774 777 775
f 774 775 776
f 785 774 776
f 785 776 778
f 785 778 783
f 784 782 789
f 784 789 781
f 772 786 788
f 772 788 787
f 779 787 788
f 779 788 780
f 789 779 780
f 789 780 781
f 785 783 782
f 785 782 784
f 795 797 793
f 795 793 794
f 793 798 791
f 793 791 792
f 793 792 794
f 797 798 793
f 800 801 795
f 800 795 794
f 799 800 794
f 799 794 792
f 797 796 798
f 790 791 798
f 809 810 808
f 825 811 815
f 825 815 813
f 808 823 809
f 825 810 809
f 825 809 811
f 824 812 811
f 824 811 809
f 809 823 822
f 809 822 824
f 815 811 812
f 815 812 818
f 812 819 818
f 821 824 822
f 819 812 824
f 819 824 821
f 817 804 816
f 817 816 815
f 814 815 816
f 813 815 814
f 806 820 823
f 820 805 804
f 820 804 817
f 817 815 818
f 817 818 803
f 803 802 820
f 803 820 817
f 823 820 802
f 823 802 822
f 802 821 822
f 819 803 818
f 803 819 821
f 803 821 802
f 823 807 806
f 808 807 823
f 805 820 806
f 848 846 832
f 848 847 846
f 845 846 847
f 845 844 846
f 845 842 844
f 845 843 842
f 843 840 842
f 843 841 840
f 841 838 840
f 841 839 838
f 836 838 839
f 836 839 837
f 835 836 837
f 833 836 835
f 833 835 834
f 831 833 834
f 831 830 833
f 828 830 831
f 828 831 829
f 827 828 829
f 827 829 826
f 849 851 852
f 849 852 850
f 858 874 875
f 858 873 874
f 873 872 874
f 873 871 872
f 871 870 872
f 871 869 870
f 869 868 870
f 869 867 868
f 867 866 868
f 867 865 866
f 865 864 866
f 865 863 864
f 862 864 863
f 861 862 863
f 861 863 860
f 860 859 861
f 860 857 859
f 856 859 857
f 856 857 854
f 854 853 856
f 854 855 853
f 878 876 877
f 878 877 879
f 1226 1000 1211
f 1015 1000 1226
f 901 902 903
f 899 902 901
f 495 901 903
f 1000 1015 999
f 901 898 899
f 900 898 901
f 1176 900 901
f 1176 901 495
f 292 955 32
f 32 955 375
f 898 900 447
f 904 900 1176
f 450 900 904
f 447 900 450
f 904 1176 1016
f 495 1014 1176
f 1014 1016 1176
f 1211 1014 495
f 1000 1014 1211
f 1000 1016 1014
f 375 955 603
f 450 1209 447
f 453 450 904
f 904 1016 905
f 905 453 904
f 998 1016 1000
f 1016 998 905
f 1206 450 453
f 1206 1207 450
f 450 1207 1209
f 1000 999 998
f 998 999 997
f 905 998 997
f 453 591 1206
f 1206 591 1207
f 1207 591 1208
f 1208 591 592
f 955 958 603
f 957 958 955
f 958 957 34
f 955 956 957
f 956 955 292
f 34 957 959
f 1373 959 957
f 957 956 1373
f 433 1373 956
f 956 292 433
f 959 317 34
f 473 317 959
f 960 473 959
f 960 959 1373
f 960 1373 1184
f 942 1373 433
f 1184 1373 942
f 433 941 942
f 317 473 961
f 1184 132 960
f 252 473 960
f 960 132 252
f 974 473 252
f 962 473 974
f 961 473 962
f 1184 1183 132
f 1182 1183 1184
f 942 1182 1184
f 941 939 942
f 939 1182 942
f 1183 324 132
f 132 324 252
f 252 324 974
f 961 962 975
f 975 962 976
f 974 976 962
f 324 977 974
f 977 976 974
f 979 977 324
f 979 324 1183
f 1183 1182 1365
f 1185 1183 1365
f 979 1183 1185
f 1365 1182 1367
f 1182 939 1367
f 1185 980 979
f 979 980 977
f 976 977 978
f 978 977 980
f 975 976 43
f 43 976 978
f 1185 982 980
f 980 981 978
f 982 981 980
f 981 45 978
f 978 45 43
f 1186 982 1185
f 1365 573 1185
f 573 1186 1185
f 1365 1367 1364
f 679 1365 1364
f 573 1365 679
f 982 1186 984
f 983 982 984
f 981 982 983
f 45 981 50
f 50 981 983
f 1187 1186 573
f 1187 1363 1186
f 984 1186 1363
f 679 1356 573
f 1357 1187 573
f 1356 1357 573
f 679 209 1356
f 680 209 679
f 679 1364 680
f 1363 1222 984
f 984 986 983
f 1222 986 984
f 986 985 983
f 983 985 50
f 209 1355 1356
f 1356 1355 1357
f 209 680 1372
f 209 1372 1355
f 1219 1222 1363
f 1188 1363 1187
f 1188 1219 1363
f 1355 1354 1357
f 1201 1187 1357
f 1357 1354 1201
f 1355 1353 1354
f 1355 1372 1353
f 1222 1219 1223
f 988 1222 1223
f 986 1222 988
f 985 986 987
f 987 986 988
f 1372 680 1366
f 1372 1366 1371
f 1372 1371 1353
f 1223 1219 1220
f 1219 1217 1220
f 1217 1219 1188
f 1354 1353 1200
f 1354 1200 140
f 140 1201 1354
f 1371 1352 1353
f 1353 1352 1200
f 1223 1220 991
f 990 1223 991
f 988 1223 990
f 990 989 988
f 988 989 987
f 1371 1366 1368
f 1370 1371 1368
f 1352 1371 1370
f 991 1220 1221
f 1027 1221 1220
f 1220 1217 1027
f 1197 140 1200
f 1197 1200 1199
f 1200 1352 1199
f 1199 1352 1344
f 1370 1344 1352
f 991 1221 61
f 992 991 61
f 990 991 992
f 992 993 990
f 990 993 989
f 61 1221 1011
f 1024 1011 1221
f 1024 1221 1027
f 1199 585 1197
f 1344 1198 1199
f 1198 585 1199
f 1003 992 61
f 1224 61 1011
f 1224 1003 61
f 585 584 1197
f 1198 584 585
f 992 1002 993
f 1001 1002 992
f 1001 992 1003
f 1198 1344 589
f 1213 584 1198
f 1198 589 1213
f 1003 1224 332
f 1004 1003 332
f 1001 1003 1004
f 1004 1005 1001
f 1001 1005 1002
f 1011 1010 1224
f 332 1224 1225
f 1224 1010 1225
f 1213 1196 584
f 1197 584 1196
f 332 1225 1006
f 1195 1197 1196
f 1196 580 1195
f 580 1196 1213
f 140 1197 1195
f 1195 1201 140
f 1195 1187 1201
f 580 1187 1195
f 1188 1187 580
f 1188 580 1213
f 1214 1188 1213
f 1188 1214 1217
f 1213 589 1214
f 1217 1214 1215
f 1218 1215 1214
f 589 1216 1214
f 1214 1216 1218
f 67 1215 1218
f 1217 1215 1032
f 67 1032 1215
f 1218 1216 1375
f 1375 67 1218
f 1027 1217 1032
f 1343 1216 589
f 1392 1216 1343
f 1375 1216 1392
f 1343 589 1342
f 1343 1342 1392
f 1342 589 1344
f 1032 67 1030
f 1376 67 1375
f 1030 67 1376
f 1027 1032 1028
f 1028 1032 1030
f 1393 1375 1392
f 1035 1375 1393
f 1035 1376 1375
f 1392 1391 1393
f 1087 1085 1162
f 1087 1086 1085
f 1090 1086 1087
f 1090 1094 1086
f 1086 1094 1091
f 1086 1091 1089
f 1086 1089 1085
f 1094 1096 1091
f 1091 1096 1095
f 1091 1095 1093
f 1089 1091 1093
f 539 1095 1096
f 1099 1095 539
f 1099 1098 1095
f 1093 1095 1098
f 1092 1089 1093
f 1093 1098 1092
f 539 540 1099
f 1099 540 1100
f 1099 1100 538
f 538 1098 1099
f 1092 1098 1097
f 538 1097 1098
f 1261 1097 538
f 538 1100 547
f 538 547 1261
f 1100 540 1120
f 549 1100 1120
f 547 1100 549
f 1120 540 548
f 1097 380 1092
f 1262 380 1097
f 1261 1262 1097
f 627 1262 1261
f 1119 627 1261
f 1261 547 1119
f 1119 547 1121
f 1121 547 549
f 548 1122 1120
f 1120 1123 549
f 1122 1123 1120
f 1123 1124 549
f 549 1124 1121
f 1146 1122 548
f 1167 380 1262
f 1263 1167 1262
f 1262 627 1263
f 612 627 1119
f 1119 550 612
f 1121 550 1119
f 1124 1125 1121
f 1121 1125 550
f 612 158 627
f 627 613 1263
f 158 613 627
f 612 550 158
f 1122 1146 1130
f 1126 1122 1130
f 1123 1122 1126
f 1124 1123 1128
f 1128 1123 1126
f 1128 1064 1124
f 1124 1064 1125
f 964 1167 1263
f 613 964 1263
f 1130 1146 1144
f 158 550 611
f 550 1127 611
f 1125 1127 550
f 1127 1125 1062
f 1062 1125 1064
f 613 158 1265
f 611 1265 158
f 963 613 1265
f 613 963 964
f 1129 1128 1126
f 1126 1130 1129
f 1130 1144 1143
f 1129 1130 1143
f 1064 1128 1065
f 1175 1128 1129
f 1065 1128 1175
f 1065 1063 1064
f 1064 1063 1062
f 1061 1127 1062
f 611 1127 1061
f 1248 1265 611
f 611 1061 1248
f 1062 1060 1061
f 1063 1060 1062
f 1129 559 1175
f 1129 1147 559
f 1143 1147 1129
f 1175 1174 1065
f 1175 559 1174
f 403 1265 1248
f 1248 1061 403
f 1065 1174 521
f 1065 521 1066
f 1063 1065 1066
f 1063 1058 1060
f 1398 1058 1063
f 1066 1398 1063
f 403 1061 1298
f 1061 1060 1059
f 1061 1059 1298
f 1058 1057 1060
f 1060 1057 1059
f 559 1151 1174
f 559 1149 1151
f 1147 1149 559
f 1174 1173 521
f 1174 1151 1173
f 521 1173 1068
f 521 1067 1066
f 1068 1067 521
f 1298 1059 518
f 1059 1057 518
f 1400 1066 1067
f 1399 1066 1400
f 1399 1398 1066
f 1398 1055 1058
f 1394 1055 1398
f 1399 1394 1398
f 1151 1154 1173
f 1151 1153 1154
f 1149 1153 1151
f 1173 1172 1068
f 1173 1154 1172
f 1068 1172 1070
f 1068 1069 1067
f 1070 1069 1068
f 1400 1067 1401
f 1401 1067 1069
f 1047 1400 1401
f 1036 1400 1047
f 1036 1399 1400
f 339 1399 1036
f 339 1394 1399
f 1394 1042 1055
f 1393 1042 1394
f 339 1393 1394
f 1155 1172 1154
f 1156 1154 1153
f 1155 1154 1156
f 1172 1171 1070
f 1171 1172 1155
f 1070 1171 266
f 1070 1071 1069
f 266 1071 1070
f 1401 1069 694
f 694 1069 1071
f 1047 1401 263
f 263 1401 694
f 1047 1230 1036
f 605 1047 263
f 1230 1047 605
f 1036 1230 1033
f 1036 1033 339
f 266 1171 1073
f 266 1073 1071
f 1073 1171 1170
f 1155 1170 1171
f 1157 1170 1155
f 1156 1157 1155
f 694 1071 1072
f 1073 1072 1071
f 1402 694 1072
f 263 694 1402
f 605 263 1403
f 1403 263 1402
f 1073 1170 1074
f 1073 1074 1072
f 1074 1170 1075
f 1157 1075 1170
f 1230 1231 1033
f 1377 1230 605
f 1231 1230 1377
f 1048 605 1403
f 1377 605 1048
f 1402 1072 1180
f 1074 1180 1072
f 1181 1402 1180
f 1403 1402 1181
f 1403 1411 1048
f 1411 1403 1181
f 1074 1075 534
f 1074 534 1180
f 1181 1180 1179
f 534 1179 1180
f 377 1181 1179
f 1411 1181 377
f 1379 1377 1048
f 294 1231 1377
f 294 1377 1379
f 1411 1049 1048
f 1048 1049 1379
f 442 1411 377
f 1411 442 1049
f 534 1075 1084
f 1169 1179 534
f 1169 534 1084
f 377 1179 1165
f 1168 1179 1169
f 1179 1168 1165
f 442 377 1164
f 377 1165 1164
f 1049 1051 1379
f 1051 1383 1379
f 1383 294 1379
f 442 1050 1049
f 1051 1049 1050
f 442 1164 1163
f 1050 442 1414
f 442 1163 1414
f 1052 1051 1050
f 1052 1383 1051
f 294 1383 1378
f 1378 1383 1052
f 1165 1168 1268
f 1165 1268 1270
f 1164 1165 1270
f 1163 1164 1142
f 1164 1270 1142
f 1052 1050 1317
f 1050 1412 1317
f 1412 1050 1414
f 1414 1163 1415
f 1414 1415 1413
f 1412 1414 1413
f 1412 1413 1317
f 1163 1418 1415
f 1163 1142 1141
f 1418 1163 1141
f 1053 1378 1052
f 1052 1054 1053
f 1054 1052 1317
f 1282 1142 1270
f 1282 1270 1272
f 1270 1268 1272
f 1317 1413 243
f 1413 1415 243
f 1054 1317 1316
f 1316 1317 243
f 1415 1418 1417
f 1415 1416 243
f 1416 1415 1417
f 1418 1141 1421
f 1420 1418 1421
f 1418 1420 1417
f 243 1416 1307
f 243 1307 1316
f 1416 1419 1307
f 1419 1416 1417
f 1420 701 1417
f 701 1419 1417
f 1392 1342 1391
f 1342 1344 1341
f 1391 1342 1341
f 1027 1028 1024
f 1034 1030 1376
f 1034 1376 1035
f 1341 1344 1370
f 1028 1030 1029
f 1031 1030 1034
f 1029 1030 1031
f 1034 1035 1031
f 339 1035 1393
f 1031 1035 339
f 1029 1026 1028
f 1024 1028 1025
f 1028 1026 1025
f 1341 1338 1391
f 1370 1340 1341
f 1340 1338 1341
f 339 1033 1031
f 1232 1031 1033
f 1029 1031 1232
f 1026 1029 1234
f 1029 1232 1233
f 1234 1029 1233
f 1025 1026 1013
f 1033 1231 1232
f 1232 1231 1233
f 294 1234 1233
f 1233 1231 294
f 1235 1234 294
f 1340 1339 1338
f 940 1338 1339
f 1235 294 1378
f 940 1339 24
f 941 940 24
f 24 939 941
f 360 1076 527
f 360 527 267
f 528 267 359
f 1078 360 267
f 1078 267 528
f 528 359 1077
f 359 660 1077
f 1077 660 1323
f 1078 528 1077
f 1322 1104 1323
f 1104 1077 1323
f 361 1078 1077
f 361 1077 1104
f 1321 1318 1322
f 1319 1318 1321
f 1320 1319 1321
f 1318 1324 1322
f 183 1322 1324
f 1104 1322 183
f 1104 183 1079
f 1079 361 1104
f 1080 361 1079
f 1319 1320 1053
f 1054 1319 1053
f 1318 1319 1054
f 1318 1315 1324
f 1315 1318 1054
f 1325 183 1324
f 1325 1324 1314
f 1315 1314 1324
f 1079 183 1101
f 1101 183 1325
f 1081 1079 1101
f 1081 1080 1079
f 1080 1081 1082
f 1081 1101 1083
f 1081 1083 1082
f 1335 1325 1314
f 1103 1101 1325
f 1103 1325 1335
f 1101 1102 1083
f 1101 1103 1102
f 1106 1103 1335
f 1103 1106 1105
f 1103 1105 1102
f 1106 1107 1105
f 1253 1257 1255
f 1251 1253 1255
f 617 1253 1251
f 617 1251 1254
f 1254 1251 1255
f 1256 1254 1255
f 1362 617 1254
f 1362 1254 1258
f 1420 1421 701
f 1315 1054 1316
f 1305 1316 1307
f 1315 1316 1305
f 1305 1307 1419
f 1397 1419 701
f 1419 1397 1304
f 1304 1305 1419
f 1404 1397 701
f 1404 701 1409
f 1421 1409 701
f 1421 1422 1409
f 1141 1422 1421
f 1314 1315 1305
f 1306 1314 1305
f 1305 1304 1306
f 1304 1397 695
f 1397 1404 696
f 1397 696 1406
f 695 1397 1406
f 1304 695 1303
f 1304 1303 1302
f 1304 1302 1306
f 1404 699 696
f 1409 1408 1404
f 1404 1408 699
f 1408 1409 881
f 1422 880 1409
f 880 881 1409
f 695 910 1303
f 1406 910 695
f 699 1407 696
f 1407 1406 696
f 910 1406 1407
f 1408 1407 699
f 1306 1302 1336
f 1335 1314 1306
f 1336 1335 1306
f 1410 1408 881
f 1407 1408 1410
f 1302 1337 1336
f 1303 1301 1302
f 1337 1302 1301
f 1407 1410 4
f 4 910 1407
f 881 880 936
f 882 1410 881
f 936 882 881
f 907 1410 882
f 907 4 1410
f 1336 1337 1108
f 1106 1335 1336
f 1108 1106 1336
f 910 4 1405
f 4 907 1405
f 1337 1110 1108
f 1110 1337 1112
f 1112 1337 1301
f 906 907 882
f 883 882 936
f 906 882 883
f 906 909 907
f 909 1405 907
f 1108 1110 1109
f 1107 1106 1108
f 1109 1107 1108
f 1110 97 1109
f 97 1110 1111
f 1111 1110 1112
f 908 909 906
f 21 908 906
f 21 906 883
f 908 459 909
f 909 459 1303
f 1405 909 1303
f 457 908 21
f 457 459 908
f 467 457 21
f 21 883 467
f 102 97 1111
f 457 467 911
f 457 911 912
f 459 457 912
f 1303 459 1301
f 912 1116 459
f 459 1116 1301
f 1301 1116 1112
f 1116 1113 1112
f 1112 1113 1111
f 1116 912 916
f 914 1116 916
f 1116 914 1113
f 916 912 915
f 912 911 913
f 912 913 915
f 911 935 913
f 935 911 937
f 467 937 911
f 914 916 367
f 914 367 1115
f 914 1115 1113
f 915 919 916
f 916 12 367
f 919 12 916
f 915 913 918
f 1136 919 915
f 918 1136 915
f 913 917 918
f 913 935 917
f 935 880 917
f 880 935 936
f 936 935 937
f 367 1118 1115
f 272 1118 367
f 12 272 367
f 919 1133 12
f 1133 272 12
f 1133 919 1239
f 919 1136 1239
f 1137 1136 918
f 13 1137 918
f 13 918 917
f 1136 401 1239
f 401 1136 1137
f 920 13 917
f 880 920 917
f 272 1133 552
f 1118 272 552
f 1133 1239 1135
f 1133 1135 552
f 401 1240 1239
f 1239 1238 1135
f 1238 1239 1240
f 1137 13 922
f 13 920 921
f 922 13 921
f 110 401 1137
f 112 1137 922
f 110 1137 112
f 1241 401 110
f 401 1241 282
f 1240 401 282
f 1240 282 1237
f 1237 1238 1240
f 552 1135 372
f 109 1135 1238
f 1135 109 372
f 1138 109 1238
f 1238 1237 1138
f 922 1139 112
f 922 921 1140
f 1140 1139 922
f 152 282 1241
f 282 152 1237
f 1242 1241 110
f 154 110 112
f 110 154 1242
f 154 112 1247
f 1139 1247 112
f 1389 1241 1242
f 1389 152 1241
f 1237 556 1138
f 375 556 1237
f 152 375 1237
f 1236 375 152
f 152 1389 1236
f 1139 1294 1247
f 1293 1294 1139
f 1140 1293 1139
f 1243 1389 1242
f 154 1244 1242
f 1242 1244 1243
f 1245 154 1247
f 154 1245 1244
f 1245 1247 1296
f 1294 1296 1247
f 1389 1243 1382
f 1389 397 1236
f 397 1389 1382
f 1243 1395 1382
f 1244 1395 1243
f 1245 1246 1244
f 1244 1246 1395
f 1236 32 375
f 953 1236 397
f 32 1236 953
f 1245 1297 1246
f 1297 1245 1296
f 1296 1300 1297
f 1296 1294 1295
f 1300 1296 1295
f 1381 397 1382
f 1395 428 1382
f 1381 1382 428
f 1381 1380 397
f 397 1380 953
f 428 1395 1396
f 1246 1396 1395
f 1246 1249 1396
f 1297 1249 1246
f 1300 648 1297
f 1297 648 1249
f 1300 1309 648
f 1310 1309 1300
f 1295 1310 1300
f 429 1381 428
f 1381 430 1380
f 429 430 1381
f 428 1359 429
f 1359 428 1396
f 1359 1396 1351
f 1249 1250 1396
f 1396 1250 1351
f 648 616 1249
f 1249 616 617
f 1250 1249 617
f 1309 1308 648
f 648 1308 616
f 1311 1309 1310
f 651 1308 1309
f 1311 651 1309
f 1351 1250 1358
f 1250 617 1358
f 1359 1345 429
f 1015 429 1345
f 430 429 1015
f 1359 1360 1345
f 1351 1360 1359
f 1351 1358 1361
f 1350 1351 1361
f 1351 1350 1360
f 1308 1252 616
f 1253 617 616
f 1252 1253 616
f 1252 1308 643
f 1308 651 643
f 1358 1362 1361
f 617 1362 1358
f 1360 1346 1345
f 999 1345 1346
f 1015 1345 999
f 1360 1347 1346
f 1350 1347 1360
f 1361 1349 1350
f 1349 1347 1350
f 1276 1361 1362
f 1276 1349 1361
f 1253 1252 1257
f 1252 643 1257
f 1347 291 1346
f 997 1346 291
f 999 1346 997
f 291 1347 1348
f 1347 1285 1348
f 1285 1347 1349
f 1285 1349 632
f 1254 1256 1259
f 1258 1254 1259
f 1259 625 1258
f 625 626 1258
f 626 625 1260
f 626 1260 1274
f 1275 626 1274
f 1275 632 626
f 632 1275 631
f 1275 1274 631
f 1274 1331 631
f 1331 665 631
f 633 632 631
f 664 633 631
f 665 664 631
f 633 1278 632
f 664 665 1328
f 1327 664 1328
f 633 664 1327
f 1278 633 1277
f 1277 633 1327
f 1327 1328 1329
f 1330 1327 1329
f 1277 1327 1330
f 1326 1277 1330
f 1277 1326 1279
f 1279 1278 1277
f 1283 1278 1279
f 1330 1329 668
f 669 1330 668
f 1326 1330 669
f 656 1326 669
f 1326 1280 1279
f 1326 656 1280
f 1280 1281 1279
f 1281 1283 1279
f 1283 1281 1273
f 668 1313 669
f 669 1312 656
f 1313 1312 669
f 1312 1299 656
f 656 1291 1280
f 656 1299 1291
f 1280 1291 1282
f 1282 1281 1280
f 1281 1271 1273
f 1281 1282 1272
f 1271 1281 1272
f 1312 1313 654
f 180 1312 654
f 1299 1312 180
f 1299 1292 1291
f 1291 1142 1282
f 1291 1292 1142
f 1293 1292 1299
f 640 1293 1299
f 640 1299 180
f 1292 1293 1141
f 1292 1141 1142
f 1271 1272 1266
f 1268 1266 1272
f 654 1311 180
f 1311 1310 180
f 1295 640 180
f 1310 1295 180
f 1295 1294 640
f 1294 1293 640
f 1293 1140 1141
f 1422 1141 1140
f 1268 1166 1266
f 1168 1166 1268
f 1168 1167 1166
f 380 1167 1168
f 1169 380 1168
f 923 1422 1140
f 923 1140 921
f 880 1422 923
f 880 923 920
f 923 921 920
f 1169 1092 380
f 1088 1092 1169
f 1088 1169 1084
f 1088 1089 1092
f 1089 1088 535
f 535 1088 1084
f 1085 1089 535
f 535 1084 1160
f 1161 535 1160
f 1085 535 1161
f 1160 1084 1075
f 1162 1085 1161
f 1160 1075 1157
f 1158 1160 1157
f 1161 1160 1158
f 1162 1161 1159
f 1159 1161 1158
f 1158 1157 1156
f 1159 1158 562
f 562 1158 1156
f 1156 1153 562
f 562 1153 1152
f 1153 1149 1152
f 1152 1149 1150
f 1149 1147 1150
f 1150 1147 1148
f 1147 1143 1148
f 1148 1143 1145
f 1143 1144 1145
f 372 1134 552
f 1134 1132 552
f 1134 1131 1132
f 1132 1118 552
f 1131 1117 1132
f 1118 1132 1117
f 1131 103 1117
f 1115 1118 1117
f 1117 1114 1115
f 103 1114 1117
f 1114 103 102
f 1114 1113 1115
f 1111 1114 102
f 1113 1114 1111
f 333 487 1007
f 334 489 1008
f 489 334 490
f 257 334 1008
f 257 1008 487
f 333 257 487
f 1013 1012 1025
f 1012 1009 1011
f 1012 1011 1024
f 1025 1012 1024
f 1011 1009 1010
f 1010 1009 490
f 334 1225 490
f 1225 1010 490
f 488 334 257
f 488 1225 334
f 1006 488 257
f 1006 257 333
f 1006 1225 488
f 910 1405 1303
f 883 937 467
f 883 936 937
f 680 1364 1366
f 1368 1366 1364
f 1364 1367 1368
f 1367 1369 1368
f 1368 1369 1370
f 1367 939 1369
f 24 1369 939
f 938 1369 24
f 1370 1369 938
f 1370 938 1340
f 24 1339 938
f 1340 938 1339
f 886 889 890
f 888 889 886
f 885 886 890
f 885 884 886
f 884 887 886
f 887 888 886
f 893 897 896
f 892 897 893
f 1349 1276 632
f 1276 1362 1258
f 626 1276 1258
f 632 1276 626
f 1288 291 1348
f 291 996 997
f 1288 996 291
f 1278 1285 632
f 1285 1278 167
f 1285 167 1348
f 1288 1348 1287
f 1286 1287 1348
f 167 1286 1348
f 1284 1286 167
f 1278 1284 167
f 994 1288 1287
f 1288 995 996
f 994 995 1288
f 1287 973 994
f 1287 1286 973
f 1286 1289 973
f 1286 1284 1289
f 1278 1283 1284
f 1284 1290 1289
f 1290 1284 1283
f 973 1386 994
f 1384 994 1386
f 995 994 1384
f 973 972 1386
f 972 973 1289
f 971 972 1289
f 970 971 1289
f 1290 970 1289
f 1273 1290 1283
f 970 1290 1269
f 1290 1273 1269
f 970 968 971
f 968 970 1269
f 972 1387 1386
f 1385 1386 1387
f 1384 1386 1385
f 972 691 1387
f 691 972 971
f 969 691 971
f 966 969 971
f 968 966 971
f 966 968 967
f 967 968 1269
f 1269 1273 1271
f 1267 1269 1271
f 967 1269 1267
f 691 28 1387
f 690 1387 28
f 1385 1387 690
f 949 28 691
f 1388 949 691
f 1388 691 969
f 966 952 969
f 952 1388 969
f 949 690 28
f 952 966 965
f 965 966 967
f 628 965 967
f 628 967 1267
f 1267 1271 1266
f 628 1267 1266
f 949 1388 951
f 1388 952 951
f 948 690 949
f 949 951 948
f 965 628 1264
f 1264 628 1266
f 951 952 30
f 320 952 965
f 952 320 30
f 320 965 964
f 964 965 1264
f 951 30 950
f 948 951 950
f 1166 1264 1266
f 964 1264 1166
f 30 320 1265
f 950 30 403
f 30 1265 403
f 320 963 1265
f 963 320 964
f 1167 964 1166
f 950 947 948
f 948 947 690
f 946 947 950
f 950 1298 946
f 403 1298 950
f 947 944 690
f 946 944 947
f 690 944 1385
f 934 944 946
f 946 945 934
f 1298 945 946
f 518 945 1298
f 944 930 1385
f 932 930 944
f 932 944 934
f 945 933 934
f 934 933 932
f 518 1056 945
f 945 1056 933
f 932 933 929
f 929 930 932
f 1385 930 1384
f 518 1057 1056
f 1056 1046 933
f 1056 1057 1046
f 929 933 931
f 933 1046 931
f 927 1384 930
f 926 930 929
f 927 930 926
f 931 928 929
f 929 928 926
f 928 931 1044
f 1044 931 1046
f 1046 1045 1044
f 1046 1057 1045
f 995 1384 927
f 1058 1045 1057
f 927 996 995
f 17 996 927
f 926 17 927
f 925 926 928
f 925 17 926
f 928 1194 925
f 1044 1194 928
f 1044 1045 1043
f 1043 1041 1044
f 1041 1194 1044
f 1055 1045 1058
f 1043 1045 1055
f 924 996 17
f 924 17 925
f 997 996 924
f 1194 1193 925
f 1192 1194 1041
f 1193 1194 1192
f 925 1193 579
f 925 453 924
f 579 453 925
f 924 905 997
f 924 453 905
f 1043 1055 1042
f 1040 1043 1042
f 1041 1043 1040
f 1192 1041 577
f 577 1041 1040
f 1192 1203 1193
f 1193 1202 579
f 1193 1203 1202
f 577 594 1192
f 1192 594 1203
f 579 591 453
f 590 591 579
f 579 1202 590
f 577 1040 1190
f 1040 1042 1039
f 1190 1040 1039
f 594 577 1189
f 1189 577 1190
f 1203 1205 1202
f 1203 595 1205
f 594 595 1203
f 1202 1205 1204
f 1202 1204 590
f 595 594 1191
f 1191 594 1189
f 592 591 590
f 590 1204 592
f 1189 575 1191
f 127 575 1189
f 1190 127 1189
f 1390 1190 1039
f 510 1190 1390
f 510 127 1190
f 1039 1391 1390
f 1039 1042 1391
f 575 127 1178
f 1178 127 1177
f 1023 127 510
f 1177 127 1023
f 1023 510 1038
f 1038 510 1390
f 1390 1391 1338
f 1390 1334 1038
f 1338 1334 1390
f 1393 1391 1042
f 1178 1177 1021
f 1177 1022 1021
f 1023 1022 1177
f 1022 1023 1037
f 1037 1023 1038
f 1334 1333 1038
f 1038 1333 1037
f 1178 1021 502
f 1334 189 1333
f 940 189 1334
f 1338 940 1334
f 502 1021 1020
f 1021 506 1020
f 1022 506 1021
f 1037 1212 1022
f 1022 1212 506
f 1212 1037 1332
f 1332 1037 1333
f 1332 1333 218
f 218 1333 189
f 1020 501 502
f 218 189 26
f 189 940 941
f 26 189 941
f 1017 501 1020
f 1020 497 1017
f 506 497 1020
f 1212 1210 506
f 506 1210 497
f 1332 1227 1212
f 1212 1227 1210
f 218 1229 1332
f 1332 1229 1227
f 26 943 218
f 218 943 1229
f 1017 1019 501
f 1018 1019 1017
f 1017 497 1018
f 1018 497 495
f 1210 495 497
f 26 941 433
f 1374 26 433
f 943 26 1374
f 1211 495 1210
f 1210 1226 1211
f 1227 1226 1210
f 1229 1228 1227
f 1227 1228 1226
f 943 954 1229
f 1229 954 1228
f 954 943 953
f 953 943 1374
f 1018 902 1019
f 903 902 1018
f 495 903 1018
f 953 1380 954
f 954 1380 1228
f 430 1226 1228
f 1228 1380 430
f 433 292 1374
f 32 1374 292
f 953 1374 32
f 1015 1226 430
f 895 893 896
f 892 893 891
f 891 893 894
f 894 893 895
f 1430 1434 1429
f 1430 1423 1434
f 1431 1423 1430
f 1423 1442 1434
f 1431 1424 1423
f 1423 1446 1442
f 1425 1446 1423
f 1424 1425 1423
f 1432 1424 1431
f 1432 1427 1424
f 1427 1425 1424
f 1446 1440 1442
f 1427 1426 1425
f 1425 1445 1446
f 1426 1445 1425
f 1445 1439 1446
f 1446 1441 1440
f 1439 1441 1446
f 1426 1428 1445
f 1428 1439 1445
f 1435 1426 1427
f 1435 1428 1426
f 1433 1435 1427
f 1433 1427 1432
f 1428 1438 1439
f 1439 1443 1441
f 1438 1443 1439
f 1435 1436 1428
f 1436 1438 1428
f 1436 1444 1438
f 1438 1444 1443
f 1436 1437 1444
f 1465 1464 1466
f 1465 1466 1470
f 1467 1465 1470
f 1470 1466 1458
f 1467 1470 1463
f 1470 1458 1447
f 1469 1470 1447
f 1463 1470 1469
f 1468 1467 1463
f 1468 1463 1462
f 1462 1463 1469
f 1447 1458 1453
f 1462 1469 1452
f 1469 1447 1449
f 1452 1469 1449
f 1449 1447 1448
f 1447 1453 1454
f 1448 1447 1454
f 1452 1449 1450
f 1450 1449 1448
f 1460 1462 1452
f 1460 1452 1450
f 1461 1468 1462
f 1461 1462 1460
f 1450 1448 1451
f 1448 1454 1455
f 1451 1448 1455
f 1460 1450 1459
f 1459 1450 1451
f 1459 1451 1456
f 1451 1455 1456
f 1459 1456 1457
f 739 1485 738
f 739 1487 1485
f 739 1498 1487
f 1500 1498 739
f 1500 739 742
f 766 1500 742
f 1486 1487 1498
f 1485 1487 1486
f 1486 1498 1499
f 1499 1498 1500
f 1499 1500 1501
f 766 1576 1500
f 1500 1576 1575
f 1500 1575 1501
f 1630 1576 766
f 1630 766 767
f 1630 767 1585
f 1577 1630 1585
f 1576 1630 1577
f 1576 1577 1575
f 1577 1585 1583
f 1577 1583 1582
f 1577 1582 747
f 1575 1573 1572
f 1575 1572 1501
f 1585 767 749
f 1585 749 1587
f 1583 1585 1587
f 1583 1587 748
f 749 1629 1587
f 749 765 1629
f 764 1587 1629
f 764 748 1587
f 764 763 750
f 764 750 748
f 750 763 1591
f 750 1591 1588
f 1591 1589 1588
f 1591 1628 1589
f 1628 1590 1589
f 1628 1627 1590
f 1605 738 1485
f 1605 1485 1481
f 1481 760 1605
f 1481 1604 760
f 1603 760 1604
f 1603 759 760
f 1603 1602 759
f 1602 1599 759
f 1602 1598 1599
f 1598 756 1599
f 1604 1623 1603
f 1604 1471 1623
f 1471 1604 1481
f 1603 1611 1602
f 1603 1623 1611
f 1607 1598 1602
f 1607 1602 1611
f 1598 1596 756
f 756 1596 1593
f 1595 1596 1598
f 1595 1593 1596
f 1595 1598 1607
f 1595 1594 1593
f 1597 1594 1595
f 1597 1595 757
f 1600 1597 757
f 1600 757 1606
f 1610 1607 1611
f 1610 1611 1613
f 1609 1608 1606
f 1609 1606 757
f 757 1632 1609
f 1612 1610 1613
f 1612 1613 1614
f 1471 1481 1478
f 1484 1479 1478
f 1484 1482 1479
f 1482 1483 1480
f 1482 1480 1479
f 736 1479 1480
f 736 1477 1479
f 1489 1492 1483
f 1489 1483 1482
f 1512 1510 1513
f 1512 1509 1510
f 1508 1510 1509
f 1506 1508 1509
f 1506 1509 1512
f 1506 1507 1508
f 1508 1511 1510
f 1511 1521 1510
f 1511 1523 1522
f 1511 1524 1523
f 1511 1525 1524
f 1511 1522 1521
f 1520 1510 1521
f 1524 1525 1532
f 1533 1532 1525
f 1529 1524 1532
f 1529 1532 1531
f 1533 1534 1532
f 1533 1539 1534
f 1542 1533 1540
f 1542 1539 1533
f 1540 1533 1541
f 1540 1541 1546
f 1541 1547 1546
f 1541 1548 1547
f 1546 1551 1540
f 1546 1549 1551
f 1546 1547 1549
f 1534 1537 1536
f 1536 1532 1534
f 1538 1534 1539
f 1538 1537 1534
f 1554 1547 1555
f 1547 1552 1549
f 1553 1547 1554
f 1552 1547 1553
f 1495 1496 1497
f 1495 1497 741
f 1496 1486 1499
f 1496 1499 1497
f 1486 1484 1485
f 1484 1481 1485
f 1484 1478 1481
f 1645 1647 1644
f 1645 1651 1647
f 1652 1651 1645
f 1652 1645 1648
f 1652 1648 1649
f 1652 1649 1654
f 1649 1653 1654
f 1649 1650 1653
f 1514 1510 1515
f 1515 1510 1516
f 1516 1510 1520
f 1514 1513 1510
f 1505 1499 1501
f 1505 1503 1499
f 1505 1569 1503
f 1505 1570 1569
f 744 1570 1505
f 744 1505 1571
f 744 1571 1572
f 744 1572 745
f 1571 1505 1501
f 1571 1501 1572
f 1502 1504 741
f 1502 741 1497
f 1503 1502 1497
f 1503 1497 1499
f 1502 1503 1569
f 1502 1569 1504
f 1573 1574 745
f 1573 745 1572
f 1584 1639 1634
f 1584 1634 1637
f 1639 1584 1586
f 1586 1584 1582
f 1586 1582 1583
f 1586 1583 748
f 1586 748 750
f 1634 1636 1637
f 1634 1635 1636
f 1590 1638 1634
f 1590 1634 1589
f 1527 1523 1528
f 1524 1528 1523
f 1522 1523 1527
f 1522 1527 1526
f 1490 1488 1484
f 1490 1484 1486
f 1493 1488 1490
f 1493 1491 1488
f 1491 1489 1488
f 1491 1492 1489
f 1488 1489 1482
f 1488 1482 1484
f 740 1494 1496
f 740 1496 1495
f 1494 1490 1486
f 1494 1486 1496
f 1490 1494 740
f 1490 740 1493
f 1524 1529 1530
f 1524 1530 1528
f 1506 1519 1556
f 1506 1518 1519
f 1517 1506 1512
f 1518 1506 1517
f 1575 1580 1578
f 1575 1578 1573
f 746 1581 1580
f 1578 1580 1581
f 1578 1581 1579
f 747 1575 1577
f 747 1580 1575
f 1578 1579 1574
f 1578 1574 1573
f 762 1626 1625
f 762 1625 1624
f 1471 762 1624
f 1471 1624 1623
f 1550 1540 1551
f 1540 1545 1544
f 1540 1544 1543
f 1543 1542 1540
f 1545 1540 1550
f 1619 1611 1623
f 1619 1618 1611
f 1617 1618 1619
f 1617 1619 1620
f 1622 1620 1619
f 1622 1619 1621
f 1615 1616 1614
f 1615 1614 1613
f 1618 1615 1613
f 1618 1613 1611
f 1615 1618 1617
f 1615 1617 1616
f 1622 1624 1625
f 1622 1621 1624
f 1621 1619 1623
f 1621 1623 1624
f 1562 1561 1560
f 1562 1560 1559
f 1561 1562 1601
f 1561 1601 758
f 1561 758 1597
f 1561 1597 1600
f 1567 1594 1601
f 1567 1601 743
f 758 1601 1594
f 758 1594 1597
f 751 1594 1567
f 751 1593 1594
f 751 756 1593
f 751 754 756
f 755 754 751
f 755 751 753
f 751 1592 753
f 751 1567 1592
f 1592 1567 743
f 1592 743 752
f 1566 1568 752
f 1566 752 743
f 1566 1656 1568
f 1566 1565 1656
f 1655 1656 1565
f 1655 1565 1564
f 1560 1557 1559
f 1557 1558 1559
f 1559 1563 1564
f 1559 1564 1565
f 1475 1473 1471
f 1475 1471 1478
f 1475 1474 1473
f 1475 1476 1474
f 1475 736 1476
f 1475 1477 736
f 1477 1475 1478
f 1477 1478 1479
f 1472 735 1626
f 1472 1626 762
f 1473 1472 762
f 1473 762 1471
f 1474 735 1472
f 1474 1472 1473
f 1535 1531 1532
f 1535 1532 1536
f 1633 1632 1607
f 1633 1607 1610
f 1632 1631 1608
f 1632 1608 1609
f 768 1631 1632
f 768 1632 1633
f 1633 1610 1612
f 1633 1612 768
f 1586 750 1588
f 1586 1588 1639
f 1644 1640 1641
f 1644 1641 1645
f 1645 1641 1642
f 1645 1642 1648
f 1648 1642 1643
f 1648 1643 1649
f 1643 1646 1650
f 1643 1650 1649
f 1562 1566 743
f 1562 743 1601
f 1589 1634 1639
f 1589 1639 1588
f 1565 1566 1562
f 1565 1562 1559
f 746 1580 747
f 757 1607 1632
f 1595 1607 757
f 1661 1660 1659
f 1661 1659 1667
f 1659 1660 1658
f 1659 1658 1657
f 1659 1662 1666
f 1659 1666 1667
f 1664 1663 773
f 1664 773 769
f 1664 769 786
f 1664 786 1665
f 1662 1809 786
f 1662 786 769
f 769 773 1666
f 769 1666 1662
f 1659 1657 1809
f 1659 1809 1662
f 1672 1673 1674
f 1672 1674 1714
f 1674 1715 1714
f 1715 1713 1681
f 1715 1681 1714
f 1671 1673 1672
f 1671 1670 1673
f 1668 1670 1671
f 1831 1668 1671
f 1668 1669 1670
f 1831 1830 1668
f 1716 1717 1718
f 1716 1718 1719
f 1719 1718 1720
f 1723 1719 1720
f 1723 1724 1719
f 1719 1724 1721
f 1719 1721 1716
f 1721 1722 1716
f 1721 1731 1722
f 1722 1731 1732
f 1722 1732 1734
f 1722 1734 1735
f 1721 1729 1731
f 1731 1729 1732
f 1735 1734 1746
f 1746 1747 1735
f 1746 1734 1745
f 1746 1745 1748
f 1746 1748 1749
f 1746 1749 1750
f 1746 1751 1747
f 1747 1751 1752
f 1753 1747 1752
f 1753 1752 1754
f 1754 1752 1757
f 1754 1757 1758
f 1754 1758 1759
f 1753 1754 1763
f 1753 1763 1765
f 1753 1765 1767
f 1763 1766 1765
f 1763 1754 1766
f 1754 1761 1762
f 1754 1759 1760
f 1760 1761 1754
f 1672 1714 1681
f 1672 1681 1675
f 777 1679 1681
f 777 1681 1713
f 1712 777 1713
f 1678 774 1679
f 1678 1679 1677
f 777 1677 1679
f 774 1678 1680
f 774 1680 1676
f 1676 1680 785
f 1675 774 1676
f 1675 1676 1801
f 1675 1681 1679
f 1675 1679 774
f 1799 1800 1830
f 1799 1830 1802
f 1798 1799 1802
f 1793 1794 1795
f 1793 1795 1785
f 1792 1793 1785
f 1831 1801 1802
f 1831 1802 1830
f 1801 1831 1675
f 1795 1796 1786
f 1795 1786 1785
f 1697 1698 1699
f 1697 1699 1691
f 1691 1696 1697
f 1691 1694 1696
f 1699 1700 1690
f 1699 1690 1691
f 789 1690 1700
f 789 779 1690
f 779 1688 1690
f 1690 1688 1689
f 1690 1689 1691
f 779 1826 1688
f 779 1819 1826
f 1688 1826 1686
f 1688 1686 1689
f 1818 1826 1819
f 1818 1819 1816
f 1826 1818 1825
f 1815 1825 1818
f 1815 1818 1816
f 1826 1825 1686
f 787 1815 1816
f 1815 1817 1825
f 787 1813 1815
f 1813 1817 1815
f 1813 1814 1817
f 1812 1813 787
f 1812 1811 1813
f 1827 1682 1686
f 1827 1686 1825
f 1768 1746 1750
f 1768 1770 1746
f 1768 1769 1770
f 1751 1746 1770
f 1751 1770 1771
f 1751 1771 1803
f 1751 1803 1772
f 1756 1751 1772
f 1751 1756 1752
f 1738 1740 1734
f 1738 1734 1732
f 1742 1734 1740
f 1742 1743 1734
f 1743 1745 1734
f 1742 1740 1741
f 1743 1744 1745
f 1737 1738 1732
f 1732 1736 1737
f 1732 1733 1736
f 1732 1729 1733
f 1737 1739 1738
f 1710 1709 1773
f 1701 1708 1709
f 1701 1709 1710
f 1702 1701 1710
f 1702 1710 1711
f 1711 789 1702
f 1700 1702 789
f 1700 1701 1702
f 1711 1788 789
f 1700 1699 1701
f 1711 782 1788
f 1711 1784 782
f 1711 1781 1784
f 1711 1710 1781
f 1783 1784 1781
f 1783 1782 1784
f 782 1784 1782
f 1787 782 1782
f 1787 1782 1786
f 783 1787 1786
f 783 1786 1796
f 1782 1783 1785
f 1782 1785 1786
f 1797 1795 1794
f 1797 1794 1799
f 1797 1798 785
f 1797 1799 1798
f 785 1795 1797
f 1798 1802 1801
f 1798 1801 785
f 1789 1792 1785
f 1789 1785 1783
f 784 1792 1789
f 784 1789 1791
f 1791 1789 1790
f 1725 1726 1721
f 1721 1726 1727
f 1728 1729 1721
f 1728 1721 1727
f 1725 1721 1724
f 1728 1730 1729
f 1790 1789 1783
f 1790 1783 1780
f 1781 1779 1780
f 1781 1780 1783
f 1729 1730 1733
f 1703 1699 1698
f 1703 1704 1699
f 1704 1707 1705
f 1704 1706 1707
f 1703 1706 1704
f 1699 1704 1705
f 1699 1705 1701
f 1705 1707 781
f 1781 1776 1778
f 1776 1777 1778
f 1776 1781 1710
f 1776 1710 1774
f 1776 1774 1775
f 1776 1775 1777
f 1775 1774 1773
f 1701 1705 781
f 1766 1754 1762
f 1766 1762 1764
f 1814 1832 788
f 1833 1832 1814
f 1833 1814 1810
f 1809 1806 1807
f 1806 1804 1805
f 1806 1805 1807
f 1807 1805 1808
f 1805 1833 1810
f 1805 1810 1808
f 1810 786 1808
f 1811 1810 1814
f 1811 1814 1813
f 1809 1807 1808
f 1809 1808 786
f 1684 1686 1682
f 1684 1682 1683
f 1682 1829 1683
f 1682 1827 1829
f 1752 1756 1755
f 1752 1755 1757
f 1825 1824 1828
f 1828 1829 1827
f 1825 1817 1823
f 1825 1823 1824
f 1822 1817 1820
f 1822 1823 1817
f 780 1689 1687
f 1685 1687 1689
f 1685 1689 1686
f 1820 788 1821
f 1693 1692 780
f 1695 1692 1693
f 1695 1694 1692
f 1689 1692 1694
f 1689 1694 1691
f 1820 1821 1822
f 770 1663 1664
f 770 1664 771
f 1665 771 1664
f 1665 772 771
f 1812 772 1665
f 1812 1665 1811
f 1665 1810 1811
f 1665 786 1810
f 778 783 1796
f 778 1796 1680
f 1680 776 778
f 1680 1796 1795
f 1680 1678 776
f 775 776 1678
f 775 1678 1677
f 1680 1795 785
f 1676 785 1801
f 1814 1820 1817
f 1695 1696 1694
f 1814 788 1820
f 1685 1686 1684
f 1825 1828 1827
f 780 1692 1689
f 1701 781 1708
f 1781 1778 1779
f 1710 1773 1774
f 1792 784 1793
f 1675 1831 1671
f 1675 1671 1672
f 1809 1657 1806
f 1846 1847 1848
f 1846 1848 1845
f 797 795 1842
f 797 1842 1848
f 795 797 793
f 795 793 794
f 1842 1843 1845
f 1842 1845 1848
f 1844 1842 795
f 1844 795 801
f 1834 1839 1837
f 1834 1837 1835
f 1838 1839 1834
f 1838 1834 1836
f 793 798 791
f 793 791 792
f 793 792 794
f 792 791 1839
f 792 1839 1838
f 797 798 793
f 1840 799 792
f 1840 792 1838
f 791 790 1837
f 791 1837 1839
f 795 794 1841
f 795 1841 801
f 794 792 799
f 794 799 1841
f 800 801 1841
f 800 1850 801
f 1844 801 1850
f 1840 1849 799
f 800 1841 799
f 1849 800 799
f 797 796 798
f 790 791 798
f 796 797 1848
f 796 1848 1847
f 1840 1838 1836
f 1844 1843 1842
f 814 813 1872
f 814 1872 1871
f 816 814 1871
f 815 1871 1872
f 816 1871 1874
f 1874 1871 815
f 1867 1864 1863
f 1886 1870 1868
f 1886 1868 1885
f 1864 1862 1863
f 1861 1882 1862
f 1864 1861 1862
f 1870 1867 1863
f 1870 1863 1868
f 1886 1885 1873
f 1861 807 1882
f 1860 1882 807
f 811 1872 1885
f 823 1862 1882
f 1881 823 1882
f 1868 1865 811
f 1868 811 1885
f 1865 1868 1863
f 1865 1863 809
f 809 1863 1862
f 811 1865 1866
f 811 1866 1869
f 1851 809 823
f 1851 823 1883
f 1875 815 811
f 1875 811 1869
f 1866 1865 809
f 1866 809 1851
f 1869 1866 1887
f 1869 1887 812
f 824 1851 1883
f 824 1883 822
f 818 1875 1869
f 818 1869 812
f 824 1887 1866
f 824 1866 1851
f 812 819 818
f 821 824 822
f 1879 819 812
f 1879 812 1887
f 821 1879 1887
f 821 1887 824
f 1872 1873 1885
f 1877 1857 1856
f 1877 1856 1876
f 1859 1858 1880
f 1877 820 1880
f 1881 1880 820
f 1877 1878 820
f 1855 816 1874
f 1858 1857 1877
f 1858 1877 1880
f 1855 1876 1856
f 1881 820 823
f 1878 1877 1876
f 1878 1876 817
f 1852 1878 817
f 1852 817 1854
f 1854 817 815
f 1854 815 1875
f 1884 820 1878
f 1884 1878 1852
f 1883 823 820
f 1883 820 1884
f 803 1853 1852
f 803 1852 1854
f 803 1854 1875
f 803 1875 818
f 1853 802 1884
f 1853 1884 1852
f 822 1883 1884
f 822 1884 802
f 802 821 822
f 819 803 818
f 819 1879 1853
f 819 1853 803
f 1879 821 802
f 1879 802 1853
f 1859 1880 1881
f 1860 1881 1882
f 1859 1881 1860
f 1855 1874 1876
f 1872 813 1873
f 815 1872 811
f 1874 817 1876
f 1874 815 817
f 809 1862 823
f 1888 1889 1890
f 1888 1890 1891
f 1894 1888 1891
f 1894 1896 1888
f 1895 1894 1891
f 1890 1892 1891
f 1895 1891 1892
f 1890 1893 1892
f 1892 1899 1895
f 1892 1893 1898
f 1892 1897 1899
f 1892 1898 1897
f 1897 1902 1899
f 1897 1898 1901
f 1897 1901 1900
f 1897 1900 1902
f 1900 1903 1902
f 1901 1905 1900
f 1900 1905 1903
f 1901 1904 1905
f 1906 1903 1905
f 1904 1908 1905
f 1906 1905 1908
f 1904 1907 1908
f 1910 1906 1908
f 1908 1907 1911
f 1910 1908 1909
f 1908 1911 1909
f 1911 1912 1909
f 1912 1910 1909
f 1912 1913 1910
f 1911 1914 1912
f 1920 1919 1915
f 1920 1915 1918
f 1921 1920 1918
f 1921 1923 1920
f 1917 1921 1918
f 1915 1917 1918
f 1915 1916 1917
f 1917 1922 1921
f 1924 1923 1921
f 1922 1924 1921
f 1924 1926 1923
f 1922 1925 1924
f 1925 1927 1924
f 1927 1926 1924
f 1927 1929 1926
f 1925 1928 1927
f 1928 1930 1927
f 1930 1929 1927
f 1930 1932 1929
f 1928 1931 1930
f 1931 1933 1930
f 1933 1932 1930
f 1933 1935 1932
f 1931 1934 1933
f 1934 1936 1933
f 1936 1935 1933
f 1936 1940 1935
f 1934 1937 1936
f 1941 1940 1936
f 1941 1936 1938
f 1939 1936 1937
f 1939 1938 1936
f 1944 1941 1938
f 1938 1939 1943
f 1944 1938 1942
f 1938 1943 1942
f 1945 1946 1947
f 1945 1948 1946
f 1945 1951 1948
f 1945 1953 1951
f 1951 1949 1948
f 1946 1948 1949
f 1946 1949 1950
f 1951 1952 1949
f 1955 1950 1949
f 1952 1954 1949
f 1955 1949 1954
f 1952 1956 1954
f 1954 1957 1955
f 1954 1958 1957
f 1956 1958 1954
f 1956 1959 1958
f 1959 1960 1958
f 1957 1958 1960
f 1957 1960 1961
f 1959 1962 1960
f 1961 1960 1963
f 1962 1963 1960
f 1961 1963 1965
f 1962 1964 1963
f 1963 1967 1965
f 1963 1968 1967
f 1964 1968 1963
f 1964 1966 1968
f 1966 1969 1968
f 1967 1968 1969
f 1967 1969 1971
f 1966 1970 1969
f 1969 1973 1971
f 1969 1974 1973
f 1970 1974 1969
f 1970 1972 1974
f 1972 1975 1974
f 1973 1974 1975
f 1973 1975 1977
f 1972 1976 1975
f 1976 1978 1975
f 1978 1977 1975
f 1978 1980 1977
f 1976 1979 1978
f 1981 1980 1978
f 1979 1981 1978
f 1981 1983 1980
f 1979 1982 1981
f 1985 1988 1989
f 1985 1989 1987
f 1986 1985 1987
f 1986 1984 1985
f 1990 1986 1987
f 1989 1990 1987
f 1989 1992 1990
f 1990 1991 1986
f 1993 1991 1990
f 1992 1993 1990
f 1992 1995 1993
f 1993 1994 1991
f 1996 1994 1993
f 1995 1996 1993
f 1995 1998 1996
f 1996 1997 1994
f 1999 1997 1996
f 1998 1999 1996
f 1998 2001 1999
f 1999 2000 1997
f 2002 2000 1999
f 2001 2002 1999
f 2001 2004 2002
f 2002 2003 2000
f 2005 2003 2002
f 2004 2005 2002
f 2004 2009 2005
f 2005 2006 2003
f 2005 2009 2010
f 2005 2010 2007
f 2008 2005 2007
f 2008 2006 2005
f 2007 2010 2013
f 2012 2008 2007
f 2007 2013 2011
f 2012 2007 2011
f 848 846 832
f 848 2022 846
f 846 2022 2021
f 846 2021 2020
f 2020 2021 2019
f 2020 2019 844
f 2019 842 844
f 2019 843 842
f 843 840 842
f 843 841 840
f 841 838 840
f 841 2018 838
f 836 838 2018
f 836 2018 837
f 2017 836 837
f 833 836 2017
f 833 2017 834
f 2015 833 834
f 2015 834 2016
f 2016 830 2015
f 2016 2014 830
f 828 830 2014
f 828 2014 829
f 827 828 829
f 827 829 826
f 2024 850 849
f 2024 849 2023
f 2023 851 2024
f 852 2024 851
f 858 2033 875
f 858 873 2033
f 2032 2033 873
f 2032 873 2031
f 2030 2032 2031
f 2030 2031 871
f 871 870 2030
f 871 869 870
f 869 868 870
f 869 867 868
f 867 2029 868
f 867 865 2029
f 865 864 2029
f 865 863 864
f 2028 864 863
f 861 2028 863
f 861 863 860
f 2027 861 860
f 2027 860 2026
f 857 2027 2026
f 857 2025 2027
f 856 2025 857
f 856 857 854
f 854 853 856
f 854 855 853
f 876 877 2035
f 876 2035 2034
f 2035 878 2034
f 878 2035 879
f 3558 3557 2063
f 2050 3559 3558
f 3557 3558 3559
f 2047 2050 2051
f 2050 2047 3559
f 2065 2060 2063
f 2066 2060 2065
f 2063 3556 2065
f 2063 3557 3556
f 3557 2045 3556
f 2045 3557 3559
f 2044 2045 3559
f 2048 2044 3559
f 2047 2048 3559
f 2066 2073 2064
f 2068 2066 2065
f 2066 2068 2
f 2073 2066 2
f 3556 3555 2065
f 2065 2067 2068
f 2067 2065 3555
f 3556 2185 3555
f 2045 2185 3556
f 2045 2046 2185
f 2042 2046 2045
f 2044 2042 2045
f 2041 2042 2044
f 2048 2041 2044
f 2067 2069 2068
f 2070 2 2068
f 2069 2070 2068
f 2072 2073 2
f 2070 2072 2
f 3554 2067 3555
f 2185 936 3555
f 3554 3555 936
f 2067 3554 3
f 2067 3 2069
f 2185 2049 936
f 2046 2049 2185
f 2071 2070 2069
f 3 2071 2069
f 2046 2149 2049
f 2046 2042 2037
f 2149 2046 2037
f 2037 2042 3900
f 2042 2041 3900
f 2075 2071 3
f 3554 2075 3
f 2070 2071 2201
f 2074 2070 2201
f 2072 2070 2074
f 3554 2190 2075
f 2188 3554 936
f 3554 2188 2190
f 2049 2184 936
f 2188 936 2184
f 2049 2150 2184
f 2149 2150 2049
f 2071 2075 2199
f 2200 2071 2199
f 2201 2071 2200
f 2150 2149 2144
f 2036 2037 3900
f 2186 2188 2184
f 2190 2188 2186
f 2190 2192 2075
f 2075 2192 2197
f 2075 2197 2199
f 2150 2183 2184
f 2186 2184 2183
f 2183 2150 2144
f 937 2192 2190
f 466 2190 2186
f 937 2190 466
f 2192 937 2197
f 2187 2186 2183
f 2186 2187 466
f 2199 2196 2200
f 2194 2196 2199
f 2194 2199 2197
f 937 2194 2197
f 2183 2140 2187
f 2140 2183 2144
f 2194 937 2193
f 2196 2194 2193
f 2191 937 466
f 937 2191 2193
f 2187 2189 466
f 2189 2191 466
f 2140 913 2187
f 2189 2187 913
f 2191 2189 6
f 6 2189 913
f 2191 2195 2193
f 2195 2198 2193
f 2198 2196 2193
f 2191 6 912
f 2191 912 2195
f 912 2198 2195
f 467 2196 2198
f 2196 467 2200
f 2131 912 6
f 2130 912 2131
f 912 2130 2198
f 2124 467 2198
f 2198 2130 2124
f 2201 2200 467
f 21 2201 467
f 21 467 2124
f 2122 21 2124
f 2130 2127 2124
f 2124 2127 2122
f 302 2130 2131
f 459 2130 302
f 2127 2130 459
f 302 2131 7
f 2074 2201 21
f 21 2122 2118
f 2118 2074 21
f 2122 2119 2118
f 2122 2125 2119
f 2127 2125 2122
f 2125 2127 2129
f 2127 459 2129
f 2132 459 302
f 2129 459 2132
f 461 302 7
f 2134 2132 302
f 461 2134 302
f 461 7 2136
f 2072 2074 2118
f 2118 2119 906
f 906 2072 2118
f 2119 2120 906
f 2119 2125 2120
f 2125 2129 2128
f 2120 2125 2128
f 906 2120 2121
f 2120 2128 2121
f 906 300 2072
f 300 906 2121
f 2134 461 544
f 3441 461 2136
f 461 3441 2703
f 461 2703 544
f 3441 2136 367
f 300 2073 2072
f 300 2121 2123
f 300 2117 2073
f 2117 300 2123
f 3441 2707 2703
f 3441 367 2708
f 2707 3441 2708
f 2703 2707 2701
f 2701 2707 545
f 2707 2708 545
f 2709 2708 367
f 545 2708 2709
f 2117 2064 2073
f 4 2117 2123
f 2064 2117 4
f 301 4 2123
f 3897 1422 2781
f 1422 3897 3898
f 3897 2036 3898
f 3898 2036 3900
f 3898 3871 1422
f 3899 3871 3898
f 3899 3898 3900
f 3871 1421 1422
f 3899 3900 2041
f 2038 3899 2041
f 2039 3899 2038
f 3871 3899 3870
f 3899 2039 3870
f 2039 2038 2043
f 2038 2041 2040
f 2038 2040 2043
f 3870 2039 2052
f 2039 2043 2052
f 2052 3868 3870
f 3871 3870 3868
f 3867 1421 3871
f 3871 3869 3867
f 3869 3871 3868
f 2041 2048 2040
f 2043 2040 2047
f 2048 2047 2040
f 2052 2043 2051
f 2043 2047 2051
f 1420 1421 3867
f 3840 1420 3867
f 1420 3840 3896
f 1417 1420 3896
f 3895 1417 3896
f 3894 1420 1417
f 1421 1420 3894
f 3893 3894 1417
f 1417 1416 3893
f 1417 3895 1419
f 1416 1417 1419
f 3455 1419 3895
f 1307 1416 1419
f 3455 1307 1419
f 1416 3892 3893
f 3892 1416 3891
f 3891 1416 1307
f 3888 3892 3891
f 3892 3888 3886
f 3888 1413 3886
f 3886 1413 3885
f 2076 884 2077
f 2078 2076 2077
f 887 2078 2077
f 2080 2078 887
f 2076 2078 2080
f 2079 2076 2080
f 888 2080 887
f 2080 2081 2079
f 889 2080 888
f 889 2081 2080
f 2081 890 2079
f 3046 3036 1208
f 251 2272 315
f 251 33 2272
f 2272 33 2268
f 2268 2269 2272
f 2268 2265 2269
f 2267 2265 2268
f 2268 33 2267
f 2267 33 603
f 2265 2266 2269
f 2267 2261 2265
f 3082 2261 2267
f 2267 603 3082
f 2266 2265 3709
f 3709 2265 2264
f 2264 2265 2261
f 687 2264 2261
f 2264 687 3709
f 3082 603 3080
f 3080 603 375
f 3082 3148 2261
f 3083 3148 3082
f 3082 3080 3083
f 2261 3148 32
f 2261 32 2259
f 2259 687 2261
f 3081 3080 375
f 3083 3080 3081
f 3148 3149 32
f 32 3149 2259
f 3124 3149 3148
f 3083 3124 3148
f 3083 3081 3084
f 1078 2636 2634
f 2636 1078 2637
f 1078 2634 360
f 2639 2640 2641
f 532 2640 2639
f 2637 532 2639
f 1078 2633 2637
f 532 2637 2633
f 530 1078 360
f 1078 530 2631
f 2633 1078 2631
f 2630 530 360
f 2630 360 2632
f 267 530 2630
f 530 267 2631
f 2640 533 2641
f 2640 2642 533
f 2640 532 363
f 2642 2640 363
f 532 2638 363
f 2638 532 2633
f 2638 2633 2635
f 2633 2631 2635
f 2631 528 2635
f 267 528 2631
f 2638 269 363
f 2638 2635 269
f 2635 531 269
f 528 531 2635
f 2642 268 533
f 2642 2684 268
f 2642 363 2685
f 2684 2642 2685
f 2685 363 3513
f 363 269 3513
f 531 528 359
f 3513 269 3511
f 269 531 3510
f 269 3510 3511
f 531 3509 3510
f 3509 531 359
f 2684 91 268
f 91 2684 1103
f 2684 2685 2686
f 1103 2684 2686
f 2686 2685 1325
f 2685 3513 1325
f 3511 3512 3513
f 3512 1325 3513
f 3510 3509 3508
f 3512 3511 3548
f 3503 3511 3510
f 3511 3503 3548
f 3505 3510 3508
f 3505 3503 3510
f 1105 91 1103
f 1105 1103 2687
f 1103 2686 2688
f 2687 1103 2688
f 2688 2686 3514
f 2686 1325 3514
f 3514 1325 3498
f 1325 3512 3498
f 3498 3512 3496
f 3512 3548 3496
f 3505 3508 3507
f 2551 3496 3548
f 1318 2551 3548
f 1318 3548 3503
f 3501 1318 3503
f 3501 3503 3505
f 1321 3501 3505
f 1321 3505 3507
f 2689 1105 2687
f 1321 3507 3506
f 2688 3514 192
f 3514 3498 3456
f 192 3514 3456
f 3456 3498 3453
f 3498 3496 3453
f 2551 3454 3496
f 3454 3453 3496
f 2551 1318 2548
f 288 3454 2551
f 2548 288 2551
f 1318 3499 2548
f 3499 1318 3501
f 3500 3499 3501
f 3500 3501 1321
f 3504 1321 3506
f 3504 3500 1321
f 3456 3453 3450
f 3451 3450 3453
f 3454 3451 3453
f 1316 3454 288
f 3454 1316 1307
f 3451 3454 1307
f 2545 288 2548
f 2543 2545 2548
f 2548 3499 2543
f 3497 1316 288
f 288 2545 3497
f 3499 1319 2543
f 1319 3499 3500
f 3502 1319 3500
f 3502 3500 3504
f 1320 3502 3504
f 1316 3891 1307
f 3891 1316 3497
f 3450 3451 3449
f 3451 1307 3455
f 3449 3451 3455
f 1319 3502 2544
f 2543 1319 2544
f 2543 2540 2545
f 2540 2543 2544
f 3502 345 2544
f 3502 1320 345
f 2545 1317 3497
f 3497 1317 3888
f 3888 3891 3497
f 2544 345 1053
f 2544 1053 2540
f 345 2549 1053
f 1053 2539 2540
f 2539 1053 2546
f 1053 2549 2546
f 2549 2550 2546
f 2540 2539 2538
f 2540 2538 2545
f 1317 2545 2538
f 3887 1317 2538
f 1317 3887 1413
f 1317 1413 3888
f 2539 1052 2538
f 2541 2539 2546
f 2539 2541 1052
f 2547 2546 2550
f 2541 2546 2547
f 2552 2547 2550
f 1052 516 2538
f 516 3887 2538
f 3887 3885 1413
f 3887 516 1050
f 3885 3887 1050
f 516 2534 1050
f 516 1052 2534
f 2541 2537 1052
f 1052 2535 2534
f 2535 1052 2537
f 2541 2542 2537
f 2542 2541 2547
f 2547 2552 2553
f 2542 2547 2553
f 242 3885 1050
f 2534 2532 1050
f 242 1050 2532
f 2536 2535 2537
f 2535 2536 2534
f 2534 2533 2532
f 2536 2533 2534
f 2542 344 2537
f 2536 2537 344
f 2542 3719 344
f 3719 2542 2553
f 1379 2536 344
f 2533 2536 1379
f 3719 2553 2592
f 3719 3720 344
f 1379 344 3720
f 3719 3718 3720
f 3718 3719 2592
f 3880 242 2532
f 2532 515 3880
f 2533 515 2532
f 515 2533 2531
f 2531 2533 1379
f 3084 3124 3083
f 281 3081 375
f 3084 3081 3147
f 3081 281 3147
f 3084 3147 3120
f 3147 281 1236
f 3121 3147 1236
f 3120 3147 3121
f 281 375 3152
f 3151 281 3152
f 1236 281 3151
f 3150 1236 3151
f 3121 1236 3123
f 3150 3123 1236
f 3118 3121 3123
f 3120 3121 3118
f 3120 3118 3116
f 3151 3153 3150
f 3154 3153 3151
f 3154 3151 3152
f 3550 3123 3150
f 3153 3550 3150
f 3550 3552 3123
f 3118 3123 3552
f 3118 3115 3116
f 3117 3115 3118
f 3552 3117 3118
f 3552 3550 3551
f 194 3552 3551
f 194 3117 3552
f 3153 3549 3550
f 3550 3745 3551
f 3549 3745 3550
f 3153 3765 3549
f 3160 3765 3153
f 3154 3160 3153
f 3765 3747 3549
f 3549 3747 3745
f 3117 3113 3115
f 3553 3113 3117
f 194 3553 3117
f 3745 3743 3551
f 194 3551 3741
f 3551 3743 3741
f 3737 194 3741
f 3737 3553 194
f 3747 3746 3745
f 3745 3746 3743
f 3765 3764 3747
f 3768 3764 3765
f 3160 3768 3765
f 3764 3749 3747
f 3747 3749 3746
f 3553 3734 3113
f 3737 3735 3553
f 3735 3734 3553
f 3743 3742 3741
f 3743 3744 3742
f 3746 3744 3743
f 3737 3741 3738
f 3741 3742 3738
f 222 3737 3738
f 222 3735 3737
f 3749 3748 3746
f 3746 3748 3744
f 3764 3203 3749
f 3767 3203 3764
f 3768 3767 3764
f 3203 3766 3749
f 3749 3766 3748
f 3734 3735 3732
f 3735 222 3733
f 3732 3735 3733
f 3740 3738 3742
f 3805 3742 3744
f 3740 3742 3805
f 3805 3744 3808
f 3808 3744 3748
f 3738 3739 222
f 3739 3738 3740
f 3739 3736 222
f 3733 222 3736
f 3808 3748 3811
f 3811 3748 3766
f 3203 3767 3198
f 3203 3198 3202
f 3766 3203 3202
f 3202 3814 3766
f 3814 3811 3766
f 3733 689 3732
f 3665 689 3733
f 3736 3665 3733
f 3805 3804 3740
f 3740 682 3739
f 3740 3804 682
f 3808 3806 3805
f 3805 3806 3804
f 3811 3809 3808
f 3808 3809 3806
f 3739 682 3662
f 3736 3739 3662
f 3664 3736 3662
f 3664 3665 3736
f 3809 3811 3813
f 3811 3814 3813
f 3204 3814 3202
f 3199 3204 3202
f 3202 3198 3199
f 3813 3814 3205
f 3814 3204 3205
f 689 3665 3666
f 3665 3664 3591
f 3666 3665 3591
f 3658 682 3804
f 3807 3804 3806
f 3658 3804 3807
f 3660 3662 682
f 3660 682 3658
f 3807 3806 3810
f 3810 3806 3809
f 3813 3815 3809
f 3815 3810 3809
f 3662 3661 3664
f 3661 3662 3660
f 3661 3663 3664
f 3591 3664 3663
f 3205 3208 3813
f 3208 3815 3813
f 3591 2410 3666
f 3588 2410 3591
f 3663 3588 3591
f 2411 3666 2410
f 3656 3660 3658
f 3655 3658 3807
f 3656 3658 3655
f 3655 3807 3812
f 3812 3807 3810
f 3657 3660 3656
f 3660 3657 3661
f 3815 3216 3810
f 3216 3812 3810
f 3208 3212 3815
f 3212 3216 3815
f 3661 3657 3659
f 3663 3661 3659
f 3667 3663 3659
f 3667 3588 3663
f 3653 3656 3655
f 3653 3655 3812
f 3654 3657 3656
f 3654 3656 3653
f 3588 483 2410
f 3586 483 3588
f 3667 3586 3588
f 3657 681 3659
f 681 3657 3654
f 3659 681 3668
f 3667 3659 3668
f 3256 3653 3812
f 3253 3256 3812
f 3216 3253 3812
f 3212 3215 3216
f 3215 3253 3216
f 674 3667 3668
f 674 3586 3667
f 3653 3256 3649
f 3653 3649 3654
f 3654 3650 681
f 3654 3649 3650
f 681 3669 3668
f 681 3650 3669
f 3668 3669 3594
f 674 3668 3594
f 3586 2380 483
f 3587 2380 3586
f 674 3587 3586
f 3590 674 3594
f 3590 3587 674
f 3256 3259 3649
f 3255 3259 3256
f 3253 3255 3256
f 3215 159 3253
f 159 3255 3253
f 3259 3618 3649
f 3614 3649 3618
f 3614 3650 3649
f 3615 3669 3650
f 3615 3650 3614
f 3598 3594 3669
f 3598 3669 3615
f 3594 3595 3590
f 3595 3594 3598
f 3587 3590 3589
f 2376 3587 3589
f 2380 3587 2376
f 3595 3592 3590
f 3589 3590 3592
f 3259 3263 3618
f 3260 3259 3255
f 3263 3259 3260
f 3260 3255 3257
f 3257 3255 159
f 3618 3263 3652
f 3616 3618 3652
f 3614 3618 3616
f 3616 3610 3614
f 3610 3615 3614
f 675 3598 3615
f 675 3615 3610
f 1347 3595 3598
f 1347 3598 675
f 3595 3597 3592
f 3597 3595 1347
f 3589 3592 3593
f 997 3589 3593
f 2376 3589 997
f 3597 291 3592
f 3593 3592 291
f 3263 3651 3652
f 3652 3651 3616
f 407 3260 3257
f 3612 3610 3616
f 3617 3612 3616
f 3616 3651 3617
f 3612 3609 3610
f 3609 675 3610
f 3604 1347 675
f 3604 675 3609
f 3601 1347 3604
f 3601 3597 1347
f 3597 3599 291
f 3599 3597 3601
f 3593 291 3596
f 2372 3593 3596
f 997 3593 2372
f 3599 425 291
f 3596 291 425
f 3606 3601 3604
f 3609 3606 3604
f 3601 203 3599
f 203 3601 3606
f 3611 3609 3612
f 3613 3611 3612
f 3613 3612 3617
f 3611 3608 3609
f 3608 3606 3609
f 3599 203 3605
f 425 3599 3605
f 3606 3607 203
f 3606 3608 3607
f 203 3607 1348
f 203 1348 3605
f 3596 59 2372
f 3600 59 3596
f 425 3600 3596
f 3602 425 3605
f 3721 1379 3720
f 1379 3721 2531
f 3718 219 3720
f 3721 3720 219
f 3139 2592 3141
f 3718 2592 3139
f 3139 3135 3718
f 3718 3135 219
f 515 2530 3880
f 2530 515 2529
f 2529 515 2531
f 2531 3722 2529
f 3721 3722 2531
f 1377 3721 219
f 3721 1377 3722
f 1377 219 3131
f 3131 219 3135
f 3139 398 3135
f 3137 398 3139
f 3139 3141 3137
f 3131 3135 1231
f 1231 3135 398
f 2527 2530 2529
f 3722 2528 2529
f 2527 2529 2528
f 3722 223 2528
f 1377 223 3722
f 3131 3129 1377
f 1377 3129 223
f 1231 3130 3131
f 3131 3130 3129
f 3137 3136 398
f 3133 398 3136
f 1231 398 3133
f 3130 1231 3132
f 3132 1231 3133
f 2526 2527 2528
f 223 605 2528
f 2528 605 2526
f 3129 3127 223
f 223 3127 605
f 3130 3128 3129
f 3129 3128 3127
f 3128 3130 509
f 509 3130 3132
f 3133 3136 3134
f 3133 2459 3132
f 3134 2459 3133
f 2459 2460 3132
f 3132 2460 509
f 3134 3136 1029
f 1029 2459 3134
f 605 2524 2526
f 605 3126 2524
f 3127 3126 605
f 3126 3127 2471
f 2471 3127 3128
f 2471 3128 2464
f 2464 3128 509
f 2460 2463 509
f 509 2463 2464
f 2459 1031 2460
f 508 1031 2459
f 508 2459 1029
f 2463 2460 69
f 69 2460 1031
f 3126 2521 2524
f 2472 3126 2471
f 2521 3126 2472
f 2464 2469 2471
f 2471 2469 2472
f 2469 2464 2467
f 2467 2464 2463
f 69 2466 2463
f 2463 2466 2467
f 69 1031 2462
f 2457 1031 508
f 2462 1031 2457
f 2466 69 2465
f 2465 69 2462
f 2469 2470 2472
f 3125 2521 2472
f 2472 2470 3125
f 2470 2469 261
f 261 2469 2467
f 261 2467 339
f 339 2467 2466
f 339 2466 3790
f 2468 2466 2465
f 3790 2466 2468
f 2457 1376 2462
f 3717 2462 1376
f 2465 2462 3717
f 2468 2465 3715
f 3715 2465 3717
f 261 2473 2470
f 2470 2474 3125
f 2470 2473 2474
f 339 3794 261
f 261 3794 2473
f 3794 339 3793
f 3793 339 3790
f 2468 3787 3790
f 3790 3789 3793
f 3790 3787 3789
f 2468 3715 3785
f 3787 2468 3785
f 3788 3715 3717
f 2461 3717 1376
f 3788 3717 2461
f 3785 3715 3716
f 3715 3788 3716
f 3785 3782 3787
f 3787 3782 3789
f 3794 3818 2473
f 2473 2475 2474
f 2473 3818 2475
f 3818 3794 3797
f 3797 3794 3793
f 3793 3789 3792
f 3793 3792 3797
f 3789 3784 3792
f 3789 3782 3784
f 3785 3716 1393
f 1393 3782 3785
f 1393 3716 3781
f 3716 3786 3781
f 3716 3788 3786
f 2461 3071 3788
f 1218 3786 3788
f 3788 3071 1218
f 1393 3778 3782
f 3782 3779 3784
f 3782 3778 3779
f 1393 3781 3778
f 3797 3087 3818
f 3818 1399 2475
f 3818 3087 1399
f 3797 3796 3087
f 3797 3792 3796
f 3792 3784 3791
f 3792 3791 3796
f 3784 3780 3791
f 3784 3779 3780
f 3781 3786 3783
f 3778 3781 227
f 3781 3783 227
f 3786 1216 3783
f 1216 3786 1218
f 3071 1215 1218
f 1215 1214 1218
f 1218 1214 1216
f 227 3777 3778
f 3776 3779 3778
f 3778 3777 3776
f 1042 3779 3776
f 1042 3780 3779
f 3564 3777 227
f 227 3783 3564
f 3087 3796 3089
f 3796 3795 3089
f 3796 3791 3795
f 3564 3783 1342
f 3783 1216 1343
f 1342 3783 1343
f 1216 3065 1343
f 1216 1214 3067
f 3067 3065 1216
f 3066 3067 1214
f 3066 1214 1215
f 2504 3776 3777
f 2503 3776 2504
f 3776 2503 1042
f 3562 3777 3564
f 3564 1341 3562
f 1342 1341 3564
f 3065 3067 1213
f 1213 3067 3066
f 3568 1341 1342
f 1343 3006 1342
f 3006 3568 1342
f 3020 3006 1343
f 1343 3065 3020
f 3020 3065 3061
f 3065 1213 3061
f 1198 3020 3061
f 1198 3006 3020
f 3566 1341 3568
f 1341 3561 3562
f 3563 3561 1341
f 1341 3566 3563
f 3568 3006 3570
f 3570 3006 3578
f 3003 3006 1198
f 3578 3006 3003
f 3569 3566 3568
f 3568 3574 3569
f 3570 3576 3568
f 3568 3576 3574
f 3576 3570 3005
f 3005 3570 3578
f 3563 3566 3565
f 3569 3567 3566
f 3566 3567 3565
f 3565 1340 3563
f 3560 3563 1340
f 3561 3563 3560
f 3576 3005 3579
f 3579 3574 3576
f 3574 3579 3573
f 3569 3574 3573
f 3578 3000 3005
f 3578 3002 3000
f 3578 3003 3002
f 3573 3572 3569
f 3569 3571 3567
f 3572 3571 3569
f 3565 3567 3690
f 309 1340 3565
f 3565 3690 309
f 3690 3567 3620
f 3620 3567 3571
f 3573 3579 3577
f 3573 3577 3572
f 3572 3577 3575
f 3572 3575 3571
f 3571 3575 3584
f 3584 3619 3571
f 3571 3619 3620
f 3577 3582 3575
f 3584 3575 3582
f 3579 3580 3577
f 3577 3580 3582
f 309 3690 3686
f 3688 3690 3620
f 3686 3690 3688
f 3619 3622 3620
f 3620 3622 3688
f 3584 3585 3619
f 3582 3585 3584
f 3619 3585 3622
f 3582 3580 3581
f 3581 3585 3582
f 3688 3687 3686
f 3688 3689 3687
f 3622 3689 3688
f 3622 3624 3689
f 3623 3624 3622
f 3622 3585 3623
f 3623 3585 3621
f 3581 3621 3585
f 3621 3626 3623
f 3626 3624 3623
f 3009 3581 3580
f 3583 3581 3009
f 3602 3600 425
f 3605 1348 3381
f 3602 3605 3381
f 3375 3608 3611
f 1349 3375 3611
f 1349 3611 3613
f 3608 3375 636
f 3607 3608 636
f 3607 3376 1348
f 636 3376 3607
f 1348 3376 3379
f 1348 3379 3381
f 3600 996 59
f 3603 996 3600
f 3602 3603 3600
f 1288 3602 3381
f 1288 3603 3602
f 3381 3379 3380
f 1288 3381 3380
f 636 3375 1285
f 3375 3345 1285
f 3345 3375 1349
f 1285 3373 636
f 3374 3376 636
f 636 3373 3374
f 3378 3379 3376
f 3377 3376 3374
f 3378 3376 3377
f 328 3379 3378
f 328 3380 3379
f 3603 2367 996
f 2364 2367 3603
f 1288 2364 3603
f 57 1288 3380
f 57 2364 1288
f 2360 3380 328
f 3380 2360 57
f 1285 3345 410
f 3354 3373 1285
f 1285 410 3354
f 3354 3372 3373
f 3373 3372 3374
f 3372 3371 3374
f 3374 3371 3377
f 3378 2323 328
f 3378 3382 2323
f 3377 3382 3378
f 328 2323 2324
f 2324 2360 328
f 2367 2364 330
f 2364 57 2362
f 330 2364 2362
f 2360 329 57
f 2362 57 329
f 2325 2360 2324
f 2360 2325 329
f 3354 410 3348
f 3372 3356 3371
f 2323 41 2324
f 2323 3383 41
f 3382 3383 2323
f 973 2325 2324
f 2324 41 973
f 2362 2363 330
f 2361 2363 2362
f 2362 329 2361
f 2359 329 2325
f 2359 2361 329
f 2322 2359 2325
f 2322 2325 973
f 2320 973 41
f 2321 41 3383
f 2320 41 2321
f 972 2322 973
f 972 973 2320
f 2361 2359 3753
f 1384 2361 3753
f 2363 2361 1384
f 1386 2359 2322
f 3753 2359 1386
f 3756 2322 972
f 2322 3756 1386
f 2319 972 2320
f 2317 2320 2321
f 2319 2320 2317
f 436 3756 972
f 436 972 2319
f 1384 3753 1385
f 3753 1386 3754
f 1385 3753 3754
f 3756 1387 1386
f 3754 1386 1387
f 1387 3756 3757
f 3757 3756 436
f 3759 3757 436
f 2319 3759 436
f 2318 3759 2319
f 2315 2319 2317
f 2318 2319 2315
f 1387 3755 3754
f 434 3754 3755
f 1385 3754 434
f 435 1387 3757
f 435 3755 1387
f 3757 3758 435
f 3758 3757 3759
f 3758 3759 2242
f 3759 2318 1388
f 2242 3759 1388
f 1388 2318 3760
f 2318 2314 3760
f 2315 2314 2318
f 3755 435 2238
f 2235 3755 2238
f 434 3755 2235
f 3758 250 435
f 2238 435 250
f 2242 949 3758
f 949 250 3758
f 949 2238 250
f 2239 2235 2238
f 2239 2238 949
f 29 949 2242
f 2244 29 2242
f 2242 1388 2244
f 29 2239 949
f 3760 2247 1388
f 1388 2247 2245
f 2244 1388 2245
f 3761 2247 3760
f 3762 3760 2314
f 3761 3760 3762
f 948 2235 2239
f 2241 948 2239
f 2241 2239 29
f 951 29 2244
f 951 2241 29
f 2246 951 2244
f 2245 2246 2244
f 952 2245 2247
f 952 2246 2245
f 2247 3801 952
f 2247 3761 3801
f 3801 3761 3762
f 2243 2241 951
f 2243 2240 2241
f 2240 948 2241
f 951 2246 30
f 951 30 2243
f 2246 952 2291
f 2246 2291 30
f 3801 2290 952
f 2290 3801 3800
f 3800 3801 3762
f 952 2290 2295
f 2292 952 2295
f 952 2292 2291
f 2295 2290 3800
f 2243 30 3228
f 2243 3228 950
f 950 2240 2243
f 30 2291 3305
f 2294 3305 2291
f 2292 2294 2291
f 1265 30 3305
f 30 3229 3228
f 1265 3229 30
f 2293 2292 2295
f 2292 2293 2297
f 2294 2292 2297
f 2296 2293 2295
f 2295 3800 3802
f 2296 2295 3802
f 3802 3800 3762
f 3244 2294 2297
f 3305 2294 3244
f 3236 1265 3305
f 3236 3229 1265
f 3239 3305 3244
f 3239 3236 3305
f 3802 3803 2296
f 2293 2296 2301
f 3803 2301 2296
f 3803 3802 3763
f 3763 3802 3762
f 2299 2293 2301
f 2297 2293 2298
f 2293 2299 2298
f 3249 3244 2297
f 3249 2297 963
f 963 2297 2298
f 2304 3803 3763
f 2301 3803 2304
f 2299 2301 2304
f 3239 3244 3240
f 3245 3244 3249
f 3244 3245 3240
f 3240 3237 3239
f 3237 3236 3239
f 2299 2300 2298
f 2300 3304 2298
f 3304 963 2298
f 963 3304 3302
f 3302 3249 963
f 3248 3245 3249
f 3248 3249 3302
f 2304 2306 2299
f 2299 2302 2300
f 2306 2302 2299
f 406 3245 3248
f 3240 3245 406
f 3241 3240 406
f 3237 3240 3241
f 2302 2305 2300
f 2300 2303 3304
f 2305 2303 2300
f 2302 2306 2305
f 3304 3303 3302
f 3302 3303 3298
f 3298 3248 3302
f 408 406 3248
f 408 3248 3298
f 163 3304 2303
f 3304 163 2874
f 3303 3304 2874
f 406 408 3247
f 3241 406 3247
f 2303 2305 2310
f 2310 163 2303
f 3303 3300 3298
f 3300 3303 2874
f 3298 3300 3295
f 3295 408 3298
f 408 627 3247
f 627 408 3295
f 3306 163 2310
f 163 3306 2866
f 2874 163 2866
f 2875 3300 2874
f 2875 2874 2868
f 2868 2874 2866
f 3300 3297 3295
f 3300 2875 3297
f 3295 3297 3294
f 3294 627 3295
f 3247 627 3251
f 3292 627 3294
f 627 3292 3251
f 3306 2863 2866
f 2865 2866 2863
f 2866 2865 2868
f 2873 2875 2868
f 2875 3301 3297
f 3301 2875 2873
f 2868 2870 2873
f 2865 2870 2868
f 3583 3621 3581
f 3689 1371 3687
f 3689 3625 1371
f 3624 3625 3689
f 3626 3627 3624
f 3624 3627 3625
f 3016 3626 3621
f 3621 3012 3016
f 3583 3012 3621
f 3627 3626 3628
f 3016 3628 3626
f 3629 3625 3627
f 3692 3625 3629
f 3692 1371 3625
f 3627 3632 3629
f 3630 3627 3628
f 3632 3627 3630
f 3017 3628 3016
f 3011 3016 3012
f 3017 3016 3011
f 3017 3631 3628
f 3628 3631 3630
f 3011 3014 3017
f 3014 3631 3017
f 3629 3632 3633
f 3629 3633 216
f 3629 216 3692
f 3631 3634 3630
f 3631 3014 3634
f 3633 3632 3635
f 3630 208 3632
f 3635 3632 208
f 3630 3634 3636
f 3636 208 3630
f 3698 3633 3635
f 216 3633 3698
f 3638 208 3636
f 3635 208 3638
f 3637 3636 3634
f 3634 3014 140
f 3634 140 3637
f 3011 3013 3014
f 3014 3013 3015
f 3014 3015 140
f 427 3636 3637
f 427 3638 3636
f 3635 3723 3698
f 3639 3723 3635
f 3638 3639 3635
f 3637 3018 427
f 140 3018 3637
f 1355 3638 427
f 3638 3640 3639
f 1355 3640 3638
f 427 3018 3019
f 427 3019 1355
f 392 3018 140
f 140 587 392
f 140 3015 587
f 2999 587 3015
f 2999 3015 3013
f 3640 209 3639
f 3639 209 3723
f 3019 3018 2980
f 3018 2982 2980
f 392 2982 3018
f 3640 1355 3641
f 1355 3019 3642
f 3641 1355 3642
f 209 3640 3643
f 3643 3640 3641
f 3642 3019 2942
f 2942 3019 2980
f 392 587 2986
f 392 2983 2982
f 2986 2983 392
f 2982 2979 2980
f 2982 2983 2979
f 2986 587 2987
f 1197 587 2999
f 2987 587 1197
f 3643 3641 2938
f 3641 3642 2938
f 3642 2942 2938
f 2980 2979 574
f 2980 574 1187
f 1187 2942 2980
f 2938 2942 2936
f 2936 2942 1187
f 2983 2986 2985
f 2985 2986 2987
f 2979 2983 580
f 580 2983 2985
f 2943 574 2979
f 2979 580 2943
f 3648 3643 2938
f 2938 2936 3648
f 2941 574 2943
f 574 2941 1187
f 2939 2936 1187
f 1187 2941 2939
f 2984 580 2985
f 2987 2984 2985
f 2937 2936 2939
f 2936 2937 2935
f 2936 2935 573
f 3648 2936 573
f 135 2941 2943
f 2940 2941 135
f 2941 2940 2939
f 1186 2937 2939
f 2939 2940 1186
f 137 2943 580
f 2981 2943 137
f 135 2943 2981
f 572 2937 1186
f 2937 572 2935
f 2935 387 573
f 2934 387 2935
f 2935 572 2934
f 2940 212 1186
f 3675 2940 135
f 212 2940 3675
f 3674 572 1186
f 1186 212 3674
f 135 2981 3069
f 3072 135 3069
f 3675 135 3072
f 47 572 3674
f 572 47 2934
f 3069 2981 3068
f 2981 137 3066
f 2981 3066 3068
f 571 387 2934
f 2934 47 478
f 2934 478 571
f 212 2348 3674
f 984 212 3675
f 2348 212 984
f 984 3675 1222
f 1222 3675 3072
f 3674 2348 982
f 982 47 3674
f 2344 47 982
f 47 2344 478
f 3072 3069 3073
f 3068 3070 3069
f 3073 3069 3070
f 3073 146 3072
f 3072 146 1222
f 3068 3066 1215
f 3068 1215 2456
f 2456 3070 3068
f 571 478 2337
f 478 2341 2337
f 478 2344 2341
f 2348 49 982
f 51 2348 984
f 49 2348 51
f 51 984 2349
f 2349 984 1222
f 146 479 1222
f 1222 479 2349
f 982 49 2345
f 2345 2344 982
f 2342 2344 2345
f 2344 2342 2341
f 479 146 2353
f 146 3073 3077
f 2353 146 3077
f 2337 2341 254
f 2341 2342 325
f 325 254 2341
f 49 2347 2345
f 983 49 51
f 2347 49 983
f 983 51 986
f 986 51 2349
f 986 2349 2350
f 2350 2349 479
f 2350 479 2352
f 2352 479 2353
f 981 2342 2345
f 2345 2347 981
f 44 2342 981
f 2342 2336 325
f 44 2336 2342
f 2336 42 325
f 42 254 325
f 2347 2346 981
f 983 2346 2347
f 981 2346 2343
f 2343 44 981
f 985 983 986
f 50 983 985
f 983 50 2346
f 2350 52 986
f 986 52 985
f 52 2350 2351
f 2351 2350 2352
f 48 2343 2346
f 48 2346 50
f 2340 44 2343
f 978 2336 44
f 44 2340 978
f 2331 42 2336
f 978 2331 2336
f 45 2343 48
f 45 2340 2343
f 2335 2331 978
f 978 2340 2335
f 2339 2340 45
f 2340 2339 2335
f 2330 2331 2335
f 2335 43 2330
f 2335 2339 43
f 2330 43 253
f 253 2327 2330
f 2330 976 2331
f 2327 976 2330
f 976 2329 2331
f 2331 2329 42
f 975 2327 253
f 2327 975 38
f 2327 475 976
f 38 475 2327
f 475 323 976
f 976 323 2329
f 323 477 2329
f 2329 2333 42
f 2329 477 2333
f 475 2288 323
f 323 2288 477
f 962 2288 475
f 38 962 475
f 42 2333 254
f 38 975 319
f 2284 962 38
f 38 319 2284
f 254 2333 2337
f 2333 477 2334
f 2337 2333 2334
f 2334 477 2332
f 477 2328 2332
f 2288 2328 477
f 2285 2328 2288
f 2288 962 2285
f 962 2284 2282
f 2285 962 2282
f 2338 2337 2334
f 2334 2332 2338
f 2338 2332 324
f 2328 324 2332
f 2326 2328 2285
f 2326 324 2328
f 2284 319 961
f 3297 1262 3294
f 1262 3297 3301
f 3294 1262 3293
f 3293 3292 3294
f 2682 3251 3292
f 2678 2682 3292
f 2678 3292 3293
f 378 2865 2863
f 2864 2865 378
f 2870 2865 2864
f 380 3301 2873
f 380 2873 2872
f 2870 2872 2873
f 3299 1262 3301
f 3301 380 3299
f 2872 2870 2869
f 2869 2870 2864
f 1262 3296 3293
f 3296 1262 3299
f 3293 3296 2677
f 2677 2678 3293
f 2679 2682 2678
f 2676 2679 2678
f 2676 2678 2677
f 2877 380 2872
f 380 2877 2878
f 380 2878 3299
f 2885 3296 3299
f 3299 2878 2885
f 3296 2673 2677
f 2673 3296 2885
f 2677 2673 2674
f 2674 2676 2677
f 379 2872 2869
f 2872 379 1169
f 2877 2872 1169
f 2877 2879 2878
f 2879 2877 1169
f 2878 2882 2885
f 2878 2879 2882
f 2671 2673 2885
f 2671 2885 2882
f 2673 2671 2672
f 2673 2672 2674
f 2680 2679 2676
f 1099 2680 2676
f 1099 2676 2674
f 2672 1095 2674
f 2675 1099 2674
f 1095 2675 2674
f 2671 2668 2672
f 1095 2672 2668
f 2667 2671 2882
f 2671 2667 2668
f 1169 379 2881
f 1169 2881 2880
f 2880 2879 1169
f 2879 2883 2882
f 2879 2880 2883
f 2883 2662 2882
f 2662 2667 2882
f 1095 539 2675
f 539 1099 2675
f 539 2681 1099
f 2681 2680 1099
f 2667 2662 2666
f 2667 2666 2668
f 2668 2666 2669
f 2669 1095 2668
f 1096 1095 2669
f 1095 1096 539
f 2881 2884 2880
f 2880 2884 2917
f 2880 2917 2883
f 2662 2883 2661
f 2883 2917 2661
f 2662 2663 2666
f 2661 2663 2662
f 1091 2666 2663
f 2666 1091 2669
f 2669 1091 2670
f 2670 1096 2669
f 2658 2661 2917
f 2918 2658 2917
f 2884 2918 2917
f 2661 2658 2659
f 2661 2659 2663
f 2664 2663 2659
f 2664 1091 2663
f 1091 642 2670
f 2664 642 1091
f 2660 2664 2659
f 642 2664 2660
f 2918 2654 2658
f 2649 2654 2918
f 2884 2649 2918
f 2654 2653 2658
f 2655 2659 2658
f 2653 2655 2658
f 2655 2657 2659
f 2657 2660 2659
f 2665 642 2660
f 2657 1087 2660
f 1087 2665 2660
f 2656 2657 2655
f 2656 1087 2657
f 2655 2653 2652
f 2652 2656 2655
f 2653 2654 2651
f 2653 2651 2652
f 2654 2650 2651
f 2650 2654 2649
f 2888 1087 2656
f 2887 2656 2652
f 2887 2888 2656
f 2886 2652 2651
f 2886 2887 2652
f 2651 2650 2646
f 2646 2886 2651
f 564 2888 2887
f 2833 2887 2886
f 2833 564 2887
f 2886 2646 2832
f 2832 2833 2886
f 2650 2645 2646
f 2646 2645 2835
f 2646 2835 2832
f 2645 2650 2647
f 2647 2650 2649
f 2830 564 2833
f 2829 2833 2832
f 2829 2830 2833
f 2828 2832 2835
f 2828 2829 2832
f 2645 2643 2835
f 2645 2626 2643
f 2626 2645 2647
f 2835 2643 2831
f 2831 2828 2835
f 2648 2647 2649
f 2626 2647 2648
f 2826 2830 2829
f 2825 2829 2828
f 2825 2826 2829
f 2824 2828 2831
f 2824 2825 2828
f 2643 2834 2831
f 2834 2643 2624
f 2626 2624 2643
f 2627 2626 2648
f 2626 2627 2624
f 2831 2834 2827
f 2827 2824 2831
f 562 2826 2825
f 1156 2825 2824
f 1156 562 2825
f 2824 2827 1155
f 1155 1156 2824
f 2834 2890 2827
f 2890 2834 381
f 381 2834 2624
f 2627 2623 2624
f 381 2624 2623
f 2827 2890 2823
f 2827 2823 1155
f 1155 2821 1156
f 1156 2820 562
f 1156 2821 2820
f 2821 1155 2822
f 2822 1155 2823
f 562 2820 2819
f 2890 1171 2823
f 1171 2890 2889
f 2889 2890 381
f 2889 381 2619
f 2619 381 2623
f 2822 2823 2891
f 2891 2823 1171
f 2822 2815 2821
f 2821 2816 2820
f 2821 2815 2816
f 2820 2816 2813
f 2820 2813 2819
f 2815 2822 2817
f 2817 2822 2891
f 2819 2813 2818
f 382 1171 2889
f 1171 2611 2891
f 382 2611 1171
f 2616 2889 2619
f 382 2889 2616
f 2611 355 2891
f 2891 355 2817
f 2814 2815 2817
f 2812 2815 2814
f 2815 2812 2816
f 2816 2812 2809
f 2816 2809 2813
f 2813 2809 2808
f 2813 2808 2818
f 355 2605 2817
f 2817 2605 2814
f 2818 2808 561
f 2612 382 2616
f 382 2609 2611
f 2612 2609 382
f 2609 2606 2611
f 2611 2606 355
f 2606 2600 355
f 355 2600 2605
f 2892 2812 2814
f 2599 2814 2605
f 2892 2814 2599
f 2807 2809 2812
f 2807 2812 2892
f 2806 2809 2807
f 2809 2806 2808
f 2808 2806 2803
f 2808 2803 561
f 2599 2605 2595
f 2595 2605 2600
f 2609 2612 2608
f 2609 2608 2606
f 2606 2603 2600
f 2606 2608 2603
f 2601 2595 2600
f 2600 2603 2601
f 2810 2807 2892
f 2892 2597 2810
f 2599 2597 2892
f 2595 2591 2599
f 2599 2591 2597
f 2804 2807 2810
f 2807 2804 2806
f 2806 2804 2801
f 2806 2801 2803
f 2591 352 2597
f 2597 352 2810
f 2811 2804 2810
f 2810 352 2811
f 2602 2601 2603
f 2607 2603 2608
f 2602 2603 2607
f 2805 2804 2811
f 2805 2801 2804
f 353 2601 2602
f 2610 2602 2607
f 2604 2602 2610
f 2604 353 2602
f 2598 353 2604
f 3823 2598 2604
f 3825 2604 2610
f 3823 2604 3825
f 3825 2610 3826
f 2610 2607 237
f 3826 2610 237
f 2284 961 2281
f 2282 2284 2281
f 2281 473 2282
f 2282 473 2285
f 318 2326 2285
f 2285 473 318
f 571 2337 2338
f 2338 2932 571
f 2338 324 2932
f 2932 324 132
f 2326 132 324
f 2287 2326 318
f 2287 132 2326
f 2280 2287 318
f 473 2280 318
f 2281 961 36
f 2281 36 2279
f 2279 473 2281
f 2277 2280 473
f 2279 2277 473
f 2286 2287 2280
f 2287 2286 132
f 571 2932 131
f 132 2931 2932
f 2932 2931 131
f 2289 2931 132
f 132 2286 2289
f 571 131 387
f 2286 2280 2283
f 2286 2283 2289
f 2283 2280 2278
f 2280 2277 2278
f 2279 36 317
f 2276 2277 2279
f 317 2276 2279
f 2277 2276 959
f 2278 2277 959
f 1184 2931 2289
f 2289 2283 1184
f 2278 37 2283
f 2283 37 1184
f 387 131 2933
f 131 2931 2930
f 131 2930 2933
f 130 2931 1184
f 2931 130 2930
f 2278 959 316
f 316 37 2278
f 1184 37 386
f 386 130 1184
f 2275 2276 317
f 2276 2275 2274
f 959 2276 2274
f 316 959 472
f 2274 472 959
f 386 37 3702
f 37 316 3701
f 3702 37 3701
f 386 3702 2208
f 2208 130 386
f 2930 130 2929
f 2208 2929 130
f 2930 2929 570
f 2933 2930 570
f 472 2269 316
f 3701 316 2270
f 316 2269 2270
f 2274 2275 34
f 2273 472 2274
f 34 2273 2274
f 472 2273 2272
f 2272 2269 472
f 3702 3701 3703
f 3701 2270 2271
f 3703 3701 2271
f 2208 3702 2215
f 3702 3704 2215
f 3703 3704 3702
f 2269 2266 2270
f 2271 2270 2266
f 570 2929 432
f 2204 2929 2208
f 2929 2204 432
f 315 2272 2273
f 315 2273 34
f 3705 3704 3703
f 2271 3705 3703
f 3706 3705 2271
f 2266 3706 2271
f 3707 3704 3705
f 3707 2218 3704
f 2218 2215 3704
f 3708 3707 3705
f 3705 3706 3708
f 2213 2215 2218
f 2213 2208 2215
f 3708 3706 3710
f 3710 3706 3709
f 3709 3706 2266
f 2209 2204 2208
f 2209 2208 2213
f 432 2204 2203
f 2205 2204 2209
f 2204 2205 2203
f 2213 2212 2209
f 2218 2212 2213
f 2251 3707 3708
f 2251 2222 3707
f 2222 2218 3707
f 2217 2212 2218
f 2222 2217 2218
f 3712 2251 3708
f 3710 3712 3708
f 2210 2205 2209
f 2209 2212 2210
f 3711 3712 3710
f 3709 687 3710
f 3710 687 3711
f 2212 2217 2214
f 2212 2214 2210
f 2206 2205 2210
f 2203 2205 938
f 2205 2206 938
f 2210 2214 25
f 25 2206 2210
f 2253 2251 3712
f 2253 2248 2251
f 2248 2222 2251
f 2248 2220 2222
f 2220 2217 2222
f 2220 2219 2217
f 2214 2217 2219
f 3711 687 2259
f 2259 3712 3711
f 2256 3712 2259
f 2256 2253 3712
f 2214 2219 2216
f 2214 2216 25
f 25 2207 2206
f 938 2206 2207
f 25 2216 2211
f 2211 2207 25
f 2252 2248 2253
f 2254 2252 2253
f 2254 2253 2256
f 2249 2220 2248
f 2252 2249 2248
f 2249 2223 2220
f 2223 2219 2220
f 2219 2223 2221
f 2216 2219 2221
f 3546 2207 2211
f 2216 3546 2211
f 3545 3546 2216
f 2221 3545 2216
f 2258 2254 2256
f 3149 2256 2259
f 2258 2256 3149
f 3111 2249 2252
f 2255 2252 2254
f 2255 3111 2252
f 2257 2255 2254
f 2257 2254 2258
f 3111 3109 2249
f 3109 2223 2249
f 2223 3109 2250
f 2221 2223 2250
f 218 3545 2221
f 2250 218 2221
f 3545 218 3543
f 3544 3545 3543
f 3546 3545 3544
f 3544 2207 3546
f 3122 2257 2258
f 3124 2258 3149
f 3122 2258 3124
f 2263 3111 2255
f 3106 3109 3111
f 2263 3106 3111
f 2260 2263 2255
f 2260 2255 2257
f 3119 2260 2257
f 3119 2257 3122
f 3109 3106 3105
f 2250 3109 3105
f 293 218 2250
f 3105 293 2250
f 218 293 3542
f 3543 218 3542
f 3543 3541 3544
f 3540 3541 3543
f 3542 3540 3543
f 3120 3119 3122
f 3084 3122 3124
f 3120 3122 3084
f 3107 3106 2263
f 2262 2263 2260
f 2262 3107 2263
f 3106 3107 3102
f 3105 3106 3102
f 3114 2262 2260
f 3114 2260 3119
f 3116 3119 3120
f 3116 3114 3119
f 3100 293 3105
f 3102 3100 3105
f 293 3100 3713
f 3542 293 3713
f 3539 3540 3542
f 3542 3713 3539
f 3539 3537 3540
f 3540 2492 3541
f 3537 2492 3540
f 3102 3107 3103
f 3108 3107 2262
f 3107 3108 3103
f 3112 3108 2262
f 3112 2262 3114
f 3097 3100 3102
f 3103 3097 3102
f 3115 3112 3114
f 3115 3114 3116
f 3100 3097 3093
f 3713 3100 3093
f 3713 3093 3714
f 3539 3713 3714
f 3539 3714 3538
f 3538 3537 3539
f 3538 3536 3537
f 3537 2489 2492
f 3536 2489 3537
f 3099 3097 3103
f 3103 3108 3104
f 3104 3099 3103
f 3108 3110 3104
f 3110 3108 3112
f 3113 3112 3115
f 3113 3110 3112
f 3097 3099 3094
f 3093 3097 3094
f 3714 3093 3090
f 3093 3094 3090
f 3090 3057 3714
f 3538 3714 3057
f 3538 3057 1212
f 1212 3536 3538
f 3536 1212 341
f 2482 3536 341
f 2489 3536 2482
f 3094 3099 3095
f 3101 3099 3104
f 3099 3101 3095
f 3731 3101 3104
f 3104 3110 3731
f 3110 3734 3731
f 3734 3110 3113
f 237 2607 356
f 2607 2608 356
f 693 2598 3823
f 3822 693 3823
f 3824 3823 3825
f 3822 3823 3824
f 3824 3825 238
f 238 3825 3826
f 3826 237 2620
f 3827 3826 2620
f 238 3826 3827
f 2620 237 2615
f 237 356 2615
f 2615 356 2614
f 356 2608 2613
f 356 2613 2614
f 2608 2612 2613
f 2614 2613 2612
f 2517 3822 3824
f 2517 3824 2519
f 2519 3824 238
f 3828 238 3827
f 2519 238 3828
f 3827 2620 2621
f 2620 2615 2617
f 2621 2620 2617
f 3831 3827 2621
f 3828 3827 3831
f 2617 2615 2618
f 2615 2614 2618
f 2616 2614 2612
f 2619 2618 2614
f 2616 2619 2614
f 263 2517 2519
f 3829 2519 3828
f 2519 3829 263
f 3830 3828 3831
f 3829 3828 3830
f 3831 2621 2927
f 2621 2617 358
f 2927 2621 358
f 358 2617 2622
f 2617 2618 2622
f 569 3831 2927
f 3830 3831 569
f 2619 2623 2618
f 2623 2622 2618
f 263 3829 3833
f 3832 3829 3830
f 3829 3832 3833
f 385 3830 569
f 3832 3830 385
f 569 2927 2925
f 2924 2925 2927
f 358 2924 2927
f 2622 2625 358
f 2625 2924 358
f 2625 2622 2627
f 2622 2623 2627
f 2926 569 2925
f 569 2926 385
f 3833 3832 3834
f 3836 3832 385
f 3832 3836 3834
f 2926 2860 385
f 3836 385 2860
f 2926 2925 1179
f 2925 2924 2922
f 1179 2925 2922
f 2922 2924 2644
f 2924 2625 2644
f 2627 2648 2625
f 2648 2644 2625
f 2862 2926 1179
f 2860 2926 2862
f 3834 3836 3835
f 2928 3836 2860
f 3836 2928 3835
f 377 2860 2862
f 2928 2860 377
f 2862 1179 2923
f 1179 2922 2921
f 2923 1179 2921
f 2921 2922 2920
f 2922 2644 2920
f 2648 2919 2644
f 2919 2920 2644
f 2861 2862 2923
f 377 2862 2861
f 2919 2648 2649
f 2921 2920 2876
f 2871 2921 2876
f 2923 2921 2871
f 2919 2881 2920
f 2881 2876 2920
f 2881 2919 2884
f 2919 2649 2884
f 2859 2861 2923
f 2867 2859 2923
f 2867 2923 2871
f 2871 2876 379
f 379 2876 2881
f 2869 2871 379
f 2864 2867 2871
f 2869 2864 2871
f 2859 2867 2858
f 2867 2864 2858
f 2859 2858 1165
f 2858 2864 378
f 1165 2858 2857
f 2858 378 2857
f 2857 378 3310
f 378 2863 3310
f 2857 3310 3314
f 3310 2863 3307
f 3314 3310 3307
f 2863 3306 3307
f 3314 3307 3313
f 3313 164 3314
f 3313 3307 3311
f 3319 3313 3311
f 164 3313 3319
f 3307 3306 628
f 3309 3307 628
f 3309 3311 3307
f 628 3306 2310
f 3319 3368 164
f 3312 3311 3309
f 3311 629 3319
f 3312 629 3311
f 629 3366 3319
f 3366 3368 3319
f 3312 3309 3316
f 3312 3316 629
f 2310 2308 628
f 628 3308 3309
f 2308 3308 628
f 3308 3315 3309
f 3309 3315 3316
f 2305 2308 2310
f 2844 3368 3366
f 3366 629 3367
f 629 3316 1273
f 3367 629 1273
f 3366 3367 3370
f 3370 2844 3366
f 3316 3315 3317
f 3317 1273 3316
f 2308 2305 2307
f 2309 2308 2307
f 3308 2308 2309
f 3308 3425 3315
f 3308 2312 3425
f 2312 3308 2309
f 3425 3320 3315
f 3315 3320 3317
f 3320 1273 3317
f 3387 3367 1273
f 3387 1273 3320
f 2306 2307 2305
f 3389 2844 3370
f 3367 3369 3370
f 3369 3367 3386
f 3387 3386 3367
f 3370 3369 3364
f 3364 3389 3370
f 2313 2309 2307
f 2312 2309 2313
f 322 2313 2307
f 322 2307 2306
f 2316 2312 2313
f 3425 2312 2316
f 3320 3425 3424
f 3424 3425 2316
f 1290 3386 3387
f 1290 3387 3320
f 3385 3320 3424
f 3385 1290 3320
f 2315 2313 322
f 2316 2313 2315
f 3369 3360 3364
f 3361 3369 3386
f 3360 3369 3361
f 3384 3386 1290
f 637 3386 3384
f 3361 3386 637
f 3384 1290 3385
f 2321 3385 3424
f 3424 2316 2321
f 2317 2316 2315
f 2316 2317 2321
f 2321 3383 3385
f 3382 3385 3383
f 3384 3385 3382
f 637 3384 3377
f 3377 3384 3382
f 3371 3361 637
f 3371 637 3377
f 3356 3360 3361
f 3356 3361 3371
f 2314 2315 322
f 2314 322 2311
f 3762 2314 2311
f 2311 322 2306
f 3762 2311 3763
f 2304 3763 2311
f 2306 2304 2311
f 2680 2681 540
f 1100 2680 540
f 2679 2680 1100
f 1100 540 2717
f 2717 540 2719
f 2683 2679 1100
f 2718 1100 2717
f 2683 1100 2718
f 2682 2679 2683
f 2719 1120 2717
f 2717 2724 2718
f 1120 2724 2717
f 548 1120 2719
f 2716 2682 2683
f 2721 2683 2718
f 2716 2683 2721
f 2724 2723 2718
f 2718 2723 2721
f 1120 2728 2724
f 548 2725 1120
f 2725 2728 1120
f 2728 2727 2724
f 2724 2727 2723
f 1122 2728 2725
f 1122 2725 548
f 1122 548 1146
f 2716 3250 2682
f 3250 3251 2682
f 3250 2716 2720
f 2716 2721 2722
f 2722 2720 2716
f 2723 2729 2721
f 2722 2721 2726
f 2721 2729 2726
f 2727 2731 2723
f 2723 2731 2729
f 2727 2728 2732
f 2730 2728 1122
f 2732 2728 2730
f 2731 2727 2734
f 2734 2727 2732
f 3250 2720 612
f 2722 612 2720
f 3246 3250 612
f 3247 3251 3250
f 3246 3247 3250
f 3242 612 2722
f 3243 2722 2726
f 3242 2722 3243
f 3090 3094 3091
f 3094 3095 3091
f 3090 3091 3059
f 3059 3057 3090
f 3057 3059 3056
f 1212 3057 3056
f 341 1212 3055
f 1212 3056 3055
f 341 2480 2482
f 2479 2480 341
f 3055 2479 341
f 3091 3095 3092
f 3095 3101 3098
f 3095 3098 3092
f 3101 3730 3098
f 3730 3101 3731
f 3732 3730 3731
f 3731 3734 3732
f 3091 3092 3060
f 3059 3091 3060
f 3059 3060 143
f 3056 3059 143
f 3056 143 3052
f 3055 3056 3052
f 3050 2479 3055
f 3052 3050 3055
f 2479 3050 2439
f 2479 2440 2480
f 2439 2440 2479
f 3098 3730 2415
f 3098 2415 3096
f 3092 3098 3096
f 689 3730 3732
f 3730 689 2415
f 3052 143 3051
f 143 3060 3058
f 143 3058 3051
f 3049 3050 3052
f 3051 3049 3052
f 3050 3049 2438
f 2439 3050 2438
f 2439 2438 2435
f 2439 2437 2440
f 2435 2437 2439
f 2415 689 3666
f 2415 3666 2411
f 3096 2415 2411
f 3051 3058 3053
f 394 3049 3051
f 3051 3053 394
f 3049 394 3048
f 2438 3049 3048
f 2435 2438 506
f 2438 3048 506
f 2435 2436 2437
f 2434 2436 2435
f 506 2434 2435
f 3048 394 2420
f 394 3054 2420
f 394 3053 3054
f 3048 2420 3047
f 506 3048 3047
f 2431 2434 506
f 3047 2431 506
f 2434 2431 2433
f 2904 2434 2433
f 2436 2434 2904
f 3047 2420 2418
f 2420 3054 2416
f 2420 2416 2418
f 2423 2431 3047
f 2418 2423 3047
f 2433 2431 500
f 2423 500 2431
f 2433 2903 2904
f 503 2903 2433
f 500 503 2433
f 2905 2436 2904
f 2904 276 2905
f 2903 276 2904
f 2418 2416 495
f 2419 2423 2418
f 495 2419 2418
f 2423 2419 2424
f 2424 500 2423
f 1020 503 500
f 2424 1020 500
f 2903 2906 276
f 2902 2906 2903
f 503 2902 2903
f 2432 2902 503
f 503 2430 2432
f 1020 2430 503
f 1020 2426 2430
f 2426 1020 2424
f 2911 276 2906
f 568 276 2911
f 276 568 2905
f 2424 2419 2421
f 2417 2419 495
f 2417 2421 2419
f 2426 2424 258
f 258 2424 2421
f 258 2428 2426
f 2430 2426 2428
f 2906 2912 2911
f 2907 2912 2906
f 2902 2907 2906
f 2901 2907 2902
f 2432 2901 2902
f 502 2432 2430
f 504 2432 502
f 504 2901 2432
f 2428 2429 2430
f 2430 2429 502
f 2911 2912 2916
f 2911 2915 568
f 2916 2915 2911
f 496 2421 2417
f 2421 2422 258
f 496 2422 2421
f 63 2428 258
f 258 2425 63
f 2422 2425 258
f 2429 2428 2427
f 2427 2428 63
f 2916 2912 575
f 2425 499 63
f 63 499 2427
f 2915 2916 1189
f 2916 575 2948
f 1189 2916 2948
f 2095 2425 2422
f 2099 2422 496
f 2095 2422 2099
f 2094 2425 2095
f 2094 499 2425
f 2417 2099 496
f 2948 575 1191
f 2096 499 2094
f 2948 576 1189
f 3043 576 2948
f 1191 3043 2948
f 901 2094 2095
f 2093 2095 2099
f 901 2095 2093
f 2101 2093 2099
f 2101 2099 2417
f 2091 2096 2094
f 2091 2094 901
f 596 3043 1191
f 899 2096 2091
f 901 2090 2091
f 900 2090 901
f 2093 900 901
f 899 2091 2088
f 2088 2091 2090
f 2899 2093 2101
f 2899 449 2093
f 449 900 2093
f 3041 3043 596
f 900 2092 2090
f 249 2092 900
f 449 249 900
f 447 2090 2092
f 2089 2090 447
f 2090 2089 2088
f 2088 2089 898
f 2900 449 2899
f 2900 2097 449
f 449 2097 249
f 2092 249 142
f 1209 2092 142
f 447 2092 1209
f 2097 450 249
f 142 249 450
f 3045 1209 142
f 450 3045 142
f 2098 450 2097
f 2100 2098 2097
f 2100 2097 2900
f 1207 1209 3045
f 1206 3045 450
f 3044 1206 450
f 2098 3044 450
f 452 2098 2100
f 2098 2102 3044
f 452 2102 2098
f 567 2100 2900
f 2104 2100 567
f 2104 452 2100
f 3045 3046 1207
f 3032 3046 3045
f 591 3045 1206
f 3032 3045 591
f 591 1206 3024
f 3024 1206 3044
f 3024 3044 2110
f 2110 3044 2102
f 2103 452 2104
f 452 2105 2102
f 2103 2105 452
f 2110 2102 2108
f 2108 2102 2105
f 567 1016 2104
f 2104 2109 2103
f 2104 1016 2109
f 2110 2114 3024
f 2108 2114 2110
f 3024 2114 3023
f 3023 591 3024
f 3032 3036 3046
f 3031 3036 3032
f 591 3031 3032
f 3028 3031 591
f 3028 591 3023
f 2105 2103 2107
f 2103 2109 2106
f 2107 2103 2106
f 2108 2105 2111
f 2111 2105 2107
f 2114 2978 3023
f 3023 2978 3028
f 2112 2114 2108
f 2108 2115 2112
f 2108 2111 2115
f 2977 2978 2114
f 2112 2977 2114
f 3028 3025 3031
f 3029 3031 3025
f 3036 3031 3029
f 3021 3025 3028
f 3028 2978 3021
f 2106 2116 2107
f 306 2107 2116
f 2111 2107 306
f 2115 2111 2154
f 2154 2111 306
f 2977 3022 2978
f 3026 2978 3022
f 3021 2978 3026
f 2112 2115 2151
f 2112 2151 2976
f 2976 2977 2112
f 2151 2115 2156
f 2156 2115 2154
f 3025 3021 3030
f 3030 3021 3026
f 3029 3025 3033
f 3033 3025 3030
f 2151 2156 2158
f 2976 2151 2158
f 2116 924 306
f 2155 306 924
f 2154 306 2155
f 2156 2154 2157
f 3243 2726 550
f 550 2726 2729
f 2731 2733 2729
f 2729 2733 550
f 2733 2731 1125
f 1125 2731 2734
f 3246 612 405
f 3242 405 612
f 3241 3246 405
f 3246 3241 3247
f 3238 405 3242
f 3242 3243 3238
f 2732 2746 2734
f 2734 2740 1125
f 2746 2740 2734
f 405 3237 3241
f 405 3238 3237
f 368 3243 550
f 404 3243 368
f 3238 3243 404
f 2733 2738 550
f 550 2738 368
f 2738 2733 2739
f 2739 2733 1125
f 2740 2744 1125
f 1125 2744 2739
f 3238 404 3234
f 3237 3238 3234
f 2740 2746 2584
f 368 2742 404
f 368 2741 2742
f 2738 2741 368
f 404 2742 3235
f 3234 404 3235
f 2741 2738 2743
f 2743 2738 2739
f 2743 2739 2577
f 2577 2739 2744
f 2742 3230 3235
f 2742 3231 3230
f 2741 3231 2742
f 3231 2741 2745
f 2745 2741 2743
f 3232 3234 3235
f 3235 3230 3232
f 2577 2570 2743
f 2743 2570 2745
f 2745 2570 2571
f 2571 3231 2745
f 1248 3231 2571
f 3231 1248 3230
f 3230 3227 3232
f 3230 1248 3227
f 2571 3222 1248
f 1248 3222 3227
f 3225 3222 2571
f 3223 3222 3225
f 3221 3222 3223
f 3227 3222 3221
f 3224 3227 3221
f 3226 3227 3224
f 3232 3227 3226
f 3229 3232 3226
f 3233 3232 3229
f 3233 3234 3232
f 3224 3228 3226
f 3226 3228 3229
f 3221 3219 3224
f 950 3228 3224
f 3224 3219 950
f 3223 3217 3221
f 3218 3219 3221
f 3221 3217 3218
f 3233 3229 3236
f 3234 3233 3237
f 3237 3233 3236
f 3184 3218 3217
f 3183 3218 3184
f 3218 3183 3219
f 950 3219 3220
f 3219 3181 3220
f 3219 3183 3181
f 3185 950 3220
f 3220 3181 3185
f 3183 2234 3181
f 3181 2234 3185
f 3184 3180 3183
f 3180 2234 3183
f 3182 3180 3184
f 3217 3182 3184
f 3223 3182 3217
f 2234 3180 3179
f 3182 3179 3180
f 2232 3179 3182
f 3182 3223 2232
f 3179 2232 310
f 2229 3179 310
f 2234 3179 2229
f 2234 2236 3185
f 2234 2233 2236
f 2229 2233 2234
f 3185 2236 2237
f 2236 2233 2237
f 2237 950 3185
f 2229 310 2227
f 2230 2229 2227
f 2233 2229 2230
f 2233 2230 948
f 2237 2233 948
f 950 2237 2240
f 948 2240 2237
f 2227 310 2225
f 310 2232 2228
f 310 2228 2225
f 948 2230 2235
f 2230 2231 2235
f 2227 2231 2230
f 2181 2227 2225
f 2226 2227 2181
f 2226 2231 2227
f 2225 2228 2224
f 2180 2225 2224
f 2181 2225 2180
f 2235 2231 434
f 2231 1385 434
f 3752 1385 2231
f 2226 3752 2231
f 2181 3751 2226
f 3751 3752 2226
f 2177 3751 2181
f 2178 2181 2180
f 2177 2181 2178
f 2180 2224 2182
f 2182 2178 2180
f 2224 2228 3429
f 2182 2224 3429
f 3752 1384 1385
f 224 1384 3752
f 3751 224 3752
f 3751 2177 2174
f 3751 2174 3750
f 3750 224 3751
f 2174 2177 2173
f 2173 2177 2178
f 2182 2176 2178
f 2178 2176 2173
f 224 2363 1384
f 2365 2363 224
f 3750 2365 224
f 2369 2365 3750
f 2174 2369 3750
f 2171 2369 2174
f 2174 929 2171
f 2173 929 2174
f 2176 2175 2173
f 2363 2365 330
f 330 2365 2366
f 2365 2369 2366
f 2369 2171 2170
f 2366 2369 2170
f 2366 2367 330
f 2368 2367 2366
f 2170 2368 2366
f 2165 2368 2170
f 2368 996 2367
f 2370 996 2368
f 462 2368 2165
f 2370 2368 462
f 462 2165 2160
f 996 2370 59
f 59 2370 2371
f 2373 2370 462
f 2371 2370 2373
f 2373 462 2152
f 462 2160 924
f 2152 462 924
f 2371 2372 59
f 2374 2372 2371
f 2371 2159 2374
f 2373 2159 2371
f 2152 2153 2373
f 2373 2153 2159
f 2152 905 2153
f 2116 905 2152
f 2152 924 2116
f 2374 997 2372
f 482 997 2374
f 2159 482 2374
f 2153 2379 2159
f 2375 482 2159
f 2159 2379 2375
f 905 2113 2153
f 2153 2113 2379
f 905 2116 2106
f 905 2106 2113
f 482 2376 997
f 2377 2376 482
f 2375 2377 482
f 2382 2375 2379
f 2379 2383 2382
f 2113 2383 2379
f 2378 2375 2382
f 2378 2377 2375
f 2109 2383 2113
f 2113 2106 2109
f 2377 2380 2376
f 2381 2380 2377
f 2378 2381 2377
f 1016 2383 2109
f 1016 2407 2383
f 2407 2382 2383
f 2378 2382 2384
f 2408 2382 2407
f 2384 2382 2408
f 2378 2384 3729
f 3729 2381 2378
f 3725 2384 2408
f 2408 2407 3725
f 3726 2384 3725
f 3726 3729 2384
f 2380 2381 483
f 483 2381 2385
f 2381 3729 2385
f 2409 2407 1016
f 2409 3724 2407
f 3725 2407 3724
f 1016 567 2409
f 3727 3729 3726
f 2385 3729 3728
f 3728 3729 3727
f 3053 3726 3725
f 3725 3054 3053
f 3724 3054 3725
f 3058 3726 3053
f 3058 3727 3726
f 2385 2410 483
f 2411 2410 2385
f 3728 2411 2385
f 3054 3724 2416
f 2412 3724 2409
f 2416 3724 2412
f 2412 2409 2414
f 2409 567 2413
f 2414 2409 2413
f 567 2900 2413
f 3727 3092 3728
f 3060 3092 3727
f 3060 3727 3058
f 3096 2411 3728
f 3728 3092 3096
f 2416 2412 495
f 495 2412 2414
f 2413 2899 2414
f 2413 2900 2899
f 495 2414 2417
f 2414 2899 2101
f 2157 2154 2155
f 2158 2156 2162
f 2157 2162 2156
f 3026 3034 3030
f 1202 3034 3026
f 3022 1202 3026
f 3034 1204 3030
f 3030 1204 3033
f 2162 2972 2158
f 2972 2973 2158
f 2976 2158 2973
f 2155 2161 2157
f 2160 2161 2155
f 924 2160 2155
f 2161 925 2157
f 925 2162 2157
f 2974 2972 2162
f 925 2974 2162
f 1202 3037 3034
f 3034 1205 1204
f 3037 1205 3034
f 2163 925 2161
f 2163 18 925
f 18 2974 925
f 2161 2164 2163
f 2161 2165 2164
f 2160 2165 2161
f 2972 2974 2968
f 2974 18 2970
f 2968 2974 2970
f 2163 2164 2166
f 2163 2166 2167
f 2167 18 2163
f 18 2167 2975
f 2970 18 2975
f 2164 464 2166
f 2164 2170 464
f 2165 2170 2164
f 3039 1205 3037
f 595 1205 3039
f 2968 2970 2964
f 2970 2975 2966
f 2964 2970 2966
f 2167 2166 2168
f 2166 464 2169
f 2166 2169 2168
f 2168 2511 2167
f 2975 2167 2511
f 2975 2511 390
f 2966 2975 390
f 2171 2169 464
f 2170 2171 464
f 2964 2966 2961
f 390 2962 2966
f 2961 2966 2962
f 2513 2511 2168
f 2516 2513 2168
f 2168 2169 2516
f 2511 2513 2509
f 390 2511 2509
f 2509 2505 390
f 2505 2962 390
f 929 2169 2171
f 2169 2172 2516
f 929 2172 2169
f 2961 2962 2958
f 2505 2499 2962
f 2958 2962 2499
f 2514 2513 2516
f 2509 2513 2508
f 2513 2514 2508
f 2509 2508 2506
f 2506 2505 2509
f 2172 931 2516
f 514 2516 931
f 2514 2516 514
f 929 2173 2172
f 2173 931 2172
f 2500 2499 2505
f 1040 2500 2505
f 1040 2505 2506
f 2506 2508 2507
f 2507 1040 2506
f 2508 2512 2507
f 2508 2514 2512
f 514 2515 2514
f 2514 2515 2512
f 2958 2499 2957
f 2500 73 2499
f 2957 2499 73
f 2175 931 2173
f 931 2179 514
f 2175 2179 931
f 514 2555 2515
f 2554 2555 514
f 514 2179 2554
f 2497 73 2500
f 2501 2497 2500
f 1040 2501 2500
f 1040 74 2501
f 74 1040 2507
f 2507 2512 2510
f 2510 74 2507
f 2512 2560 2510
f 76 2560 2512
f 2512 2515 76
f 76 2515 2556
f 2556 2515 2555
f 2554 2179 2558
f 2558 2555 2554
f 2558 2179 2176
f 2176 2179 2175
f 2557 2555 2558
f 2556 2555 2557
f 2560 76 2559
f 2559 76 2556
f 2559 2556 2557
f 2498 2497 2501
f 2501 74 2503
f 2501 2503 2498
f 1042 2503 74
f 1042 74 2510
f 2510 2560 3780
f 2510 3780 1042
f 3780 2560 3799
f 3799 2560 2559
f 2182 2558 2176
f 518 2558 2182
f 2558 518 2557
f 2498 2503 2504
f 2557 518 2562
f 2563 2557 2562
f 2561 2557 2563
f 2559 2557 2561
f 2565 2559 2561
f 3798 2559 2565
f 3799 2559 3798
f 3791 3780 3799
f 3799 3798 3791
f 2565 2561 347
f 347 2561 2563
f 3429 518 2182
f 2564 518 3429
f 518 2564 2562
f 2562 2566 2563
f 86 2566 2562
f 2562 2564 86
f 347 2563 2568
f 2568 2563 2566
f 2567 2565 347
f 1398 2565 2567
f 1398 3798 2565
f 3795 3798 1398
f 3791 3798 3795
f 2567 347 2572
f 2572 347 2568
f 3427 2564 3429
f 3428 2564 3427
f 2564 3428 86
f 2566 2569 2568
f 2570 2566 86
f 2569 2566 2570
f 86 3428 2571
f 2571 2570 86
f 2573 2572 2568
f 2568 2569 2573
f 2575 2567 2572
f 3088 2567 2575
f 3088 1398 2567
f 3089 1398 3088
f 3089 3795 1398
f 3427 3225 3428
f 3225 2571 3428
f 2572 2579 2575
f 2574 2579 2572
f 2574 2572 2573
f 2575 2583 3088
f 2575 2579 2583
f 2577 2569 2570
f 2576 2569 2577
f 2569 2576 2573
f 2578 2574 2573
f 2573 2576 2578
f 3088 2583 3086
f 3086 3089 3088
f 2574 349 2579
f 349 2574 2578
f 3087 3089 3086
f 2579 349 2581
f 2583 2579 2582
f 2579 2581 2582
f 3086 2583 3085
f 2583 2582 1066
f 3085 2583 1066
f 3087 3086 1399
f 1399 3086 3085
f 2744 2576 2577
f 1064 2576 2744
f 1064 2578 2576
f 2580 2578 1064
f 2578 1065 349
f 2580 1065 2578
f 1065 2588 349
f 349 2588 2581
f 2582 2581 2586
f 2588 2586 2581
f 2582 2586 2587
f 1066 2582 2587
f 3085 1066 3820
f 3819 3085 3820
f 1399 3085 3819
f 3820 1066 2594
f 1066 2587 2594
f 2475 1399 3819
f 1064 2584 2580
f 1064 2740 2584
f 2744 2740 1064
f 2580 2584 2585
f 2585 1065 2580
f 1065 2897 2588
f 2897 1065 2585
f 2588 2897 2896
f 2589 2586 2588
f 2588 2896 2589
f 2587 2586 2590
f 2589 2590 2586
f 2587 2590 2593
f 2594 2587 2593
f 3820 2594 693
f 3820 3821 3819
f 693 3821 3820
f 2475 3819 2476
f 2476 3819 3821
f 693 2594 2598
f 2593 2598 2594
f 2474 2475 2476
f 2584 2747 2585
f 2585 2898 2897
f 2585 2747 2898
f 2897 2898 2895
f 2897 2895 2896
f 2589 2896 352
f 2896 2894 352
f 2896 2895 2894
f 2589 352 2591
f 2591 2590 2589
f 2593 2590 2596
f 2591 2596 2590
f 2596 353 2593
f 353 2598 2593
f 3821 693 3822
f 2478 3821 3822
f 2476 3821 2478
f 2474 2476 2477
f 2477 2476 2478
f 3125 2474 2477
f 2417 2414 2101
f 3198 3196 3199
f 3198 3195 3196
f 3767 3195 3198
f 3195 3193 3196
f 3195 3192 3193
f 3769 3192 3195
f 3767 3769 3195
f 3769 3767 3768
f 3192 3190 3193
f 3192 3772 3190
f 3770 3772 3192
f 3769 3770 3192
f 3770 3769 3163
f 3163 3769 3768
f 3163 3768 3160
f 3772 3188 3190
f 3770 3166 3772
f 3162 3770 3163
f 3166 3770 3162
f 3162 3163 3159
f 3159 3163 3160
f 3189 3188 3772
f 3771 3189 3772
f 3166 3771 3772
f 3159 3160 3154
f 3771 3166 608
f 3189 3771 608
f 3188 3189 3175
f 3189 3169 3175
f 3189 608 3169
f 608 3166 3164
f 3164 3166 152
f 152 3166 3162
f 152 3162 3158
f 3158 3162 3159
f 3154 3156 3159
f 3159 3156 3158
f 3158 3164 152
f 608 3164 3168
f 3169 608 3168
f 3156 3154 3152
f 3156 3157 3158
f 3157 3164 3158
f 3157 3156 3155
f 3155 3156 3152
f 3169 3172 3175
f 3172 3169 3167
f 3169 3168 3167
f 3168 3164 3167
f 3157 3161 3164
f 3161 3167 3164
f 3161 3157 556
f 3157 3155 556
f 3152 375 3155
f 3155 375 556
f 3167 3170 3172
f 3161 3165 3167
f 3165 3170 3167
f 3165 3161 111
f 3161 556 111
f 2768 3165 111
f 3165 2768 3170
f 2768 554 3170
f 273 2768 111
f 273 373 2768
f 554 2768 2766
f 373 2766 2768
f 2766 2764 554
f 373 109 2766
f 109 2764 2766
f 410 3341 3348
f 3341 410 3337
f 3337 410 3345
f 3337 3331 3341
f 3331 3337 3329
f 3345 3672 3337
f 3329 3337 3672
f 1349 3672 3345
f 3329 630 3331
f 3672 3671 3329
f 3330 630 3329
f 3329 3671 3330
f 1349 3613 3672
f 3672 3613 3671
f 3324 630 3330
f 1361 3330 3671
f 3671 3617 1361
f 3613 3617 3671
f 683 3330 1361
f 3330 683 3324
f 3324 683 3673
f 1361 3670 683
f 1361 3651 3670
f 3617 3651 1361
f 683 3670 3273
f 3273 3673 683
f 3277 3673 3273
f 3670 3270 3273
f 3270 3277 3273
f 3269 3270 3670
f 3670 3264 3269
f 3651 3264 3670
f 3264 3651 3263
f 3274 3277 3270
f 3270 3269 617
f 3270 3272 3274
f 617 3272 3270
f 617 3269 3267
f 3269 3264 3267
f 3267 3264 3262
f 3264 3263 3262
f 3262 3263 3260
f 617 3267 3268
f 617 3271 3272
f 3268 3271 617
f 3268 3267 3266
f 3262 3266 3267
f 407 3266 3262
f 3262 3260 407
f 3429 2228 3427
f 2232 3427 2228
f 3426 3427 2232
f 3426 3225 3427
f 2232 3223 3426
f 3223 3225 3426
f 2584 2746 2747
f 2737 2747 2746
f 2737 2746 2732
f 2732 2730 2737
f 2748 2747 2737
f 2737 2735 2748
f 2737 2730 2735
f 2749 2747 2748
f 2748 2750 2749
f 2748 2735 2750
f 1122 2735 2730
f 2735 2736 2750
f 2736 2735 1122
f 2749 2750 2751
f 1130 2751 2750
f 2750 2736 1130
f 1146 2736 1122
f 2736 2795 1130
f 2795 2736 1146
f 2752 2751 1130
f 1130 2795 557
f 2752 1130 557
f 2351 2352 989
f 989 2352 990
f 2352 2353 990
f 989 990 55
f 990 2353 2354
f 990 2354 2356
f 55 990 2356
f 2353 3077 2354
f 2356 255 55
f 2354 3077 991
f 2354 991 2355
f 2356 2354 2355
f 2358 255 2356
f 2356 2355 2358
f 2358 485 255
f 2358 2355 327
f 2355 2357 327
f 2355 991 2357
f 2386 485 2358
f 2358 327 2386
f 3077 3075 991
f 3076 2357 991
f 991 3075 3076
f 3077 3073 3075
f 2386 2391 485
f 3078 2357 3076
f 2357 3078 256
f 327 2357 256
f 2386 327 484
f 2387 327 256
f 484 327 2387
f 2390 2391 2386
f 484 2390 2386
f 3075 3074 3076
f 3075 3070 3074
f 3073 3070 3075
f 3076 3074 3079
f 3076 3079 3078
f 256 3078 2442
f 2443 2442 3078
f 3078 3079 2443
f 2387 256 2388
f 2388 256 601
f 256 2442 601
f 2387 2392 484
f 2387 2388 2392
f 2389 2390 484
f 484 2392 2389
f 2390 2389 2394
f 2449 3079 3074
f 2456 3074 3070
f 2449 3074 2456
f 1024 3079 2449
f 1024 2443 3079
f 2444 2443 1024
f 2405 2442 2443
f 2444 2405 2443
f 2392 2388 2395
f 488 2388 601
f 2395 2388 488
f 1006 2389 2392
f 2392 2395 1006
f 2394 2389 2393
f 2393 2389 1006
f 2449 2450 1024
f 260 2449 2456
f 2450 2449 260
f 1024 2450 2447
f 2447 2444 1024
f 2445 2444 2447
f 1012 2405 2444
f 2445 1012 2444
f 1006 2396 2393
f 2453 2450 260
f 2451 2450 2453
f 2450 2451 2447
f 2447 2451 1025
f 1025 2445 2447
f 2406 1012 2445
f 2446 2406 2445
f 2446 2445 1025
f 1025 2448 2446
f 2451 2448 1025
f 2451 2453 2452
f 2452 2448 2451
f 2898 2747 2749
f 2898 2793 2895
f 2749 2793 2898
f 2894 2895 2893
f 2893 2895 2793
f 2894 2893 2811
f 352 2894 2811
f 2601 353 2596
f 2595 2596 2591
f 2596 2595 2601
f 2478 3822 2517
f 2518 2478 2517
f 2477 2478 2518
f 3125 2477 2520
f 2520 2477 2518
f 2520 2521 3125
f 2793 2794 2893
f 2793 2751 2794
f 2793 2749 2751
f 2811 2893 2805
f 2800 2893 2794
f 2805 2893 2800
f 2520 2518 342
f 2518 2517 263
f 342 2518 263
f 2521 2520 79
f 79 2520 342
f 2524 2521 79
f 79 342 2522
f 342 3833 2522
f 263 3833 342
f 2523 79 2522
f 2524 79 2523
f 2752 2794 2751
f 2796 2794 2752
f 2800 2794 2798
f 2798 2794 2796
f 2800 2801 2805
f 2799 2800 2798
f 2801 2800 2799
f 2526 2524 2523
f 2522 3837 2523
f 2522 3834 3837
f 3833 3834 2522
f 3837 2525 2523
f 2523 2525 2526
f 2798 2796 1148
f 2799 2798 1148
f 1148 2796 2797
f 557 2796 2752
f 2797 2796 557
f 2803 2801 2799
f 2802 2799 1148
f 2803 2799 2802
f 2525 2527 2526
f 2525 3837 3876
f 3837 3835 3876
f 3834 3835 3837
f 3877 2525 3876
f 2527 2525 3877
f 561 2803 2802
f 2530 2527 3877
f 3876 298 3877
f 3876 3878 298
f 3835 3878 3876
f 298 3879 3877
f 3877 3879 2530
f 3879 3880 2530
f 298 442 3879
f 298 3881 442
f 3878 3881 298
f 442 3882 3879
f 3880 3879 3882
f 3878 2854 3881
f 2928 2854 3878
f 3835 2928 3878
f 242 3880 3882
f 442 2848 3882
f 3883 442 3881
f 2848 442 3883
f 3883 3881 2852
f 2852 3881 2854
f 2848 2845 3882
f 2845 3884 3882
f 3882 3884 242
f 2852 2854 2856
f 2854 2928 377
f 2854 377 2856
f 3884 3885 242
f 2845 2848 2843
f 3883 2847 2848
f 2848 2847 2843
f 2849 2847 3883
f 2852 2849 3883
f 2852 2856 2851
f 2851 2849 2852
f 2845 3889 3884
f 2843 2842 2845
f 2845 2842 3889
f 3889 3886 3884
f 3884 3886 3885
f 2842 2843 2838
f 2843 2847 2838
f 2849 2841 2847
f 2847 2841 2838
f 2856 377 2861
f 2856 2861 2855
f 2856 2855 2851
f 2846 2841 2849
f 2851 2846 2849
f 2851 2855 2850
f 2850 2846 2851
f 2842 3890 3889
f 3892 3886 3889
f 3889 3890 3892
f 2842 1163 3890
f 1163 2842 2838
f 1163 2838 2790
f 2838 2841 2836
f 2838 2836 2790
f 2841 2846 2839
f 2841 2839 2836
f 2861 2859 2855
f 2855 2859 1165
f 2855 1165 2850
f 2850 1165 2853
f 2850 2853 2846
f 2839 2846 3321
f 2846 2853 3321
f 1163 2791 3890
f 1163 2790 2791
f 3890 2791 3893
f 3890 3893 3892
f 2789 2790 2836
f 1142 2789 2836
f 1142 2836 2839
f 2790 2789 2787
f 119 2790 2787
f 2790 119 2791
f 3321 3318 2839
f 2837 1142 2839
f 2839 3318 2837
f 3321 3314 3318
f 3321 2853 3314
f 2853 2857 3314
f 1165 2857 2853
f 2791 3894 3893
f 2791 119 3894
f 2785 119 2787
f 119 2785 3894
f 2788 2787 2789
f 2792 2788 2789
f 2789 1142 2792
f 1142 121 2792
f 1142 2837 121
f 2788 2786 2787
f 2783 2785 2787
f 2786 2783 2787
f 3318 3368 2837
f 164 3368 3318
f 3314 164 3318
f 2840 2837 3368
f 2837 2840 121
f 2785 1421 3894
f 2785 2783 1422
f 1421 2785 1422
f 3402 2786 2788
f 3400 3402 2788
f 3400 2788 2792
f 3395 3400 2792
f 3395 2792 121
f 1291 3395 121
f 121 2840 1291
f 2786 2784 2783
f 3404 2784 2786
f 3402 3404 2786
f 2784 2781 2783
f 1422 2783 2781
f 3400 3399 3402
f 3399 3404 3402
f 3395 3397 3400
f 3397 3399 3400
f 2844 2840 3368
f 2840 3393 1291
f 3393 2840 2844
f 3394 3397 3395
f 1291 3394 3395
f 1291 3390 3394
f 1291 3393 3390
f 2784 2782 2781
f 2782 2784 3404
f 3403 3404 3399
f 3407 2782 3404
f 3403 3407 3404
f 3397 3401 3399
f 3401 3403 3399
f 3394 171 3397
f 171 3401 3397
f 3389 3393 2844
f 3389 3390 3393
f 3390 3396 3394
f 3396 171 3394
f 411 3390 3389
f 3391 3396 3390
f 411 3391 3390
f 3406 3407 3403
f 3405 3406 3403
f 3405 3403 3401
f 3401 171 3431
f 3431 3405 3401
f 171 3396 3493
f 3431 171 3493
f 3396 3391 3495
f 3493 3396 3495
f 3495 3391 3392
f 3391 3365 3392
f 3365 3391 411
f 3389 3364 411
f 411 3359 3365
f 411 3364 3359
f 3409 3405 3431
f 3408 3406 3405
f 3409 3408 3405
f 3431 3432 3409
f 3486 3432 3431
f 3431 3493 3486
f 3495 3489 3493
f 3486 3493 3489
f 3492 3489 3495
f 3392 3492 3495
f 3432 3410 3409
f 3410 3408 3409
f 3398 3492 3392
f 3392 3388 3398
f 3392 3365 3388
f 3365 3362 3388
f 3365 3359 3362
f 3364 3360 3359
f 3359 165 3362
f 3359 3360 165
f 3433 3410 3432
f 3479 3433 3432
f 3432 3486 3479
f 3489 3483 3486
f 3479 3486 3483
f 3489 3492 3487
f 3487 3483 3489
f 3398 3490 3492
f 3487 3492 3490
f 3398 3388 1326
f 3494 3490 3398
f 1326 3494 3398
f 3388 3363 1326
f 3388 3362 3363
f 3362 3357 3363
f 3362 165 3357
f 2446 2448 336
f 1013 2406 2446
f 2446 336 1013
f 2448 1026 336
f 2448 2452 1026
f 336 1026 3146
f 1013 336 151
f 3146 151 336
f 1026 2452 2455
f 2455 3142 1026
f 1026 3142 3146
f 3146 3142 3145
f 3140 3145 3142
f 3138 3142 2455
f 3138 3140 3142
f 3143 3145 3140
f 3140 3141 3143
f 3137 3140 3138
f 3137 3141 3140
f 3143 3141 3144
f 165 1278 3357
f 165 3356 1278
f 3360 3356 165
f 3483 3480 3479
f 3480 3475 3479
f 3475 3433 3479
f 3485 3480 3483
f 3487 3485 3483
f 3487 3490 3488
f 3488 3485 3487
f 3488 3490 3491
f 3494 3491 3490
f 1326 3363 3517
f 3515 3494 1326
f 3517 3515 1326
f 3515 3531 3494
f 3531 3491 3494
f 3363 3358 3517
f 3363 3357 3358
f 3357 3355 3358
f 3357 1278 3355
f 3372 1278 3356
f 3353 1278 3372
f 3353 3355 1278
f 3485 3488 1312
f 3485 3482 3480
f 1312 3482 3485
f 3488 3491 655
f 1312 3488 655
f 3531 3532 3491
f 655 3491 3532
f 3517 3358 3350
f 3516 3515 3517
f 3350 3516 3517
f 3516 3529 3515
f 3529 3531 3515
f 3531 3529 669
f 669 3532 3531
f 3358 3347 3350
f 3351 3347 3358
f 3358 3355 3351
f 3352 3351 3355
f 3352 3355 3353
f 3353 3372 3354
f 3348 3353 3354
f 3352 3353 3348
f 3349 3516 3350
f 3347 3349 3350
f 3349 3518 3516
f 3518 3529 3516
f 655 3532 3535
f 669 3534 3532
f 3535 3532 3534
f 3518 1327 3529
f 669 3529 1330
f 3529 1327 1330
f 669 1330 3530
f 3530 3534 669
f 3346 3347 3351
f 3347 3342 3349
f 3346 3342 3347
f 3344 3351 3352
f 3351 3344 3346
f 3344 3352 3343
f 3343 3352 3348
f 3519 3518 3349
f 3349 3342 3519
f 3519 1327 3518
f 1327 3528 1330
f 3530 1330 3528
f 3346 3340 3342
f 3346 3344 3340
f 3343 3340 3344
f 3533 3535 3534
f 3534 668 3533
f 3530 668 3534
f 3528 1329 3530
f 3530 1329 668
f 3522 3528 1327
f 3522 1329 3528
f 3342 3340 3335
f 3342 3335 3339
f 3519 3342 3339
f 3336 3340 3343
f 3336 3335 3340
f 3336 3343 3341
f 3348 3341 3343
f 3519 3339 3520
f 3520 1327 3519
f 3520 3522 1327
f 3521 3522 3520
f 3521 1328 3522
f 1328 1329 3522
f 3520 3339 3338
f 3520 3338 3521
f 3339 3335 3333
f 3339 3332 3338
f 3333 3332 3339
f 3335 3328 3333
f 3334 3328 3335
f 3334 3335 3336
f 3341 3331 3336
f 3336 3325 3334
f 3331 3325 3336
f 3338 3332 3524
f 3521 3338 3524
f 3523 1328 3521
f 3524 3523 3521
f 3328 631 3333
f 3333 631 3332
f 3524 3332 3526
f 3332 631 3526
f 3325 3323 3334
f 3334 3323 3328
f 3323 1275 3328
f 3328 1275 631
f 3525 3523 3524
f 3524 3526 3525
f 3331 630 3325
f 3325 3291 3323
f 630 3291 3325
f 3323 626 1275
f 3291 626 3323
f 1275 3322 631
f 626 3322 1275
f 3526 631 3327
f 631 3322 3327
f 3526 3327 3527
f 3525 3526 3527
f 3527 3327 3326
f 3327 3322 3326
f 3290 626 3291
f 3324 3291 630
f 3290 3291 3324
f 626 162 3322
f 162 626 285
f 285 626 3290
f 3322 1274 3326
f 3322 162 1260
f 1274 3322 1260
f 3289 162 285
f 1260 162 3289
f 3326 1331 3527
f 684 285 3290
f 3290 3673 684
f 3324 3673 3290
f 1258 3289 285
f 684 1258 285
f 625 1260 3289
f 3286 3289 1258
f 3289 3286 625
f 3277 684 3673
f 3280 684 3277
f 3280 1258 684
f 1254 3286 1258
f 1254 1258 3280
f 625 3286 3288
f 3283 3286 1254
f 3286 3283 3287
f 3286 3287 3288
f 1254 3282 3283
f 3279 3282 1254
f 3280 3279 1254
f 3274 3280 3277
f 3275 3280 3274
f 3275 3279 3280
f 3287 1259 3288
f 3282 3284 3283
f 3287 3283 1256
f 3283 3284 1256
f 3279 3281 3282
f 3282 622 3284
f 3281 622 3282
f 3278 3281 3279
f 3275 3278 3279
f 3272 3275 3274
f 619 3275 3272
f 619 3278 3275
f 3272 3276 619
f 3276 3278 619
f 284 3281 3278
f 284 3278 3276
f 161 622 3281
f 161 3281 284
f 3285 622 161
f 161 3465 3285
f 161 284 3465
f 3271 3276 3272
f 3271 3461 3276
f 3276 3461 284
f 3465 284 3462
f 284 3461 3462
f 3285 3465 3430
f 3463 3430 3465
f 3465 3462 3463
f 3463 3462 1308
f 3462 3461 1308
f 3459 3461 3271
f 1308 3461 649
f 3459 649 3461
f 1308 650 3463
f 649 650 1308
f 651 3430 3463
f 3463 3466 651
f 3463 650 3466
f 3458 649 3459
f 649 3458 3464
f 3464 650 649
f 3457 3458 3459
f 3268 3459 3271
f 3457 3459 3268
f 650 3470 3466
f 3469 3470 650
f 3464 3469 650
f 651 3466 652
f 3470 3468 3466
f 3466 3468 652
f 3464 3458 3460
f 648 3458 3457
f 3458 648 3460
f 3464 3460 3467
f 3467 3469 3464
f 3268 3266 3457
f 3457 3265 648
f 3457 3266 3265
f 3469 3473 3470
f 3470 3474 3468
f 3473 3474 3470
f 287 3473 3469
f 3467 287 3469
f 3467 3460 3436
f 3460 648 3437
f 3460 3437 3436
f 648 3440 3437
f 648 3265 3440
f 3467 3436 3472
f 3472 287 3467
f 407 3265 3266
f 3261 3265 407
f 3265 3261 3440
f 3473 3478 3474
f 3477 3478 3473
f 3473 287 3477
f 3477 287 653
f 287 3472 653
f 3472 3436 3471
f 3436 3437 3435
f 3436 3435 3471
f 3437 3440 3438
f 3438 3435 3437
f 3440 3261 3422
f 3440 3422 3438
f 3472 3471 3476
f 653 3472 3476
f 3261 3258 3422
f 3261 3257 3258
f 527 1076 2628
f 267 527 2628
f 2629 1076 527
f 527 267 2630
f 2630 2629 527
f 2629 2630 2632
f 2406 2403 1012
f 1012 2403 2402
f 2405 2402 2401
f 1012 2402 2405
f 2404 334 601
f 601 334 488
f 1008 488 334
f 2405 2401 2442
f 2442 2401 2404
f 601 2442 2404
f 407 3257 3261
f 3481 3478 3477
f 3482 3477 653
f 3481 3477 3482
f 3476 3480 653
f 653 3480 3482
f 654 3478 3481
f 3476 3475 3480
f 3476 3471 3475
f 3471 3434 3475
f 3471 3435 3434
f 3435 3423 3434
f 3423 3435 3438
f 3438 3422 3420
f 3438 3420 3423
f 3422 3421 3420
f 3422 3258 3421
f 3257 159 3258
f 3258 3254 3421
f 3258 159 3254
f 1312 3481 3482
f 3484 3481 1312
f 3484 654 3481
f 1313 654 3484
f 3475 3434 3433
f 3434 3412 3433
f 3434 3423 3412
f 3423 3419 3412
f 3423 3420 3419
f 3420 414 3419
f 3420 3421 414
f 3421 1297 414
f 3421 3254 1297
f 3254 159 3215
f 3252 3254 3215
f 1297 3254 3252
f 1312 655 3484
f 3484 655 3535
f 3484 3535 1313
f 1313 3535 670
f 3433 3412 3410
f 3412 173 3410
f 3412 3419 173
f 3419 3417 173
f 3419 414 3417
f 414 1297 3415
f 414 3415 3417
f 3418 1297 3252
f 1297 3418 3415
f 3215 3212 3252
f 3212 3211 3252
f 3418 3252 3211
f 670 3535 3533
f 3410 173 3408
f 173 3439 3408
f 173 3417 3439
f 3417 3415 3414
f 3417 3414 3439
f 3418 3213 3415
f 3415 3213 3414
f 3209 3418 3211
f 3418 3209 3213
f 3211 3212 3208
f 3207 3211 3208
f 3209 3211 3207
f 3408 3439 3406
f 3439 3411 3406
f 3439 3414 3411
f 3213 3413 3414
f 3411 3414 3413
f 3209 3210 3213
f 3213 3210 3413
f 3209 3206 3210
f 3206 3209 3207
f 3207 3208 3205
f 283 3207 3205
f 3206 3207 283
f 3406 3411 3407
f 172 3411 3413
f 3407 3411 172
f 3210 3214 3413
f 172 3413 3214
f 3210 2778 3214
f 3206 2778 3210
f 154 3206 283
f 2778 3206 154
f 2778 3416 3214
f 3214 3416 172
f 2776 2778 154
f 3416 2778 2776
f 283 3200 154
f 3204 3200 283
f 3205 3204 283
f 154 3201 2776
f 3200 3201 154
f 2782 3407 172
f 172 2779 2782
f 3416 2779 172
f 2779 3416 2147
f 3416 2777 2147
f 2777 3416 2776
f 2776 2773 2777
f 3201 2773 2776
f 3200 3204 3199
f 3197 3200 3199
f 3201 3200 3197
f 2775 3201 3197
f 2773 3201 2775
f 2777 2774 2147
f 2773 2774 2777
f 2779 2780 2782
f 923 2780 2779
f 2147 923 2779
f 2782 2780 2781
f 15 2774 2773
f 2774 15 2147
f 2772 2773 2775
f 2772 15 2773
f 920 923 2147
f 920 2147 2145
f 15 2145 2147
f 2781 2780 3897
f 2780 923 3897
f 3199 3196 3197
f 3197 3194 2775
f 3196 3194 3197
f 3194 2771 2775
f 2772 2775 2771
f 2148 15 2772
f 15 2148 2145
f 2769 2772 2771
f 2769 2148 2772
f 2036 3897 923
f 305 2036 923
f 305 923 920
f 2145 2148 2142
f 2142 920 2145
f 2144 305 920
f 2144 920 2141
f 2141 920 2142
f 2148 2146 2142
f 2146 2148 2769
f 3196 3193 3194
f 3194 3191 2771
f 3193 3191 3194
f 2771 2770 2769
f 3191 2770 2771
f 2767 2146 2769
f 2770 2767 2769
f 2138 2141 2142
f 2142 2146 2138
f 2146 2143 2138
f 2146 2767 2143
f 2036 305 2037
f 2149 305 2144
f 305 2149 2037
f 303 2141 2138
f 2140 2141 303
f 2140 2144 2141
f 2767 2765 2143
f 2767 2770 2765
f 2135 303 2138
f 2138 2143 2135
f 3191 3187 2770
f 3190 3187 3191
f 3193 3190 3191
f 2770 3186 2765
f 3187 3186 2770
f 2143 2765 3177
f 3177 2765 3186
f 304 2143 3177
f 2143 304 11
f 2143 11 2135
f 460 303 2135
f 2133 460 2135
f 2133 2135 11
f 460 6 303
f 913 2140 303
f 6 913 303
f 3190 3188 3187
f 3187 3178 3186
f 3188 3178 3187
f 3176 3177 3186
f 3178 3176 3186
f 6 460 2131
f 2131 460 2133
f 3177 3176 3174
f 3177 3174 106
f 304 3177 106
f 919 304 106
f 304 919 11
f 11 919 2137
f 2137 2133 11
f 7 2131 2133
f 7 2133 2137
f 3176 3173 3174
f 3173 3176 3178
f 3178 3188 3175
f 3175 3173 3178
f 106 3174 400
f 3174 3173 3171
f 3174 3171 400
f 3173 3172 3171
f 3172 3173 3175
f 400 2759 106
f 2757 919 106
f 2759 2757 106
f 919 2139 2137
f 2139 919 2757
f 2136 7 2137
f 12 2136 2137
f 2139 12 2137
f 3170 3171 3172
f 400 3171 3170
f 554 400 3170
f 400 554 1135
f 2759 400 1135
f 2753 2139 2757
f 12 2139 2753
f 2753 2757 2756
f 2757 2759 2756
f 2756 2759 2761
f 2759 1135 2761
f 2753 2756 2715
f 2715 12 2753
f 2136 12 367
f 2712 367 12
f 2715 2712 12
f 2715 370 2712
f 2756 370 2715
f 2761 552 2756
f 552 370 2756
f 2761 1135 2762
f 2764 1135 554
f 1135 2764 2762
f 2762 2760 2761
f 2760 552 2761
f 370 2714 2712
f 2714 370 552
f 2712 2714 2709
f 2712 2709 367
f 2760 2758 552
f 2755 2714 552
f 2758 2755 552
f 2762 2764 2763
f 372 2760 2762
f 2763 372 2762
f 2758 2760 107
f 2760 372 107
f 2714 2711 2709
f 2714 2755 1132
f 2711 2714 1132
f 1132 2755 2754
f 2755 2758 2754
f 2754 2758 1134
f 2758 107 1134
f 487 2400 1007
f 2399 487 1007
f 1008 2400 257
f 257 2400 487
f 487 2397 257
f 2397 487 2399
f 2399 2398 2397
f 257 488 1008
f 257 2395 488
f 486 2395 257
f 257 2397 486
f 2397 333 486
f 2397 2398 333
f 486 333 1006
f 1006 2395 486
f 1006 333 2396
f 3138 3136 3137
f 3138 1029 3136
f 2455 1029 3138
f 2455 2454 1029
f 1029 2454 508
f 2452 2454 2455
f 508 2454 2457
f 2452 2453 2454
f 1030 2454 2453
f 2457 2454 1030
f 1030 1376 2457
f 1030 2461 1376
f 2458 2461 1030
f 2453 2458 1030
f 260 2458 2453
f 2461 2458 3071
f 2458 260 1032
f 3071 2458 1032
f 1032 260 2456
f 2456 1215 1032
f 1032 1215 3071
f 3066 137 1213
f 1213 137 580
f 1213 580 3062
f 3061 1213 3062
f 580 2984 3062
f 3063 3061 3062
f 3062 2984 3063
f 3063 3064 3061
f 3061 3064 1198
f 2984 2988 3063
f 2994 3064 3063
f 3063 2988 2994
f 2988 2984 2987
f 1198 3064 2998
f 2993 3064 2994
f 2998 3064 2993
f 2994 2990 2993
f 2988 2990 2994
f 2990 2988 2989
f 2987 2989 2988
f 1198 2998 2997
f 2997 2998 2993
f 1198 2997 3003
f 2991 2990 2989
f 2990 2991 2993
f 2993 585 2997
f 2993 2991 585
f 1197 2989 2987
f 2991 2996 585
f 2996 2997 585
f 3002 3003 2997
f 3002 2997 2996
f 2995 2996 2991
f 2989 2995 2991
f 1197 2992 2989
f 2989 2992 2995
f 3002 2996 3000
f 2996 2995 3000
f 2992 277 2995
f 2995 277 3000
f 1197 277 2992
f 2999 277 1197
f 2999 3001 277
f 277 3004 3000
f 3001 3004 277
f 3005 3000 3004
f 3013 3001 2999
f 3011 3001 3013
f 586 3001 3011
f 3004 3001 586
f 1199 3004 586
f 3005 3004 1199
f 3012 586 3011
f 3010 586 3012
f 3007 586 3010
f 3007 1199 586
f 3005 1199 3008
f 3008 1199 3007
f 3579 3005 3008
f 3583 3010 3012
f 3583 3007 3010
f 3583 3008 3007
f 3009 3008 3583
f 3580 3008 3009
f 3579 3008 3580
f 2082 2083 891
f 2084 2083 2082
f 894 2083 2084
f 2086 894 2084
f 2082 2086 2084
f 2085 2086 2082
f 895 894 2086
f 2086 2085 2087
f 896 895 2086
f 896 2086 2087
f 2087 2085 897
f 2973 2977 2976
f 2971 2977 2973
f 2971 3022 2977
f 2973 2969 2971
f 2969 2973 2972
f 3022 2971 3027
f 2971 2969 2967
f 3027 2971 2967
f 2969 2972 2965
f 2967 2969 2965
f 3027 1202 3022
f 2967 3035 3027
f 3027 3035 1202
f 2963 3035 2967
f 2965 2963 2967
f 2965 2972 2968
f 2965 2968 1192
f 1192 2963 2965
f 2963 3038 3035
f 2959 3038 2963
f 1192 2959 2963
f 1202 3035 1203
f 594 3035 3038
f 1203 3035 594
f 1203 3037 1202
f 3037 1203 3039
f 3039 1203 594
f 1192 2968 2964
f 1192 2964 2960
f 2960 2959 1192
f 2959 2955 3038
f 3038 3040 594
f 2955 3040 3038
f 2954 2955 2959
f 2960 2954 2959
f 3040 3042 594
f 594 3042 3039
f 3042 595 3039
f 2960 2964 2961
f 2961 2956 2960
f 2956 2954 2960
f 2955 2954 2951
f 576 2955 2951
f 3040 2955 576
f 3042 3040 3043
f 3043 3040 576
f 2951 2954 2950
f 2954 2956 2950
f 3042 3043 3041
f 3041 595 3042
f 2958 2956 2961
f 2958 2953 2956
f 2950 2956 2953
f 2950 2947 2951
f 1189 2951 2947
f 576 2951 1189
f 2946 2947 2950
f 2953 2946 2950
f 2957 2953 2958
f 2953 2957 2949
f 2949 2946 2953
f 2947 2946 2914
f 2947 2915 1189
f 2914 2915 2947
f 2914 2946 2913
f 2946 2949 2913
f 2949 2957 2952
f 2949 2952 2945
f 2913 2949 2945
f 73 2952 2957
f 2915 2914 568
f 2913 2910 2914
f 568 2914 2909
f 2914 2910 2909
f 2910 2913 2944
f 2944 2913 2945
f 2945 2952 2486
f 2945 2484 2944
f 2486 2484 2945
f 2493 2952 73
f 2488 2952 2493
f 2486 2952 2488
f 2484 2486 2485
f 2485 2486 2488
f 2497 2493 73
f 2905 568 2909
f 2910 2908 2909
f 2909 2908 2905
f 2908 2910 2441
f 2441 2910 2944
f 2484 2481 2944
f 2944 2481 2441
f 2481 2484 71
f 71 2484 2485
f 2495 2493 2497
f 2491 2493 2495
f 2488 2493 2491
f 2485 2488 2487
f 2487 2488 2491
f 71 2485 2483
f 2483 2485 2487
f 2498 2495 2497
f 2908 2436 2905
f 2436 2908 2437
f 2437 2908 2441
f 2481 2440 2441
f 2441 2440 2437
f 2440 2481 2480
f 2480 2481 71
f 2480 71 2482
f 2482 71 2483
f 2496 2495 2498
f 2495 2494 2491
f 2496 2494 2495
f 2494 3775 2491
f 2491 3775 2487
f 3775 2490 2487
f 2487 2490 2483
f 2764 109 2763
f 1132 546 2711
f 104 546 1132
f 2754 104 1132
f 104 2754 371
f 2754 1134 371
f 2711 545 2709
f 366 545 2711
f 546 366 2711
f 104 2713 546
f 546 1117 366
f 2713 1117 546
f 2713 104 1131
f 104 371 1131
f 1117 2702 366
f 366 2702 545
f 1131 271 2713
f 2713 2710 1117
f 271 2710 2713
f 2710 2706 1117
f 1117 2706 2702
f 2706 100 2702
f 2702 100 2701
f 2702 2701 545
f 2710 271 103
f 2705 2710 103
f 2710 2705 2706
f 2705 1114 2706
f 1114 2699 2706
f 2706 2699 100
f 2699 365 100
f 100 365 270
f 100 270 2701
f 103 2704 2705
f 2705 2704 2700
f 2700 1114 2705
f 99 1114 2700
f 1114 99 2699
f 99 2694 2699
f 2694 365 2699
f 365 2697 270
f 2694 2697 365
f 2703 270 2697
f 270 2703 2701
f 2704 102 2700
f 2700 102 2698
f 2698 99 2700
f 1111 99 2698
f 1111 2694 99
f 2692 2694 1111
f 2692 2696 2694
f 2696 2697 2694
f 544 2703 2697
f 2697 2696 544
f 102 98 2698
f 2698 98 2695
f 2695 1111 2698
f 2693 1111 2695
f 2693 2692 1111
f 1112 2696 2692
f 95 1112 2692
f 95 2692 2693
f 2696 1112 101
f 544 2696 101
f 1110 95 2693
f 1110 2693 2695
f 1110 2695 97
f 98 97 2695
f 101 1112 3444
f 3547 3444 1112
f 3547 1112 95
f 94 3547 95
f 94 95 1110
f 3444 645 101
f 101 2134 544
f 645 2134 101
f 97 1109 1110
f 1110 1108 94
f 1109 1108 1110
f 177 3444 3547
f 3444 177 1301
f 1301 645 3444
f 1337 177 3547
f 1337 3547 94
f 1108 2691 94
f 94 2691 1337
f 1301 3442 645
f 645 2132 2134
f 3442 2132 645
f 1108 1109 93
f 1108 2690 2691
f 2690 1108 93
f 1301 177 3443
f 3448 177 1337
f 177 3448 3443
f 3445 3442 1301
f 3443 3445 1301
f 1337 1336 3448
f 2691 1336 1337
f 2690 543 2691
f 1336 2691 543
f 3442 3445 2129
f 2129 2132 3442
f 93 2689 2690
f 2689 2687 2690
f 2690 2687 543
f 3443 3448 176
f 176 3446 3443
f 3446 3445 3443
f 1336 3452 3448
f 3448 3452 176
f 2129 3445 1303
f 3445 3446 1303
f 3452 1336 192
f 192 1336 543
f 2687 2688 543
f 543 2688 192
f 3447 3446 176
f 1303 3446 646
f 3446 3447 646
f 3452 3450 176
f 176 3450 3449
f 176 3449 3447
f 3452 3456 3450
f 3456 3452 192
f 2129 1303 2128
f 3850 1303 646
f 1303 3850 2128
f 646 3447 3841
f 3850 646 3841
f 3841 3447 695
f 178 695 3447
f 3449 178 3447
f 3449 3455 178
f 1397 695 178
f 3455 1397 178
f 3849 3850 3841
f 3841 695 3844
f 3849 3841 3844
f 2123 3850 3849
f 2121 3850 2123
f 2128 3850 2121
f 301 2123 3849
f 301 3849 3844
f 1397 3817 695
f 695 3817 3838
f 3838 3845 695
f 695 3845 3844
f 2126 301 3844
f 3844 3845 2126
f 3845 3851 2126
f 3851 3845 3838
f 1397 3455 3895
f 3896 1397 3895
f 3896 3816 1397
f 3816 3817 1397
f 3839 3817 3816
f 3817 3839 3838
f 3838 3839 3852
f 3852 3851 3838
f 301 2126 700
f 2126 3851 700
f 3851 1407 700
f 3851 3852 3853
f 1407 3851 3853
f 3839 3846 3852
f 3839 3816 3842
f 3846 3839 3842
f 3855 3853 3852
f 3852 3846 3855
f 3840 3816 3896
f 1404 3816 3840
f 3816 1404 3842
f 3846 3842 3848
f 3846 3848 3855
f 1404 3843 3842
f 3848 3842 3843
f 3854 3853 3855
f 3848 3854 3855
f 3853 3854 3857
f 3853 3857 3856
f 1407 3853 3856
f 1404 3847 3843
f 3847 3848 3843
f 3848 3847 699
f 699 3854 3848
f 699 3858 3854
f 3854 3858 3857
f 699 3847 3858
f 1404 3840 3867
f 1404 3864 3847
f 3864 1404 3867
f 3864 3862 3847
f 3858 3847 3862
f 3862 3860 3858
f 3858 3860 3857
f 3856 3857 297
f 3857 3860 297
f 3865 3862 3864
f 3865 3864 3867
f 3865 3860 3862
f 1407 3856 297
f 3865 3866 3860
f 3860 3863 297
f 3866 3863 3860
f 3869 3865 3867
f 3866 3865 3869
f 3859 1407 297
f 297 3863 3861
f 3859 297 3861
f 1407 3859 700
f 3863 444 3861
f 3866 1408 3863
f 1408 444 3863
f 3859 3875 700
f 3859 3873 3875
f 3873 3859 3861
f 3873 3861 3872
f 3872 3861 444
f 3868 3866 3869
f 3868 2052 3866
f 3866 2054 1408
f 2052 2054 3866
f 2057 444 1408
f 1408 2054 2057
f 3872 2061 3873
f 2061 3875 3873
f 2061 4 3875
f 4 700 3875
f 4 301 700
f 3874 3872 444
f 2058 3874 444
f 2057 2058 444
f 2053 2058 2057
f 2053 2057 2054
f 3872 3874 2056
f 2059 3872 2056
f 3872 2059 2061
f 2053 3874 2058
f 3558 2056 3874
f 2053 3558 3874
f 2055 2053 2054
f 2051 2055 2054
f 2052 2051 2054
f 2064 4 2061
f 2062 2064 2061
f 2061 2059 2062
f 2053 2055 2050
f 2053 2050 3558
f 2055 2051 2050
f 2059 2056 2060
f 2059 2060 2062
f 2056 2063 2060
f 2056 3558 2063
f 2062 2066 2064
f 2060 2066 2062
f 2490 2489 2483
f 2483 2489 2482
f 2498 2504 2496
f 2496 2502 2494
f 2496 2504 2502
f 3775 2494 3773
f 2494 2502 3774
f 3773 2494 3774
f 3773 72 3775
f 3775 72 2490
f 72 2492 2490
f 2490 2492 2489
f 2504 3777 2502
f 2502 3562 3774
f 2502 3777 3562
f 3774 3562 3561
f 3774 3561 3773
f 72 3773 190
f 3773 3561 3560
f 190 3773 3560
f 3544 72 190
f 3541 72 3544
f 72 3541 2492
f 190 2207 3544
f 1340 190 3560
f 2207 190 1340
f 938 2207 1340
f 309 938 1340
f 2202 938 309
f 2202 2203 938
f 3686 2202 309
f 3683 2203 2202
f 3685 2202 3686
f 3682 2202 3685
f 3683 2202 3682
f 3683 432 2203
f 3686 3687 3685
f 3687 3684 3685
f 3685 3684 3682
f 1367 432 3683
f 3683 3680 1367
f 3682 3680 3683
f 3680 3682 3681
f 3681 3682 3684
f 3687 1371 3684
f 3681 3684 3691
f 3691 3684 1371
f 213 432 1367
f 3679 1367 3680
f 213 1367 3679
f 3681 685 3680
f 3680 685 3679
f 685 3681 3693
f 3693 3681 3691
f 570 432 213
f 3692 3693 3691
f 3691 1371 3692
f 3677 213 3679
f 3679 685 3677
f 3677 685 1366
f 1366 685 3693
f 3677 1365 213
f 2933 213 1365
f 213 2933 570
f 1366 3693 3694
f 3693 3695 3694
f 3692 3695 3693
f 3694 3697 1366
f 3695 3697 3694
f 3692 216 3695
f 3677 3647 1365
f 3677 3676 3647
f 1366 3676 3677
f 1366 3697 3696
f 3696 3676 1366
f 3695 3699 3697
f 3696 3697 3699
f 3698 3699 3695
f 3695 216 3698
f 3678 2933 1365
f 1365 3647 3646
f 1365 3646 3678
f 3647 3676 3646
f 387 2933 3678
f 3646 3676 3645
f 3645 3676 3696
f 3696 3699 3645
f 3699 3700 3645
f 3700 3699 3698
f 680 3646 3645
f 3645 3700 680
f 3644 3646 680
f 3646 3644 3678
f 3723 680 3700
f 3723 3700 3698
f 573 387 3678
f 3648 573 3678
f 3678 3644 3648
f 209 680 3723
f 209 3644 680
f 3643 3644 209
f 3644 3643 3648
f 707 3919 3920
f 3918 3919 707
f 3920 712 707
f 3920 3921 712
f 712 3921 3926
f 3918 707 710
f 710 3917 3918
f 710 707 3909
f 707 3911 3909
f 707 3912 3911
f 707 712 3912
f 712 3922 3912
f 712 715 3922
f 712 3926 715
f 3926 3924 715
f 710 3909 1424
f 3913 3917 710
f 710 1424 3913
f 3922 715 3927
f 715 3924 3927
f 3909 3911 3907
f 1424 3909 706
f 3909 3907 706
f 3911 3912 3910
f 3911 3910 3907
f 3912 3922 717
f 3912 717 3910
f 3922 3927 1439
f 3922 3930 717
f 3922 1439 3930
f 3910 717 3930
f 3907 3910 3908
f 3910 3930 3908
f 1439 3927 714
f 3927 3924 714
f 706 3907 3906
f 3907 3908 3906
f 706 3906 3905
f 1424 706 3905
f 3913 1424 3902
f 3902 1424 3905
f 3908 3930 718
f 1439 718 3930
f 1439 714 3931
f 1439 3931 718
f 3906 3908 3932
f 3908 718 3932
f 3931 3932 718
f 3905 3906 3904
f 3906 3932 3904
f 3905 3904 705
f 3902 3905 705
f 3903 3904 3932
f 3931 3903 3932
f 3903 3931 3928
f 3931 714 3928
f 3901 705 3904
f 3903 3901 3904
f 3901 3903 3928
f 3901 3902 705
f 3902 3901 3929
f 3901 3928 3929
f 709 3902 3929
f 3913 3902 709
f 709 3929 708
f 708 3917 709
f 709 3917 3913
f 708 3929 3915
f 3915 3929 3914
f 3929 3928 3914
f 3916 3917 708
f 708 3915 3916
f 3928 3925 3914
f 3928 713 3925
f 3928 714 713
f 3925 713 3923
f 714 3924 713
f 713 3924 3923
f 3958 728 3953
f 3953 728 3952
f 3958 731 728
f 731 3958 3956
f 3952 728 723
f 3952 723 3951
f 728 731 3954
f 728 3943 723
f 728 3944 3943
f 728 3954 3944
f 731 1463 3954
f 731 3959 1463
f 3959 731 3956
f 3951 723 3950
f 723 3943 3941
f 723 726 3950
f 723 3941 726
f 3954 1463 3962
f 3944 3954 733
f 3954 3962 733
f 3944 733 3942
f 3943 3944 3942
f 3943 3942 3939
f 3941 3943 3939
f 3959 3963 1463
f 1463 734 3962
f 1463 3963 734
f 733 3962 3940
f 733 3940 3942
f 3962 734 3964
f 3962 3964 3940
f 3963 3964 734
f 3942 3940 3938
f 3942 3938 3939
f 3950 726 3949
f 3941 3945 726
f 726 3945 3949
f 3940 3964 3936
f 3940 3936 3938
f 3963 3935 3964
f 3935 3936 3964
f 3939 3938 3937
f 3938 721 3937
f 3938 3936 721
f 3935 3933 3936
f 3933 721 3936
f 3933 3934 721
f 3934 3937 721
f 3935 3961 3933
f 3933 3961 3934
f 3963 3960 3935
f 3935 3960 3961
f 3934 3961 725
f 1448 3934 725
f 3934 1448 3937
f 1448 725 3945
f 3945 725 3949
f 3941 1448 3945
f 725 3961 724
f 725 724 3949
f 1448 3941 722
f 1448 722 3937
f 3939 3937 722
f 3941 3939 722
f 3960 3946 3961
f 3961 3947 724
f 3961 3946 3947
f 3960 3957 3946
f 724 3947 3948
f 724 3948 3949
f 729 3957 3960
f 729 3955 3957
f 730 729 3960
f 3955 729 3956
f 729 730 3956
f 730 3959 3956
f 3959 730 3963
f 730 3960 3963
f 3970 3969 3966
f 3970 3966 3967
f 3967 3972 3970
f 3965 3967 3966
f 3965 3968 3967
f 3967 3968 3973
f 3967 3971 3972
f 3967 3973 3971
f 3971 3975 3972
f 3973 3974 3971
f 3971 3974 3975
f 3973 3976 3974
f 3974 3979 3975
f 3974 3976 3978
f 3974 3977 3979
f 3974 3978 3977
f 3977 3982 3979
f 3978 3980 3977
f 3977 3980 3982
f 3978 3981 3980
f 3980 3983 3982
f 3980 3981 3985
f 3980 3984 3983
f 3980 3985 3984
f 3984 3985 3988
f 3984 3988 3987
f 3987 3983 3984
f 3987 3986 3983
f 3988 3989 3987
f 3990 3987 3989
f 3990 3986 3987
f 3988 3991 3989
f 3991 3992 3989
f 3989 3993 3990
f 3989 3992 3993
f 3991 3994 3992
f 3995 3992 3994
f 3992 3996 3993
f 3992 3995 3996
f 3995 3994 3997
f 3998 3995 3997
f 3999 3995 3998
f 3999 3996 3995
f 3998 3997 4000
f 4000 4003 3998
f 3998 4002 3999
f 3998 4003 4002
f 4000 4001 4003
f 4004 4002 4003
f 4004 4003 4001
f 4005 4006 4007
f 4005 4007 4008
f 4008 4009 4005
f 4008 4010 4009
f 4011 4012 4013
f 4011 4013 4014
f 4013 4015 4014
f 4015 4016 4014
f 4016 4011 4014
f 4016 4017 4011
f 4018 4019 4020
f 4018 4020 4022
f 4021 4018 4022
f 4022 4020 4032
f 4047 4032 4020
f 4022 4032 4026
f 4021 4022 4023
f 4022 4026 4023
f 4023 4024 4021
f 4047 4046 4032
f 4031 4026 4032
f 4032 4038 4031
f 4032 4046 4038
f 4031 4030 4026
f 4023 4026 4030
f 4023 4025 4024
f 4023 4030 4025
f 4031 4029 4030
f 4025 4030 4029
f 4025 4027 4024
f 4025 4028 4027
f 4025 4029 4028
f 4031 4036 4029
f 4031 4037 4036
f 4031 4038 4037
f 4036 4035 4029
f 4028 4029 4035
f 4028 4035 4033
f 4033 4027 4028
f 4036 4039 4035
f 4037 4039 4036
f 4041 4033 4035
f 4041 4035 4039
f 4033 4034 4027
f 4040 4034 4033
f 4040 4033 4041
f 4041 4039 4042
f 4037 4042 4039
f 4041 4042 4043
f 4041 4043 4044
f 4044 4040 4041
f 4044 4045 4040
f 4051 4048 4049
f 4051 4049 4050
f 4052 4050 4049
f 4052 4053 4050
f 4055 4050 4053
f 4055 4051 4050
f 4055 4056 4051
f 4055 4053 4054
f 4059 4056 4055
f 4057 4055 4054
f 4059 4055 4057
f 4057 4054 4058
f 4060 4059 4057
f 4060 4057 4058
f 4060 4061 4059
f 4060 4058 4062
f 4064 4061 4060
f 4063 4060 4062
f 4064 4060 4063
f 4063 4062 4065
f 4067 4064 4063
f 4067 4063 4065
f 4067 4068 4064
f 4067 4065 4066
f 4067 4071 4068
f 4067 4069 4071
f 4069 4067 4066
f 4069 4066 4070
f 4071 4069 4072
f 4073 4069 4070
f 4073 4072 4069
f 4071 4072 4074
f 4072 4073 4075
f 4076 4074 4072
f 4072 4075 4077
f 4076 4072 4077
f 4077 4075 4079
f 4078 4076 4077
f 4077 4079 4078
f 4078 4080 4076
f 4081 4080 4078
f 4079 4081 4078
f 4079 4082 4081
f 4081 4083 4080
f 4081 4082 4086
f 4084 4083 4081
f 4081 4086 4085
f 4084 4081 4085
f 4086 4087 4085
f 4087 4084 4085
f 4088 4089 4090
f 4088 4091 4089
f 4091 4088 4092
f 4091 4092 4093
f 4097 4094 4095
f 4097 4096 4094
f 4094 4096 4098
f 4098 4096 4099
f 4099 4096 4097
f 4099 4097 4100
f 4101 4102 4103
f 4101 4105 4102
f 4104 4105 4101
f 4109 4102 4105
f 4104 4106 4105
f 4109 4105 4106
f 4106 4104 4107
f 4106 4113 4109
f 4106 4108 4113
f 4106 4107 4108
f 4114 4109 4113
f 4114 4115 4109
f 4109 4115 4102
f 4114 4113 4112
f 4108 4112 4113
f 4129 4102 4115
f 4129 4130 4102
f 4115 4114 4121
f 4115 4121 4129
f 4108 4107 4110
f 4108 4111 4112
f 4108 4110 4111
f 4114 4112 4119
f 4114 4120 4121
f 4114 4119 4120
f 4111 4118 4112
f 4119 4112 4118
f 4111 4116 4118
f 4116 4111 4110
f 4119 4118 4122
f 4120 4119 4122
f 4122 4118 4116
f 4116 4110 4117
f 4120 4122 4125
f 4122 4116 4124
f 4123 4116 4117
f 4123 4124 4116
f 4122 4124 4126
f 4122 4126 4125
f 4124 4127 4126
f 4127 4124 4123
f 4127 4123 4128
f 1549 1547 4200
f 1547 4201 4200
f 1547 1552 4201
f 1552 1547 1553
f 4158 1495 1496
f 4158 1496 4159
f 741 4158 4159
f 741 4159 1497
f 1497 4162 741
f 1497 4161 4162
f 1502 4162 4161
f 1502 1504 4162
f 737 1482 1483
f 737 4143 1482
f 737 1479 4143
f 737 1480 1479
f 1482 4143 4144
f 1482 4144 1484
f 1645 1647 1644
f 1645 1651 1647
f 1652 1651 1645
f 1652 1645 1648
f 1645 4314 1648
f 1645 4313 4314
f 1652 1648 1649
f 1648 4315 1649
f 1648 4314 4315
f 1652 1649 1654
f 1649 1653 1654
f 1649 1650 1653
f 744 1571 4223
f 744 4223 4224
f 745 4224 4223
f 745 4223 1572
f 1502 1569 1504
f 1502 1503 1569
f 1502 4163 1503
f 1502 4161 4163
f 1499 4163 4161
f 1499 4161 1497
f 1573 1574 4225
f 1573 4225 4226
f 1572 4226 4225
f 1572 4225 745
f 4310 4244 4254
f 4310 4254 4311
f 1639 4310 4311
f 1639 4311 4309
f 4256 4309 4311
f 4254 4256 4311
f 4254 4255 4256
f 4255 1588 4256
f 4250 4255 4254
f 4244 4250 4254
f 4244 1586 4250
f 4256 4308 4309
f 4250 4251 4255
f 4255 4251 750
f 4255 750 1588
f 4250 4249 4251
f 1586 4249 4250
f 4251 4253 750
f 4251 4252 4253
f 4251 4247 4252
f 4251 4249 4247
f 1586 4242 4249
f 4307 4308 4256
f 1589 4307 4256
f 1590 4307 1589
f 1589 4256 1588
f 4243 4248 4247
f 4252 4247 4248
f 4243 1583 4248
f 1583 4245 4248
f 1583 1585 4245
f 748 4248 4245
f 4253 4248 748
f 4253 4252 4248
f 748 4245 1587
f 1587 4299 748
f 749 1587 4245
f 749 4245 4246
f 749 1629 1587
f 1629 4299 1587
f 749 765 1629
f 1629 764 4299
f 764 4298 4299
f 764 4297 4298
f 4298 4297 763
f 4298 763 4260
f 4260 763 1591
f 4260 1591 4259
f 4259 1591 1628
f 4259 1628 4258
f 4257 4258 1628
f 4257 1628 1627
f 4242 4247 4249
f 4242 4243 4247
f 4243 4242 4241
f 1584 4241 4242
f 1584 4242 1586
f 4243 4241 4240
f 1583 4243 4240
f 4244 1584 1586
f 1583 4240 1582
f 4310 1584 4244
f 4310 1639 1584
f 4305 1584 1639
f 4305 1639 4306
f 4306 1639 4309
f 4303 4306 4309
f 4305 4306 4303
f 4305 4303 4304
f 4303 4309 4308
f 1637 4304 4303
f 1634 4303 4308
f 1637 4303 1634
f 1634 4308 4307
f 1634 1636 1637
f 1590 1634 4307
f 1634 1635 1636
f 1590 1638 1634
f 1489 1492 4149
f 1489 4149 4152
f 4152 4149 4148
f 4152 4148 4147
f 1482 4147 4148
f 1482 4148 1483
f 1491 1492 1489
f 1491 1489 1488
f 1493 1491 1488
f 1493 1488 1490
f 1488 4153 1490
f 1488 4151 4153
f 1489 4151 1488
f 1489 4152 4151
f 4150 4153 4151
f 4150 4151 4146
f 4151 4152 4147
f 4151 4147 4146
f 1482 4146 4147
f 1482 1484 4146
f 1494 4157 740
f 1494 4155 4157
f 4157 4155 4154
f 4157 4154 4156
f 1496 4156 4154
f 1496 1495 4156
f 1490 740 1493
f 1490 1494 740
f 1490 4155 1494
f 1490 4153 4155
f 4155 4153 4150
f 4155 4150 4154
f 1484 1486 4150
f 1484 4150 4146
f 1496 4154 4150
f 1496 4150 1486
f 4238 746 4235
f 4238 4235 4236
f 4238 4236 4233
f 4238 4233 4239
f 4236 4230 4233
f 1580 4236 4235
f 1580 4234 4236
f 4236 4234 4230
f 1581 1580 4235
f 1581 4235 4237
f 746 4237 4235
f 1506 1518 4169
f 1506 4169 1519
f 1519 4170 1506
f 1506 4170 4171
f 1518 1506 1517
f 1506 4168 1517
f 4168 1506 4166
f 1506 1512 4166
f 1506 4171 1556
f 1578 1581 1579
f 1578 1580 1581
f 1578 4234 1580
f 1578 4231 4234
f 4230 4234 4231
f 4230 4231 4229
f 1575 4230 4229
f 1575 4229 1573
f 4231 4232 4228
f 4231 4228 4229
f 4229 4228 1574
f 4229 1574 1573
f 1578 1579 4232
f 1578 4232 4231
f 4230 1575 1577
f 4230 1577 4233
f 4233 1577 747
f 4233 747 4239
f 1481 1604 760
f 1481 760 1605
f 4296 762 1626
f 4296 4295 762
f 1625 4295 4296
f 1625 1624 4295
f 4294 1624 1625
f 4294 4293 1624
f 1622 4293 4294
f 1622 1621 4293
f 1618 4292 1619
f 1618 4291 4292
f 1615 4291 1618
f 1615 1618 1617
f 1615 1617 1616
f 1615 4289 4291
f 1611 4292 4291
f 4291 1613 1611
f 4291 4289 1613
f 1611 1623 4292
f 1615 1616 4290
f 1615 4290 4289
f 4289 4290 1614
f 4289 1614 1613
f 1617 1618 1619
f 1617 1619 1620
f 1622 1620 1619
f 1622 1619 1621
f 4293 1621 1619
f 4293 1619 4292
f 4293 4292 1623
f 4293 1623 1624
f 1610 4287 1612
f 1610 761 4287
f 1613 4287 761
f 1613 1614 4287
f 4205 1559 4209
f 4205 4209 4210
f 1477 4139 736
f 1477 4138 4139
f 4140 4139 4138
f 4140 4138 4141
f 4140 4141 1479
f 4140 1479 1480
f 1472 735 4135
f 1472 4135 4134
f 4134 4135 4133
f 4134 4133 4131
f 4133 762 4131
f 4133 1626 762
f 1474 735 1472
f 1474 1472 1473
f 4136 1473 1472
f 4136 1472 4134
f 4136 4134 4131
f 4136 4131 4132
f 4132 4131 762
f 4132 762 1471
f 4132 1471 1478
f 4132 1478 4142
f 739 1487 1485
f 739 1485 738
f 4246 4245 1585
f 4246 1585 767
f 1576 1577 1575
f 1576 1630 1577
f 1630 1576 766
f 766 1576 1500
f 4227 1500 1576
f 4227 1576 1575
f 1577 1630 1585
f 1630 767 1585
f 1630 766 767
f 766 1500 742
f 4227 1575 1573
f 1577 1585 1583
f 1577 1583 1582
f 1577 1582 747
f 1500 739 742
f 1500 1498 739
f 1501 1500 4227
f 1499 1500 1501
f 1499 1498 1500
f 4227 1573 4226
f 739 1498 1487
f 4160 1487 1498
f 4160 1498 1499
f 1487 4160 1486
f 1485 1487 1486
f 4159 1486 4160
f 4159 4160 1499
f 4159 1499 1497
f 4159 1496 1486
f 4227 1572 1501
f 4227 4226 1572
f 738 1485 4145
f 1486 1484 1485
f 738 4145 4274
f 1484 4144 4145
f 1484 4145 1485
f 4274 4145 1481
f 4274 1481 1605
f 4144 4143 1479
f 4144 1479 1478
f 1481 4144 1478
f 1471 1481 1478
f 1481 4145 4144
f 1471 1604 1481
f 1604 1471 4276
f 762 4276 1471
f 762 4295 4276
f 4276 1603 1604
f 1603 760 1604
f 1603 759 760
f 4276 1623 1603
f 1623 4276 4295
f 1623 4295 1624
f 1603 1602 759
f 1602 1599 759
f 1603 1611 1602
f 1603 1623 1611
f 1602 1598 1599
f 1611 4283 1602
f 4283 1598 1602
f 1598 756 1599
f 1613 4283 1611
f 1613 761 4283
f 4283 1607 1598
f 1607 4283 761
f 1607 761 1610
f 1598 1596 756
f 1595 1596 1598
f 1595 1598 1607
f 1595 1593 1596
f 756 1596 1593
f 4263 756 1593
f 4263 1593 4262
f 1595 1594 1593
f 1597 1594 1595
f 1597 1595 757
f 1594 1597 4267
f 1600 4267 1597
f 1600 1597 757
f 1594 4267 4266
f 1600 757 1606
f 1600 4272 4267
f 4267 4268 4266
f 4267 4269 4268
f 4267 4272 4271
f 4267 4271 4269
f 758 4269 4271
f 4268 4269 758
f 4266 4268 4217
f 4266 4217 4265
f 4268 758 1601
f 758 4271 1561
f 4270 1601 758
f 4270 758 1561
f 4215 1601 4270
f 1561 4211 4270
f 1561 1562 4211
f 1561 4208 1562
f 1561 4207 4208
f 1562 4208 4212
f 4208 4210 4212
f 4208 4205 4210
f 4205 4208 4207
f 4205 4207 4206
f 4205 4206 1560
f 4205 1560 1559
f 1560 1557 1559
f 1557 1558 1559
f 1559 1563 1564
f 1559 1564 4209
f 4209 1564 1565
f 4209 1565 1566
f 4209 1566 4214
f 4214 4210 4209
f 4212 4210 4214
f 743 4214 1566
f 4212 4214 4213
f 4211 4212 4213
f 4211 1562 4212
f 4216 4213 4214
f 4216 4215 4213
f 4215 4211 4213
f 743 4216 4214
f 4215 4270 4211
f 4216 743 4219
f 4216 4219 4273
f 4216 4273 4265
f 4216 4265 4217
f 4215 4216 4217
f 4268 4215 4217
f 4268 1601 4215
f 1594 4266 4265
f 1594 4265 4264
f 4265 4273 4264
f 1593 1594 4264
f 1593 4264 4262
f 4273 1567 4264
f 4273 4219 1567
f 754 4263 4262
f 754 4262 751
f 755 754 751
f 755 751 753
f 751 1592 753
f 751 4222 1592
f 4261 1592 4222
f 4261 4222 4220
f 4222 751 1567
f 752 4261 4220
f 752 4220 4221
f 4218 752 4221
f 4218 1568 752
f 1567 751 4262
f 1567 4262 4264
f 1656 1568 4218
f 1656 4218 4318
f 1509 4165 1512
f 4165 1509 1510
f 4165 1510 1513
f 1510 4167 1513
f 1510 1514 4167
f 1508 1510 1509
f 1506 1508 1509
f 1506 1509 1512
f 1506 1507 1508
f 1508 1511 1510
f 1510 1511 4175
f 4175 1511 1523
f 1511 1524 1523
f 1511 1525 1524
f 4175 1523 4177
f 1522 4175 4177
f 1522 4176 4175
f 4174 4175 4176
f 1510 4175 4174
f 4174 4176 1521
f 4178 4177 1523
f 1522 4177 4178
f 1522 4178 4179
f 1510 4174 4172
f 1521 4172 4174
f 1520 1510 4172
f 1520 4172 4173
f 1521 4173 4172
f 1514 1510 1515
f 1515 1510 1516
f 1516 1510 1520
f 1526 4180 4178
f 1526 4178 1527
f 4178 4180 4179
f 1527 4178 1523
f 1527 1523 1528
f 1528 1523 4181
f 1523 1524 4181
f 1528 4181 4184
f 1528 4184 1530
f 1529 4181 1524
f 1529 4183 4181
f 4184 4181 4183
f 4182 1529 1524
f 4182 4185 1529
f 4182 1531 4185
f 4182 1532 1531
f 1533 1534 1532
f 1533 1532 1525
f 1525 1532 4182
f 1534 4186 1532
f 1532 4186 4187
f 1532 4187 1531
f 1525 4182 1524
f 4188 4187 4186
f 1536 4186 1534
f 1536 4188 4186
f 1535 4188 1536
f 1534 1537 1536
f 1533 4190 1534
f 4189 1534 4190
f 1537 1534 4189
f 1537 4189 4191
f 4190 4192 4189
f 4191 4189 4192
f 4190 1539 4192
f 1539 4190 4193
f 1533 4193 4190
f 1539 4193 4194
f 4195 4194 4193
f 1540 4193 1533
f 1540 4195 4193
f 1540 1533 1541
f 4195 1542 4194
f 1537 4191 1538
f 1540 4196 4195
f 4195 4196 4197
f 4195 4197 1542
f 1543 4197 4196
f 1540 1543 4196
f 1540 1541 1546
f 1541 1547 1546
f 1541 1548 1547
f 1540 1546 4198
f 1546 1549 4198
f 1546 1547 1549
f 1540 4198 1551
f 4199 1540 1551
f 1550 1540 4199
f 1540 1545 1544
f 1540 1544 1543
f 1545 1540 1550
f 4203 1554 1547
f 1554 4202 1547
f 1553 1547 4202
f 4203 1547 4204
f 1555 4204 1547
f 4137 4132 4142
f 4137 4136 4132
f 4137 1473 4136
f 4137 1475 1473
f 4138 1475 4137
f 1475 1474 1473
f 1475 1476 1474
f 4138 1477 1475
f 1475 736 1476
f 1475 1477 736
f 4138 4137 4142
f 4138 4142 4141
f 4142 1479 4141
f 4142 1478 1479
f 1632 1631 4285
f 1632 4285 4284
f 4300 1632 4284
f 4300 4284 4281
f 1609 4284 4285
f 1609 4281 4284
f 1609 4285 1608
f 4282 1609 1608
f 1609 4282 4281
f 4280 4300 4281
f 4280 4281 4277
f 4282 1608 4279
f 4282 4279 4275
f 4282 4275 4278
f 1606 4278 4275
f 1606 757 4278
f 1595 4278 757
f 1595 4277 4278
f 4281 4278 4277
f 4281 4282 4278
f 1595 4280 4277
f 1595 1607 4280
f 768 1631 1632
f 768 1632 1633
f 4301 1633 1632
f 4301 1632 4300
f 4301 4300 4280
f 4301 4280 4286
f 1610 4286 4280
f 1610 4280 1607
f 1633 4302 768
f 1633 4301 4302
f 4302 4301 4286
f 4302 4286 4288
f 1612 4288 4286
f 1612 4286 1610
f 4299 4298 4253
f 4299 4253 748
f 4298 750 4253
f 4298 4260 750
f 4259 1588 750
f 4259 750 4260
f 1589 1588 4259
f 1589 4259 4258
f 1590 1589 4258
f 1590 4258 4257
f 4313 4312 1640
f 4313 1640 1641
f 4314 4313 1641
f 4314 1641 1642
f 1643 4314 1642
f 1643 4315 4314
f 1644 4312 4313
f 1644 4313 1645
f 4220 4222 1567
f 4220 1567 4219
f 4221 4220 4219
f 4221 4219 743
f 4221 743 1566
f 4221 1566 4218
f 1565 4318 4218
f 1565 4218 1566
f 4317 4318 1565
f 4317 1565 1564
f 4318 4317 1655
f 4318 1655 1656
f 1646 4316 4315
f 1646 4315 1643
f 4315 4316 1650
f 4315 1650 1649
f 4164 1503 4163
f 4164 4163 1499
f 4164 1499 1501
f 4164 1505 1503
f 1572 4164 1501
f 1572 4223 4164
f 4223 1505 4164
f 1505 1569 1503
f 4223 1571 1505
f 744 1505 1571
f 744 1570 1505
f 1505 1570 1569
f 4354 1801 4579
f 4519 4576 4526
f 4576 4577 1831
f 4519 1802 4576
f 1831 4577 4578
f 4578 1668 1671
f 4578 1671 1831
f 4578 1830 1668
f 4574 1830 4578
f 4574 4578 4577
f 4574 4577 4576
f 4527 1830 4574
f 1802 4527 4574
f 4574 4576 1802
f 4527 4575 1830
f 1802 4521 4527
f 4519 4521 1802
f 4579 1831 1671
f 4579 1671 4354
f 4353 4354 1671
f 4353 1676 4354
f 1676 1801 4354
f 4353 4358 1676
f 4357 4358 4353
f 4357 4353 4356
f 4353 1675 4356
f 4351 1675 4353
f 4351 4355 1675
f 774 4358 4357
f 774 4357 4359
f 4363 774 4364
f 774 4368 4364
f 774 4359 4368
f 4368 4359 1675
f 4368 1675 4371
f 1800 4575 4527
f 1800 4527 4522
f 4521 4522 4527
f 4521 1799 4522
f 1799 4521 4519
f 1799 4519 1798
f 1797 1799 1798
f 1797 4515 1799
f 4515 4512 1799
f 4515 4513 4512
f 4511 4512 4513
f 4511 1794 4512
f 1794 4511 4510
f 1794 4510 1793
f 1793 4510 4507
f 1793 4507 4508
f 4507 4509 4502
f 4507 4502 4504
f 1795 1796 1786
f 1795 1786 1785
f 4514 1795 4511
f 4514 4511 4513
f 1797 4514 4513
f 1797 4513 4515
f 4451 1745 1748
f 4451 4448 1745
f 4451 1734 4448
f 4451 1746 1734
f 1735 1734 1746
f 1746 1747 1735
f 4452 1746 4451
f 4451 4453 4452
f 4451 1748 4453
f 4454 4452 4453
f 1750 4452 4454
f 1750 1746 4452
f 1750 4454 1749
f 1746 1751 1747
f 1747 1751 1752
f 1753 1747 1752
f 1753 1752 1754
f 1754 1752 4455
f 4455 1752 4456
f 4456 1752 1751
f 1753 1754 1763
f 1753 1763 1765
f 1753 1765 1767
f 1763 1766 1765
f 1754 4473 1763
f 1763 4474 1766
f 1763 4473 4474
f 1754 4455 4461
f 4455 4456 4458
f 4459 4455 4458
f 4459 1757 4455
f 1758 4455 1757
f 1758 4461 4455
f 4457 4458 4456
f 4457 4459 4458
f 4457 4460 4459
f 4456 1755 4457
f 4460 4457 1755
f 1758 4462 4461
f 4461 4462 1754
f 1758 4463 4462
f 4462 4463 4464
f 1754 4462 4465
f 4465 4462 4464
f 4465 4464 1759
f 4465 1759 1760
f 4465 1760 4466
f 4456 1756 1755
f 4456 1751 1756
f 1756 1751 1772
f 4480 1772 1751
f 1751 4479 4480
f 4479 1751 1746
f 1771 4480 4479
f 4479 1746 4478
f 1771 4479 4478
f 1771 4478 1770
f 1771 4481 4480
f 4480 4482 1803
f 4480 4481 4482
f 4480 1803 1772
f 1768 1746 1750
f 1768 4475 1746
f 1746 4475 4478
f 1770 4478 4475
f 1770 4475 4477
f 4475 4476 4477
f 1769 4476 4475
f 1769 4475 1768
f 1697 4395 4390
f 1697 4390 4394
f 4390 4393 4394
f 4390 4391 4393
f 1696 4393 4391
f 1696 4391 4392
f 4395 1697 1698
f 4395 1698 4396
f 4396 1698 4397
f 4396 4397 4398
f 4398 4397 4400
f 4398 4400 4401
f 1703 4401 4400
f 1703 4404 4401
f 4395 4396 1699
f 4395 1699 1691
f 1699 1690 1691
f 1699 1700 1690
f 789 1690 1700
f 789 779 1690
f 779 1688 1690
f 1690 1688 1689
f 1690 1689 1691
f 779 1826 1688
f 779 1819 1826
f 1688 1826 1686
f 1688 1686 1689
f 1818 1826 1819
f 1818 1819 1816
f 1826 1818 1825
f 1815 1825 1818
f 1815 1818 1816
f 1826 1825 1686
f 787 1815 1816
f 1815 1817 1825
f 787 1813 1815
f 1813 1817 1815
f 1813 1814 1817
f 1812 1813 787
f 1812 1811 1813
f 1817 4565 4566
f 1817 4566 1825
f 4552 1817 4549
f 4552 4565 1817
f 4560 4552 4549
f 4560 4549 4554
f 4560 4554 1820
f 4560 1820 4562
f 4549 4553 4554
f 4549 4550 4553
f 1820 1822 4562
f 1820 1821 1822
f 1740 4443 4439
f 1740 4439 1738
f 1738 4439 4440
f 1738 4440 4441
f 1732 4440 4439
f 4443 1732 4439
f 4443 1734 1732
f 4440 1732 1737
f 1732 1736 1737
f 4440 4442 4441
f 4440 1739 4442
f 4440 1737 1739
f 1734 4443 4444
f 1742 1734 4444
f 1743 4447 1734
f 4447 4448 1734
f 1742 1743 1734
f 4443 4445 4444
f 4443 1740 4445
f 1745 4448 4447
f 4444 4445 4446
f 1742 4444 4446
f 1745 4447 4450
f 1742 4446 1741
f 4449 4450 4447
f 1744 4449 4447
f 1744 4447 1743
f 4412 4416 1710
f 4412 4413 4416
f 4484 4416 4413
f 4484 4413 4415
f 4487 4416 4484
f 4487 4486 4416
f 1776 4487 4484
f 1774 4484 4415
f 1776 4484 1774
f 1774 4415 4485
f 1776 1774 1775
f 1776 1775 1777
f 1775 1774 4485
f 1775 4485 1773
f 1708 4412 4411
f 1708 1709 4412
f 4412 1709 4414
f 4412 4414 4413
f 4415 4413 4414
f 4415 4414 4483
f 4415 4483 1773
f 4415 1773 4485
f 4406 4410 1708
f 4406 1708 4411
f 4409 4410 4406
f 4409 4406 4408
f 4407 4409 4408
f 4407 781 4409
f 4403 4411 1701
f 4403 4406 4411
f 4408 4406 4403
f 4408 4403 4405
f 1705 4408 4405
f 1705 4407 4408
f 1705 1707 781
f 1705 781 4407
f 4403 1701 1699
f 4403 1699 4399
f 4403 4399 4402
f 4403 4402 4405
f 4402 1705 4405
f 4402 1704 1705
f 4402 4399 4398
f 1704 4402 4401
f 4402 4398 4401
f 1699 4398 4399
f 1699 4396 4398
f 1704 4401 4404
f 1703 1704 4404
f 1659 1661 1660
f 1659 4347 1661
f 1661 4347 1667
f 4343 4347 1659
f 4343 4345 4347
f 4345 1667 4347
f 1659 4324 4343
f 4345 4348 1667
f 4342 4345 4343
f 4340 4345 4342
f 4340 4344 4345
f 4344 4348 4345
f 4344 4346 4348
f 4343 4341 4342
f 4324 4341 4343
f 4324 1662 4341
f 4340 4342 4341
f 1662 4337 4341
f 4337 4340 4341
f 1657 4319 1658
f 1657 4320 4319
f 1660 4319 4320
f 1660 4320 1659
f 4324 1659 4320
f 4324 4320 4321
f 4322 4321 4320
f 4320 1657 4535
f 4322 4320 4323
f 4320 4535 4538
f 1806 4535 1657
f 4323 4328 4322
f 4328 4325 4322
f 4323 4326 4328
f 4536 4535 1806
f 4328 4327 4325
f 4536 1806 4533
f 4533 1806 4530
f 4533 4530 4531
f 1807 4533 4531
f 4536 4533 1807
f 4536 1807 4537
f 1807 4531 4532
f 1807 4532 4534
f 4322 4325 1662
f 4326 4545 4548
f 4545 4326 786
f 4326 4548 4328
f 4545 786 4543
f 4548 4545 4547
f 4548 4547 4331
f 4544 4547 4545
f 4544 4545 4543
f 4331 4547 1665
f 1665 4547 4544
f 4331 1665 1664
f 4331 1664 4330
f 4548 4331 4330
f 4330 1664 1663
f 1665 771 1664
f 770 1664 771
f 770 1663 1664
f 1665 772 771
f 1665 4544 1810
f 1665 1810 1811
f 1812 1665 1811
f 1812 772 1665
f 4544 4546 1810
f 4330 1663 4334
f 1663 4335 4334
f 4333 4334 4335
f 4330 4334 4333
f 4330 4333 4329
f 4335 4336 4333
f 4335 4339 4336
f 4333 4336 4338
f 4333 4338 4332
f 4338 4336 4339
f 4338 4339 773
f 4332 4338 4340
f 1666 4338 773
f 1666 4340 4338
f 4332 4340 4337
f 4346 4344 4340
f 4346 4340 1666
f 4329 4333 4332
f 4329 4332 769
f 1662 769 4332
f 1662 4332 4337
f 4548 4330 4329
f 4328 4548 4329
f 4328 4329 769
f 4327 4328 769
f 4327 769 1662
f 4327 1662 4325
f 4324 4321 4322
f 4324 4322 1662
f 4538 4535 4536
f 4537 4538 4536
f 4537 1809 4538
f 1809 4537 4539
f 4537 4534 4539
f 4537 1807 4534
f 4323 4320 4538
f 4323 4538 1809
f 786 4323 1809
f 786 4326 4323
f 4539 786 1809
f 4539 4540 786
f 4534 4540 4539
f 4534 1808 4540
f 1808 4541 4540
f 786 4540 4541
f 1808 4585 4541
f 786 4541 4542
f 4542 4541 4585
f 786 4542 4543
f 4542 4585 4546
f 4544 4542 4546
f 4544 4543 4542
f 1668 1669 1670
f 1668 1670 1671
f 1670 4349 1671
f 1670 4350 4349
f 4350 1672 4349
f 4351 4349 1672
f 4352 1671 4349
f 4352 4349 4351
f 4351 4353 4352
f 4353 1671 4352
f 4350 1673 1672
f 1672 1673 1674
f 1672 1674 1714
f 4351 1672 4355
f 1672 4417 4355
f 4417 1672 1714
f 1674 1715 1714
f 4417 1714 4418
f 4418 1714 1715
f 4418 1715 4419
f 4355 4417 4371
f 4355 4371 1675
f 4417 4418 4371
f 4371 1681 4368
f 1716 1717 1718
f 1716 1718 1719
f 1719 1718 1720
f 4420 1719 1720
f 1721 1716 1719
f 1719 4421 1721
f 4420 4421 1719
f 1721 1722 1716
f 1721 1731 1722
f 1722 1731 1732
f 1722 1732 1734
f 1722 1734 1735
f 1721 1729 1731
f 4435 1732 1731
f 1729 4435 1731
f 1721 4433 1729
f 1729 4433 1728
f 1729 1728 1730
f 4434 1729 1730
f 1729 4436 4435
f 4434 4436 1729
f 4437 4435 4436
f 4437 4436 4434
f 4437 4434 4438
f 1733 4435 4437
f 4438 1733 4437
f 1733 1736 4435
f 4435 1736 1732
f 1728 4433 4431
f 4433 1721 4431
f 1728 4431 4432
f 4431 4430 4432
f 4429 4430 4431
f 1721 4429 4431
f 4429 1727 4430
f 1721 4428 4429
f 1721 4427 4428
f 4421 4423 1721
f 1721 4423 4425
f 1721 4425 4427
f 4428 1727 4429
f 4428 1726 1727
f 4425 1725 4427
f 4425 4426 1725
f 4423 4426 4425
f 4423 4424 4426
f 4422 4423 4421
f 4423 4422 4424
f 4422 4421 1724
f 4421 1723 1724
f 4421 4420 1723
f 4363 4365 4360
f 4363 4360 774
f 4369 4364 4368
f 4369 4368 1681
f 1681 4370 4369
f 4370 1679 4369
f 1681 1713 4370
f 4370 777 1679
f 1712 777 4370
f 1713 1712 4370
f 4367 1679 777
f 4367 4365 1679
f 4363 1679 4365
f 4363 4369 1679
f 4365 4367 4366
f 1677 4366 4367
f 4361 4366 1677
f 4360 4366 4361
f 4360 4365 4366
f 4361 1677 1678
f 775 1678 1677
f 775 776 1678
f 4362 4361 1678
f 4362 1678 1680
f 1680 1678 776
f 4360 4361 4362
f 1680 776 778
f 4362 1680 4524
f 778 1796 1680
f 1680 4516 4524
f 4516 1680 1796
f 778 783 1796
f 4528 4362 4524
f 4525 4524 4516
f 4528 4524 4525
f 4360 4362 4528
f 774 4360 4528
f 4516 1796 1795
f 774 4528 4358
f 1676 4528 4525
f 1676 4358 4528
f 4525 4516 4520
f 1676 4525 4520
f 4517 4516 1795
f 4517 4520 4516
f 4517 1795 4514
f 1676 4520 785
f 4517 4514 1797
f 4518 4520 4517
f 4517 1797 4518
f 4518 785 4520
f 4523 4518 1797
f 4518 4523 785
f 4523 1797 1798
f 4526 4523 1798
f 785 4523 4526
f 4526 1798 4519
f 785 4526 1801
f 1676 785 1801
f 4576 1831 1801
f 4576 1801 4526
f 1831 4579 1801
f 1703 1706 1704
f 1704 1706 1707
f 1704 1707 1705
f 1701 4411 4412
f 1701 4412 1710
f 1702 1701 1710
f 1702 1710 1711
f 1711 789 1702
f 1700 1702 789
f 1700 1701 1702
f 1711 1788 789
f 1700 1699 1701
f 1711 782 1788
f 1711 1784 782
f 1711 1781 1784
f 1711 1710 1781
f 1783 1784 1781
f 1783 1782 1784
f 782 1784 1782
f 1787 782 1782
f 1787 1782 1786
f 783 1787 1786
f 783 1786 1796
f 1782 1783 1785
f 1782 1785 1786
f 4509 1785 1783
f 4509 1783 4497
f 4494 4497 1783
f 4494 4495 4497
f 1783 1781 4493
f 1783 4493 4494
f 4500 4497 4495
f 4500 4495 4498
f 1789 4500 4498
f 1789 4498 4501
f 1792 4500 1789
f 1792 4502 4500
f 784 1792 1789
f 1791 1789 4501
f 784 1789 1791
f 1791 4501 1790
f 1780 4494 4493
f 4496 4494 1780
f 4496 4495 4494
f 1780 4493 1779
f 4499 4495 4496
f 4499 4498 4495
f 4499 4501 4498
f 4499 1790 4501
f 4491 1779 4493
f 4491 4493 4489
f 4488 4492 4491
f 4488 4491 4489
f 4490 4492 4488
f 4490 1778 4492
f 1795 4510 4511
f 1795 1785 4510
f 4510 1785 4509
f 4510 4509 4507
f 4509 4497 4500
f 4509 4500 4502
f 4503 4504 4502
f 4503 4502 1792
f 4503 1792 784
f 4503 784 4505
f 4508 4507 4504
f 4508 4504 4506
f 4503 4506 4504
f 4503 4505 4506
f 4427 1725 1726
f 4427 1726 4428
f 4395 4387 4390
f 4395 1691 4387
f 4387 1691 1689
f 4387 1689 4381
f 4381 4389 4387
f 4390 4387 4389
f 4381 4384 4389
f 4390 4389 4391
f 4389 4392 4391
f 4389 1694 4392
f 1694 1696 4392
f 1694 1695 1696
f 4416 1781 1710
f 4416 4486 1781
f 4486 4493 1781
f 4486 4489 4493
f 4488 4489 4486
f 4488 4486 4487
f 4488 4487 1776
f 4488 1776 4490
f 1776 1778 4490
f 1776 1777 1778
f 4357 4356 1675
f 4357 1675 4359
f 1832 4580 4555
f 1832 4555 4551
f 1832 4551 4581
f 1832 4581 1833
f 4555 4580 4559
f 4555 4559 4556
f 4557 4556 4559
f 4557 4559 788
f 4470 4471 4472
f 4470 1761 4471
f 4470 4469 1761
f 4468 1761 4469
f 4468 4467 1761
f 1754 4469 4470
f 4473 1754 4470
f 4472 4473 4470
f 4472 1762 4473
f 4474 4473 1762
f 4474 1762 1764
f 1754 4466 4468
f 1754 4468 4469
f 1754 4465 4466
f 1760 4468 4466
f 1760 4467 4468
f 4551 4555 4550
f 4551 4550 1814
f 4549 1814 4550
f 4549 1817 1814
f 4551 1814 1810
f 4551 1810 4581
f 4550 4555 4556
f 4550 4556 4553
f 4558 4553 4556
f 4558 4556 4557
f 4553 4558 1820
f 4553 1820 4554
f 4558 1821 1820
f 4558 4561 1821
f 4561 4558 4557
f 4561 4557 788
f 4529 4530 1804
f 4529 4531 4530
f 4532 4531 4529
f 4532 4529 1805
f 4532 1805 1808
f 4532 1808 4534
f 1805 4585 1808
f 1805 4584 4585
f 4584 1805 4583
f 4584 4583 4582
f 4582 4583 1833
f 4582 1833 4581
f 4546 4585 4584
f 4546 4584 4582
f 4546 4582 4581
f 4546 4581 1810
f 1811 1810 1814
f 1811 1814 1813
f 1685 4379 4376
f 1685 4376 4377
f 4375 4377 4376
f 4375 4378 4377
f 4375 1684 4378
f 4375 4374 1684
f 1685 1687 4380
f 1685 4380 4379
f 4380 1687 4382
f 4380 4382 4383
f 4385 4383 4382
f 4385 4386 4383
f 4388 4386 4385
f 4388 4385 780
f 4375 1682 4374
f 4375 4372 1682
f 4375 4373 4372
f 4375 4376 4373
f 1682 4372 4572
f 4373 4572 4372
f 4373 4376 4379
f 4373 4379 1686
f 4373 1686 1825
f 4373 4569 4572
f 4373 1825 4569
f 1682 4572 1827
f 1682 1827 1829
f 1682 1829 1683
f 1684 1682 1683
f 1684 4374 1682
f 4573 4571 1828
f 4573 4570 4571
f 4570 4567 4571
f 4570 4568 4567
f 4567 4568 4566
f 4567 4566 1824
f 4565 1824 4566
f 4565 1823 1824
f 4564 1823 4565
f 4564 4565 4552
f 4560 4563 4564
f 4560 4564 4552
f 4563 4560 4562
f 4563 4562 1822
f 4573 1828 1829
f 4573 1829 1827
f 4570 4573 1827
f 4570 1827 4572
f 4568 4570 4572
f 4568 4572 4569
f 4569 4566 4568
f 4569 1825 4566
f 1689 4380 4383
f 1689 4383 4381
f 4384 4381 4383
f 4384 4383 4386
f 4384 4386 4388
f 4384 4388 1692
f 4384 1692 1694
f 4384 1694 4389
f 1692 1695 1694
f 1692 1693 1695
f 4388 1693 1692
f 4388 780 1693
f 4380 1689 1686
f 4380 1686 4379
f 4371 4418 1681
f 4363 4364 4369
f 1713 1681 4418
f 1713 4418 4419
f 4611 1847 1848
f 4611 4612 1847
f 1846 4612 4611
f 1846 4611 1845
f 4611 4606 1842
f 4611 1848 4606
f 796 797 1848
f 796 1848 1847
f 796 4613 797
f 4606 1848 797
f 4606 797 4603
f 4603 795 1842
f 4603 1842 4606
f 4603 4601 795
f 4603 4599 4601
f 4601 4599 4597
f 4601 4597 794
f 4611 1842 1843
f 4611 1843 1845
f 1837 4587 1839
f 1837 4586 4587
f 4587 4586 1835
f 4587 1835 1834
f 4588 4587 1838
f 1839 4587 4588
f 791 1837 1839
f 791 790 1837
f 791 4593 790
f 1839 4591 791
f 1839 4588 4591
f 4615 798 4593
f 4615 4613 798
f 792 4591 4588
f 792 4588 1838
f 4595 791 4591
f 4595 4594 791
f 791 4594 4593
f 793 4593 4594
f 4595 793 4594
f 4595 4597 793
f 793 4615 4593
f 1838 4616 792
f 1838 4590 4616
f 4589 4590 1838
f 4589 1838 1836
f 4617 4590 4589
f 4617 4589 1840
f 4617 1840 4619
f 4590 4617 799
f 4617 4620 799
f 4617 4619 4620
f 4590 799 4616
f 4607 4605 4604
f 4607 4604 801
f 4609 4607 801
f 4609 801 4625
f 4605 4607 1844
f 1844 4607 4609
f 4605 1844 4608
f 4605 4608 1843
f 4605 1843 1842
f 4605 1842 795
f 4605 795 4604
f 795 4602 4604
f 795 4601 4602
f 4601 4600 4602
f 4601 794 4600
f 4613 4615 793
f 4613 793 4614
f 4613 4614 797
f 797 4614 4599
f 4599 4614 793
f 4599 793 4597
f 797 4599 4603
f 4624 4600 1841
f 4624 4602 4600
f 4602 4624 801
f 4623 801 4624
f 4602 801 4604
f 792 4595 4591
f 792 4596 4595
f 4597 4595 4596
f 4597 4596 794
f 794 4598 4600
f 794 4596 4598
f 4596 4616 4598
f 4596 792 4616
f 4625 800 1850
f 4625 4623 800
f 4625 801 4623
f 4623 4624 1841
f 4623 1841 4622
f 1841 4600 4598
f 1841 4598 4618
f 4616 4618 4598
f 4616 799 4618
f 799 4621 4618
f 4610 4609 4625
f 4610 4625 1850
f 1844 4609 4610
f 4619 4592 1849
f 4619 1849 4620
f 4619 1840 4592
f 4622 1841 4618
f 4622 4618 4621
f 4620 800 4621
f 4620 4621 799
f 4620 1849 800
f 4623 4622 800
f 800 4622 4621
f 1838 4587 1834
f 1838 1834 1836
f 798 4613 796
f 4593 798 790
f 4688 813 4689
f 4688 4689 4687
f 4689 4691 4687
f 4689 1872 4691
f 4735 1872 4689
f 4689 1873 4735
f 4689 813 1873
f 1872 4694 4691
f 4687 4691 1871
f 4691 815 1871
f 4691 4694 815
f 1872 4697 4694
f 4735 4733 1872
f 4733 4697 1872
f 815 4694 4698
f 4698 4694 4697
f 4734 4733 4735
f 1873 4734 4735
f 4733 4732 4697
f 1885 4732 4733
f 4734 1885 4733
f 1873 4736 4734
f 1885 811 4732
f 4682 4732 811
f 4682 4697 4732
f 4698 4697 4682
f 4681 811 1885
f 4734 4681 1885
f 4734 4736 825
f 4681 4677 811
f 4675 811 4677
f 4682 811 4675
f 1868 4677 4681
f 4734 1868 4681
f 4677 4672 4675
f 4734 4676 1868
f 1868 1865 4677
f 4677 1865 4672
f 4734 825 4676
f 814 4688 4687
f 814 4687 4690
f 4687 1871 4690
f 4692 814 4690
f 4692 4690 1871
f 4692 4695 814
f 4692 1871 4693
f 4693 1871 815
f 4693 815 4696
f 1874 4693 4696
f 4645 4692 4693
f 4645 4693 1874
f 1874 4696 4699
f 815 4700 4696
f 4699 4696 4700
f 815 4698 4700
f 4701 1874 4699
f 4646 1874 4701
f 4646 4645 1874
f 4692 4645 816
f 4692 816 4695
f 4645 4646 1855
f 4645 1855 816
f 4701 4699 4702
f 1876 4701 4702
f 4648 4646 4701
f 4648 4701 1876
f 4699 4635 4702
f 4699 4700 4635
f 1876 4702 817
f 817 4702 4635
f 4646 4648 4647
f 4646 4647 1855
f 4707 1876 817
f 4649 1876 4707
f 4649 4648 1876
f 4648 4649 804
f 4648 804 4647
f 4707 817 4708
f 817 4630 4708
f 817 4635 4630
f 4627 4708 4630
f 4627 1878 4708
f 1878 4707 4708
f 1878 1877 4707
f 4707 1877 4651
f 4707 4651 4649
f 4650 4649 4651
f 4650 804 4649
f 1867 4670 4668
f 1867 4668 4671
f 4668 1863 4671
f 4673 4671 1863
f 4680 4671 4673
f 4680 1867 4671
f 4673 1868 4676
f 4668 4667 1863
f 4663 4667 4668
f 4668 808 4663
f 4668 4670 808
f 808 4664 4663
f 4667 809 1863
f 4667 4666 809
f 4666 4667 1862
f 4663 1862 4667
f 4660 1862 4663
f 4664 4660 4663
f 809 4666 4669
f 825 4673 4676
f 4664 4662 4660
f 825 4680 4673
f 4660 4661 1862
f 4665 1862 4661
f 4659 4661 4660
f 4659 1882 4661
f 4665 4661 1882
f 4660 807 4659
f 4660 4662 807
f 4657 4659 807
f 4659 4720 1882
f 4659 4657 4720
f 4657 807 4658
f 4657 1881 4720
f 4721 1882 4720
f 1881 4721 4720
f 4665 1882 4721
f 4666 1862 4665
f 4727 4665 4721
f 4727 4721 4724
f 4657 4655 1881
f 4657 4656 4655
f 4657 4658 4656
f 4655 4715 1881
f 1881 4715 4716
f 1881 4716 4721
f 4715 820 4716
f 4715 1880 820
f 4655 4653 4715
f 4653 1880 4715
f 4719 4716 820
f 806 4653 4655
f 4655 4656 806
f 806 4654 4653
f 4653 4652 1880
f 4654 4652 4653
f 1877 820 1880
f 1877 1880 4652
f 4654 1858 4652
f 1877 1878 820
f 1877 4652 4651
f 1858 4651 4652
f 1858 4650 4651
f 4669 4666 4665
f 4669 4665 4727
f 809 4669 4672
f 1865 1863 809
f 1865 1868 1863
f 4673 1863 1868
f 4706 4684 4685
f 4706 4704 4684
f 4684 4704 4698
f 4684 4698 4682
f 4730 4729 4726
f 4730 4731 4729
f 4729 4731 4669
f 4729 4669 4727
f 4704 4705 4703
f 4704 4706 4705
f 4706 4709 4705
f 4636 4705 4709
f 4706 4710 4709
f 4636 4709 4637
f 4710 4706 4685
f 4710 4685 4686
f 4741 4730 4726
f 4741 4726 4723
f 1887 4741 4743
f 1887 4730 4741
f 4731 4730 1887
f 4731 1887 4674
f 4731 4674 4672
f 4731 4672 4669
f 4723 4725 4722
f 4723 4726 4725
f 4726 4728 4725
f 4726 4729 4728
f 4728 4729 4727
f 4626 4725 4728
f 4626 4728 4724
f 4728 4727 4724
f 4626 4643 4725
f 4626 4724 4719
f 4712 4710 4686
f 4712 4686 4737
f 4739 4741 4723
f 4739 4723 4718
f 4739 4718 4714
f 4739 4714 4738
f 4742 4739 4738
f 4714 4737 4738
f 4714 4712 4737
f 4683 4743 4742
f 4683 4742 4740
f 4743 4741 4739
f 4743 4739 4742
f 4710 4712 4711
f 4710 4711 4709
f 4737 4683 4740
f 4737 4686 4683
f 4686 4679 4683
f 4679 4743 4683
f 4686 4685 4679
f 4679 1887 4743
f 4674 1887 4679
f 4685 4678 4679
f 4674 4679 4678
f 4685 4684 4678
f 4675 4674 4678
f 4678 4682 4675
f 4678 4684 4682
f 4675 4672 4674
f 4718 4723 4722
f 4718 4722 4717
f 4714 4718 4717
f 4714 4717 4713
f 4712 4714 4713
f 4712 4713 4711
f 4738 4737 4740
f 4738 4740 4742
f 4719 820 4627
f 4716 4719 4724
f 4716 4724 4721
f 4703 4705 4636
f 4703 4636 4639
f 4703 4639 4635
f 4703 4635 4700
f 4725 4643 4642
f 4725 4642 4722
f 4642 1853 4629
f 4642 4643 1853
f 4643 4628 1853
f 4643 4626 4628
f 4628 4626 4719
f 4628 4719 4627
f 4637 4709 4711
f 4637 4711 4638
f 4722 4642 4641
f 4722 4641 4717
f 4713 4717 4641
f 4713 4641 4640
f 4640 4641 4644
f 4638 4713 4640
f 4638 4711 4713
f 4629 4632 4634
f 4629 4634 4644
f 4641 4642 4629
f 4641 4629 4644
f 4632 4638 4634
f 4632 4637 4638
f 4631 4637 4632
f 4629 4631 4632
f 4631 4636 4637
f 4629 1853 4631
f 1853 4633 4631
f 4639 4631 4633
f 4639 4636 4631
f 1853 4628 4633
f 4633 4635 4639
f 4627 4633 4628
f 4627 4630 4633
f 4633 4630 4635
f 4634 4638 4640
f 4634 4640 4644
f 4704 4703 4700
f 4704 4700 4698
f 4627 820 1878
f 809 4672 1865
f 1888 1889 1890
f 1888 1890 1891
f 1894 1888 1891
f 1894 1896 1888
f 1895 1894 1891
f 1890 1892 1891
f 1895 1891 1892
f 1890 1893 1892
f 1892 1899 1895
f 1892 1893 1898
f 1892 1897 1899
f 1892 1898 1897
f 1897 1902 1899
f 1897 1898 1901
f 1897 1901 1900
f 1897 1900 1902
f 1900 1903 1902
f 1901 1905 1900
f 1900 1905 1903
f 1901 1904 1905
f 1906 1903 1905
f 1904 1908 1905
f 1906 1905 1908
f 1904 1907 1908
f 1910 1906 1908
f 1908 1907 1911
f 1910 1908 1909
f 1908 1911 1909
f 1911 1912 1909
f 1912 1910 1909
f 1912 1913 1910
f 1911 1914 1912
f 4744 4745 4746
f 4744 4746 4747
f 4750 4744 4747
f 4750 4752 4744
f 4748 4750 4747
f 4746 4748 4747
f 4746 4749 4748
f 4748 4751 4750
f 4748 4749 4754
f 4748 4754 4753
f 4755 4748 4753
f 4755 4751 4748
f 4753 4754 4758
f 4753 4758 4756
f 4757 4753 4756
f 4757 4755 4753
f 4758 4760 4756
f 4760 4757 4756
f 4758 4759 4760
f 4760 4761 4757
f 4759 4763 4760
f 4763 4761 4760
f 4759 4762 4763
f 4763 4764 4761
f 4762 4766 4763
f 4766 4764 4763
f 4762 4767 4766
f 4766 4765 4764
f 4768 4765 4766
f 4767 4768 4766
f 4767 4770 4768
f 4768 4769 4765
f 1920 1919 1915
f 1920 1915 1918
f 1921 1920 1918
f 1921 1923 1920
f 1917 1921 1918
f 1915 1917 1918
f 1915 1916 1917
f 1917 1922 1921
f 1924 1923 1921
f 1922 1924 1921
f 1924 1926 1923
f 1922 1925 1924
f 1925 1927 1924
f 1927 1926 1924
f 1927 1929 1926
f 1925 1928 1927
f 1928 1930 1927
f 1930 1929 1927
f 1930 1932 1929
f 1928 1931 1930
f 1931 1933 1930
f 1933 1932 1930
f 1933 1935 1932
f 1931 1934 1933
f 1934 1936 1933
f 1936 1935 1933
f 1936 1940 1935
f 1934 1937 1936
f 1941 1940 1936
f 1941 1936 1938
f 1939 1936 1937
f 1939 1938 1936
f 1944 1941 1938
f 1938 1939 1943
f 1944 1938 1942
f 1938 1943 1942
f 4773 4772 4771
f 4773 4771 4774
f 4773 4774 4777
f 4773 4777 4779
f 4771 4776 4774
f 4776 4777 4774
f 4771 4775 4776
f 4782 4779 4777
f 4776 4778 4777
f 4782 4777 4780
f 4777 4781 4780
f 4777 4778 4781
f 4785 4782 4780
f 4785 4780 4783
f 4780 4784 4783
f 4780 4781 4784
f 4788 4785 4783
f 4788 4783 4786
f 4783 4787 4786
f 4783 4784 4787
f 4791 4788 4786
f 4791 4786 4789
f 4786 4790 4789
f 4786 4787 4790
f 4794 4791 4789
f 4794 4789 4792
f 4789 4793 4792
f 4789 4790 4793
f 4797 4794 4792
f 4797 4792 4795
f 4792 4796 4795
f 4792 4793 4796
f 4800 4797 4795
f 4795 4796 4799
f 4800 4795 4798
f 4795 4799 4798
f 1945 1946 1947
f 1945 1948 1946
f 1945 1951 1948
f 1945 1953 1951
f 1951 1949 1948
f 1946 1948 1949
f 1946 1949 1950
f 1951 1952 1949
f 1955 1950 1949
f 1952 1954 1949
f 1955 1949 1954
f 1952 1956 1954
f 1954 1957 1955
f 1954 1958 1957
f 1956 1958 1954
f 1956 1959 1958
f 1959 1960 1958
f 1957 1958 1960
f 1957 1960 1961
f 1959 1962 1960
f 1961 1960 1963
f 1962 1963 1960
f 1961 1963 1965
f 1962 1964 1963
f 1963 1967 1965
f 1963 1968 1967
f 1964 1968 1963
f 1964 1966 1968
f 1966 1969 1968
f 1967 1968 1969
f 1967 1969 1971
f 1966 1970 1969
f 1969 1973 1971
f 1969 1974 1973
f 1970 1974 1969
f 1970 1972 1974
f 1972 1975 1974
f 1973 1974 1975
f 1973 1975 1977
f 1972 1976 1975
f 1976 1978 1975
f 1978 1977 1975
f 1978 1980 1977
f 1976 1979 1978
f 1981 1980 1978
f 1979 1981 1978
f 1981 1983 1980
f 1979 1982 1981
f 4801 4802 4803
f 4801 4804 4802
f 4801 4807 4804
f 4801 4809 4807
f 4807 4805 4804
f 4802 4804 4805
f 4802 4805 4806
f 4807 4808 4805
f 4811 4806 4805
f 4811 4805 4810
f 4805 4812 4810
f 4805 4808 4812
f 4810 4813 4811
f 4810 4814 4813
f 4812 4814 4810
f 4812 4815 4814
f 4815 4816 4814
f 4813 4814 4816
f 4813 4816 4818
f 4815 4817 4816
f 4817 4819 4816
f 4818 4816 4819
f 4818 4819 4821
f 4817 4820 4819
f 4819 4822 4821
f 4819 4823 4822
f 4820 4823 4819
f 4820 4824 4823
f 4824 4825 4823
f 4822 4823 4825
f 4822 4825 4827
f 4824 4826 4825
f 4825 4828 4827
f 4825 4829 4828
f 4826 4829 4825
f 4826 4830 4829
f 4830 4831 4829
f 4828 4829 4831
f 4828 4831 4833
f 4830 4832 4831
f 4836 4833 4831
f 4835 4831 4832
f 4836 4831 4835
f 4835 4832 4834
f 4834 4837 4835
f 4836 4835 4837
f 4836 4837 4839
f 4834 4838 4837
f 1985 1988 1989
f 1985 1989 1987
f 1986 1985 1987
f 1986 1984 1985
f 1990 1986 1987
f 1989 1990 1987
f 1989 1992 1990
f 1990 1991 1986
f 1993 1991 1990
f 1992 1993 1990
f 1992 1995 1993
f 1993 1994 1991
f 1996 1994 1993
f 1995 1996 1993
f 1995 1998 1996
f 1996 1997 1994
f 1999 1997 1996
f 1998 1999 1996
f 1998 2001 1999
f 1999 2000 1997
f 2002 2000 1999
f 2001 2002 1999
f 2001 2004 2002
f 2002 2003 2000
f 2005 2003 2002
f 2004 2005 2002
f 2004 2009 2005
f 2005 2006 2003
f 2005 2009 2010
f 2005 2010 2007
f 2008 2005 2007
f 2008 2006 2005
f 2007 2010 2013
f 2012 2008 2007
f 2007 2013 2011
f 2012 2007 2011
f 4840 4841 4842
f 4840 4842 4843
f 4845 4840 4843
f 4845 4844 4840
f 4846 4845 4843
f 4842 4846 4843
f 4842 4848 4846
f 4846 4847 4845
f 4846 4848 4851
f 4846 4851 4849
f 4850 4846 4849
f 4850 4847 4846
f 4849 4851 4854
f 4849 4854 4852
f 4853 4849 4852
f 4853 4850 4849
f 4852 4854 4857
f 4852 4857 4855
f 4856 4852 4855
f 4856 4853 4852
f 4855 4857 4860
f 4855 4860 4858
f 4859 4855 4858
f 4859 4856 4855
f 4858 4860 4863
f 4858 4863 4861
f 4862 4858 4861
f 4862 4859 4858
f 4861 4863 4866
f 4861 4866 4864
f 4865 4861 4864
f 4865 4862 4861
f 4864 4866 4869
f 4868 4865 4864
f 4864 4869 4867
f 4868 4864 4867
f 4871 826 827
f 4871 827 4870
f 4871 4870 828
f 4871 828 4872
f 4874 4872 828
f 4874 828 4873
f 2014 4874 4873
f 2014 4873 830
f 2016 2014 830
f 2016 830 2015
f 2015 834 2016
f 2015 833 834
f 833 4876 834
f 833 4875 4876
f 4876 4875 835
f 835 4875 836
f 835 836 2017
f 2017 836 4877
f 4877 836 4878
f 4877 4878 837
f 4878 4879 837
f 4878 838 4879
f 4881 4879 838
f 4881 838 4880
f 4881 4880 839
f 840 839 4880
f 840 841 839
f 4882 841 840
f 4882 840 842
f 4883 4882 842
f 4883 4884 4882
f 844 4884 4883
f 844 845 4884
f 2020 845 844
f 2020 4885 845
f 846 4885 2020
f 846 2022 4885
f 2022 846 832
f 2022 832 4886
f 4886 832 848
f 4887 850 849
f 4887 849 2023
f 2023 4888 4887
f 2023 851 4888
f 852 4888 851
f 854 855 853
f 854 853 4889
f 4889 4890 854
f 4889 4891 4890
f 4890 4891 2025
f 4890 2025 857
f 857 2025 2027
f 857 2027 2026
f 2027 860 2026
f 2027 861 860
f 861 4892 860
f 861 4893 4892
f 4893 862 4892
f 862 863 4892
f 862 2028 863
f 2028 864 863
f 864 4894 863
f 864 4895 4894
f 4895 865 4894
f 4895 4896 865
f 4896 4897 865
f 4896 4898 4897
f 4898 866 4897
f 866 867 4897
f 866 868 867
f 869 867 868
f 869 868 4899
f 4899 4900 869
f 4899 4901 4900
f 4901 871 4900
f 4901 872 871
f 872 2031 871
f 872 4902 2031
f 4902 873 2031
f 4902 2033 873
f 2033 858 873
f 2033 4903 858
f 4903 875 858
f 876 877 4904
f 876 4904 2034
f 4904 878 2034
f 4904 4905 878
f 878 4905 879
f 2036 880 2037
f 4906 2037 880
f 2038 4907 4908
f 4909 4908 4907
f 4909 2039 4908
f 2038 2040 4907
f 2038 4910 2040
f 2038 2041 4910
f 2041 4911 4912
f 2041 4912 4910
f 4906 2042 4911
f 4913 4911 2042
f 4913 4912 4911
f 4906 880 4914
f 4915 4906 4914
f 4915 2042 4906
f 4907 2043 4909
f 4907 4916 2043
f 2040 4916 4907
f 2040 4917 4916
f 4910 4917 2040
f 4910 4918 4917
f 4918 4910 4912
f 4918 4912 4919
f 4919 4912 4913
f 881 4913 2042
f 881 2042 4915
f 4913 881 2044
f 4919 4913 4920
f 4913 2044 4920
f 2044 881 2045
f 2045 881 4915
f 4921 4915 4914
f 4921 2046 4915
f 2045 4915 2046
f 4916 4922 2043
f 4916 4923 4922
f 4917 4923 4916
f 4917 2047 4923
f 4918 2047 4917
f 2048 4919 4920
f 2048 4920 2044
f 4924 4918 4919
f 2048 4924 4919
f 4918 4925 2047
f 4924 4925 4918
f 2049 2046 4921
f 2045 2046 2049
f 4926 4922 4923
f 2047 4927 4923
f 4926 4923 4927
f 2047 4925 4928
f 2047 4928 4927
f 4925 4924 4929
f 4925 4929 4928
f 4924 2048 4930
f 4924 4930 4929
f 4926 4931 4922
f 2043 4922 4931
f 2050 4926 4927
f 4927 4932 2050
f 4927 4928 4932
f 4928 4929 4933
f 4928 4933 4932
f 4934 4933 4929
f 4934 4929 4930
f 4926 2051 4931
f 2050 4935 4926
f 4935 2051 4926
f 4936 4931 2051
f 2043 4931 4936
f 4937 4935 2050
f 4932 4937 2050
f 4933 4938 4932
f 4932 4938 4937
f 4939 4933 4934
f 4933 4939 4938
f 4939 4934 4940
f 4941 4934 4930
f 4940 4934 4941
f 4938 4939 4942
f 4942 4939 4940
f 4938 4942 4943
f 4937 4938 4943
f 4935 4944 2051
f 4945 4944 4935
f 4937 4945 4935
f 4936 2051 2052
f 2051 4946 2052
f 2051 4944 4946
f 4937 4943 4947
f 2053 4937 4947
f 2053 4945 4937
f 4942 4940 4948
f 4948 4940 4949
f 4940 4941 4949
f 4950 4942 4948
f 4950 4951 4942
f 4951 4943 4942
f 4951 4952 4943
f 4952 4947 4943
f 4944 2054 4946
f 4944 2055 2054
f 4945 2055 4944
f 4945 2053 4953
f 4945 4953 2055
f 4953 2053 4954
f 4954 2053 4947
f 4952 4955 4947
f 4954 4947 4955
f 4948 4949 4956
f 4948 2056 4950
f 4948 4956 2056
f 2055 4953 2057
f 2055 2057 2054
f 4951 4950 4957
f 4958 4950 2056
f 4958 4957 4950
f 4952 4951 4959
f 4951 4957 4959
f 4953 4954 4960
f 2057 4953 4960
f 4952 4961 4955
f 4961 4954 4955
f 4961 2058 4954
f 4954 4962 4960
f 4954 2058 4962
f 2057 4960 4962
f 4956 4963 2056
f 4964 2056 4963
f 4964 4958 2056
f 4965 4958 4964
f 4965 4957 4958
f 4966 4959 4957
f 4965 4966 4957
f 2058 4961 4967
f 444 4962 2058
f 2058 4967 444
f 4965 4964 2059
f 4966 4965 4968
f 4968 4965 2059
f 2059 4964 4969
f 4970 4964 4963
f 4970 4969 4964
f 2059 4969 4971
f 4968 2059 4972
f 4971 4972 2059
f 2060 4969 4970
f 4971 4969 2060
f 4973 4970 4963
f 2060 4970 4974
f 4974 4970 4973
f 4975 4968 4972
f 4968 4975 2061
f 4966 4968 4976
f 4968 2061 4976
f 4975 4972 2062
f 4971 4977 4972
f 4977 2062 4972
f 4971 2060 4978
f 4971 4979 4977
f 4971 4978 4979
f 2060 4974 4980
f 4974 4973 2063
f 2063 4980 4974
f 2060 882 4978
f 2060 4981 882
f 2060 4980 4981
f 4979 4978 882
f 4977 4982 2062
f 4979 4982 4977
f 4975 2062 2064
f 4982 2064 2062
f 4981 4980 2065
f 4981 2065 882
f 4983 2065 4980
f 2063 4983 4980
f 4979 882 1
f 882 4984 1
f 882 2065 4984
f 4979 2066 4982
f 445 4979 1
f 445 2066 4979
f 4982 4985 2064
f 4985 4982 2066
f 4983 4986 2065
f 4984 2065 4986
f 4987 2066 445
f 4985 2066 4987
f 4988 1 4984
f 4989 1 4988
f 4989 445 1
f 4984 4986 4990
f 4991 4984 4990
f 4991 4988 4984
f 2067 4989 4988
f 2067 4988 4991
f 4989 2068 445
f 4987 445 4992
f 4992 445 2068
f 4992 4993 4987
f 4985 4987 4993
f 2069 2068 4989
f 2067 4994 4989
f 2069 4989 4994
f 4991 4995 2067
f 4994 2067 4995
f 4991 4996 4995
f 4996 4991 4990
f 4997 4990 4986
f 4996 4990 4997
f 2070 2068 2069
f 2070 2 2068
f 4992 2068 2
f 4992 4998 4993
f 2 4998 4992
f 883 2069 4994
f 2071 2069 883
f 2071 2070 2069
f 883 4994 3
f 4994 4995 3
f 2 4999 4998
f 2070 4999 2
f 2070 5000 4999
f 2071 5000 2070
f 4995 5001 3
f 4995 5002 5001
f 4996 5002 4995
f 883 3 5001
f 2071 883 5003
f 883 5001 5003
f 4999 5004 4998
f 4999 2072 5004
f 5000 2072 4999
f 2073 4998 5004
f 2073 4993 4998
f 5005 5001 5002
f 5001 5006 5003
f 5001 5005 5006
f 2071 5003 5007
f 5008 5003 5006
f 5008 5007 5003
f 2072 5009 5004
f 5010 5004 5009
f 5010 2073 5004
f 5000 2074 2072
f 5011 2072 2074
f 2072 5011 5009
f 5012 2073 5010
f 5012 4985 2073
f 2073 4985 4993
f 5005 5013 5006
f 2075 5006 5013
f 2075 5008 5006
f 5008 2075 5014
f 5007 5008 5014
f 5015 884 5016
f 5015 5016 5017
f 2076 5015 5017
f 5017 5016 2077
f 5017 2077 5018
f 2076 5017 5019
f 5017 2078 5019
f 5017 5018 2078
f 5019 885 2076
f 2077 5020 5018
f 5018 5021 2078
f 5018 5020 5021
f 2077 5022 5020
f 5022 5023 5020
f 5020 5023 5021
f 5024 2078 5021
f 5023 5024 5021
f 5024 886 2078
f 5019 2078 886
f 5019 886 5025
f 5019 5025 885
f 5025 2079 885
f 5022 887 5023
f 5026 5023 887
f 5026 5027 5023
f 5023 5027 5024
f 886 5024 5028
f 5024 5029 5028
f 5024 5027 5029
f 886 5028 2080
f 5025 886 2080
f 5026 5029 5027
f 5025 5030 2079
f 5025 2080 5030
f 2080 5031 5030
f 5031 2079 5030
f 5031 5032 2079
f 5026 888 5029
f 888 5033 5029
f 5028 5029 5033
f 2080 5028 5034
f 5028 5033 5034
f 2080 5034 5035
f 2080 5035 5031
f 889 5034 5033
f 888 889 5033
f 889 5036 5034
f 5036 5035 5034
f 5036 2081 5035
f 2081 5031 5035
f 890 5032 5031
f 2081 5037 5031
f 890 5031 5037
f 5038 5039 891
f 5038 5040 5039
f 2082 5040 5038
f 5040 2083 5039
f 5040 5041 2083
f 2082 5042 5040
f 5040 2084 5041
f 5040 5042 2084
f 5042 2082 892
f 2083 5041 5043
f 5041 5044 5043
f 5041 2084 5044
f 2083 5043 5045
f 5045 5043 5046
f 5043 5044 5046
f 5047 5044 2084
f 5046 5044 5047
f 5047 2084 893
f 5042 893 2084
f 5042 5048 893
f 5042 892 5048
f 5048 892 2085
f 5045 5046 894
f 5049 894 5046
f 5046 5047 5050
f 5049 5046 5050
f 893 5051 5047
f 5047 5052 5050
f 5047 5051 5052
f 893 2086 5051
f 5048 2086 893
f 5049 5050 5052
f 5048 2085 5053
f 5048 5053 2086
f 2086 5053 5054
f 5054 5053 2085
f 5054 2085 5055
f 5049 5052 895
f 895 5052 5056
f 5051 5056 5052
f 2086 5057 5051
f 5051 5057 5056
f 2086 5058 5057
f 2086 5054 5058
f 896 5056 5057
f 895 5056 896
f 896 5057 5059
f 5059 5057 5058
f 5059 5058 2087
f 2087 5058 5054
f 897 5054 5055
f 897 5060 5054
f 2087 5054 5060
f 2088 446 898
f 2088 2089 446
f 2088 2090 2089
f 5061 2089 2090
f 2088 5062 2090
f 899 5062 2088
f 5063 2090 5062
f 2091 5063 5062
f 899 2091 5062
f 5061 2090 5064
f 5064 2090 900
f 5063 900 2090
f 447 5061 5064
f 900 5063 5065
f 5065 5063 901
f 2091 901 5063
f 5066 901 2091
f 899 5066 2091
f 899 448 5066
f 5064 900 5067
f 2092 5064 5067
f 447 5064 2092
f 900 5065 449
f 5068 900 449
f 5068 5067 900
f 2092 5067 249
f 249 5067 5068
f 5065 901 2093
f 449 5065 5069
f 5069 5065 2093
f 5070 2093 901
f 5066 5070 901
f 448 2094 5066
f 2095 5066 2094
f 2095 5070 5066
f 448 2096 2094
f 449 5069 5071
f 5072 449 5071
f 5072 5068 449
f 249 5068 2097
f 2097 5068 5072
f 2092 249 450
f 2098 249 2097
f 2098 450 249
f 5069 2093 5073
f 5070 451 2093
f 451 5073 2093
f 2099 451 5070
f 2099 5070 2095
f 5074 2095 2094
f 2094 902 5074
f 2094 2096 902
f 903 2099 2095
f 5074 903 2095
f 5071 5075 5072
f 5076 5072 5075
f 2097 5072 5076
f 5077 2098 2097
f 5077 2097 5076
f 5078 450 2098
f 5079 2098 5077
f 5079 5078 2098
f 5080 451 2099
f 5080 5081 451
f 451 5081 5073
f 2099 5082 5080
f 2099 5083 5082
f 903 5083 2099
f 2100 5077 5076
f 5076 5075 2100
f 452 5079 5077
f 2100 452 5077
f 5081 5080 2101
f 5082 2101 5080
f 452 5084 5079
f 5084 5085 5079
f 5085 5078 5079
f 5086 2100 5075
f 904 2100 5086
f 904 452 2100
f 5087 5084 452
f 5087 452 904
f 5081 2101 5088
f 5073 5081 5088
f 5089 5084 5087
f 5089 2102 5084
f 5084 2102 5085
f 2103 5087 904
f 2104 904 5086
f 2104 2103 904
f 5090 5089 5087
f 2103 5090 5087
f 5091 5090 2103
f 2104 5091 2103
f 453 2102 5089
f 5090 2105 5089
f 2105 453 5089
f 2104 5092 5091
f 5093 2104 5086
f 5093 5092 2104
f 5094 2105 5090
f 5091 5095 5090
f 5094 5090 5095
f 5094 5096 2105
f 2105 5096 453
f 5097 5095 5091
f 2106 5091 5092
f 5097 5091 2106
f 453 5098 2102
f 5099 5098 453
f 5096 5099 453
f 2107 5094 5095
f 2107 5095 5097
f 2107 5100 5094
f 5094 5100 5096
f 5100 2108 5096
f 5096 2108 5099
f 2106 5092 2109
f 5101 2109 5092
f 5093 5101 5092
f 5102 2107 5097
f 5103 5097 2106
f 5103 5102 5097
f 5104 5103 2106
f 5104 2106 2109
f 5099 2110 5098
f 5105 2110 5099
f 2108 5105 5099
f 2107 2111 5100
f 5102 5106 2107
f 5106 2111 2107
f 2111 5107 5100
f 5100 5107 2108
f 5107 2112 2108
f 2108 2112 5105
f 5108 5102 5103
f 5108 5106 5102
f 905 5103 5104
f 5108 5103 905
f 5109 5104 2109
f 905 5104 2113
f 2113 5104 5109
f 5105 2114 2110
f 5110 2114 5105
f 2112 5110 5105
f 2111 2115 5107
f 5106 5111 2111
f 5111 2115 2111
f 5108 2116 5106
f 5111 5106 2116
f 5010 5009 5112
f 906 5009 5011
f 906 5112 5009
f 906 5011 5113
f 5011 2074 5113
f 907 5012 5010
f 5010 5112 300
f 907 5010 300
f 5114 2075 5013
f 5114 5014 2075
f 5012 2064 4985
f 2117 5012 907
f 2117 5115 5012
f 5012 5115 2064
f 454 300 5112
f 5116 5112 906
f 5116 454 5112
f 5117 5116 906
f 906 5113 2118
f 5117 906 2118
f 907 455 2117
f 907 5118 455
f 300 5118 907
f 300 5119 5118
f 454 5119 300
f 2064 5115 5120
f 5120 5115 2117
f 5121 2117 455
f 5120 2117 5121
f 5122 5119 454
f 5116 5122 454
f 2119 5116 5117
f 2119 2120 5116
f 5116 2120 5122
f 5118 5119 2121
f 5122 2121 5119
f 5123 5117 2118
f 2122 5117 5123
f 2122 2119 5117
f 2123 455 5118
f 5121 455 5124
f 5124 455 2123
f 2123 5118 5125
f 5118 2121 5125
f 456 2121 5122
f 2120 456 5122
f 4 5120 5121
f 5126 5121 5124
f 5126 4 5121
f 5127 2120 2119
f 908 2119 2122
f 908 5127 2119
f 2120 909 456
f 5127 909 2120
f 5124 2123 5128
f 5128 5126 5124
f 2124 2122 5123
f 457 2122 2124
f 457 908 2122
f 2123 458 5128
f 2123 5129 458
f 5129 2123 5125
f 5127 5130 909
f 5130 456 909
f 5127 5131 5130
f 908 5131 5127
f 5128 301 5126
f 458 301 5128
f 4 5126 5132
f 301 5132 5126
f 908 5133 5131
f 908 5134 5133
f 908 457 5134
f 5135 457 2124
f 5136 457 5135
f 5136 5134 457
f 5131 5133 2125
f 5134 2125 5133
f 2125 5137 5131
f 5137 5130 5131
f 301 2126 5132
f 458 910 301
f 910 2126 301
f 5134 2127 2125
f 5138 5134 5136
f 5138 2127 5134
f 459 2125 2127
f 459 2127 5138
f 5139 5138 5136
f 459 5138 5139
f 5139 5136 5140
f 5141 5136 5135
f 5141 5140 5136
f 2125 2128 5137
f 2125 5142 2128
f 2125 2129 5142
f 459 2129 2125
f 5140 5143 5139
f 459 5139 2130
f 5139 5143 2130
f 2129 459 5144
f 459 5145 5144
f 459 2130 5145
f 5140 5146 5143
f 5140 911 5146
f 5140 5141 911
f 5145 2130 912
f 2130 5143 912
f 2129 5147 5142
f 2129 5 5147
f 2129 5144 5
f 5 5144 302
f 302 5144 5145
f 5145 912 2131
f 302 5145 2131
f 912 5143 5148
f 5143 5149 5148
f 5143 5146 5149
f 5146 911 5150
f 5146 5150 5149
f 2131 912 6
f 912 5148 6
f 2132 5147 5
f 5 302 2132
f 302 2131 5151
f 460 5151 2131
f 2131 6 460
f 302 5151 5152
f 5153 302 5152
f 5153 2132 302
f 5154 5149 5150
f 5154 5155 5149
f 5155 5148 5149
f 913 6 5148
f 5155 5156 5148
f 913 5148 5156
f 6 913 303
f 6 303 460
f 460 5157 5151
f 5157 460 303
f 2133 5151 5157
f 2133 7 5151
f 7 5152 5151
f 7 461 5152
f 2134 5152 461
f 2134 5153 5152
f 5155 5154 5158
f 5159 5156 5155
f 5155 5158 5159
f 5160 913 5156
f 5159 5160 5156
f 913 8 303
f 5160 8 913
f 914 2134 461
f 914 461 7
f 5157 303 5161
f 8 5162 303
f 5161 303 5162
f 2135 2133 5157
f 2135 5157 5161
f 915 2133 2135
f 915 5163 2133
f 5163 7 2133
f 5163 916 7
f 914 7 916
f 5158 5164 5159
f 5164 5160 5159
f 5165 8 5160
f 5164 5165 5160
f 5165 917 8
f 8 917 5162
f 9 2135 5161
f 5161 5162 10
f 9 5161 10
f 5166 915 2135
f 5166 2135 9
f 2136 916 5163
f 914 916 2136
f 2137 5163 915
f 2136 5163 2137
f 2137 915 11
f 5167 915 5166
f 5167 11 915
f 918 5166 9
f 5167 5166 918
f 918 9 2138
f 10 2138 9
f 2137 12 2136
f 2137 2139 12
f 11 2139 2137
f 2140 917 5165
f 917 2140 5162
f 10 5168 2138
f 10 2141 5168
f 10 5162 2141
f 918 2138 2142
f 5168 2142 2138
f 11 919 2139
f 304 11 5167
f 304 919 11
f 918 2142 5169
f 2143 918 5169
f 5167 918 2143
f 5162 2140 5170
f 5162 5170 2141
f 2139 919 5171
f 304 5171 919
f 2139 5172 12
f 2139 5173 5172
f 2139 5171 5173
f 5168 5174 2142
f 5168 920 5174
f 5168 2141 920
f 2141 5170 2144
f 2141 2144 920
f 5169 2142 2145
f 5174 2145 2142
f 2143 5169 2146
f 5169 2145 13
f 2146 5169 13
f 5174 5175 2145
f 5174 14 5175
f 5174 920 14
f 920 2144 305
f 920 305 14
f 5176 305 2144
f 5176 2144 5170
f 13 2145 2147
f 2145 921 2147
f 2145 5175 921
f 13 2147 5177
f 2148 13 5177
f 2146 13 2148
f 921 5175 5178
f 5175 5179 5178
f 5175 14 5179
f 14 305 5180
f 14 5180 5179
f 305 880 5180
f 305 2149 880
f 5176 2149 305
f 5179 5180 2036
f 2036 5180 880
f 5178 5179 5181
f 5179 2036 5181
f 2148 5177 15
f 922 15 5177
f 922 5177 2147
f 921 5178 923
f 4914 880 2149
f 4914 2149 4921
f 4921 2149 2150
f 2149 5176 2150
f 4921 2150 5182
f 2049 4921 5182
f 2150 5176 5183
f 2151 5107 2115
f 2151 5184 5107
f 5107 5184 2112
f 5184 5185 2112
f 2112 5185 5110
f 905 16 5108
f 5108 2152 2116
f 5108 16 2152
f 2113 2153 905
f 905 2153 16
f 5186 2151 2115
f 5111 5186 2115
f 5110 5187 2114
f 5185 5188 5110
f 5188 5187 5110
f 5111 2116 306
f 2154 5111 306
f 2154 5186 5111
f 2116 2152 924
f 2116 924 306
f 5189 5184 2151
f 5186 5190 2151
f 5190 5189 2151
f 5189 5191 5184
f 5184 5191 5185
f 5190 5186 2154
f 16 2153 5192
f 2152 16 5193
f 16 5192 5193
f 2152 5193 5194
f 924 2152 5194
f 306 924 2155
f 306 2155 2154
f 5190 2154 2156
f 2154 2157 2156
f 2154 2155 2157
f 924 5194 5195
f 924 5196 2155
f 924 5195 5196
f 2158 5191 5189
f 5190 5197 5189
f 5197 2158 5189
f 5198 5197 5190
f 5198 5190 2156
f 2155 5196 5199
f 2155 5199 2157
f 2156 2157 5200
f 2156 5200 5198
f 5200 2157 5199
f 5193 5192 2159
f 5194 5193 5201
f 5193 2159 5201
f 462 5196 5195
f 462 5195 5194
f 5197 5202 2158
f 5198 5202 5197
f 462 2160 5196
f 5196 2161 5199
f 5196 2160 2161
f 5198 2162 5202
f 5198 925 2162
f 5198 5200 925
f 5200 5199 5203
f 925 5200 5203
f 5199 2161 5204
f 5199 5204 5203
f 925 5203 5205
f 5205 5203 5204
f 5206 925 5205
f 2162 925 5206
f 5202 2162 5207
f 2162 5206 5207
f 2160 462 5208
f 2161 2160 17
f 2160 5208 17
f 5209 5204 2161
f 2161 17 5209
f 5209 463 5204
f 2163 5204 463
f 5205 5204 2163
f 5210 5205 2163
f 5206 5205 5210
f 5207 5206 18
f 18 5206 5210
f 17 2164 5209
f 5209 5211 463
f 5209 2164 5211
f 17 5208 2165
f 17 5212 2164
f 17 2165 5212
f 463 5211 2166
f 2163 463 5213
f 463 2166 5213
f 5210 2163 5214
f 5213 5214 2163
f 5215 5210 5214
f 18 5210 5215
f 5216 2164 5212
f 5216 5212 2165
f 5216 5217 2164
f 2164 926 5211
f 2164 5217 926
f 5211 926 5218
f 5211 5218 2166
f 2166 5219 5213
f 5213 5219 5214
f 5218 5220 2166
f 2166 5220 5219
f 5215 5214 2167
f 2167 5214 5219
f 2167 5219 5221
f 5220 5221 5219
f 5216 2165 5222
f 5223 5217 5216
f 5223 5216 5222
f 5223 5224 5217
f 926 5217 5224
f 926 5224 5225
f 5218 926 5225
f 5218 5226 5220
f 5218 5225 5227
f 5227 5226 5218
f 5226 2168 5220
f 5220 2168 5221
f 2167 5221 5228
f 5221 5229 5228
f 5221 2168 5229
f 5224 5230 5225
f 5225 2169 5227
f 5225 5230 2169
f 5231 5224 5223
f 5231 464 5224
f 5224 464 5230
f 2170 5231 5223
f 5223 5222 927
f 2170 5223 927
f 5226 5232 2168
f 928 5232 5226
f 5227 928 5226
f 5233 928 5227
f 5233 5227 2169
f 2168 5232 5234
f 2168 5234 5229
f 5233 2169 5235
f 5230 5235 2169
f 464 307 5230
f 5230 307 5235
f 5231 19 464
f 464 19 307
f 2170 5236 5231
f 5231 5236 19
f 5233 5237 928
f 928 5237 5232
f 5232 5237 5238
f 5232 5238 5234
f 2170 927 5239
f 5222 5239 927
f 5240 307 19
f 5241 307 5240
f 5241 5235 307
f 5242 5235 5241
f 5242 5243 5235
f 5233 5235 5243
f 5244 19 5236
f 5244 2171 19
f 5240 19 2171
f 5242 5241 929
f 929 5241 5240
f 5245 5240 2171
f 929 5240 5245
f 5246 5243 5242
f 5242 929 2172
f 5246 5242 2172
f 5247 2172 929
f 5247 929 5245
f 5222 5248 5239
f 2165 5248 5222
f 930 2171 5244
f 930 5249 2171
f 5245 2171 5249
f 5250 5245 5249
f 5247 5245 5250
f 5247 5251 2172
f 5252 5247 5250
f 5252 5251 5247
f 5253 2172 5251
f 5253 931 2172
f 5246 2172 931
f 5253 5251 2173
f 5252 2173 5251
f 5254 5249 930
f 5254 2174 5249
f 5250 5249 2174
f 5255 5250 2174
f 5252 5250 5255
f 5256 2173 5252
f 5257 5252 5255
f 5257 5256 5252
f 5253 2173 2175
f 5258 931 5253
f 5258 5253 2175
f 5256 5259 2173
f 2176 2173 5259
f 2176 2175 2173
f 5260 5256 5257
f 5260 5259 5256
f 5261 2174 5254
f 5261 5262 2174
f 5255 2174 5262
f 2177 5257 5255
f 2177 5255 5262
f 5263 5257 2177
f 5260 5257 5263
f 5260 2178 5259
f 2178 2176 5259
f 932 2178 5260
f 5263 932 5260
f 5264 2175 2176
f 5264 2179 2175
f 5258 2175 2179
f 5265 2177 5262
f 5265 5262 5261
f 5266 2177 5265
f 5263 2177 5266
f 2176 933 5264
f 2176 5267 933
f 2178 5267 2176
f 5268 5263 5266
f 5268 5269 5263
f 5263 5269 932
f 932 5270 2178
f 2178 5271 5267
f 2178 5270 5271
f 933 5267 5271
f 932 2180 5270
f 932 5272 2180
f 5269 5272 932
f 5271 5270 2180
f 5273 5268 5266
f 5266 5265 5274
f 5273 5266 5274
f 2181 5269 5268
f 2181 5268 5273
f 2181 5275 5269
f 5269 5275 5272
f 2182 933 5271
f 5271 2180 5276
f 2182 5271 5276
f 2180 5277 5276
f 2180 5278 5277
f 5272 5278 2180
f 5272 934 5278
f 5272 20 934
f 5272 5275 20
f 5275 2181 5279
f 5275 5279 20
f 5182 2150 5280
f 2150 5183 5280
f 5281 2049 5182
f 5182 5280 5282
f 5281 5182 5282
f 5280 5183 935
f 5282 5280 2183
f 5280 935 2183
f 5183 5176 465
f 5176 5170 465
f 5283 935 5183
f 5284 5183 465
f 5284 5283 5183
f 2140 5284 465
f 2140 465 5170
f 2184 5281 5282
f 5282 2183 5285
f 2184 5282 5285
f 2185 2049 5281
f 2184 5286 5281
f 2185 5281 5286
f 2183 935 5287
f 5164 935 5283
f 5164 5287 935
f 5165 5164 5283
f 5165 5283 5284
f 2140 5165 5284
f 5288 2184 5285
f 936 2184 5288
f 2184 936 5286
f 2185 5286 5289
f 5286 5290 5289
f 5286 936 5290
f 5158 5287 5164
f 5288 5285 5291
f 5291 5285 2183
f 5292 5287 5158
f 2183 5287 5292
f 5291 2183 5292
f 5291 2186 5288
f 2186 5293 5288
f 936 5288 5293
f 936 5293 5294
f 936 5294 5290
f 5291 5292 2187
f 5292 5158 2187
f 5291 5295 2186
f 5291 2187 5295
f 5296 5295 2187
f 5158 5296 2187
f 5158 5154 5296
f 2186 2188 5293
f 5297 5293 2188
f 5297 5294 5293
f 2186 5298 2188
f 2186 5299 5298
f 5295 5299 2186
f 5298 5297 2188
f 5295 5300 5299
f 5296 5300 5295
f 5296 308 5300
f 5296 2189 308
f 5154 2189 5296
f 466 5298 5299
f 5300 466 5299
f 5300 308 466
f 5154 5150 2189
f 5298 5301 5297
f 466 2190 5298
f 2190 5301 5298
f 937 466 308
f 2189 5302 308
f 937 308 5302
f 2189 2191 5302
f 5150 2191 2189
f 2192 2190 466
f 2192 466 937
f 2192 5303 2190
f 2190 5303 5301
f 2191 2193 5302
f 2193 937 5302
f 2193 2194 937
f 2194 2192 937
f 5150 911 2191
f 2191 2195 2193
f 911 2195 2191
f 5304 2193 2195
f 5304 2194 2193
f 5304 2196 2194
f 2194 2197 2192
f 2197 2194 2196
f 5305 2192 2197
f 5305 5114 2192
f 2192 5114 5303
f 2197 2196 5306
f 5306 5305 2197
f 911 5141 2195
f 5304 2195 2198
f 2195 5135 2198
f 2195 5141 5135
f 5307 2196 5304
f 5307 5304 2198
f 2196 5308 5306
f 2196 467 5308
f 5307 467 2196
f 5306 2199 5305
f 5308 2199 5306
f 2199 5014 5305
f 5114 5305 5014
f 5307 2198 2124
f 5135 2124 2198
f 2124 5123 5307
f 5123 467 5307
f 21 5308 467
f 5123 21 467
f 21 5309 5308
f 5308 2200 2199
f 5309 2200 5308
f 2199 5310 5014
f 2200 5310 2199
f 5123 2118 21
f 2118 5309 21
f 5007 5014 5310
f 2118 5113 5309
f 5113 2201 5309
f 5309 2201 2200
f 2200 2201 5311
f 2200 5312 5310
f 2200 5311 5312
f 2071 5007 5310
f 2071 5310 5312
f 2071 5312 5311
f 5000 5311 2201
f 2071 5311 5000
f 5113 2074 2201
f 5000 2201 2074
f 22 5313 309
f 938 22 309
f 5314 22 938
f 938 309 2202
f 5315 5314 938
f 2203 938 2202
f 5315 938 2203
f 2203 2202 5316
f 23 5315 2203
f 5317 2203 5316
f 23 2203 5317
f 23 2204 5315
f 5315 2205 5314
f 5315 2204 2205
f 5314 2205 2206
f 939 2205 2204
f 939 5318 2205
f 5318 2206 2205
f 5318 24 2206
f 24 2207 2206
f 2208 5318 939
f 2208 2209 5318
f 2209 24 5318
f 24 5319 2207
f 2210 5319 24
f 2209 2210 24
f 940 2207 5319
f 2210 25 5319
f 940 5319 25
f 2208 5320 2209
f 2209 941 2210
f 2209 5320 941
f 2210 941 5321
f 2210 5321 25
f 2208 5322 5320
f 5323 2208 939
f 5323 5322 2208
f 940 25 2211
f 2211 25 5324
f 25 5321 5324
f 5321 941 5325
f 941 2212 5325
f 5320 2212 941
f 5322 2213 5320
f 5320 2213 5326
f 5320 5326 2212
f 5321 5325 2214
f 5321 5327 5324
f 5321 2214 5327
f 2214 5325 5328
f 2212 5328 5325
f 5322 2215 2213
f 5323 942 5322
f 942 2215 5322
f 2213 5329 5326
f 2212 5326 5329
f 2212 5329 5330
f 2212 5330 5328
f 2216 5324 5327
f 2214 5331 5327
f 2216 5327 5331
f 2214 5328 5332
f 2214 5332 5331
f 2213 2215 5333
f 2213 5334 5329
f 2213 5333 5334
f 2217 5328 5330
f 2217 5330 5329
f 2217 26 5328
f 5332 5328 26
f 2217 5329 5335
f 2218 5329 5334
f 2218 5335 5329
f 2218 5334 5333
f 5332 5336 5331
f 2216 5331 5337
f 5337 5331 5336
f 5332 26 2219
f 5332 2219 5336
f 5338 2217 5335
f 5338 5339 2217
f 5339 26 2217
f 5339 5340 26
f 2219 26 5340
f 5341 5338 5335
f 5341 5335 2218
f 2218 5333 5342
f 5342 5341 2218
f 2220 5340 5339
f 2220 5339 5338
f 2219 5343 5336
f 2221 5336 5343
f 5337 5336 2221
f 2219 5340 5344
f 2219 5344 5343
f 2220 5345 5340
f 5344 5340 5345
f 2222 5338 5341
f 2222 5346 5338
f 2220 5338 5346
f 5342 5347 5341
f 2222 5341 5347
f 5343 5344 2223
f 5344 5345 2223
f 5348 2220 5346
f 5348 5349 2220
f 5349 5345 2220
f 943 2223 5345
f 5349 943 5345
f 2221 5343 5350
f 5350 5343 5351
f 5343 2223 5351
f 5352 5348 5346
f 5352 5346 2222
f 943 5353 2223
f 5353 5351 2223
f 5354 5352 2222
f 2222 5347 5355
f 5354 2222 5355
f 5349 5348 5356
f 2181 5273 5357
f 5358 5357 5273
f 5358 5273 5274
f 944 5279 2181
f 944 2181 5357
f 945 2182 5276
f 945 5276 5277
f 5359 5277 5278
f 945 5277 5359
f 5278 934 5360
f 5359 5278 2224
f 5278 5360 2224
f 934 20 5361
f 934 5361 5360
f 20 5279 2225
f 20 2225 5361
f 5362 2225 5279
f 5362 5279 944
f 5358 2226 5357
f 5357 5363 944
f 5357 2226 5363
f 944 5363 2227
f 944 2227 5362
f 468 2225 5362
f 5361 2225 468
f 5361 468 5364
f 5360 5361 5364
f 5360 5364 5365
f 2224 5360 5365
f 2224 5365 5366
f 5359 2224 5366
f 2227 5367 5362
f 468 5362 5367
f 5364 468 310
f 310 468 5367
f 5364 310 5368
f 5365 5364 5368
f 5363 5369 2227
f 5369 5370 2227
f 2227 5370 5367
f 5363 5371 5369
f 5372 5363 2226
f 5372 5371 5363
f 5365 2228 5366
f 5365 946 2228
f 5365 5368 946
f 5367 5370 2229
f 310 5367 947
f 5367 2229 947
f 5369 5373 5370
f 2229 5370 5373
f 5374 5368 310
f 5375 5368 5374
f 5375 946 5368
f 5376 5369 5371
f 5376 2230 5369
f 2230 5373 5369
f 2231 5376 5371
f 2231 5371 5372
f 946 5375 2232
f 946 2232 2228
f 27 2230 5376
f 27 5376 2231
f 2229 5373 5377
f 5378 5377 5373
f 2230 5378 5373
f 2229 5379 947
f 2229 5380 5379
f 5380 2229 5377
f 5381 5378 2230
f 27 5381 2230
f 5382 2232 5375
f 5383 5375 5374
f 5382 5375 5383
f 5380 5377 5384
f 5384 5377 2233
f 5378 2233 5377
f 5385 2233 5378
f 5381 5385 5378
f 5379 5380 2234
f 2234 5380 5384
f 2235 5381 27
f 311 5381 2235
f 311 5385 5381
f 2234 5384 5386
f 5386 5384 5387
f 5384 2233 5387
f 5388 5387 2233
f 5385 5388 2233
f 948 5388 5385
f 948 5385 311
f 5388 5389 5387
f 5389 5388 948
f 5386 5387 2236
f 2236 5387 5389
f 5390 2234 5386
f 2236 5390 5386
f 948 311 5391
f 311 5392 5391
f 311 2235 5392
f 948 5391 5393
f 5394 948 5393
f 5389 948 5394
f 2237 5389 5394
f 2236 5389 2237
f 2236 5395 5390
f 2237 5395 2236
f 5391 5392 2238
f 5393 5391 5396
f 5391 2238 5396
f 5393 5396 2239
f 5397 5393 2239
f 5394 5393 5397
f 2237 5394 2240
f 2240 5394 5397
f 5396 2238 5398
f 5392 5399 2238
f 5399 5398 2238
f 2239 5396 5400
f 5396 5398 5400
f 5397 2239 5401
f 5401 2239 5402
f 2239 5400 5402
f 5403 5397 5401
f 2240 5397 5403
f 5404 2237 2240
f 469 2240 5403
f 5404 2240 469
f 5400 5398 250
f 5402 5400 312
f 5400 250 312
f 5399 5405 5398
f 5398 28 250
f 5398 5405 28
f 5401 5402 5406
f 5406 5402 949
f 5402 312 949
f 5403 5401 2241
f 5407 5401 5406
f 5407 2241 5401
f 5408 5403 2241
f 469 5403 5408
f 5409 5404 469
f 950 469 5408
f 5409 469 950
f 5410 250 28
f 5411 250 5410
f 5411 312 250
f 5412 949 312
f 5412 312 5411
f 5406 949 5413
f 29 5406 5413
f 29 5407 5406
f 5414 5413 949
f 5414 949 5412
f 2241 5407 5415
f 5415 5407 29
f 2241 5415 5416
f 5408 2241 5416
f 5417 5408 5416
f 950 5408 5417
f 29 5413 5414
f 5418 5409 950
f 5419 950 5417
f 5418 950 5419
f 2242 5412 5411
f 5420 5411 5410
f 2242 5411 5420
f 5421 5414 5412
f 5421 5412 2242
f 5422 5414 5421
f 29 5414 5422
f 5415 29 5423
f 5424 29 5422
f 5424 5423 29
f 5416 5415 5425
f 5425 5415 5423
f 5416 5425 2243
f 5417 5416 2243
f 5426 5417 2243
f 5419 5417 5426
f 5427 5419 5426
f 5418 5419 5427
f 2244 5424 5422
f 5422 5421 2244
f 5428 5421 2242
f 5429 2242 5420
f 5428 2242 5429
f 5430 2244 5421
f 5430 5421 5428
f 5425 5423 951
f 5431 5423 5424
f 5431 951 5423
f 5432 5431 5424
f 2244 5432 5424
f 5433 5432 2244
f 5433 2244 5430
f 5434 2243 5425
f 5435 5425 951
f 5435 5434 5425
f 5426 2243 5436
f 5434 5436 2243
f 5437 5426 5436
f 5427 5426 5437
f 5435 951 5431
f 2245 5430 5428
f 5438 5428 5429
f 2245 5428 5438
f 470 5433 5430
f 470 5430 2245
f 5432 2246 5431
f 5435 5431 5439
f 5439 5431 2246
f 5440 2246 5432
f 5440 5432 5433
f 952 5440 5433
f 952 5433 470
f 5441 5434 5435
f 5441 5435 5439
f 5441 5442 5434
f 5442 5436 5434
f 5442 5443 5436
f 5437 5436 5443
f 2247 2245 5438
f 5444 2245 2247
f 5444 470 2245
f 5445 952 470
f 5445 470 5444
f 5446 2246 5440
f 5446 5447 2246
f 5439 2246 5447
f 5441 5439 5448
f 5448 5439 5447
f 5449 5446 5440
f 5449 5440 952
f 5450 5449 952
f 5450 952 5445
f 5443 5442 5451
f 5451 5442 5441
f 5451 5441 30
f 5452 5441 5448
f 5452 30 5441
f 5444 5453 5445
f 5450 5445 5453
f 2247 5454 5444
f 5444 5454 5453
f 5455 5452 5448
f 5448 5447 5455
f 5456 5455 5447
f 5456 5447 5446
f 5457 5456 5446
f 5457 5446 5449
f 5450 5457 5449
f 5450 5453 5458
f 5459 5450 5458
f 5450 5459 5457
f 5348 2248 5356
f 5348 5352 2248
f 943 5349 2249
f 5349 5356 2249
f 5352 5354 5460
f 5352 5460 2248
f 5353 5461 5351
f 5461 2250 5351
f 5350 5351 2250
f 5462 5350 2250
f 2221 5350 5462
f 5463 2249 5356
f 31 5356 2248
f 31 5463 5356
f 5464 31 2248
f 5464 2248 5460
f 5463 5465 2249
f 5354 2251 5460
f 5466 5460 2251
f 5466 5464 5460
f 5461 5467 2250
f 5467 5468 2250
f 5462 2250 5468
f 5463 31 2252
f 5465 5463 5469
f 5463 2252 5469
f 31 5464 5470
f 31 5470 2252
f 2253 5470 5464
f 2253 5464 5466
f 2253 5466 5471
f 5471 5466 2251
f 5472 5470 2253
f 2252 5470 5472
f 2252 5472 5473
f 5469 2252 5473
f 5467 5474 5468
f 2253 5471 5475
f 5472 2253 5476
f 5476 2253 5475
f 2254 5472 5476
f 2254 5477 5472
f 5477 5473 5472
f 5477 2255 5473
f 5478 2254 5476
f 5476 5475 313
f 5478 5476 313
f 5479 2254 5478
f 5479 5480 2254
f 5480 5477 2254
f 5481 2255 5477
f 5480 5481 5477
f 2256 5479 5478
f 313 2256 5478
f 313 5482 2256
f 5475 5482 313
f 953 5480 5479
f 953 2257 5480
f 2257 5481 5480
f 2256 5483 5479
f 5479 2258 953
f 5479 5483 2258
f 2259 5483 2256
f 5482 2259 2256
f 5484 2257 953
f 2258 5484 953
f 5481 5485 2255
f 5486 5485 5481
f 2257 5486 5481
f 5487 5486 2257
f 5484 5487 2257
f 2259 5488 5483
f 5489 5488 2259
f 5482 5490 2259
f 5490 5489 2259
f 5487 5491 5486
f 5491 2260 5486
f 5486 2260 5485
f 5491 5492 2260
f 5492 5493 2260
f 2260 5494 5485
f 2260 5493 5494
f 5485 5494 5495
f 5485 5495 2255
f 5489 5496 5488
f 5488 5496 32
f 5496 5489 5497
f 5498 5497 5489
f 5490 5498 5489
f 5496 5497 2261
f 32 5496 2261
f 5492 5499 5493
f 5499 2262 5493
f 2262 5494 5493
f 5500 5495 5494
f 2262 5500 5494
f 5500 2263 5495
f 32 2261 5501
f 5502 32 5501
f 2261 5503 5501
f 2261 5504 5503
f 2261 5497 5504
f 5503 5502 5501
f 5497 314 5504
f 5497 2264 314
f 5498 2264 5497
f 2262 5505 5500
f 5500 5505 954
f 5500 954 2263
f 5506 5502 5503
f 5507 5506 5503
f 5504 955 5503
f 5507 5503 955
f 5504 2265 955
f 314 2265 5504
f 5508 314 2264
f 2266 314 5508
f 2266 471 314
f 314 471 2265
f 5509 5507 955
f 2265 5510 955
f 5509 955 5510
f 471 5511 2265
f 2265 5511 5510
f 2267 5506 5507
f 5512 5507 5509
f 5512 2267 5507
f 2267 5513 5506
f 5513 5514 5506
f 5515 471 2266
f 5515 5516 471
f 471 5516 5511
f 2266 5508 5517
f 5515 2266 956
f 2266 5517 956
f 5518 5509 5510
f 2268 5509 5518
f 2268 5512 5509
f 5518 5510 5519
f 5511 5519 5510
f 5511 2269 5519
f 5516 2269 5511
f 5513 2267 5520
f 2267 5521 5520
f 2267 5512 5521
f 5512 2268 5522
f 5512 5522 5521
f 5515 956 5523
f 2270 5516 5515
f 2270 5515 5523
f 2270 5524 5516
f 5516 5524 2269
f 5525 956 5517
f 5525 2271 956
f 2271 5523 956
f 5526 5518 5519
f 2272 5518 5526
f 2272 2268 5518
f 2268 2272 5527
f 2268 5527 5522
f 5526 5519 957
f 2269 957 5519
f 2269 5528 957
f 5524 5528 2269
f 5521 5522 33
f 5520 5521 5529
f 5521 33 5529
f 5522 5527 958
f 5522 958 33
f 5530 2272 5526
f 5530 5526 957
f 5528 5530 957
f 5531 5524 2270
f 5531 5532 5524
f 5524 5532 5528
f 5528 5532 5530
f 5527 2272 251
f 5527 251 958
f 2272 315 251
f 2272 2273 315
f 2273 2272 5530
f 2273 5530 472
f 5532 472 5530
f 5532 5533 472
f 5531 5533 5532
f 2273 34 315
f 2273 2274 34
f 2274 2273 472
f 2274 472 959
f 5533 959 472
f 5533 5534 959
f 5531 316 5533
f 5534 5533 316
f 2274 2275 34
f 2274 2276 2275
f 2276 2274 959
f 5534 2277 959
f 2276 959 2277
f 5534 5535 2277
f 5534 316 2278
f 5535 5534 2278
f 2276 317 2275
f 2276 2279 317
f 2279 2276 2277
f 5535 473 2277
f 2279 2277 473
f 5535 35 473
f 5535 2278 2280
f 35 5535 2280
f 2278 316 474
f 2280 2278 960
f 2278 474 960
f 2279 36 317
f 2279 2281 36
f 2281 2279 473
f 35 2282 473
f 2281 473 2282
f 35 5536 2282
f 35 2280 318
f 5536 35 318
f 2280 960 5537
f 318 2280 5537
f 37 960 474
f 37 2283 960
f 2283 5537 960
f 2281 961 36
f 2281 2284 961
f 2284 2281 2282
f 5536 962 2282
f 2284 2282 962
f 5536 5538 962
f 5536 318 2285
f 5538 5536 2285
f 318 5537 252
f 2285 318 252
f 2283 2286 5537
f 2286 252 5537
f 5539 2286 2283
f 37 5540 2283
f 5539 2283 5540
f 2284 319 961
f 2284 38 319
f 38 2284 962
f 5538 475 962
f 38 962 475
f 5539 2287 2286
f 2286 2287 252
f 2287 5541 252
f 2285 252 5541
f 2288 2285 5541
f 5538 2285 2288
f 5538 5542 475
f 5542 5538 2288
f 5539 5543 2287
f 2289 5539 5540
f 2289 5543 5539
f 2290 5453 5454
f 5458 5453 2290
f 5455 2291 5452
f 5544 30 5452
f 5544 5452 2291
f 5545 2291 5455
f 5545 5455 5456
f 2292 5545 5456
f 2292 5456 5457
f 5545 5544 2291
f 5546 2292 5457
f 5546 5457 5459
f 5458 2290 5547
f 5548 5458 5547
f 5459 5458 5548
f 5546 5459 5549
f 5549 5459 5548
f 5545 2292 5550
f 5545 5550 5544
f 5551 5550 2292
f 5551 2292 5546
f 5546 5549 2293
f 5551 5546 2293
f 2294 5550 5551
f 5544 5550 2294
f 2290 5552 5547
f 5552 2295 5547
f 5548 5547 2295
f 5548 2295 5553
f 5549 5548 5554
f 5548 5553 5554
f 5549 320 2293
f 5549 5555 320
f 5555 5549 5554
f 5551 2293 5556
f 2294 5551 5557
f 5556 5557 5551
f 2293 320 5558
f 2293 5558 5556
f 5555 5554 5559
f 5553 5559 5554
f 2295 5560 5553
f 2295 5561 5560
f 5552 5561 2295
f 5560 2296 5553
f 5553 2296 5559
f 5556 2297 5557
f 5558 2297 5556
f 5555 2298 320
f 320 5562 5558
f 320 2298 5562
f 5555 2299 2298
f 5559 2299 5555
f 2296 5563 5559
f 5559 5563 2299
f 5558 5562 5564
f 5558 963 2297
f 5558 5564 963
f 2299 2300 2298
f 2300 5562 2298
f 2300 5565 5562
f 5564 5562 5565
f 2296 2301 5563
f 5560 5566 2296
f 5566 2301 2296
f 2299 2302 2300
f 5567 2302 2299
f 5568 2299 5563
f 5567 2299 5568
f 5569 5563 2301
f 5569 5570 5563
f 5568 5563 5570
f 5569 2301 5571
f 5566 5571 2301
f 2303 2300 2302
f 964 2300 2303
f 964 5565 2300
f 2304 5570 5569
f 5568 5570 2304
f 5572 2302 5567
f 5572 2305 2302
f 2303 2302 2305
f 2306 5567 5568
f 2307 5567 2306
f 2307 5572 5567
f 2306 5568 5573
f 5568 2304 5573
f 321 964 2303
f 965 2303 2305
f 965 321 2303
f 5574 965 2305
f 5574 2305 5572
f 5575 5574 5572
f 5575 5572 2307
f 321 965 2308
f 2308 965 5574
f 5573 5576 2306
f 966 2306 5576
f 966 2307 2306
f 5577 5575 2307
f 5577 2307 966
f 2308 5574 5578
f 5578 5574 5575
f 2309 5575 5577
f 5578 5575 2309
f 5576 5579 966
f 5577 966 5579
f 321 2308 2310
f 967 2310 2308
f 967 2308 5578
f 5573 5580 5576
f 5576 5581 5579
f 5580 5581 5576
f 5577 5579 5582
f 2309 5577 5583
f 5583 5577 5582
f 5584 2309 5583
f 5578 2309 5584
f 5578 5584 5585
f 967 5578 5585
f 5582 5579 322
f 5581 322 5579
f 5581 2311 322
f 5586 2311 5581
f 5580 5586 5581
f 5582 322 476
f 5583 5582 5587
f 5587 5582 476
f 968 5583 5587
f 5584 5583 968
f 2312 5585 5584
f 5588 5584 968
f 5588 2312 5584
f 5588 968 39
f 968 5587 39
f 5587 476 2313
f 39 5587 2313
f 322 5589 476
f 476 5590 2313
f 476 5589 5590
f 322 2311 5591
f 322 969 5589
f 322 5591 969
f 5590 5592 2313
f 39 2313 5592
f 5593 39 5592
f 5588 39 5593
f 970 2312 5588
f 5594 5588 5593
f 5594 970 5588
f 2314 969 5591
f 5589 969 2314
f 5589 2314 5595
f 2315 5589 5595
f 2315 5590 5589
f 5590 971 5592
f 971 5590 2315
f 5593 5592 2316
f 971 2316 5592
f 2316 5594 5593
f 2316 5596 5594
f 5596 5597 5594
f 5597 970 5594
f 5598 2315 5595
f 2314 5599 5595
f 5598 5595 5599
f 971 2315 5600
f 5600 2315 5598
f 971 5601 2316
f 5601 971 5600
f 2316 5601 5602
f 2316 5602 5596
f 5596 5603 5597
f 5602 5603 5596
f 5604 5602 5601
f 5601 5600 2317
f 5604 5601 2317
f 5602 5605 5603
f 5604 5605 5602
f 5600 5598 5606
f 5607 5600 5606
f 5607 2317 5600
f 5608 5606 5598
f 2318 5598 5599
f 5608 5598 2318
f 2317 5607 5609
f 2317 5609 5604
f 5609 5610 5604
f 5604 5610 5605
f 2319 5607 5606
f 2319 5606 5608
f 5611 5609 5607
f 5611 5607 2319
f 40 5608 2318
f 40 2319 5608
f 5611 2319 5612
f 40 5612 2319
f 5609 5613 5610
f 5609 2320 5613
f 5609 5611 2320
f 2321 5605 5610
f 5614 5610 5613
f 5614 2321 5610
f 5615 5614 5613
f 5615 5613 2320
f 5616 2320 5611
f 5611 5612 5617
f 5616 5611 5617
f 5618 5615 2320
f 5618 2320 5616
f 2321 5614 5619
f 5620 5614 5615
f 5620 5619 5614
f 5621 5620 5615
f 5621 5615 5618
f 5622 5618 5616
f 972 5616 5617
f 5622 5616 972
f 5623 5621 5618
f 5623 5618 5622
f 41 5620 5621
f 5624 5620 41
f 5624 5619 5620
f 5625 5621 5623
f 41 5621 5625
f 972 5626 5622
f 5622 5627 5623
f 5622 5626 5627
f 5623 5627 5628
f 5625 5623 973
f 5623 5628 973
f 5629 41 5625
f 5629 5630 41
f 5630 5624 41
f 5631 5629 5625
f 5631 5625 973
f 973 5628 5632
f 973 5632 5631
f 5626 5633 5627
f 5627 2322 5628
f 5627 5633 2322
f 5628 2322 5634
f 5628 5634 5632
f 5635 5629 5631
f 2323 5629 5635
f 2323 5630 5629
f 5631 5632 5636
f 5635 5631 2324
f 5631 5636 2324
f 5632 5634 2325
f 5632 2325 5636
f 2322 5637 5634
f 2325 5634 5637
f 2322 5638 5637
f 5633 5638 2322
f 5639 2323 5635
f 2287 2326 5541
f 2326 2287 5543
f 2326 974 5541
f 2288 5541 974
f 323 2288 974
f 5542 2288 323
f 38 975 319
f 38 2327 975
f 2327 38 475
f 5542 976 475
f 2327 475 976
f 5542 5640 976
f 5640 5542 323
f 2326 2328 974
f 323 974 5641
f 2328 5641 974
f 2329 323 5641
f 5640 323 2329
f 2326 5642 2328
f 2326 5643 5642
f 2326 5543 5643
f 2327 253 975
f 2327 2330 253
f 2330 2327 976
f 5640 2331 976
f 2330 976 2331
f 5640 5644 2331
f 2329 5644 5640
f 2328 5642 2332
f 2328 477 5641
f 2328 2332 477
f 477 977 5641
f 2329 5641 977
f 42 2329 977
f 2329 42 5644
f 324 2332 5642
f 324 5642 5643
f 5543 324 5643
f 477 2333 977
f 2333 477 2332
f 2333 2332 2334
f 2334 2332 324
f 2330 43 253
f 2330 2335 43
f 2335 2330 2331
f 5644 978 2331
f 2335 2331 978
f 5644 2336 978
f 2336 5644 42
f 2333 5645 977
f 42 977 5645
f 325 42 5645
f 2336 42 325
f 2337 2333 2334
f 2337 254 2333
f 2333 254 5645
f 979 2337 2334
f 2334 324 2338
f 979 2334 2338
f 254 980 5645
f 325 5645 980
f 2335 2339 43
f 2335 2340 2339
f 2340 2335 978
f 2336 44 978
f 2340 978 44
f 2336 5646 44
f 5646 2336 325
f 478 254 2337
f 979 478 2337
f 478 2341 254
f 254 2341 980
f 5647 325 980
f 5647 2342 325
f 5646 325 2342
f 2341 5647 980
f 2340 45 2339
f 2340 2343 45
f 2343 2340 44
f 5646 981 44
f 2343 44 981
f 5646 46 981
f 46 5646 2342
f 2341 478 47
f 2341 2344 5647
f 2341 47 2344
f 5648 2342 5647
f 5649 5647 2344
f 5647 5649 5648
f 5648 2345 2342
f 46 2342 2345
f 2343 48 45
f 2343 2346 48
f 2346 2343 981
f 46 2347 981
f 2346 981 2347
f 46 5650 2347
f 5650 46 2345
f 2345 5648 5651
f 5651 5648 5649
f 2345 5651 49
f 5650 2345 49
f 5651 5649 5652
f 5652 5649 982
f 5649 2344 982
f 47 5653 2344
f 2344 5654 982
f 2344 5653 5654
f 2346 50 48
f 2346 5655 50
f 5655 2346 2347
f 5650 983 2347
f 5655 2347 983
f 5650 5656 983
f 5656 5650 49
f 2348 982 5654
f 5652 982 2348
f 5657 5652 2348
f 5657 5651 5652
f 49 5651 5658
f 5657 5658 5651
f 49 5658 51
f 5656 49 51
f 5655 5659 50
f 5655 5660 5659
f 5660 5655 983
f 5656 5661 983
f 5660 983 5661
f 5656 5662 5661
f 5662 5656 51
f 5662 51 5663
f 5663 51 5658
f 5663 5658 5664
f 5657 5664 5658
f 5657 2348 984
f 5657 5665 5664
f 984 5665 5657
f 5660 985 5659
f 5660 5666 985
f 5666 5660 5661
f 5662 986 5661
f 5666 5661 986
f 5662 5667 986
f 5667 5662 5663
f 5667 5663 2349
f 2349 5663 5664
f 2349 5664 5668
f 5665 5668 5664
f 5666 52 985
f 5666 5669 52
f 5669 5666 986
f 5667 2350 986
f 5669 986 2350
f 5667 5670 2350
f 5670 5667 2349
f 5670 2349 479
f 479 2349 5668
f 5669 987 52
f 5671 5669 2350
f 5669 5671 987
f 5670 988 2350
f 5671 2350 988
f 5670 479 5672
f 5670 5673 988
f 5670 5672 5673
f 479 5668 5674
f 5672 479 5674
f 5671 2351 987
f 5671 5675 2351
f 5675 5671 988
f 5673 2352 988
f 5675 988 2352
f 5673 5676 2352
f 5672 5676 5673
f 5672 2353 5676
f 2353 5672 326
f 5672 5674 326
f 5675 53 2351
f 5675 5677 53
f 5677 5675 2352
f 5676 5678 2352
f 5677 2352 5678
f 5676 5679 5678
f 5676 5680 5679
f 5676 2353 5680
f 2353 326 5681
f 5680 2353 5681
f 5682 5681 326
f 5674 5682 326
f 5677 989 53
f 5677 5683 989
f 5683 5677 5678
f 5679 990 5678
f 5683 5678 990
f 5679 5684 990
f 5679 2354 5684
f 5679 5680 2354
f 5680 5681 5685
f 2354 5680 5685
f 5681 5686 5685
f 5681 5687 5686
f 5682 5687 5681
f 2354 5685 5688
f 5686 5688 5685
f 5684 2354 480
f 480 2354 5688
f 5683 481 989
f 5683 5689 481
f 5689 5683 990
f 5684 5690 990
f 5689 990 5690
f 5684 5691 5690
f 5684 480 5691
f 54 5686 5687
f 5692 5686 54
f 5686 5692 5688
f 480 5688 5693
f 5688 5694 5693
f 5688 5692 5694
f 480 5695 5691
f 480 2355 5695
f 2355 480 5693
f 5691 5695 2356
f 5691 2356 5690
f 5696 5689 5690
f 5696 5690 2356
f 5689 5696 55
f 5689 55 481
f 5692 54 991
f 5694 5692 991
f 2355 5693 5697
f 5693 5698 5697
f 5693 5694 5698
f 5694 991 5699
f 5698 5694 5699
f 5695 992 2356
f 5695 5700 992
f 2355 5700 5695
f 2355 5701 5700
f 5701 2355 5697
f 5702 5696 2356
f 5702 2356 992
f 5696 5702 993
f 5696 993 55
f 5701 5697 5703
f 5697 5704 5703
f 5697 5698 5704
f 5698 5699 2357
f 5704 5698 2357
f 5700 5701 327
f 327 5701 5703
f 5700 2358 992
f 5705 992 2358
f 5705 5702 992
f 5700 5706 2358
f 5700 327 5706
f 5707 5635 2324
f 5707 5639 5635
f 2324 5636 5708
f 2324 5708 5707
f 5636 2325 5709
f 5636 5709 5708
f 5710 5709 2325
f 2325 5637 5711
f 5710 2325 5711
f 5638 56 5637
f 2359 5637 56
f 2359 5711 5637
f 5712 5710 5711
f 5712 5711 2359
f 5707 5708 5713
f 328 5639 5707
f 5707 5713 328
f 5708 5709 2360
f 5708 2360 5713
f 5714 2360 5709
f 5714 5709 5710
f 329 5714 5710
f 329 5710 5712
f 5712 2359 5715
f 2359 5716 5715
f 2359 56 5716
f 329 5712 5717
f 5712 5715 5717
f 5713 2360 5718
f 328 5713 5719
f 5713 5718 5719
f 5720 5718 2360
f 5720 2360 5714
f 994 5720 5714
f 994 5714 329
f 994 329 5721
f 329 5717 5721
f 5717 5715 2361
f 2361 5715 5716
f 5717 2361 5722
f 5721 5717 5722
f 5723 5718 5720
f 5719 5718 5723
f 5724 5720 994
f 5724 5725 5720
f 5723 5720 5725
f 994 5721 5726
f 5724 994 5726
f 5726 5721 2362
f 5721 5722 2362
f 5727 5722 2361
f 5727 5728 5722
f 5728 2362 5722
f 5724 5726 5729
f 57 5724 5729
f 57 5725 5724
f 5730 5723 5725
f 57 5730 5725
f 5726 2362 5731
f 5732 5726 5731
f 5732 5729 5726
f 5733 5731 2362
f 5728 5733 2362
f 5734 5729 5732
f 57 5729 5734
f 5735 57 5734
f 5735 5730 57
f 5733 5736 5731
f 5736 5732 5731
f 2363 5728 5727
f 2363 5737 5728
f 5737 5733 5728
f 5737 330 5733
f 330 5736 5733
f 5734 5732 2364
f 5736 5738 5732
f 5738 2364 5732
f 5739 5734 2364
f 5735 5734 5739
f 330 995 5736
f 995 5738 5736
f 330 5737 5740
f 5737 5741 5740
f 5737 2363 5741
f 995 330 5742
f 330 5740 5742
f 5738 5743 2364
f 5743 5744 2364
f 5739 2364 5744
f 5745 5743 5738
f 995 5745 5738
f 995 5742 5746
f 5747 995 5746
f 5747 5745 995
f 5740 5741 2365
f 5742 5740 5748
f 5740 2365 5748
f 5746 5742 2366
f 5742 5748 2366
f 5745 2367 5743
f 2367 5745 5747
f 5743 5749 5744
f 2367 5749 5743
f 5746 2366 5750
f 58 5746 5750
f 58 5747 5746
f 5751 5747 58
f 2367 5747 5751
f 2367 5752 5749
f 5752 2367 5751
f 2366 5748 5753
f 5748 5754 5753
f 5748 2365 5754
f 5750 2366 5755
f 2366 5753 5755
f 5750 5755 5239
f 5248 5750 5239
f 5248 58 5750
f 5751 58 2368
f 2368 58 5248
f 5756 5751 2368
f 5752 5751 5756
f 2170 5239 5755
f 2170 5755 5753
f 5752 5757 5749
f 5752 996 5757
f 996 5752 5756
f 5753 5754 2369
f 2170 5753 5758
f 5753 2369 5758
f 5756 2368 5759
f 2368 5248 5760
f 5759 2368 5760
f 5761 5756 5759
f 996 5756 5761
f 2165 5760 5248
f 2369 5236 5758
f 2170 5758 5236
f 996 5762 5757
f 996 59 5762
f 59 996 5761
f 5761 5759 2370
f 5759 5760 5763
f 2370 5759 5763
f 5208 5763 5760
f 5208 5760 2165
f 5764 5761 2370
f 59 5761 5764
f 2369 5244 5236
f 59 5765 5762
f 59 5766 5765
f 5766 59 5764
f 5764 2370 2371
f 2370 5763 5767
f 2371 2370 5767
f 462 5767 5763
f 462 5763 5208
f 5768 5764 2371
f 5766 5764 5768
f 5769 5767 462
f 2371 5767 5769
f 5768 2371 5770
f 5770 2371 5769
f 5766 5771 5765
f 5766 2372 5771
f 2372 5766 5768
f 5772 5768 5770
f 2372 5768 5772
f 5769 462 2373
f 5770 5769 5773
f 5773 5769 2373
f 5772 5770 2374
f 2374 5770 5773
f 462 5194 2373
f 5194 5201 2373
f 5773 2373 5201
f 331 5773 5201
f 2374 5773 331
f 2372 5774 5771
f 2372 997 5774
f 997 2372 5772
f 5775 5772 2374
f 997 5772 5775
f 5775 2374 482
f 482 2374 331
f 5776 5775 482
f 5776 997 5775
f 331 5201 2159
f 5777 331 2159
f 482 331 5777
f 997 5778 5774
f 997 5779 5778
f 5776 5779 997
f 5776 482 5780
f 60 482 5777
f 60 5780 482
f 60 5777 2375
f 5777 2159 2375
f 2376 5778 5779
f 5776 2376 5779
f 5776 5781 2376
f 5780 5781 5776
f 2375 2159 5192
f 5782 5780 60
f 5782 2377 5780
f 5780 2377 5781
f 60 2375 5783
f 2378 60 5783
f 2378 5782 60
f 2375 5192 5784
f 998 2375 5784
f 998 5783 2375
f 2378 5783 998
f 5781 999 2376
f 5781 5785 999
f 2377 5785 5781
f 2153 5784 5192
f 2379 998 5784
f 2153 2379 5784
f 5786 2377 5782
f 5787 5782 2378
f 5787 5786 5782
f 5786 5788 2377
f 2377 5788 5785
f 2378 1000 5787
f 2378 5789 1000
f 2378 998 5789
f 5790 5789 998
f 2379 5790 998
f 5785 2380 999
f 5785 5791 2380
f 5788 5791 5785
f 5786 2381 5788
f 5788 2381 5791
f 5786 5792 2381
f 5787 5792 5786
f 2113 2379 2153
f 5793 5790 2379
f 5793 2379 2113
f 2382 1000 5789
f 5790 2382 5789
f 2383 2382 5790
f 2383 5790 5793
f 5787 1000 2384
f 2382 5794 1000
f 5794 2384 1000
f 5791 483 2380
f 5791 5795 483
f 2381 5795 5791
f 5796 5794 2382
f 5796 2382 2383
f 5797 2381 5792
f 5797 2385 2381
f 2381 2385 5795
f 2113 5109 5793
f 5793 5109 5798
f 5702 5705 255
f 5702 255 993
f 327 5703 5799
f 5703 5800 5799
f 5703 5704 5800
f 5704 2357 61
f 5800 5704 61
f 5706 327 5801
f 5801 327 5799
f 5706 1001 2358
f 5802 2358 1001
f 5802 5705 2358
f 5705 5802 1002
f 5705 1002 255
f 5706 5803 1001
f 5706 5801 5803
f 5801 5799 1003
f 5799 5804 1003
f 5799 5800 5804
f 5800 61 256
f 5804 5800 256
f 5803 5801 484
f 484 5801 1003
f 5803 2386 1001
f 5805 1001 2386
f 5805 5802 1001
f 5802 5805 485
f 5802 485 1002
f 5803 5806 2386
f 5803 484 5806
f 484 1003 5807
f 1003 2387 5807
f 1003 5804 2387
f 5804 256 5808
f 2387 5804 5808
f 5806 484 5809
f 5809 484 5807
f 5806 1004 2386
f 5810 2386 1004
f 5810 5805 2386
f 5805 5810 1005
f 5805 1005 485
f 5806 5811 1004
f 5806 5809 5811
f 5809 5807 332
f 5807 5812 332
f 5807 2387 5812
f 2387 5808 2388
f 5812 2387 2388
f 5811 5809 2389
f 2389 5809 332
f 5811 2390 1004
f 5813 1004 2390
f 5813 5810 1004
f 5810 5813 2391
f 5810 2391 1005
f 5811 5814 2390
f 5811 2389 5814
f 2389 332 5815
f 332 2392 5815
f 332 5812 2392
f 5812 2388 5816
f 2392 5812 5816
f 5817 5814 2389
f 2393 2389 5815
f 5817 2389 2393
f 5814 5817 2394
f 5814 2394 2390
f 2393 5815 5818
f 5815 1006 5818
f 5815 2392 1006
f 2392 5816 2395
f 1006 2392 2395
f 5818 333 2396
f 5818 1006 333
f 1006 2395 486
f 1006 2397 333
f 1006 486 2397
f 2396 333 2398
f 333 2397 2399
f 333 2399 2398
f 2399 2397 487
f 486 487 2397
f 2399 487 1007
f 1007 487 2400
f 257 2400 487
f 257 5819 2400
f 486 257 487
f 488 5819 257
f 2395 257 486
f 2395 488 257
f 5820 1008 5819
f 488 5820 5819
f 5820 334 1008
f 334 490 489
f 334 491 490
f 5820 491 334
f 1009 489 490
f 491 1010 490
f 2401 490 1010
f 2401 1009 490
f 1009 2401 2402
f 491 2404 1010
f 492 1010 2404
f 2401 1010 492
f 2401 5821 2402
f 2401 5822 5821
f 2401 492 5822
f 2402 5821 5823
f 2402 5823 2403
f 493 2403 5823
f 5821 5822 2405
f 2405 5822 492
f 5823 5821 5824
f 5821 2405 5824
f 492 2404 335
f 2405 492 1011
f 1011 492 335
f 5824 2405 5825
f 5825 2405 1011
f 2406 493 5823
f 5823 5824 1012
f 2406 5823 1012
f 5826 493 2406
f 5824 5825 62
f 1012 5824 62
f 1012 62 5827
f 5827 2406 1012
f 5826 2406 1013
f 5827 5828 2406
f 5793 5798 2383
f 2383 5798 5829
f 2383 5829 5796
f 2407 5794 5796
f 2407 2408 5794
f 5794 2408 2384
f 5796 5829 1014
f 5796 1014 2407
f 5795 1015 483
f 5795 5830 1015
f 2385 5830 5795
f 1016 5798 5109
f 5829 5798 1016
f 5829 1016 5831
f 1014 5829 5831
f 2385 5797 5832
f 2385 5833 5830
f 2385 5832 5833
f 5834 2408 2407
f 2407 5835 5834
f 2407 1014 5835
f 1014 5831 2409
f 5836 1014 2409
f 5836 5835 1014
f 2410 1015 5830
f 5837 5830 5833
f 2410 5830 5837
f 5838 5835 5836
f 5834 5835 5838
f 1016 5839 5831
f 5831 5840 2409
f 5831 5839 5840
f 2409 5840 5841
f 2409 5841 5836
f 5842 5833 5832
f 5842 2411 5833
f 5837 5833 2411
f 5836 5841 5843
f 5838 5836 2412
f 5836 5843 2412
f 5843 5841 494
f 494 5841 5840
f 5839 2413 5840
f 494 5840 2413
f 5844 2410 5837
f 5845 5837 2411
f 5845 5844 5837
f 5845 2411 5842
f 5846 5838 2412
f 2412 5847 5846
f 2412 5843 5847
f 5843 494 2414
f 5843 5848 5847
f 5843 2414 5848
f 2414 494 5849
f 5849 494 2413
f 5845 5842 5850
f 5850 2415 5845
f 2415 5844 5845
f 5851 5846 5847
f 495 5847 5848
f 495 5851 5847
f 5852 5848 2414
f 5852 495 5848
f 2414 5849 5853
f 5852 2414 5853
f 495 5854 5851
f 5851 2416 5846
f 2416 5851 5854
f 5849 2101 5853
f 5853 5855 5852
f 5853 2101 5855
f 5852 5856 495
f 2417 5852 5855
f 2417 5856 5852
f 495 5857 5854
f 5858 495 5856
f 5858 5857 495
f 5082 5855 2101
f 5082 2417 5855
f 5859 5858 5856
f 5859 5856 2417
f 5859 2417 5860
f 5082 5860 2417
f 2416 5854 5861
f 5861 5854 5862
f 5854 2418 5862
f 5854 5857 2418
f 5857 5858 5863
f 5857 5863 2418
f 5858 5859 2419
f 5858 2419 5863
f 5083 5860 5082
f 5859 5860 5864
f 5859 5865 2419
f 5859 5864 5865
f 5864 5860 496
f 5083 496 5860
f 497 5862 2418
f 5866 2418 5863
f 5866 497 2418
f 5867 5866 5863
f 5867 5863 2419
f 5868 5867 2419
f 5868 2419 5865
f 497 5869 5862
f 5861 5862 2420
f 5869 2420 5862
f 5870 5866 5867
f 5870 497 5866
f 903 496 5083
f 5864 2421 5865
f 5864 5871 2421
f 5864 496 5871
f 498 5868 5865
f 498 5865 2421
f 5871 496 2422
f 903 2422 496
f 5870 5867 2423
f 2423 5867 5868
f 2423 5868 5872
f 5872 5868 498
f 5873 5870 2423
f 5873 2423 5872
f 5074 2422 903
f 1017 498 2421
f 5871 258 2421
f 1017 2421 258
f 5871 2422 1018
f 5871 1018 258
f 2424 498 1017
f 5872 498 2424
f 1018 2422 2425
f 5074 2425 2422
f 5873 5872 5874
f 5872 5875 5874
f 5872 2424 5875
f 902 2425 5074
f 5876 1017 258
f 2424 1017 2426
f 2426 1017 5876
f 5876 258 63
f 1018 63 258
f 1018 2425 5877
f 1018 5877 63
f 2424 2426 5878
f 2424 5878 5875
f 499 5877 2425
f 902 499 2425
f 2427 5876 63
f 5877 2427 63
f 5878 500 5875
f 5875 5879 5874
f 5875 500 5879
f 499 1019 5877
f 5877 1019 2427
f 2426 5876 2428
f 5880 2426 2428
f 5880 5878 2426
f 2427 501 5876
f 5876 2429 2428
f 5876 501 2429
f 5878 1020 500
f 2430 5878 5880
f 2430 1020 5878
f 2428 2429 5881
f 2428 5881 5880
f 5881 2430 5880
f 5882 500 1020
f 5883 500 5882
f 5883 5879 500
f 5882 1020 5884
f 5884 1020 2430
f 5883 2431 5879
f 5874 5879 2431
f 5884 2430 5885
f 5885 2430 502
f 5881 502 2430
f 5884 5885 2432
f 503 5882 5884
f 5884 2432 503
f 503 2433 5882
f 5882 5886 5883
f 5882 2433 5886
f 5883 5887 2431
f 2434 5883 5886
f 2434 5887 5883
f 2432 1021 503
f 1021 2433 503
f 5874 2431 5873
f 5888 5873 2431
f 5889 2431 5887
f 5889 5888 2431
f 5885 502 5890
f 5885 504 2432
f 5885 5890 504
f 505 5889 5887
f 505 5887 2434
f 1021 5891 2433
f 2433 5892 5886
f 2433 5891 5892
f 5893 2434 5886
f 5893 5886 5892
f 1022 505 2434
f 1022 2434 5893
f 5889 506 5888
f 5889 5894 506
f 505 5894 5889
f 505 2435 5894
f 1022 2435 505
f 5888 5895 5873
f 5888 5896 5895
f 5888 506 5896
f 5897 5893 5892
f 5891 5897 5892
f 5898 1022 5893
f 5897 2436 5893
f 5898 5893 2436
f 1022 5899 2435
f 5898 5899 1022
f 5900 5896 506
f 5901 506 5894
f 5901 5900 506
f 5902 5901 5894
f 5902 5894 2435
f 5903 5902 2435
f 5903 2435 5899
f 5904 5898 2436
f 5904 2437 5898
f 5898 2437 5899
f 5904 2436 5905
f 5905 2436 5897
f 5906 5903 5899
f 5906 5899 2437
f 5901 2438 5900
f 5901 5907 2438
f 5902 5907 5901
f 5903 2439 5902
f 5902 2439 5907
f 5906 5908 5903
f 5903 5908 2439
f 5909 5904 5905
f 5909 5910 5904
f 5904 5910 2437
f 5911 5906 2437
f 5911 2437 5910
f 5906 2440 5908
f 5911 2440 5906
f 2438 5907 5912
f 2439 5912 5907
f 2439 5913 5912
f 5908 5913 2439
f 5908 5914 5913
f 2440 5914 5908
f 1023 5911 5910
f 5909 2441 5910
f 1013 2406 5828
f 1011 335 2442
f 5825 1011 5915
f 5916 1011 2442
f 5916 5915 1011
f 5825 5917 62
f 5825 2443 5917
f 2443 5825 5915
f 62 5917 2444
f 62 2444 5827
f 2445 5828 5827
f 2445 5827 2444
f 5918 5915 5916
f 2443 5915 5918
f 259 5826 1013
f 5919 259 1013
f 1013 5828 5919
f 5828 2445 2446
f 5828 2446 5919
f 5917 2443 5920
f 5920 2443 5918
f 2444 5917 5921
f 5917 5920 5921
f 2445 2444 5922
f 2444 5921 5922
f 507 2446 2445
f 2445 5922 507
f 5923 5919 2446
f 5923 5924 5919
f 5919 5924 259
f 5925 5923 2446
f 507 5925 2446
f 5921 1024 5922
f 5921 5926 1024
f 5920 5926 5921
f 5922 1024 2447
f 5922 2447 507
f 1025 5925 507
f 1025 507 2447
f 5924 5923 336
f 5925 5927 5923
f 336 5923 5927
f 5928 5927 5925
f 5928 5925 1025
f 1024 5926 64
f 2447 1024 5929
f 1024 64 5929
f 5930 1025 2447
f 2447 5929 5931
f 5930 2447 5931
f 5932 5928 1025
f 5932 1025 5930
f 5927 5928 2448
f 2448 5928 5932
f 5927 2448 65
f 336 5927 65
f 5929 64 5933
f 5931 5929 2449
f 5929 5933 2449
f 2450 5930 5931
f 5931 2449 2450
f 2450 2451 5930
f 2451 5932 5930
f 2448 5932 5934
f 5934 5932 5935
f 2451 5935 5932
f 65 2448 1026
f 1026 2448 5934
f 5936 2450 2449
f 1027 2449 5933
f 5936 2449 1027
f 2450 5936 1028
f 2450 1028 2451
f 2451 1028 5937
f 2451 5937 5935
f 1026 5934 5938
f 5938 5934 2452
f 5934 5935 2452
f 5935 5937 66
f 5935 66 2452
f 2453 5937 1028
f 5936 2453 1028
f 5936 260 2453
f 1027 260 5936
f 2453 5939 5937
f 5937 2454 66
f 5937 5939 2454
f 5939 2453 5940
f 5940 2453 260
f 2452 66 1029
f 5938 2452 2455
f 2452 1029 2455
f 66 2454 337
f 66 337 1029
f 5939 5941 2454
f 337 2454 5941
f 5939 5940 5942
f 5939 5942 5941
f 5943 5941 5942
f 5943 5942 5940
f 5940 260 338
f 1030 5940 338
f 5943 5940 1030
f 338 260 2456
f 1027 2456 260
f 337 5941 508
f 5943 2457 5941
f 2457 508 5941
f 5944 337 508
f 5944 5945 337
f 1029 337 5945
f 1031 5944 508
f 2457 1031 508
f 1030 338 2458
f 2458 338 5946
f 338 2456 5946
f 5943 1030 5947
f 5947 1030 2458
f 5943 5948 2457
f 1031 2457 5948
f 5949 2456 1027
f 1027 5933 5949
f 5947 2458 5950
f 5950 2458 1032
f 2458 5946 1032
f 2459 5945 5944
f 1031 5951 5944
f 5951 5952 5944
f 2459 5944 5952
f 1031 5948 5953
f 5954 1031 5953
f 5954 5951 1031
f 2460 5951 5954
f 5951 2460 5952
f 2461 5947 5950
f 5950 1032 67
f 2461 5950 67
f 5955 2459 5952
f 2460 68 5952
f 5955 5952 68
f 2460 5954 5956
f 2460 1033 68
f 1033 2460 5956
f 5954 5953 69
f 5956 5954 5957
f 5954 69 5957
f 5955 68 5958
f 1033 5958 68
f 5953 2462 69
f 5953 5948 2462
f 5957 69 5959
f 5959 69 2462
f 1033 5956 5960
f 5956 5957 2463
f 5961 5956 2463
f 5961 5960 5956
f 5962 1033 5960
f 5962 509 1033
f 1033 509 5958
f 5957 5959 5963
f 5957 5964 2463
f 5957 5963 5964
f 2464 5962 5960
f 2464 5960 5961
f 2463 5964 5965
f 2463 5965 5961
f 1034 2462 5948
f 1034 2465 2462
f 5959 2462 2465
f 2466 5963 5959
f 2465 2466 5959
f 5961 5965 5966
f 5961 5966 2464
f 5967 5964 5963
f 2466 5967 5963
f 2467 5965 5964
f 5967 2467 5964
f 5968 509 5962
f 2464 5969 5962
f 5968 5962 5969
f 2464 5970 5969
f 5966 5970 2464
f 5971 5966 5965
f 2467 5971 5965
f 1034 5972 2465
f 2465 2468 2466
f 5972 2468 2465
f 339 5967 2466
f 339 2466 2468
f 5966 5973 5970
f 5971 2469 5966
f 2469 5973 5966
f 339 5974 5967
f 5967 261 2467
f 5967 5974 261
f 2467 261 5975
f 2467 5975 5971
f 5971 5975 2470
f 5971 2470 2469
f 5969 5970 2471
f 5970 70 2471
f 5970 5973 70
f 5976 70 5973
f 2469 5976 5973
f 2469 2470 5977
f 2469 5977 5976
f 5972 1035 2468
f 5974 339 5978
f 5974 5978 5979
f 261 5974 5979
f 261 5979 5980
f 5975 261 5980
f 2470 5975 1036
f 5975 5980 1036
f 340 5977 2470
f 2470 1036 340
f 5977 2472 5976
f 5976 2472 70
f 5981 2471 70
f 2472 5981 70
f 5978 5982 5979
f 5979 5982 2473
f 5979 2473 5980
f 5980 2473 5983
f 5980 5983 1036
f 1036 5983 2474
f 1036 2474 340
f 340 2474 5984
f 340 5985 5977
f 340 5984 5985
f 2473 5982 5986
f 2473 5987 5983
f 2473 5988 5987
f 2473 5986 5988
f 5983 5987 5989
f 5983 5989 2474
f 2474 5989 5990
f 2474 5990 5984
f 5986 2475 5988
f 5988 2475 5991
f 5988 5991 5987
f 5987 5991 2476
f 5987 2476 5989
f 5989 2476 5992
f 5989 5992 5990
f 5993 5985 5984
f 5994 5984 5990
f 5994 2477 5984
f 5993 5984 2477
f 2478 5994 5990
f 2478 5990 5992
f 5995 2477 5994
f 5994 5996 5995
f 5994 2478 5996
f 5997 5993 2477
f 5995 5997 2477
f 1023 5910 2441
f 1023 5998 5911
f 5911 5998 2440
f 2440 5999 5914
f 5998 5999 2440
f 5913 5914 6000
f 5912 5913 2479
f 5913 6000 2479
f 5914 5999 2480
f 5914 2480 6000
f 1023 2481 5998
f 2481 6001 5998
f 5998 6001 5999
f 5999 6001 6002
f 5999 6002 2480
f 6003 2481 1023
f 6004 1023 2441
f 6004 6003 1023
f 2480 6005 6000
f 6000 341 2479
f 6000 6005 341
f 2480 2482 6005
f 6002 2482 2480
f 2481 6006 6001
f 6001 71 6002
f 6001 6006 71
f 6003 510 2481
f 2481 6007 6006
f 2481 510 6007
f 6002 6008 2482
f 6002 2483 6008
f 6002 71 2483
f 6004 6009 6003
f 6003 2484 510
f 6003 6009 2484
f 2484 6007 510
f 6006 6007 6010
f 6006 6010 71
f 71 6010 6011
f 71 6011 2483
f 6008 6012 2482
f 2482 6013 6005
f 2482 6012 6013
f 2484 6014 6007
f 6007 2485 6010
f 6007 6014 2485
f 2485 6011 6010
f 6009 2486 2484
f 2486 6014 2484
f 6008 2483 6015
f 6008 6016 6012
f 6008 6015 6016
f 2483 6011 6017
f 2483 6017 6015
f 2485 2487 6011
f 2487 6017 6011
f 2488 2487 2485
f 6014 2488 2485
f 2486 6018 6014
f 6014 6018 2488
f 6019 6012 6016
f 6019 6016 6015
f 6019 2489 6012
f 6012 1037 6013
f 6012 2489 1037
f 6017 2490 6015
f 6019 6015 2490
f 2488 2491 2487
f 6020 2491 2488
f 6018 6020 2488
f 6021 6018 2486
f 6018 6021 6020
f 6022 2487 2491
f 6022 6023 2487
f 2487 6023 6017
f 6019 2492 2489
f 2489 6024 1037
f 2489 2492 6024
f 6019 2490 511
f 6019 1038 2492
f 6019 511 1038
f 6020 6025 2491
f 6026 2491 6025
f 6026 6022 2491
f 2493 6025 6020
f 6020 6027 2493
f 6020 6021 6027
f 6028 6022 6026
f 6028 2494 6022
f 2494 6023 6022
f 2493 2495 6025
f 6026 6025 2495
f 6028 6026 6029
f 6026 2495 6029
f 1038 511 72
f 2492 1038 6030
f 1038 72 6030
f 2493 6027 6031
f 73 2495 2493
f 2493 6031 73
f 6032 2494 6028
f 6028 6029 2496
f 6032 6028 2496
f 73 2497 2495
f 2495 6033 6029
f 2495 2497 6033
f 6029 6033 2498
f 6029 2498 2496
f 73 6031 6034
f 2499 2497 73
f 73 6034 2499
f 6032 2496 1039
f 2496 6035 1039
f 2496 2498 6035
f 2499 2500 2497
f 2497 512 6033
f 2497 2500 512
f 6033 512 2501
f 6033 2501 2498
f 6036 6035 2498
f 6036 2498 2501
f 6034 6037 2499
f 6037 2500 2499
f 2502 6032 1039
f 2502 1039 6035
f 6035 6036 2503
f 2502 6035 2504
f 6035 2503 2504
f 6037 6038 2500
f 2500 6039 512
f 2500 6038 6039
f 1040 2501 512
f 1040 512 6039
f 6040 6036 2501
f 6040 2501 1040
f 74 2503 6036
f 74 6036 6040
f 6037 2505 6038
f 6039 6038 2505
f 6039 2505 6041
f 1040 6039 6041
f 1040 6041 2506
f 6040 1040 2506
f 2504 2503 6042
f 6043 2503 74
f 6043 6042 2503
f 2504 6042 6044
f 2502 2504 6044
f 6040 2506 6045
f 74 6040 6045
f 74 6045 2507
f 6043 74 2507
f 6046 2506 6041
f 2505 6047 6041
f 6046 6041 6047
f 2506 6046 6048
f 2506 6048 6045
f 6045 6048 6049
f 6045 6049 2507
f 6050 6042 6043
f 6050 6051 6042
f 6044 6042 6051
f 6043 2507 6052
f 6050 6043 6052
f 2507 6049 6053
f 2507 6053 6052
f 6048 2508 6049
f 6053 6049 2508
f 6046 6054 6048
f 6048 6054 2508
f 6046 2509 6054
f 6046 1041 2509
f 6046 6047 1041
f 1042 6051 6050
f 6050 6052 6055
f 1042 6050 6055
f 6052 6053 6056
f 6052 6056 6055
f 6053 2508 6057
f 6056 6053 6057
f 6057 2508 6058
f 2508 75 6058
f 2508 6054 75
f 6054 2509 6059
f 6054 6059 75
f 2509 1041 513
f 2509 513 6059
f 6055 6056 6060
f 1042 6055 2510
f 6055 6060 2510
f 75 6059 2511
f 513 2511 6059
f 6056 2512 6060
f 6056 1043 2512
f 6056 6057 1043
f 6057 6058 6061
f 1043 6057 6061
f 6058 6062 6061
f 6058 2513 6062
f 75 2513 6058
f 75 2511 6063
f 75 6063 2513
f 2512 1043 6064
f 1043 6061 6064
f 6060 2512 6065
f 2510 6060 6066
f 6060 6065 6066
f 2512 6064 6067
f 6065 2512 6067
f 6061 6062 1044
f 6061 1044 6064
f 2511 5228 6063
f 2513 6063 5228
f 6062 2513 5229
f 2513 5228 5229
f 6062 5229 5234
f 1044 6062 5234
f 2514 6067 6064
f 2514 6064 1044
f 5238 2514 1044
f 1044 5234 5238
f 6065 6067 6068
f 6067 6069 6068
f 6067 2514 6069
f 76 6065 6068
f 6070 6065 76
f 6070 6066 6065
f 76 6068 2515
f 2515 6068 6069
f 6071 76 2515
f 6070 76 6071
f 5238 6072 2514
f 2514 6073 6069
f 2514 6072 6073
f 2515 6069 514
f 514 6069 6073
f 6071 2515 1045
f 1045 2515 514
f 5237 6072 5238
f 2516 6073 6072
f 5237 2516 6072
f 514 6073 6074
f 2516 6075 6073
f 6074 6073 6075
f 5233 2516 5237
f 5233 6075 2516
f 1045 514 1046
f 6076 514 6074
f 6076 1046 514
f 6077 1045 1046
f 6078 1045 6077
f 6078 6071 1045
f 262 1046 6076
f 6077 1046 262
f 6074 931 6076
f 6074 5246 931
f 6079 5996 2478
f 5995 5996 2517
f 2517 5996 6079
f 2518 5997 5995
f 5995 2517 77
f 2518 5995 77
f 2518 1047 5997
f 5997 1047 5993
f 2517 6079 6080
f 77 2517 6081
f 6080 6081 2517
f 2518 6082 1047
f 77 6083 2518
f 6083 6082 2518
f 77 6081 6084
f 77 6084 6083
f 6080 6085 6081
f 2519 6084 6081
f 6085 2519 6081
f 2519 78 6084
f 78 6083 6084
f 6085 6086 2519
f 6082 6087 1047
f 6082 2520 6087
f 6083 6088 6082
f 6088 2520 6082
f 78 263 6083
f 6083 6089 6088
f 6083 263 6089
f 6089 6090 6088
f 6088 6090 2520
f 2521 6087 2520
f 6090 2521 2520
f 2519 6091 78
f 78 6091 6092
f 78 6092 263
f 6092 6089 263
f 6089 342 6090
f 6089 6093 342
f 6089 6094 6093
f 6092 6094 6089
f 6090 342 79
f 6093 79 342
f 6090 79 6095
f 6090 6095 2521
f 6092 6096 6094
f 6094 6096 2522
f 6094 2522 6093
f 6093 6097 79
f 6093 2523 6097
f 6093 2522 2523
f 6095 79 6098
f 6097 6098 79
f 6095 6098 6099
f 2521 6095 6099
f 2523 2522 6100
f 6096 6100 2522
f 6097 6101 6098
f 2523 6101 6097
f 2524 6099 6098
f 2524 6098 6101
f 2523 6100 6102
f 6102 6103 2523
f 2523 6103 6101
f 6100 2525 6102
f 6102 6104 6103
f 2525 6104 6102
f 2526 6103 6104
f 6101 6103 2526
f 2524 6101 6105
f 6101 2526 6105
f 2524 6106 6099
f 80 2524 6105
f 80 6106 2524
f 2525 81 6104
f 2526 6104 6107
f 6104 2527 6107
f 6104 81 2527
f 6107 6108 2526
f 6108 6105 2526
f 80 6105 6109
f 6108 6109 6105
f 6107 6110 6108
f 2527 6110 6107
f 2528 6108 6110
f 6109 6108 2528
f 80 6109 6111
f 6109 2528 6111
f 6112 2527 81
f 6113 2527 6112
f 6113 6114 2527
f 2527 6114 6110
f 2528 6110 1048
f 6110 2529 1048
f 6110 6114 2529
f 2529 6114 6113
f 1048 6115 2528
f 6115 6111 2528
f 1048 6116 6115
f 2529 6116 1048
f 2530 6113 6112
f 2529 6113 6117
f 6117 6113 6118
f 2530 6118 6113
f 6117 6119 2529
f 2529 6119 6116
f 6120 6115 6116
f 2531 6116 6119
f 2531 6120 6116
f 2531 6119 6121
f 6117 6121 6119
f 6117 6118 515
f 515 6121 6117
f 2530 6122 6118
f 6118 6122 1049
f 6118 1049 515
f 515 6123 6121
f 1049 6123 515
f 6124 6121 6123
f 2531 6121 6124
f 6125 2531 6124
f 6125 6126 2531
f 6126 6120 2531
f 1049 6122 6127
f 1049 6127 2532
f 2532 82 1049
f 1049 82 6123
f 6124 6123 2533
f 6128 6123 82
f 6128 2533 6123
f 6129 6125 6124
f 6129 6124 2533
f 6128 82 6130
f 2532 6130 82
f 6125 6129 6131
f 6126 6125 6132
f 6125 6131 6132
f 6133 6129 2533
f 6133 2533 6128
f 6133 6131 6129
f 2532 6127 6134
f 2532 6134 6135
f 6135 6130 2532
f 6128 6130 2534
f 2535 6128 2534
f 2535 6133 6128
f 2534 6130 6136
f 6135 6136 6130
f 2535 2536 6133
f 6133 2536 6131
f 6134 1050 6135
f 1050 6136 6135
f 6131 2536 1051
f 2535 1051 2536
f 6137 6132 6131
f 6131 1051 6138
f 6137 6131 6138
f 6139 2535 2534
f 1051 2535 6139
f 2534 6136 6140
f 6139 2534 6140
f 6138 1051 6141
f 1051 6139 6141
f 6136 343 6140
f 6136 516 343
f 1050 516 6136
f 1052 6139 6140
f 6141 6139 1052
f 1052 6140 343
f 6138 344 6137
f 6138 2537 344
f 6138 6141 2537
f 6142 2537 6141
f 6141 1052 264
f 6142 6141 264
f 344 2537 6142
f 343 516 6143
f 343 6143 2538
f 83 343 2538
f 83 1052 343
f 2539 264 1052
f 2540 1052 83
f 2540 2539 1052
f 344 6142 6144
f 2541 6144 6142
f 2541 6142 264
f 2539 6145 264
f 2541 264 6145
f 6146 6145 2539
f 6146 2539 2540
f 6147 2538 6143
f 6148 2538 6147
f 6148 83 2538
f 6149 2540 83
f 6149 83 6148
f 6150 2540 6149
f 6146 2540 6150
f 6146 6151 6145
f 2541 6145 6151
f 1053 6146 6150
f 1053 6151 6146
f 2541 2542 6144
f 2541 6151 6152
f 6152 2542 2541
f 6152 6151 6153
f 1053 6153 6151
f 2543 6149 6148
f 6150 6149 6154
f 2543 6154 6149
f 2544 6150 6154
f 1053 6150 2544
f 2543 6148 1054
f 2545 6148 6147
f 2545 1054 6148
f 84 1053 2544
f 84 517 1053
f 517 6153 1053
f 6152 6153 2546
f 6155 2546 6153
f 517 6155 6153
f 6152 6156 2542
f 2547 6152 2546
f 2547 6156 6152
f 2548 2543 1054
f 2543 6157 6154
f 2548 6157 2543
f 2548 1054 6158
f 6158 1054 2545
f 2549 517 84
f 2549 6155 517
f 6159 84 2544
f 345 84 6159
f 2549 84 345
f 6155 6160 2546
f 6161 2546 6160
f 6161 2547 2546
f 6161 6162 2547
f 6162 6156 2547
f 6155 2550 6160
f 6155 6163 2550
f 2549 6163 6155
f 2548 6164 6157
f 6164 2548 2551
f 6158 2551 2548
f 2552 6161 6160
f 2552 6160 2550
f 6161 6165 6162
f 2553 6162 6165
f 2553 6165 6166
f 6074 6075 5246
f 5246 6075 5243
f 5233 5243 6075
f 262 6076 5258
f 5258 6076 931
f 2554 262 5258
f 6077 262 2554
f 6077 2554 2555
f 2556 6077 2555
f 2556 6078 6077
f 6167 6078 2556
f 6167 6071 6078
f 2554 5258 2179
f 2554 2179 5264
f 2555 2554 6168
f 2554 5264 6168
f 2555 6168 6169
f 6170 2555 6169
f 6170 2556 2555
f 6167 2556 6171
f 6172 2556 6170
f 6172 6171 2556
f 1055 6167 6171
f 1055 6173 6167
f 6167 6173 6071
f 6172 6170 2557
f 2557 6170 6169
f 6168 6174 6169
f 2557 6169 6174
f 5264 2558 6168
f 6168 2558 6174
f 6070 6071 6173
f 5264 933 2558
f 1055 6171 2559
f 6175 6171 6172
f 6175 2559 6171
f 6175 6172 6176
f 6172 2557 6176
f 6177 6176 2557
f 6177 2557 6174
f 6178 1055 2559
f 6178 2560 1055
f 1055 2560 6173
f 6179 6070 6173
f 6179 6173 2560
f 6174 2558 1056
f 6177 6174 1057
f 6174 1056 1057
f 2558 933 2182
f 2558 2182 1056
f 6179 6066 6070
f 6178 2559 6180
f 6181 2559 6175
f 6181 6180 2559
f 6175 6176 2561
f 6181 6175 2561
f 6182 2561 6176
f 6177 6182 6176
f 6177 6183 6182
f 6177 2562 6183
f 2562 6177 1057
f 1056 6184 1057
f 2562 1057 6184
f 2182 518 1056
f 1056 518 6184
f 2182 945 518
f 6181 2561 6185
f 6186 6181 6185
f 6186 6180 6181
f 6182 1058 2561
f 6187 2561 1058
f 6187 6185 2561
f 6182 6183 2563
f 6182 2563 1058
f 2563 6183 6188
f 2562 6188 6183
f 6189 2562 6184
f 2562 6189 6188
f 6187 1058 2563
f 945 2564 518
f 2564 6184 518
f 2564 1059 6184
f 6189 6184 1059
f 6186 6185 2565
f 85 6185 6187
f 85 2565 6185
f 6187 2563 6190
f 85 6187 6190
f 6190 2563 1060
f 2563 6188 1060
f 2566 1060 6188
f 6191 6188 6189
f 2566 6188 6191
f 86 6189 1059
f 6191 6189 86
f 1059 2564 346
f 86 1059 6192
f 1059 346 6192
f 6193 2565 85
f 85 6190 347
f 6193 85 347
f 6190 1060 6194
f 347 6190 6194
f 6195 6194 1060
f 6195 1060 2566
f 6196 6195 2566
f 6197 2566 6191
f 6197 6196 2566
f 6198 6197 6191
f 6198 6191 86
f 86 6199 6198
f 86 6200 6199
f 6192 6200 86
f 346 1061 6192
f 6192 1061 6200
f 6193 347 2567
f 347 6194 6201
f 2567 347 6201
f 2568 6201 6194
f 2568 6194 6195
f 6196 6202 6195
f 6202 2568 6195
f 6202 6196 2569
f 6197 2569 6196
f 6197 6203 2569
f 6198 6203 6197
f 6198 6199 6204
f 6198 2570 6203
f 6198 6204 2570
f 6205 6204 6199
f 6200 6205 6199
f 6200 2571 6205
f 1061 2571 6200
f 2567 6201 6206
f 2572 6201 2568
f 2572 6206 6201
f 6207 2572 2568
f 6202 6207 2568
f 6208 6203 2570
f 6208 2570 6204
f 6202 2569 6209
f 2573 6202 6209
f 2573 6207 6202
f 6203 1062 2569
f 2569 6210 6209
f 2569 1062 6210
f 6208 6211 6203
f 6203 6211 1062
f 6209 6210 6212
f 6209 6212 2573
f 6212 2574 2573
f 2574 6207 2573
f 2574 265 6207
f 6207 265 2572
f 265 2575 2572
f 2575 6206 2572
f 1062 6211 6213
f 6210 1062 2576
f 1062 6213 2576
f 6210 2576 519
f 6212 6210 519
f 6211 6208 2577
f 6211 2577 6213
f 6214 265 2574
f 265 6214 2575
f 6212 1063 2574
f 1063 6212 2578
f 6212 519 2578
f 1063 2579 2574
f 6214 2574 2579
f 2577 6215 6213
f 6213 348 2576
f 6213 6215 348
f 2576 348 6216
f 2576 6216 519
f 519 6216 6217
f 519 6217 2578
f 6218 6214 2579
f 6214 6219 2575
f 6214 6218 6219
f 1063 6220 2579
f 6220 1063 349
f 1063 2578 349
f 2578 6217 6221
f 2578 6221 349
f 6220 6222 2579
f 6218 2579 6222
f 348 6223 6216
f 6217 6216 6223
f 348 1064 6223
f 6215 1064 348
f 6221 6217 2580
f 6217 6223 2580
f 2581 349 6221
f 6220 349 2581
f 6224 6220 2581
f 6220 6224 6222
f 2582 6222 6224
f 6218 6222 2582
f 6218 2582 6225
f 6218 2583 6219
f 6218 6225 2583
f 6221 2580 1065
f 2581 6221 6226
f 6226 6221 1065
f 2584 6223 1064
f 2584 520 6223
f 2580 6223 520
f 1065 2580 2585
f 2580 520 2585
f 2581 6226 6227
f 6224 2581 6228
f 2581 6227 6228
f 2586 6224 6228
f 2586 350 6224
f 2582 6224 350
f 2587 2582 350
f 2587 6225 2582
f 2587 6229 6225
f 6225 1066 2583
f 6225 6229 1066
f 2585 520 6230
f 2584 6230 520
f 6226 1065 2588
f 6226 6231 6227
f 6226 2588 6231
f 6228 6227 6232
f 6228 6232 2586
f 2589 6232 6227
f 2589 6227 6231
f 6233 2586 6232
f 6233 2590 2586
f 2590 350 2586
f 2590 6234 350
f 2587 350 6234
f 6235 2587 6234
f 6235 351 2587
f 351 6229 2587
f 351 6236 6229
f 6229 6237 1066
f 6229 6236 6237
f 6235 6234 2590
f 6232 2589 2591
f 6232 2591 6233
f 2591 2589 521
f 6231 521 2589
f 2588 6238 6231
f 6231 6238 521
f 6233 2591 6239
f 2590 6233 6240
f 6233 6239 6240
f 2590 6240 6241
f 6235 2590 6241
f 6242 6235 6241
f 6242 351 6235
f 2591 521 87
f 6244 6166 6243
f 6244 2553 6166
f 6243 2592 6244
f 6243 88 2592
f 6246 2592 88
f 6247 6246 88
f 6239 2591 87
f 87 521 352
f 6238 352 521
f 6242 2593 351
f 351 6248 6236
f 351 2593 6248
f 6236 6248 2594
f 6236 2594 6237
f 6239 87 6249
f 2595 6240 6239
f 2595 6239 6249
f 2595 6250 6240
f 6241 6240 6250
f 6241 6250 2596
f 6242 6241 2596
f 6249 87 2597
f 87 352 2597
f 6242 6251 2593
f 6248 2593 6251
f 6252 6242 2596
f 6242 6252 6251
f 6248 6251 6253
f 6248 1067 2594
f 6248 6253 1067
f 2595 6249 6254
f 6249 2597 6255
f 6254 6249 6255
f 6256 2595 6254
f 6250 2595 6256
f 6250 6256 6257
f 6257 2596 6250
f 6257 6258 2596
f 6252 2596 6258
f 6252 353 6251
f 6253 6251 353
f 6259 6252 6258
f 6252 6259 353
f 6253 353 6260
f 6253 2598 1067
f 6253 6260 2598
f 6256 6254 1068
f 6254 6255 2599
f 1068 6254 2599
f 2600 6256 1068
f 2600 6257 6256
f 2600 6261 6257
f 6258 6257 6261
f 6258 6261 2601
f 6259 6258 2601
f 6259 6262 353
f 353 6263 6260
f 353 6262 6263
f 522 6259 2601
f 6259 522 6262
f 6260 6263 89
f 6260 89 2598
f 6264 2601 6261
f 522 2601 6264
f 6265 6261 2600
f 6264 6261 6265
f 2600 1068 6266
f 1068 2599 6267
f 6267 6266 1068
f 6266 6268 2600
f 6265 2600 6268
f 6264 6269 522
f 6262 522 6269
f 6262 6269 2602
f 6263 6262 2602
f 6265 2603 6264
f 6264 2603 6269
f 6270 6265 6268
f 6265 6270 2603
f 6263 2602 6271
f 6263 2604 89
f 6263 6271 2604
f 6266 523 6268
f 6267 2605 6266
f 523 6266 2605
f 2606 6268 523
f 6270 6268 2606
f 6272 6269 2603
f 6272 6273 6269
f 6273 2602 6269
f 6271 2602 354
f 6273 354 2602
f 6274 6272 2603
f 6274 2603 6270
f 6275 6274 6270
f 6275 6270 2606
f 6271 6276 2604
f 6271 1069 6276
f 6271 354 1069
f 2606 523 6277
f 523 2605 6278
f 6277 523 6278
f 1070 6275 2606
f 1070 2606 6277
f 2607 354 6273
f 1069 354 2607
f 6279 6274 6275
f 6279 6272 6274
f 6279 2608 6272
f 2608 6273 6272
f 2608 6280 6273
f 2607 6273 6280
f 6277 6278 355
f 355 1070 6277
f 6281 6275 1070
f 6281 2609 6275
f 6279 6275 2609
f 6282 6281 1070
f 355 6282 1070
f 1069 2607 6283
f 1069 2610 6276
f 1069 6283 2610
f 6284 6279 2609
f 6284 2608 6279
f 6284 6285 2608
f 6285 6280 2608
f 6285 6286 6280
f 6286 2607 6280
f 6286 6287 2607
f 6283 2607 6287
f 6288 2610 6283
f 6283 6287 6288
f 6282 2611 6281
f 2611 6289 6281
f 6289 2609 6281
f 6284 2609 6290
f 6289 6290 2609
f 6284 6290 2612
f 6285 6284 6291
f 6284 2612 6291
f 6285 6291 2613
f 524 6285 2613
f 524 6286 6285
f 6286 524 356
f 6286 356 6287
f 1071 6288 6287
f 1071 6287 356
f 6290 6289 266
f 6290 266 2612
f 6292 266 6289
f 2611 6292 6289
f 6293 2613 6291
f 524 2613 6293
f 6294 6291 2612
f 6293 6291 6294
f 6295 2612 266
f 6294 2612 6295
f 524 6293 6296
f 6296 356 524
f 6296 6297 356
f 1071 356 6297
f 6294 2614 6293
f 6293 6298 6296
f 6293 2614 6298
f 6296 6298 2615
f 6296 2615 6297
f 6294 6295 2616
f 6294 6299 2614
f 6294 2616 6299
f 6295 266 6300
f 6300 2616 6295
f 2614 6301 6298
f 2615 6298 6301
f 6299 6302 2614
f 2614 6302 6301
f 6299 2616 6303
f 6304 6303 2616
f 6300 6304 2616
f 6299 6303 6305
f 6299 6305 6302
f 2615 6301 357
f 6306 6297 2615
f 1072 2615 357
f 1072 6306 2615
f 6302 6307 6301
f 6301 2617 357
f 6301 6307 2617
f 6302 2618 6307
f 6305 2618 6302
f 6305 6308 2618
f 6303 6308 6305
f 6309 1072 357
f 6309 357 2617
f 6304 1073 6303
f 1073 2619 6303
f 6303 2619 6308
f 1072 2620 6306
f 1072 6310 2620
f 6309 6310 1072
f 6311 2617 6307
f 6312 2617 6311
f 6312 6309 2617
f 6312 2621 6309
f 6309 2621 6310
f 6313 6307 2618
f 6313 525 6307
f 6311 6307 525
f 6314 6313 2618
f 6314 2618 6308
f 6308 2619 6315
f 6308 6315 6314
f 2619 526 6315
f 2619 6316 526
f 1073 6316 2619
f 2620 6310 6317
f 6310 6318 6317
f 6310 2621 6318
f 6319 6311 525
f 6319 358 6311
f 358 6312 6311
f 525 6313 2622
f 525 2622 6319
f 6313 6314 6320
f 6313 6320 2622
f 6314 6315 2623
f 6314 2623 6320
f 6321 2623 6315
f 6321 6315 526
f 6316 6322 526
f 526 2624 6321
f 526 6322 2624
f 6323 2622 6320
f 6319 2622 6323
f 6319 6323 6324
f 6324 358 6319
f 2623 6325 6320
f 6323 6320 6325
f 6325 2625 6323
f 6324 6323 2625
f 2623 6321 1074
f 2623 6326 6325
f 2623 1074 6326
f 6327 1074 6321
f 6327 6321 2624
f 6328 6325 6326
f 6325 6328 2625
f 6322 6329 2624
f 6330 2624 6329
f 6330 6327 2624
f 6331 2625 6328
f 6324 2625 6332
f 6332 2625 6331
f 6326 1074 6333
f 1074 2626 6333
f 1074 6327 2626
f 6326 6333 2627
f 6328 6326 2627
f 6327 6330 6334
f 6327 6334 2626
f 2627 6335 6328
f 6331 6328 6335
f 6334 6330 1075
f 1076 2628 527
f 267 2628 6336
f 267 527 2628
f 528 267 6336
f 528 6336 6337
f 2629 1076 527
f 6337 359 529
f 528 6337 6338
f 6337 529 6338
f 2629 527 2630
f 530 527 267
f 530 2630 527
f 2631 530 267
f 2631 267 528
f 528 6338 1077
f 2631 528 1077
f 1077 6338 6339
f 6339 6338 529
f 360 2629 2630
f 360 2632 2629
f 1078 360 2630
f 1078 2630 530
f 1078 530 2631
f 2631 1077 6340
f 1078 2631 2633
f 2633 2631 6340
f 1077 6339 531
f 6340 1077 531
f 2634 2632 360
f 6341 2634 360
f 6341 360 1078
f 6342 6341 1078
f 6342 1078 2633
f 6340 531 2635
f 2633 6340 6343
f 6343 6340 2635
f 361 6342 2633
f 361 2633 6343
f 2636 6341 6342
f 2637 6342 361
f 2636 6342 2637
f 6344 2636 2637
f 6343 2635 2638
f 6345 6343 2638
f 6345 361 6343
f 6346 361 6345
f 2637 361 6346
f 6347 2637 6346
f 6347 6348 2637
f 6344 2637 6348
f 6347 2639 6348
f 6346 6345 532
f 532 6345 1079
f 1079 6345 2638
f 6349 6347 6346
f 6349 6346 532
f 6349 1080 6347
f 6347 1080 2639
f 6350 2639 1080
f 6351 6349 532
f 532 1079 6352
f 6351 532 6352
f 6351 2640 6349
f 6349 2640 1080
f 6353 1080 2640
f 6350 1080 6353
f 6353 2641 6350
f 6351 1081 2640
f 6354 1081 6351
f 6354 6351 6352
f 6355 2640 1081
f 6353 2640 6355
f 6353 1082 2641
f 6355 1082 6353
f 6354 2642 1081
f 6355 1081 6356
f 6356 1081 2642
f 6355 533 1082
f 6356 533 6355
f 6356 1083 533
f 6356 2642 6357
f 6357 1083 6356
f 6330 2643 1075
f 6330 6329 2643
f 2644 6331 6335
f 6332 6331 6358
f 6358 6331 2644
f 2627 6333 6359
f 6333 6360 6359
f 6333 2626 6360
f 2626 6334 6361
f 2626 6361 6360
f 2627 6359 6362
f 2627 6362 6335
f 6361 6334 2645
f 6334 1075 2645
f 6363 6335 6362
f 2644 6335 6363
f 1075 2646 2645
f 1075 6364 2646
f 6364 1075 2643
f 6362 6359 90
f 6359 2647 90
f 6359 6360 2647
f 6360 6361 362
f 6360 362 2647
f 6365 362 6361
f 6361 2645 6365
f 6363 6362 2648
f 6362 90 2648
f 2645 2646 6366
f 2645 6366 6365
f 2646 6367 6366
f 2646 6368 6367
f 6364 6368 2646
f 2648 90 534
f 90 2649 534
f 90 2647 2649
f 2647 362 6369
f 2647 6369 2649
f 6365 2650 362
f 2650 6369 362
f 6365 6366 2651
f 6365 2651 2650
f 6366 6367 6370
f 6366 6370 2651
f 6368 6371 6367
f 6367 2652 6370
f 6367 6371 2652
f 2650 2651 2653
f 2650 2654 6369
f 2650 2653 2654
f 6372 2653 2651
f 6372 2651 6370
f 6370 2652 2655
f 6370 2655 6372
f 1084 6369 2654
f 1084 6373 6369
f 2649 6369 6373
f 6374 1084 2654
f 6374 2654 2653
f 2653 6372 535
f 2653 535 6374
f 6372 2655 6375
f 6372 6375 535
f 2656 2655 2652
f 6376 2652 6371
f 6376 2656 2652
f 2657 6375 2655
f 2656 2657 2655
f 1084 6374 2658
f 6373 1084 6377
f 1084 2658 6377
f 6378 2658 6374
f 6378 6374 535
f 535 6375 2659
f 535 2659 6378
f 6375 2660 2659
f 6375 1085 2660
f 2657 1085 6375
f 6379 2657 2656
f 6380 2656 6376
f 6380 6379 2656
f 6381 1085 2657
f 6379 6381 2657
f 2658 6382 6377
f 2658 2661 6382
f 2661 2658 6378
f 2661 6378 6383
f 6378 6384 6383
f 6378 2659 6384
f 2659 2660 1086
f 2659 1086 6384
f 2660 6385 1086
f 2660 6386 6385
f 1085 6386 2660
f 1085 6387 6386
f 6381 6387 1085
f 6380 6388 6379
f 6379 1087 6381
f 6379 6388 1087
f 6381 1087 536
f 6381 536 6387
f 2661 1088 6382
f 2661 2662 1088
f 6383 2662 2661
f 6383 6384 2663
f 6383 1089 2662
f 6383 2663 1089
f 6384 1086 2664
f 6384 2664 2663
f 1086 6385 6389
f 1086 6389 2664
f 6387 536 2665
f 6387 2665 6386
f 6386 2665 1090
f 6386 1090 6385
f 1089 2663 6390
f 2664 6390 2663
f 6389 6391 2664
f 2664 6391 6390
f 2662 6392 1088
f 2662 6393 6392
f 1089 6393 2662
f 1089 6390 537
f 1089 537 6393
f 537 6390 2666
f 6390 1091 2666
f 6390 6391 1091
f 6391 6394 1091
f 6391 6395 6394
f 6389 6395 6391
f 537 2667 6393
f 1092 6393 2667
f 1092 6392 6393
f 537 2666 1093
f 537 1093 2667
f 1093 2666 6396
f 1091 6396 2666
f 6394 6397 1091
f 1091 6397 6396
f 6398 1092 2667
f 6399 2667 1093
f 6398 2667 6399
f 1093 6396 6400
f 6399 1093 6400
f 6395 6401 6394
f 6394 6402 6397
f 6394 1094 6402
f 6394 6401 1094
f 6400 6396 2668
f 6396 2669 2668
f 6396 6397 2669
f 6397 6402 6403
f 6397 6403 2669
f 6402 1094 2670
f 6402 2670 6403
f 6399 6404 6398
f 6399 2671 6404
f 2671 6399 6400
f 6400 2668 6405
f 2671 6400 6405
f 6405 2668 6406
f 2669 6406 2668
f 6403 6407 2669
f 2669 6407 6406
f 6403 2670 6408
f 6403 6409 6407
f 6403 6408 6409
f 6410 6404 2671
f 6405 6411 2671
f 6410 2671 6411
f 6405 6406 6412
f 6405 6412 6411
f 6412 6406 2672
f 6407 2672 6406
f 6409 1095 6407
f 6407 1095 2672
f 6409 6408 1096
f 6409 1096 6413
f 6409 6413 1095
f 6404 6410 6414
f 6414 6410 1097
f 6411 1097 6410
f 6411 2673 1097
f 2673 6411 6412
f 2673 6412 1098
f 6412 2672 1098
f 1098 2672 6415
f 2672 6416 6415
f 2672 1095 6416
f 1095 6413 6417
f 1095 6417 6416
f 6413 1096 6418
f 6413 6418 6417
f 6419 1097 2673
f 1098 6419 2673
f 1098 6420 6419
f 1098 6415 6420
f 6420 6415 2674
f 6416 2674 6415
f 6417 2675 6416
f 6416 2675 2674
f 6420 2674 6421
f 6419 6420 6421
f 6421 2674 2676
f 2675 2676 2674
f 6417 6418 6422
f 6417 6423 2675
f 6417 6422 6423
f 6423 1099 2675
f 2675 1099 2676
f 6421 2676 538
f 6419 6421 2677
f 2677 6421 538
f 538 2676 6424
f 1099 6424 2676
f 6423 6422 539
f 6423 539 6425
f 6423 6425 1099
f 6425 6426 1099
f 1099 6426 6424
f 2677 538 2678
f 538 6424 6427
f 6427 2678 538
f 6427 6424 2679
f 6426 2679 6424
f 6428 6425 539
f 6428 6429 6425
f 6425 6429 6426
f 6429 2680 6426
f 6426 2680 2679
f 2681 6429 6428
f 6429 6430 2680
f 2681 6430 6429
f 6431 2680 6430
f 2679 2680 6431
f 6427 2679 6432
f 6432 2679 6433
f 2679 6431 6433
f 2682 6427 6432
f 2682 6434 6427
f 6427 6434 2678
f 6435 6430 2681
f 6431 6430 6436
f 6435 6436 6430
f 6431 6436 6437
f 6433 6431 1100
f 6431 6437 1100
f 6432 6433 6438
f 6439 6432 6438
f 6439 2682 6432
f 6438 6433 2683
f 6433 1100 2683
f 6440 2682 6439
f 6434 2682 6440
f 540 6437 6436
f 540 6436 6435
f 6441 2642 6354
f 6441 1101 2642
f 6357 2642 1101
f 6441 6354 363
f 6354 6352 363
f 6357 268 1083
f 6442 268 6357
f 6357 1101 6442
f 6443 1101 6441
f 6443 2684 1101
f 6442 1101 2684
f 2685 6443 6441
f 6441 363 6444
f 2685 6441 6444
f 363 6445 6444
f 363 6446 6445
f 6352 6446 363
f 6352 1079 6446
f 6444 6445 6447
f 6444 6447 2685
f 6442 1102 268
f 6448 1102 6442
f 6442 2684 6448
f 6449 2684 6443
f 541 6443 2685
f 541 6449 6443
f 6449 6450 2684
f 6448 2684 6450
f 2685 6447 6451
f 2685 6451 541
f 6445 6446 6452
f 6447 6445 6453
f 6445 6452 6453
f 6446 1079 6454
f 6446 6454 6452
f 6447 6453 6455
f 6451 6447 6455
f 6456 6450 6449
f 6456 6449 541
f 1079 2638 6454
f 6448 91 1102
f 6457 91 6448
f 6448 6450 6457
f 6456 1103 6450
f 6457 6450 1103
f 6456 541 2686
f 541 6458 2686
f 541 6451 6458
f 6451 6455 6459
f 6458 6451 6459
f 6460 1103 6456
f 6460 6456 2686
f 6454 269 6452
f 6454 6461 269
f 2638 6461 6454
f 2638 2635 6461
f 6457 542 91
f 6462 542 6457
f 6457 1103 6462
f 6460 6463 1103
f 6462 1103 6463
f 6460 2686 6464
f 2686 6465 6464
f 2686 6458 6465
f 6466 6463 6460
f 6466 6460 6464
f 2635 1104 6461
f 1104 269 6461
f 2635 531 1104
f 6462 1105 542
f 6467 1105 6462
f 6462 6463 6467
f 6466 2687 6463
f 6467 6463 2687
f 6466 6464 2688
f 6464 6468 2688
f 6464 6465 6468
f 6469 2687 6466
f 6470 6466 2688
f 6470 6469 6466
f 2688 6468 364
f 2688 364 6470
f 6467 92 1105
f 6471 92 6467
f 6467 2687 6471
f 6469 1106 2687
f 6471 2687 1106
f 6472 6469 6470
f 6472 1106 6469
f 6472 6470 543
f 6470 6473 543
f 6470 364 6473
f 6474 364 6468
f 6473 364 6474
f 6471 2689 92
f 6475 2689 6471
f 6471 1106 6475
f 6472 2690 1106
f 6475 1106 2690
f 6476 2690 6472
f 6472 2691 6476
f 6472 543 2691
f 543 6473 6477
f 543 6477 2691
f 6473 6474 6478
f 6477 6473 6478
f 6475 1107 2689
f 6475 2690 6479
f 6479 1107 6475
f 6476 1108 2690
f 6479 2690 1108
f 6480 1108 6476
f 6476 6481 6480
f 6476 2691 6481
f 2691 6477 6482
f 2691 6482 6481
f 6477 6478 6483
f 6484 6477 6483
f 6484 6482 6477
f 6479 93 1107
f 6485 93 6479
f 6479 1108 6485
f 6480 6486 1108
f 6485 1108 6486
f 6487 6486 6480
f 6480 94 6487
f 6480 6481 94
f 6481 6482 6488
f 6481 6488 94
f 6489 6488 6482
f 6489 6482 6484
f 95 94 6488
f 6487 94 95
f 95 6488 6490
f 6489 6490 6488
f 6485 1109 93
f 6491 1109 6485
f 6485 6486 6491
f 6487 1110 6486
f 6491 6486 1110
f 6492 1110 6487
f 6487 95 6492
f 2692 95 6490
f 6492 95 2692
f 6491 6493 1109
f 6494 6493 6491
f 6491 1110 6494
f 6492 2693 1110
f 6494 1110 2693
f 96 2693 6492
f 6492 2692 96
f 2692 6490 6495
f 6489 6496 6490
f 6490 6497 6495
f 6490 6496 6497
f 6495 2694 2692
f 96 2692 2694
f 6495 6498 2694
f 6498 6495 6497
f 6494 97 6493
f 2695 97 6494
f 6494 2693 2695
f 96 1111 2693
f 2695 2693 1111
f 6499 1111 96
f 96 2694 6499
f 6498 365 2694
f 6499 2694 365
f 6496 1112 6497
f 6497 2696 6498
f 6497 1112 2696
f 2697 6498 2696
f 2697 1113 6498
f 6498 1113 365
f 2695 98 97
f 2698 98 2695
f 2695 1111 2698
f 6499 99 1111
f 2698 1111 99
f 2699 99 6499
f 6499 365 2699
f 365 1113 6500
f 2699 365 100
f 365 6500 100
f 270 6500 1113
f 270 1113 2697
f 2697 2696 101
f 544 270 2697
f 2697 101 544
f 2698 102 98
f 2700 102 2698
f 2698 99 2700
f 2699 1114 99
f 2700 99 1114
f 6501 1114 2699
f 2699 100 6501
f 2701 6500 270
f 2701 1115 6500
f 100 6500 1115
f 100 1115 2702
f 2702 6501 100
f 544 2703 270
f 2703 2701 270
f 101 1116 544
f 914 544 1116
f 914 2703 544
f 2700 2704 102
f 2705 2704 2700
f 2700 1114 2705
f 6501 2706 1114
f 2705 1114 2706
f 6502 2706 6501
f 2702 6502 6501
f 2703 2707 2701
f 914 2707 2703
f 545 1115 2701
f 2701 2708 545
f 2701 2707 2708
f 545 6503 1115
f 2702 1115 6503
f 2702 6503 366
f 6502 2702 366
f 2709 545 2708
f 2709 6503 545
f 2705 103 2704
f 2710 103 2705
f 2705 2706 2710
f 6502 1117 2706
f 2710 2706 1117
f 6504 1117 6502
f 6502 366 6504
f 2709 1118 6503
f 366 6503 1118
f 366 1118 2711
f 6504 366 2711
f 2709 2708 6505
f 367 6505 2708
f 2707 367 2708
f 2712 2709 6505
f 2712 1118 2709
f 2712 6506 1118
f 2711 1118 6506
f 2710 271 103
f 2713 271 2710
f 2710 1117 2713
f 6504 546 1117
f 2713 1117 546
f 6507 546 6504
f 6504 2711 6507
f 2711 6506 2714
f 6507 2711 2714
f 2712 6505 6508
f 367 6508 6505
f 2715 6506 2712
f 2712 5172 2715
f 2712 6508 5172
f 6509 1100 6437
f 6510 1100 6509
f 6510 2683 1100
f 6509 6437 6511
f 6512 6437 540
f 6512 6511 6437
f 6438 2683 547
f 2716 6438 547
f 2716 6439 6438
f 6513 547 2683
f 6513 2683 6510
f 2716 547 6513
f 1119 6439 2716
f 1119 6514 6439
f 6440 6439 6514
f 6509 6511 6515
f 6515 6511 6512
f 6509 6515 2717
f 2718 6509 2717
f 2718 6510 6509
f 6516 6513 6510
f 6516 6510 2718
f 1119 2716 6517
f 2716 6513 6517
f 6517 6513 6516
f 6515 6512 2719
f 1119 6517 6518
f 6514 1119 2720
f 6518 2720 1119
f 6515 2719 6519
f 6520 2717 6515
f 6515 6519 6520
f 6520 6521 2717
f 6521 2718 2717
f 6522 6516 2718
f 6521 6523 2718
f 6522 2718 6523
f 6517 6516 2721
f 2721 6516 6522
f 6524 6518 6517
f 6524 6517 2721
f 6518 2722 2720
f 2722 6518 6524
f 6519 6525 6520
f 6525 6521 6520
f 6525 1120 6521
f 1120 6523 6521
f 6526 6524 2721
f 2721 6522 6526
f 6519 548 6525
f 6522 2723 6526
f 6522 549 2723
f 549 6522 6523
f 549 6523 2724
f 1120 2724 6523
f 6527 6525 548
f 6527 1120 6525
f 6527 2725 1120
f 2725 2724 1120
f 6526 6528 6524
f 2723 6528 6526
f 2722 6524 2726
f 2726 6524 6528
f 6527 548 6529
f 6530 6527 6529
f 6530 2725 6527
f 2727 2723 549
f 1121 2723 2727
f 2723 1121 6528
f 6531 549 2724
f 2727 549 6531
f 6531 2724 2728
f 2725 2728 2724
f 6530 6532 2725
f 6532 2728 2725
f 2726 6528 6533
f 6528 2729 6533
f 6528 1121 2729
f 1121 2727 6534
f 2729 1121 6534
f 6534 2727 6535
f 6535 2727 6531
f 6536 6531 2728
f 6535 6531 6536
f 6536 2728 6537
f 6532 6537 2728
f 6530 6529 6538
f 1122 6532 6530
f 2730 6532 1122
f 2730 6537 6532
f 1123 6535 6536
f 1123 6536 6537
f 1123 6537 2730
f 6534 6535 6539
f 2731 6534 6539
f 2729 6534 2731
f 6540 6533 2729
f 6541 2729 2731
f 6540 2729 6541
f 6535 1124 6539
f 6535 2732 1124
f 1123 2732 6535
f 2732 1123 6542
f 6542 1123 2730
f 2731 6539 6543
f 6543 6539 1124
f 6541 2731 6544
f 6544 2731 6543
f 6542 2730 6545
f 6546 2730 1122
f 6546 6545 2730
f 6547 1124 2732
f 2732 6542 6547
f 6548 6542 6545
f 6548 6547 6542
f 6540 6541 550
f 6541 2733 550
f 6541 6544 2733
f 6544 6543 6549
f 6543 1124 2734
f 2734 6549 6543
f 6544 6549 6550
f 6544 6550 2733
f 6548 6545 2735
f 2736 6545 6546
f 2736 2735 6545
f 6551 6548 2735
f 2737 6548 6551
f 6548 2737 6547
f 6551 2735 6552
f 6552 2735 2736
f 368 550 2733
f 6550 2738 2733
f 368 2733 2738
f 2734 6553 6549
f 6549 1125 6550
f 6549 6553 1125
f 1125 6554 6550
f 6550 6554 2738
f 1126 6551 6552
f 2737 6551 6555
f 6555 6551 1126
f 6556 6553 2734
f 1125 6553 6556
f 1125 2739 6554
f 1125 6556 6557
f 6557 2739 1125
f 2739 6558 6554
f 2738 6554 6558
f 6559 368 2738
f 2738 6558 6560
f 6559 2738 6560
f 2739 6561 6558
f 6557 369 2739
f 6561 2739 369
f 369 6557 2740
f 6557 6562 2740
f 6557 6556 6562
f 2741 6560 6558
f 6561 6563 6558
f 2741 6558 6563
f 2742 6559 6560
f 2742 6560 2741
f 6561 369 6564
f 6564 2743 6561
f 6561 2743 6563
f 369 2740 2744
f 2744 6564 369
f 2744 2740 6565
f 6565 2740 6562
f 6566 2741 6563
f 2743 6566 6563
f 6567 2742 2741
f 6566 6567 2741
f 2744 6568 6564
f 6564 6569 2743
f 6569 6564 6568
f 2743 6570 6566
f 6569 6570 2743
f 6568 2744 6571
f 2744 6565 6571
f 6572 6567 6566
f 6572 6566 6570
f 6568 6571 6215
f 2577 6568 6215
f 6569 6568 2577
f 6569 1127 6570
f 6208 6569 2577
f 6208 1127 6569
f 6572 6570 2745
f 6204 6570 1127
f 6204 2745 6570
f 6208 6204 1127
f 6215 6571 1064
f 6571 2584 1064
f 6571 6565 2584
f 6573 6572 2745
f 6205 2745 6204
f 6573 2745 6205
f 6574 2584 6565
f 6565 6562 6574
f 6574 6575 2584
f 2584 6575 6230
f 6574 6562 2746
f 6576 6575 6574
f 6574 2746 6576
f 6230 6575 2747
f 6576 2747 6575
f 6205 6577 6573
f 6205 2571 6577
f 2746 6578 6576
f 6576 1128 2747
f 6576 6578 1128
f 2746 6579 6578
f 6562 6580 2746
f 6579 2746 6580
f 6562 6556 6580
f 2747 1128 6581
f 6230 2747 6582
f 2747 6581 6582
f 6555 6578 6579
f 6578 2748 1128
f 6578 6555 2748
f 1128 2748 6583
f 1128 6583 6581
f 6555 6579 2737
f 6584 2737 6579
f 6579 6580 6584
f 6556 2734 6580
f 6580 1124 6584
f 6580 2734 1124
f 6584 6547 2737
f 6547 6584 1124
f 6555 1126 2748
f 551 6583 2748
f 551 2748 1126
f 2749 6581 6583
f 1129 6583 551
f 1129 2749 6583
f 551 1126 2750
f 1129 551 6585
f 551 2750 6585
f 1126 6552 2750
f 1130 2750 6552
f 6585 2750 1130
f 6586 2749 1129
f 6586 1129 2751
f 1129 6585 2751
f 6585 1130 6587
f 2752 6585 6587
f 2752 2751 6585
f 6586 2751 6588
f 6588 2751 2752
f 6587 1130 6589
f 6589 1130 6590
f 1130 6552 6590
f 2715 272 6506
f 2714 6506 272
f 5172 6508 367
f 2713 1131 271
f 104 1131 2713
f 2713 546 104
f 6507 1132 546
f 104 546 1132
f 6591 1132 6507
f 6507 2714 6591
f 2714 272 370
f 6591 2714 370
f 5173 2715 5172
f 5173 2753 2715
f 2753 272 2715
f 370 272 6592
f 2753 6592 272
f 104 371 1131
f 2754 371 104
f 104 1132 2754
f 6591 2755 1132
f 2754 1132 2755
f 105 2755 6591
f 6591 370 105
f 370 6592 2756
f 105 370 2756
f 5173 2757 2753
f 2757 6592 2753
f 2756 6592 1133
f 2757 1133 6592
f 5173 5171 2757
f 106 2757 5171
f 106 1133 2757
f 2754 1134 371
f 2758 1134 2754
f 2754 2755 2758
f 105 552 2755
f 2758 2755 552
f 6593 552 105
f 105 2756 6593
f 2756 1133 2759
f 6593 2756 2759
f 2759 1133 553
f 106 553 1133
f 106 5171 6594
f 6595 553 106
f 6594 6595 106
f 304 6594 5171
f 2758 107 1134
f 2760 107 2758
f 2758 552 2760
f 6593 2761 552
f 2760 552 2761
f 6594 6596 6595
f 304 6596 6594
f 2760 372 107
f 2762 372 2760
f 2760 2761 2762
f 2762 2761 1135
f 304 6597 6596
f 304 1136 6597
f 304 5167 1136
f 2762 2763 372
f 2764 2763 2762
f 2762 1135 2764
f 2764 1135 554
f 6597 1136 108
f 1136 2765 108
f 1136 6598 2765
f 5167 6598 1136
f 5167 2143 6598
f 2764 109 2763
f 2766 109 2764
f 2764 554 2766
f 2766 554 6599
f 6598 2767 2765
f 6598 6600 2767
f 2143 6600 6598
f 2767 6601 2765
f 2143 2146 6600
f 2766 373 109
f 2768 373 2766
f 2766 6599 2768
f 2767 6602 6601
f 6600 6603 2767
f 2767 6604 6602
f 2767 6603 6604
f 6600 2769 6603
f 6600 1137 2769
f 2146 1137 6600
f 2769 6604 6603
f 2770 6602 6604
f 2770 6601 6602
f 2146 2148 1137
f 2768 273 373
f 6605 273 2768
f 2148 6606 1137
f 6606 6607 1137
f 1137 6607 2769
f 2769 6608 6604
f 2769 6609 6608
f 2769 6607 6609
f 2771 6604 6608
f 2771 6610 6604
f 2770 6604 6610
f 2771 6608 6609
f 6606 2772 6607
f 2772 6609 6607
f 2148 15 6606
f 6605 1138 273
f 6611 1138 6605
f 6606 6612 2772
f 6606 6613 6612
f 15 6613 6606
f 2771 6609 110
f 2772 6614 6609
f 6614 110 6609
f 2772 6612 6615
f 2772 6615 6614
f 2773 6612 6613
f 2773 6615 6612
f 6611 111 1138
f 6616 111 6611
f 2774 6613 15
f 2774 6617 6613
f 2773 6613 6617
f 922 2774 15
f 6614 2775 110
f 6614 6615 6618
f 6614 6618 2775
f 6619 6618 6615
f 2773 6619 6615
f 2774 6620 6617
f 2773 6617 6620
f 2774 6621 6620
f 922 6621 2774
f 2773 6620 6622
f 2773 6623 6619
f 2773 6622 6623
f 6616 6624 111
f 6625 6624 6616
f 6626 6620 6621
f 2776 6620 6626
f 2776 6622 6620
f 555 6623 6622
f 555 6622 2776
f 6626 6621 2777
f 6627 6621 922
f 6627 2777 6621
f 6626 2777 6628
f 6627 6628 2777
f 6626 6628 112
f 2776 6626 112
f 2776 112 374
f 555 2776 374
f 6625 556 6624
f 6629 556 6625
f 555 374 6630
f 2778 374 112
f 2778 6630 374
f 6631 112 6628
f 2778 112 6631
f 1139 6628 6627
f 6629 6632 556
f 6633 6632 6629
f 6633 375 6632
f 2779 1139 6627
f 113 1139 2779
f 6634 113 2779
f 6634 2779 114
f 2779 6627 114
f 114 6627 922
f 6634 6635 113
f 6635 6636 113
f 6637 6635 6634
f 6635 6638 6636
f 6638 6635 6637
f 6637 6634 2780
f 6634 114 376
f 2780 6634 376
f 6639 376 114
f 114 922 6640
f 6639 114 6640
f 922 2147 6640
f 2147 6639 6640
f 6639 1140 376
f 2780 376 1140
f 6641 6637 2780
f 6638 6637 6642
f 6642 6637 6641
f 6641 2780 2781
f 2781 2780 1140
f 2782 6638 6642
f 2147 921 6639
f 6643 6639 921
f 6639 6643 1140
f 115 1140 6643
f 115 6644 1140
f 2781 1140 6644
f 2783 6641 2781
f 2783 2781 6644
f 2783 6645 6641
f 6642 6641 6646
f 6645 6646 6641
f 2784 2782 6642
f 2784 6642 6646
f 115 6643 923
f 6643 921 923
f 116 6644 115
f 2783 6644 116
f 6647 2784 6646
f 6645 6647 6646
f 6648 6645 2783
f 6647 6645 6648
f 6648 2783 1141
f 2783 6649 1141
f 2783 116 6649
f 6647 117 2784
f 6649 116 2785
f 2786 117 6647
f 6647 6648 6650
f 2786 6647 6650
f 118 6648 1141
f 6650 6648 118
f 118 1141 2787
f 1141 6651 2787
f 1141 6649 6651
f 2786 6650 6652
f 6650 118 6652
f 6649 2785 274
f 119 6649 274
f 119 6651 6649
f 2785 6653 274
f 119 274 6653
f 2786 6652 2788
f 2789 118 2787
f 2789 6654 118
f 6652 118 6654
f 2787 6651 6655
f 2787 6655 2789
f 2790 6655 6651
f 2790 6651 119
f 2788 6652 6656
f 6652 6654 6656
f 119 6653 6657
f 2790 119 6657
f 6658 6655 2790
f 6658 2789 6655
f 1142 6654 2789
f 6658 1142 2789
f 1142 6659 6654
f 6659 6656 6654
f 6653 2791 6657
f 2788 6656 2792
f 6660 2792 6656
f 6659 6660 6656
f 6552 2736 6590
f 6586 2793 2749
f 6661 6586 6588
f 2793 6586 6661
f 6587 6589 6662
f 6663 6587 6662
f 6663 2752 6587
f 1143 2752 6663
f 6588 2752 1143
f 6661 6588 2794
f 2794 6588 1143
f 6590 2736 6664
f 6589 6590 6665
f 6590 6664 6665
f 6662 6589 6666
f 6589 1144 6666
f 6589 6665 1144
f 6662 6666 557
f 6663 6662 557
f 6664 2736 6546
f 6665 6664 2795
f 6665 2795 1144
f 6663 557 6667
f 6668 6663 6667
f 1143 6663 6668
f 2796 1143 6668
f 2794 1143 2796
f 6664 6669 2795
f 6664 6670 6669
f 6664 6546 6670
f 6670 6546 1122
f 6668 6667 1145
f 6671 6668 1145
f 2796 6668 6671
f 6670 1146 6669
f 6670 6672 1146
f 6670 1122 6672
f 1122 6530 6672
f 6672 6530 6538
f 6672 6538 1146
f 6671 1145 2797
f 6673 6671 2797
f 1147 6671 6673
f 1147 2796 6671
f 6673 2797 558
f 6674 6673 558
f 6674 1147 6673
f 6674 558 1148
f 6675 6674 1148
f 6675 2798 6674
f 6674 2798 1147
f 6675 1148 6676
f 6677 6675 6676
f 6677 2799 6675
f 6675 2799 2798
f 2798 6678 1147
f 2798 2800 6678
f 2799 2800 2798
f 6678 2796 1147
f 6677 6676 6679
f 6680 6677 6679
f 6680 6681 6677
f 6677 6681 2799
f 2799 2801 2800
f 6681 2801 2799
f 6682 2800 2801
f 6682 6683 2800
f 6683 6678 2800
f 6683 559 6678
f 559 2794 6678
f 6678 2794 2796
f 6680 6679 2802
f 6680 2803 6681
f 2803 6684 6681
f 6681 6684 2801
f 6685 6682 2801
f 6685 2801 6684
f 6686 6680 2802
f 1149 6680 6686
f 1149 2803 6680
f 6687 6682 6685
f 6687 2804 6682
f 6683 6682 2804
f 6683 2804 2805
f 2805 559 6683
f 559 6661 2794
f 6661 559 6688
f 2805 6688 559
f 6686 2802 1150
f 2803 2806 6684
f 1151 2803 1149
f 1151 2806 2803
f 6689 6685 6684
f 6689 6684 2806
f 2807 6687 6685
f 2807 6685 6689
f 6690 6686 1150
f 2808 6686 6690
f 2808 1149 6686
f 2809 1151 1149
f 2809 1149 2808
f 6691 2804 6687
f 6691 2810 2804
f 2810 2805 2804
f 2810 2811 2805
f 6688 2805 2811
f 6692 6689 2806
f 6692 2806 1151
f 560 6692 1151
f 560 1151 2809
f 6693 2807 6689
f 6693 6689 6692
f 6690 1150 561
f 6694 2808 6690
f 6694 6690 561
f 6694 6695 2808
f 6695 2809 2808
f 6692 560 2812
f 6692 2812 6693
f 6696 560 2809
f 6695 6697 2809
f 6696 2809 6697
f 6698 2812 560
f 6698 560 6696
f 6691 6699 2810
f 2810 6700 2811
f 2810 6699 6700
f 6694 561 6701
f 6702 6694 6701
f 6702 6695 6694
f 6702 2813 6695
f 2813 6697 6695
f 2812 6698 6703
f 6693 2812 2814
f 2812 6703 2814
f 6704 6696 6697
f 2815 6696 6704
f 2815 6698 6696
f 6704 6697 2816
f 2813 2816 6697
f 6698 2815 2817
f 6698 2817 6703
f 6702 6701 2818
f 6705 2813 6702
f 1152 6702 2818
f 1152 6705 6702
f 1153 2816 2813
f 6705 1153 2813
f 6706 2817 2815
f 6704 6706 2815
f 1154 6704 2816
f 1153 1154 2816
f 6704 6707 6706
f 1154 6707 6704
f 2819 6705 1152
f 2819 6708 6705
f 2820 6705 6708
f 2820 1153 6705
f 2821 1154 1153
f 2821 1153 2820
f 6709 6707 1154
f 6709 1154 2821
f 6707 6709 2822
f 6707 2822 6706
f 6710 6708 2819
f 6711 2820 6708
f 6710 6711 6708
f 6711 6712 2820
f 6712 2821 2820
f 6713 6709 2821
f 6712 6713 2821
f 6709 6714 2822
f 6709 6715 6714
f 6713 6715 6709
f 1155 6713 6712
f 1155 6715 6713
f 1156 6712 6711
f 1155 6712 1156
f 6714 6715 120
f 1155 120 6715
f 562 6711 6710
f 1156 6711 6716
f 562 6716 6711
f 1156 6716 6717
f 6717 6716 562
f 1156 6717 6718
f 1155 1156 6718
f 1155 6718 6719
f 1155 6720 120
f 1155 6719 6720
f 6714 120 2823
f 6721 120 6720
f 6721 2823 120
f 6722 6721 6720
f 6719 6722 6720
f 6719 2824 6722
f 6718 2824 6719
f 6717 2825 6718
f 6718 2825 2824
f 6717 562 6723
f 6717 6724 2825
f 6717 2826 6724
f 6717 6723 2826
f 6722 2824 1157
f 2824 1158 1157
f 2824 2825 1158
f 2825 6724 6725
f 2825 6725 1158
f 6724 2826 1159
f 6724 1159 6725
f 6722 1157 6726
f 6722 2827 6721
f 6726 2827 6722
f 1157 6727 6726
f 1157 2828 6727
f 1158 2828 1157
f 1158 2829 2828
f 6725 2829 1158
f 6725 6728 2829
f 1159 6728 6725
f 6726 6729 2827
f 6727 6729 6726
f 6727 2828 6730
f 2829 6730 2828
f 6728 6731 2829
f 2829 6731 6730
f 1159 2830 6728
f 6727 6730 6732
f 6727 2831 6729
f 2831 6727 6732
f 6732 6730 2832
f 6731 2832 6730
f 6728 2830 6733
f 6728 6734 6731
f 6728 6733 6734
f 6734 2833 6731
f 6731 2833 2832
f 6732 2832 563
f 2831 6732 6735
f 6735 6732 563
f 6735 2834 2831
f 6729 2831 2834
f 563 2832 1160
f 2832 1161 1160
f 2832 2833 1161
f 6734 6733 564
f 6734 564 6736
f 6734 6736 2833
f 2833 6736 6737
f 2833 6737 1161
f 563 1160 6738
f 6738 2835 563
f 6735 563 2835
f 6735 6739 2834
f 2835 6739 6735
f 6736 564 1162
f 2790 6657 6740
f 6657 1163 6740
f 6657 2791 1163
f 6658 2790 2836
f 6741 2790 6740
f 6741 2836 2790
f 1142 6742 6659
f 1142 2837 6742
f 6658 2837 1142
f 6659 6742 6743
f 6659 6743 6660
f 2838 6741 6740
f 2838 6740 1163
f 6658 2836 2839
f 6741 2839 2836
f 1163 2791 6744
f 6741 6745 2839
f 2838 6745 6741
f 6660 121 2792
f 6660 6743 2840
f 6660 2840 121
f 1163 6744 122
f 6746 1163 122
f 6746 2838 1163
f 6746 2841 2838
f 2838 2841 6745
f 6742 2837 6747
f 6743 6742 6748
f 6742 6747 6748
f 2840 6743 6749
f 6743 6748 6749
f 2842 122 6744
f 2842 6746 122
f 123 2839 6745
f 6750 6745 2841
f 123 6745 6750
f 121 2840 6751
f 2840 6749 6752
f 6751 2840 6752
f 6746 6753 2841
f 2843 6753 6746
f 2842 2843 6746
f 6754 2841 6753
f 6754 6755 2841
f 6750 2841 6755
f 6749 2844 6752
f 6749 6756 2844
f 6748 6756 6749
f 6757 6752 2844
f 6751 6752 6757
f 2845 2843 2842
f 123 6750 6758
f 6750 2846 6758
f 6750 6755 2846
f 6754 2846 6755
f 124 6754 6753
f 2843 2847 6753
f 124 6753 2847
f 2848 2847 2843
f 2848 2843 2845
f 6754 2849 2846
f 124 2849 6754
f 6759 124 2847
f 6759 2847 2848
f 6759 6760 124
f 124 6760 2849
f 6757 2844 6761
f 6762 2846 2849
f 6762 1164 2846
f 1164 6758 2846
f 6763 6762 2849
f 6763 2849 6760
f 6760 6764 6763
f 6762 2850 1164
f 6762 2851 2850
f 6763 2851 6762
f 6763 6764 2852
f 6763 6765 2851
f 6763 2852 6765
f 2852 6766 6765
f 6766 2851 6765
f 6767 2850 2851
f 6766 6767 2851
f 6767 6768 2850
f 6768 2853 2850
f 1164 2850 2853
f 6764 2854 2852
f 2854 6769 2852
f 2852 6769 6766
f 6764 6770 2854
f 6767 1165 6768
f 6767 2855 1165
f 6766 2855 6767
f 6766 6769 2856
f 6766 6771 2855
f 6766 2856 6771
f 6768 6772 2853
f 6768 2857 6772
f 6768 1165 2857
f 6770 6773 2854
f 6773 6774 2854
f 2854 6774 6769
f 6769 6774 377
f 6769 377 2856
f 2856 6775 6771
f 6775 2855 6771
f 6776 1165 2855
f 6775 6776 2855
f 6776 6777 1165
f 6777 2857 1165
f 2856 6778 6775
f 377 6778 2856
f 6777 125 2857
f 125 6779 2857
f 6772 2857 6779
f 6773 6780 6774
f 6774 6781 377
f 6774 6780 6781
f 377 126 6778
f 6782 377 6781
f 6782 126 377
f 6776 2858 6777
f 6776 2859 2858
f 6775 2859 6776
f 6777 2858 378
f 6777 378 125
f 6780 2860 6781
f 2860 6782 6781
f 6775 6778 2861
f 6778 2862 2861
f 6778 126 2862
f 2862 126 6782
f 125 6783 6779
f 125 6784 6783
f 125 378 6784
f 2859 6785 2858
f 2858 6786 378
f 2858 6785 6786
f 378 6786 6787
f 378 6787 6784
f 6784 6787 1166
f 6783 6784 2863
f 6784 1166 2863
f 2864 6786 6785
f 2864 2865 6786
f 2865 6787 6786
f 6788 1166 6787
f 2865 6788 6787
f 2863 1166 6789
f 2866 6789 1166
f 6788 2866 1166
f 6790 2865 2864
f 6791 2865 6790
f 6791 6788 2865
f 6792 2866 6788
f 6792 6788 6791
f 2867 2864 6785
f 275 2864 2867
f 6790 2864 275
f 6793 2866 6792
f 6793 6794 2866
f 2866 6794 6789
f 6791 2868 6792
f 6793 6792 2868
f 2869 6790 275
f 2869 2870 6790
f 2870 6791 6790
f 6791 6795 2868
f 2870 6795 6791
f 6796 2869 275
f 275 2867 6796
f 6797 2870 2869
f 6795 2870 6797
f 6793 2868 6798
f 6799 6794 6793
f 6799 6793 6798
f 2868 6795 6800
f 6795 6797 6800
f 6798 2868 1167
f 2868 6800 1167
f 6796 2871 2869
f 1168 2869 2871
f 6797 2869 1168
f 6797 565 6800
f 6797 2872 565
f 1168 2872 6797
f 6800 565 2873
f 6800 2873 1167
f 6798 1167 6801
f 1167 6802 6801
f 1167 2873 6802
f 6803 6798 6801
f 6803 2874 6798
f 6799 6798 2874
f 6801 6802 2875
f 6801 2875 6803
f 1168 2871 6804
f 6804 379 1168
f 1168 379 2872
f 565 2872 6805
f 2873 565 6806
f 565 6805 6806
f 2872 379 6807
f 2872 6807 6805
f 6802 2873 6808
f 2873 6806 6808
f 2875 6802 6809
f 6802 6808 6809
f 2876 6807 379
f 6804 2876 379
f 6808 6806 6810
f 6805 6810 6806
f 6807 2877 6805
f 6805 2877 6810
f 6808 6810 380
f 6809 6808 380
f 6807 1169 2877
f 2876 6811 6807
f 6811 1169 6807
f 2878 380 6810
f 2877 566 6810
f 2878 6810 566
f 1169 2879 2877
f 2877 2879 566
f 6809 380 6812
f 6812 380 2878
f 2879 6813 566
f 2878 566 6813
f 1169 2880 2879
f 6811 2881 1169
f 2881 2880 1169
f 2880 6814 2879
f 2879 6814 6813
f 6812 2878 6815
f 2878 6813 6816
f 6817 2878 6816
f 6817 6815 2878
f 6813 2882 6816
f 6813 6818 2882
f 6814 6818 6813
f 6819 6817 6816
f 6819 6816 2882
f 6814 2883 6818
f 6820 2883 6814
f 2880 6820 6814
f 2881 2884 2880
f 2880 6821 6820
f 2880 2884 6821
f 2882 6818 6392
f 6392 6818 2883
f 2882 6392 1092
f 6819 2882 1092
f 6817 6819 2885
f 6815 6817 6822
f 6817 2885 6822
f 2885 6819 6398
f 6736 1162 6737
f 6738 1160 2886
f 1160 2887 2886
f 1160 1161 2887
f 1161 6737 6823
f 1161 6823 2887
f 6737 1162 2888
f 6737 2888 6823
f 6738 2886 6368
f 6738 6364 2835
f 6364 6738 6368
f 2835 2643 6739
f 6364 2643 2835
f 6368 2886 6371
f 2887 6371 2886
f 6823 6376 2887
f 2887 6376 6371
f 6823 2888 6824
f 6823 6380 6376
f 6823 6824 6380
f 6739 2643 6329
f 6380 6824 6388
f 6322 6825 6329
f 6739 6329 6825
f 381 6825 6322
f 381 6826 6825
f 6826 6739 6825
f 6316 381 6322
f 6826 2834 6739
f 381 6316 1073
f 6826 381 6827
f 381 1073 6827
f 6826 6827 6828
f 2834 6826 6828
f 6827 1073 6304
f 6828 6827 2889
f 6827 6304 2889
f 6828 2889 6829
f 1170 6828 6829
f 2834 6828 1170
f 6729 2834 1170
f 2890 6729 1170
f 1170 6829 2890
f 2889 6304 6300
f 2889 6300 6830
f 6829 2889 6830
f 6829 6830 6831
f 2890 6829 6831
f 2890 2827 6729
f 2890 6831 6832
f 6832 2827 2890
f 6830 6300 266
f 6831 6830 382
f 6830 266 382
f 6833 6832 6831
f 6831 382 6833
f 6832 6721 2827
f 1171 6721 6832
f 6833 1171 6832
f 6292 382 266
f 6834 6833 382
f 6834 382 6292
f 6833 6834 6835
f 6833 6835 1171
f 1171 2823 6721
f 1171 6835 6714
f 1171 6714 2823
f 6836 6834 6292
f 2891 6834 6836
f 2891 6835 6834
f 6835 2891 2822
f 6835 2822 6714
f 6836 6292 2611
f 1172 2891 6836
f 6837 6836 2611
f 1172 6836 6837
f 2891 1172 6706
f 2891 6706 2822
f 2817 1172 6837
f 6706 1172 2817
f 6837 2611 6282
f 6838 6837 6282
f 2817 6837 6838
f 6838 6703 2817
f 6838 6282 355
f 355 6839 6838
f 6838 6839 6703
f 355 6278 6839
f 6278 6840 6839
f 6703 6839 6840
f 6703 6840 2814
f 6278 2605 6840
f 6841 6840 2605
f 6841 2814 6840
f 6841 2605 6267
f 6267 6842 6841
f 6841 1173 2814
f 6842 1173 6841
f 6693 2814 1173
f 6267 2599 6842
f 2599 6843 6842
f 6842 2892 1173
f 6843 2892 6842
f 1173 2892 2807
f 1173 2807 6693
f 2599 6255 6843
f 6255 6699 6843
f 6691 6843 6699
f 6843 6691 2892
f 2892 6691 6687
f 2892 6687 2807
f 6255 2597 6699
f 2597 6700 6699
f 2597 352 6700
f 352 6844 6700
f 1174 6700 6844
f 1174 2811 6700
f 6688 2811 1174
f 1174 2893 6688
f 1174 6845 2893
f 6844 6845 1174
f 6844 2894 6845
f 352 6846 6844
f 6846 2894 6844
f 6238 6846 352
f 6661 6688 2893
f 2893 6845 6847
f 2793 6661 2893
f 2893 6847 2793
f 2895 6847 6845
f 2895 6845 2894
f 6848 2895 2894
f 6846 6848 2894
f 2896 6848 6846
f 2896 6846 6238
f 2793 6847 1175
f 1175 6847 2895
f 2588 2896 6238
f 2588 2897 2896
f 2897 6848 2896
f 6848 6849 2895
f 2897 6849 6848
f 6849 2898 2895
f 1175 2895 2898
f 2793 1175 2749
f 6581 1175 2898
f 2749 1175 6581
f 6849 6850 2898
f 2897 6850 6849
f 6581 2898 6582
f 6850 6582 2898
f 2588 1065 2897
f 1065 2585 2897
f 2897 2585 6850
f 6850 6230 6582
f 2585 6230 6850
f 5849 5088 2101
f 6851 5088 5849
f 5849 2413 6851
f 2413 6852 6851
f 6852 2899 6851
f 6851 2899 5088
f 5073 5088 2899
f 6852 6853 2899
f 2899 5069 5073
f 2899 6853 5069
f 6854 6853 6852
f 2413 1176 6852
f 1176 6854 6852
f 5839 1176 2413
f 5839 567 1176
f 1176 567 6854
f 6854 2900 6853
f 5071 6853 2900
f 5071 5069 6853
f 6855 2900 6854
f 567 6855 6854
f 6855 5075 2900
f 5071 2900 5075
f 5839 6856 567
f 6856 5093 567
f 567 5093 6855
f 5086 5075 6855
f 5093 5086 6855
f 1016 6856 5839
f 6857 6856 1016
f 6857 5101 6856
f 6856 5101 5093
f 1016 5109 6857
f 5101 6857 2109
f 5109 2109 6857
f 2901 2432 504
f 2901 6858 2432
f 2432 6858 1021
f 2901 2902 6858
f 6858 2903 1021
f 6858 2902 2903
f 2901 6859 2902
f 6859 6860 2902
f 6860 2903 2902
f 6860 1177 2903
f 1021 2903 2904
f 1177 2904 2903
f 1021 2904 5891
f 6859 1178 6860
f 5891 2904 5897
f 1177 6861 2904
f 2904 6862 5897
f 2904 6861 6862
f 1177 2905 6861
f 1177 276 2905
f 6860 276 1177
f 6860 2906 276
f 6860 2907 2906
f 6860 1178 2907
f 6861 2905 6863
f 6861 6863 6862
f 5905 5897 6862
f 2908 5905 6862
f 2908 6862 6863
f 6864 2905 276
f 6865 2905 6864
f 6865 6863 2905
f 6864 276 127
f 2906 127 276
f 2907 6866 2906
f 2906 6866 127
f 6867 2908 6863
f 6867 6863 6865
f 6868 6867 6865
f 6864 6868 6865
f 2907 6869 6866
f 6866 568 127
f 568 6864 127
f 568 2909 6864
f 6864 2909 6868
f 5909 5905 2908
f 6870 5909 2908
f 6870 2908 6867
f 6870 6867 2910
f 6868 2910 6867
f 6866 2911 568
f 2912 6866 6869
f 2912 2911 6866
f 2913 2910 6868
f 6871 6868 2909
f 2913 6868 6871
f 2914 2909 568
f 6871 2909 2914
f 6870 2910 6872
f 6872 2910 2913
f 2914 568 2915
f 568 2916 2915
f 568 2911 2916
f 2916 2911 2912
f 6870 2441 5909
f 6819 1092 6398
f 6820 2917 2883
f 6821 2917 6820
f 6392 2883 1088
f 1088 2883 2917
f 6821 2918 2917
f 2884 6873 6821
f 6873 2918 6821
f 2885 6398 6404
f 6822 2885 6414
f 6404 6414 2885
f 1088 2917 6382
f 2917 6377 6382
f 2917 2918 6377
f 6373 6377 2918
f 6873 6373 2918
f 2649 6373 6873
f 6874 2649 6873
f 2884 6874 6873
f 6874 534 2649
f 2881 6874 2884
f 2881 6875 6874
f 6875 534 6874
f 6811 6875 2881
f 6875 2919 534
f 2919 6875 6876
f 6811 6876 6875
f 2648 534 2919
f 6877 2648 2919
f 2919 6876 6877
f 2876 6876 6811
f 2876 6878 6876
f 6878 6877 6876
f 6877 6363 2648
f 6878 2920 6877
f 6363 6877 2920
f 6879 6878 2876
f 2920 6878 6879
f 6879 2876 6804
f 6363 2920 2644
f 2920 6879 383
f 2644 2920 383
f 6804 6880 6879
f 2921 6879 6880
f 2921 383 6879
f 6804 2871 6880
f 6881 6880 2871
f 6881 2921 6880
f 2644 383 6882
f 2922 383 2921
f 2922 6882 383
f 2922 2921 6883
f 6881 6883 2921
f 6358 2644 6882
f 6358 6882 2922
f 6881 2871 6796
f 6881 2923 6883
f 6881 6884 2923
f 6796 6884 6881
f 6358 2922 384
f 2922 6883 6885
f 384 2922 6885
f 6883 2923 1179
f 6883 1179 6885
f 6332 6358 384
f 6796 2867 6884
f 2923 6884 6886
f 1179 2923 6887
f 2923 6886 6887
f 6884 2867 6888
f 6884 6888 6886
f 384 6885 6889
f 6885 6890 6889
f 6885 1179 6890
f 6890 1179 6891
f 1179 6887 6891
f 6332 384 2924
f 384 6892 2924
f 384 6889 6892
f 2861 6891 6887
f 6886 2861 6887
f 6893 6886 6888
f 6886 6893 2861
f 6889 6890 2925
f 6889 2925 6892
f 2925 6890 6894
f 6890 6891 6894
f 2867 6785 6888
f 2859 6888 6785
f 6893 6888 2859
f 2862 6894 6891
f 2861 2862 6891
f 6775 2861 6893
f 6775 6893 2859
f 6892 2925 1180
f 2925 6894 6895
f 1180 2925 6895
f 6896 6895 6894
f 2862 6896 6894
f 6892 6897 2924
f 6892 6898 6897
f 6892 1180 6898
f 2862 6782 6896
f 6896 2926 6895
f 6782 2926 6896
f 1180 6895 6899
f 2927 1180 6899
f 6898 1180 2927
f 6895 2926 6900
f 6895 6900 6899
f 6782 6901 2926
f 6901 6900 2926
f 6900 6902 6899
f 2927 6899 6902
f 6898 358 6897
f 6898 6903 358
f 6898 2927 6903
f 6903 2927 128
f 128 2927 6902
f 2860 6901 6782
f 358 6903 6312
f 6903 128 6312
f 6900 569 6902
f 6901 1181 6900
f 1181 569 6900
f 129 1181 6901
f 129 6901 2860
f 569 6904 6902
f 128 6902 6904
f 6312 128 2621
f 2621 128 6904
f 385 1181 129
f 385 6905 1181
f 1181 6905 569
f 569 6906 6904
f 6907 569 6905
f 6907 6906 569
f 6907 6905 385
f 6906 6318 6904
f 2621 6904 6318
f 6908 385 129
f 6909 129 2860
f 6909 6908 129
f 6910 6908 6909
f 6910 6909 2928
f 6911 6910 2928
f 6912 6911 2928
f 6912 2928 6773
f 2928 6780 6773
f 2928 6909 6780
f 6780 6909 2860
f 6770 6912 6773
f 5323 939 6913
f 5323 6913 1182
f 6913 2929 1182
f 1182 2929 2930
f 2929 6914 2930
f 1182 2930 6915
f 5323 1182 130
f 2931 1182 6915
f 2931 130 1182
f 6915 2930 131
f 2930 6916 131
f 2930 6914 6916
f 386 5323 130
f 386 942 5323
f 570 6916 6914
f 6915 131 1183
f 2932 6915 1183
f 2932 2931 6915
f 130 2931 2289
f 386 130 1184
f 130 2289 1184
f 2931 2932 132
f 2931 132 2289
f 979 2932 1183
f 979 1183 131
f 979 131 571
f 131 6917 571
f 131 6916 6917
f 570 2933 6916
f 387 6916 2933
f 387 6917 6916
f 2289 5540 1184
f 386 1184 5540
f 979 2338 2932
f 324 2932 2338
f 324 132 2932
f 2289 132 5543
f 5543 132 324
f 979 571 2934
f 2934 571 6917
f 2934 6917 6918
f 6918 6917 387
f 387 2933 6919
f 979 2934 1185
f 979 1185 478
f 1185 2934 572
f 572 2934 6918
f 6918 387 2935
f 387 6919 6920
f 133 387 6920
f 133 2935 387
f 572 6918 134
f 134 6918 2935
f 573 6920 6919
f 2936 133 6920
f 2936 6920 573
f 1185 572 388
f 47 1185 388
f 47 478 1185
f 388 572 1186
f 1186 572 134
f 2935 133 6921
f 2936 6921 133
f 2935 6921 2937
f 134 2935 2937
f 1186 134 6922
f 6922 134 2937
f 388 1186 6923
f 47 388 6923
f 573 2938 2936
f 2936 6924 6921
f 2938 6924 2936
f 6925 2937 6921
f 6925 6921 6924
f 6925 2939 2937
f 6922 2937 2939
f 6923 1186 2940
f 1186 6926 2940
f 1186 6922 6926
f 6922 2939 2941
f 6922 2941 6926
f 6927 2941 2939
f 6927 2939 6925
f 2940 6926 389
f 389 6926 2941
f 6925 6924 1187
f 2938 2942 6924
f 2942 1187 6924
f 574 6927 6925
f 574 6925 1187
f 2938 6928 2942
f 2941 6927 6929
f 574 6929 6927
f 2941 6929 2943
f 389 2941 2943
f 2942 6930 1187
f 574 1187 6930
f 6930 2942 6928
f 2940 389 135
f 2943 6931 389
f 1188 389 6931
f 1188 135 389
f 6929 6932 2943
f 2943 6932 6931
f 6870 6004 2441
f 6870 2944 6004
f 6870 6872 2944
f 2916 2912 575
f 6872 2913 6933
f 6933 2913 6934
f 6934 2913 6871
f 6934 6871 6935
f 6935 6871 2914
f 6936 2914 2915
f 6935 2914 6936
f 6872 6933 2945
f 6872 2945 2944
f 6936 2915 6937
f 6937 2915 2916
f 6004 2944 6009
f 6009 2944 2945
f 2916 575 6938
f 6937 2916 6939
f 2916 6938 6939
f 6933 6934 6940
f 6941 6933 6940
f 6941 2945 6933
f 6940 6934 2946
f 2946 6934 6935
f 2946 6935 6942
f 6935 2947 6942
f 6935 6936 2947
f 6936 6937 1189
f 6936 1189 2947
f 6937 6939 2948
f 6937 2948 1189
f 2948 6939 6938
f 6009 2945 6943
f 1190 2945 6941
f 1190 6943 2945
f 6009 6943 2486
f 2948 6938 1191
f 6940 2946 6944
f 2949 6940 6944
f 2949 6941 6940
f 6945 1190 6941
f 6945 6941 2949
f 6944 2946 2950
f 6942 2950 2946
f 6942 6946 2950
f 2947 6946 6942
f 2948 576 1189
f 576 2947 1189
f 576 2951 2947
f 2947 2951 6946
f 6947 2486 6943
f 6947 6943 1190
f 2952 6947 1190
f 2952 1190 6945
f 6945 2949 2953
f 2953 2949 6944
f 6944 2950 6948
f 2953 6944 6948
f 6945 2953 6949
f 2952 6945 6949
f 6948 2950 2954
f 2954 2950 6946
f 2954 6946 6950
f 2951 6950 6946
f 576 2955 2951
f 2951 2955 6950
f 2953 6951 6949
f 2953 2956 6951
f 2956 2953 6948
f 6948 2954 6952
f 2956 6948 6952
f 2957 6949 6951
f 2952 6949 2957
f 6952 2954 6953
f 6953 2954 6950
f 6027 6947 2952
f 6031 2952 2957
f 6031 6027 2952
f 6953 6950 6954
f 6954 6950 2955
f 6951 2956 577
f 577 2956 6952
f 6952 6953 6955
f 577 6952 6955
f 2957 6951 2958
f 2958 6031 2957
f 6951 577 6956
f 2958 6951 6956
f 6955 6953 2959
f 2959 6953 6954
f 6956 577 2960
f 2960 577 6955
f 6955 2959 6957
f 2960 6955 6957
f 2958 6034 6031
f 2958 6956 6958
f 6959 2958 6958
f 6959 6034 2958
f 6956 2960 6960
f 6958 6956 6960
f 6957 2959 6961
f 6962 6961 2959
f 2959 6954 6962
f 6957 6961 6963
f 2960 6957 6963
f 2960 6964 6960
f 2960 6965 6964
f 2960 6963 6965
f 6034 6959 6037
f 6958 6960 2961
f 6966 6958 2961
f 6966 6959 6958
f 6959 6966 2962
f 6959 2962 6037
f 6967 2961 6960
f 6967 6960 6964
f 1192 6964 6965
f 1192 6965 6963
f 6968 6967 6964
f 1192 6968 6964
f 6963 6961 2963
f 6969 2963 6961
f 6962 6969 6961
f 6963 2963 6970
f 1192 6963 6970
f 6971 6966 2961
f 6971 2961 6967
f 2962 6966 6971
f 6968 2964 6967
f 6971 6967 2964
f 6037 2962 2505
f 2962 6971 6972
f 6972 2505 2962
f 6968 1192 578
f 1192 6973 578
f 1192 6970 6973
f 2964 6968 6974
f 6968 578 6974
f 6970 2963 6975
f 6970 6975 6973
f 6971 2964 6976
f 6972 6971 6976
f 2964 6974 6977
f 6976 2964 6977
f 6977 6974 6978
f 6978 6974 578
f 6978 578 2965
f 2965 578 6973
f 6972 6976 2966
f 2966 136 6972
f 6972 136 2505
f 2505 136 6047
f 6976 6977 6979
f 2966 6976 6979
f 6973 6975 2967
f 2965 6973 6980
f 6973 2967 6980
f 6978 2965 1193
f 1193 2965 6980
f 6977 6978 2968
f 6981 6977 2968
f 6981 6979 6977
f 6978 1193 6982
f 2968 6978 6982
f 6983 6979 6981
f 2966 6979 6983
f 2966 390 136
f 390 2966 6983
f 136 390 1041
f 136 1041 6047
f 6980 2967 6984
f 1193 6980 6985
f 6980 6984 6985
f 1193 6986 6982
f 1193 2969 6986
f 2969 1193 6985
f 6987 6982 6986
f 2968 6982 6987
f 6988 6981 2968
f 6988 2968 6987
f 2970 6981 6988
f 6983 6981 2970
f 390 6983 6989
f 2970 6989 6983
f 1041 390 6989
f 1041 6989 513
f 6985 6984 2971
f 2969 6985 6990
f 6985 2971 6990
f 6987 6986 2972
f 2972 6986 6991
f 6991 6986 2969
f 6991 2969 2973
f 2973 2969 6990
f 6992 6988 6987
f 6992 6987 2972
f 2974 6988 6992
f 2974 6993 6988
f 2970 6988 6993
f 6993 2975 2970
f 2970 2975 6989
f 6989 2975 6994
f 6989 6994 513
f 513 6994 2511
f 6990 2971 6995
f 2973 6990 579
f 6990 6995 579
f 2972 6991 6996
f 6997 2972 6996
f 6997 6992 2972
f 5207 2974 6992
f 5207 6992 6997
f 2974 6998 6993
f 6993 6998 2975
f 5207 18 2974
f 2974 18 6998
f 2975 6998 1194
f 2975 1194 6994
f 6994 1194 6999
f 6994 6999 2511
f 2511 6999 5228
f 6998 18 5215
f 6998 5215 1194
f 1194 5215 2167
f 1194 2167 6999
f 2167 5228 6999
f 2158 6997 6996
f 2158 5202 6997
f 5202 5207 6997
f 6996 7000 2158
f 6996 6991 7000
f 2158 7000 5191
f 5185 5191 7000
f 2976 7000 6991
f 5185 7000 2976
f 2976 6991 2973
f 5185 2976 5188
f 5188 2976 2973
f 5188 2973 579
f 579 2977 5188
f 5188 2977 5187
f 579 6995 2977
f 7001 5187 2977
f 7002 2977 6995
f 7002 7001 2977
f 7001 7003 5187
f 2978 7001 7002
f 7003 7001 2978
f 2114 5187 7003
f 6995 7004 7002
f 2978 7002 7005
f 7004 7005 7002
f 6995 2971 7004
f 2114 7003 7006
f 7003 2978 7007
f 574 6930 7008
f 574 7009 6929
f 574 7010 7009
f 574 7008 7010
f 6929 7011 6932
f 2979 7011 6929
f 2979 6929 7009
f 2979 7009 7010
f 7012 6932 7011
f 6931 6932 7012
f 6930 6928 7013
f 6930 2980 7008
f 6930 7013 2980
f 7008 2980 7014
f 7008 7014 7010
f 2981 1188 6931
f 6931 7012 137
f 2981 6931 137
f 2979 7010 7015
f 7014 7015 7010
f 7016 2979 7015
f 2979 7016 7011
f 7012 7011 580
f 7011 7016 580
f 2981 137 391
f 7012 391 137
f 7012 7017 391
f 7018 7017 7012
f 7012 580 7018
f 7016 7015 7019
f 580 7016 7019
f 7014 2982 7015
f 7015 2983 7019
f 7015 2982 2983
f 2980 581 7014
f 1195 7014 581
f 1195 2982 7014
f 2983 2982 1195
f 580 7019 7020
f 2983 7020 7019
f 2984 7018 580
f 2984 580 7020
f 7018 7021 7017
f 2984 7021 7018
f 2983 2985 7020
f 2985 2983 582
f 2983 1195 582
f 7022 2984 7020
f 7022 7020 2985
f 2984 7023 7021
f 7022 7023 2984
f 2985 582 1196
f 7022 2985 1196
f 1195 2986 582
f 1195 392 2986
f 581 392 1195
f 582 2986 2987
f 582 2987 1196
f 392 7024 2986
f 2987 2986 7024
f 7022 7025 7023
f 7025 7022 583
f 7022 1196 583
f 2988 583 1196
f 2988 1196 2987
f 2987 2989 2988
f 2987 7026 2989
f 2987 7024 7026
f 7025 583 7027
f 584 7023 7025
f 7027 584 7025
f 583 2988 2990
f 583 2990 7027
f 2988 2989 2991
f 2988 2991 2990
f 7026 2992 2989
f 2991 2989 2992
f 7026 1197 2992
f 1197 7026 7024
f 2993 7027 2990
f 2993 2994 7027
f 7027 2994 584
f 585 2993 2990
f 585 2990 2991
f 2991 2992 2995
f 585 2991 2995
f 2992 1197 7028
f 2995 2992 7029
f 2992 7028 7029
f 7030 2994 2993
f 7031 2993 585
f 7031 7030 2993
f 7030 7032 2994
f 2994 7032 584
f 585 7033 7031
f 585 2996 7033
f 585 2995 2996
f 2995 7029 7034
f 7034 2996 2995
f 2997 7031 7033
f 2997 7030 7031
f 2997 2998 7030
f 2998 7032 7030
f 7029 7028 2999
f 7034 7029 277
f 7029 2999 277
f 7034 138 2996
f 138 7033 2996
f 7034 3000 138
f 7034 7035 3000
f 7034 277 7035
f 3001 7035 277
f 3001 277 2999
f 138 3000 7036
f 138 7036 7033
f 7037 7033 7036
f 7037 3002 7033
f 2997 7033 3002
f 2997 1198 2998
f 2997 3003 1198
f 3003 2997 3002
f 7038 3000 7035
f 3001 7038 7035
f 7038 3004 3000
f 7036 3000 3004
f 7036 3004 7039
f 7036 7040 7037
f 7036 7039 7040
f 3001 7041 7038
f 3004 7038 7041
f 7042 7039 3004
f 3004 7041 7042
f 7037 7040 3005
f 7040 7039 7043
f 7042 7043 7039
f 7040 7043 7044
f 3005 7040 7044
f 1199 7043 7042
f 7044 7043 1199
f 3003 3006 1198
f 3003 7045 3006
f 7042 7041 586
f 1199 7042 7046
f 7042 586 7046
f 7047 3005 7044
f 7047 7044 7048
f 7044 1199 7048
f 586 7049 7046
f 1199 7046 7049
f 1199 7049 3007
f 7048 1199 3007
f 7048 3007 3008
f 7047 7048 3008
f 7045 7050 3006
f 3009 3008 3007
f 3007 7049 7051
f 3009 3007 7052
f 3007 7051 7052
f 586 3010 7049
f 7053 7049 3010
f 7053 7051 7049
f 7052 7051 7053
f 3010 586 7054
f 7055 7053 3010
f 3010 7054 7055
f 7055 7056 7053
f 7057 7056 7055
f 3011 7055 7054
f 3011 3012 7055
f 7057 7055 3012
f 3011 7058 3012
f 7057 3012 7058
f 7057 7058 7059
f 3011 1200 7058
f 139 3011 7054
f 139 7060 3011
f 1200 3011 7060
f 7041 139 7054
f 7041 7054 586
f 3001 139 7041
f 3001 7060 139
f 7061 7058 1200
f 7061 7062 7058
f 7059 7058 7062
f 7059 7062 7063
f 1200 7064 7061
f 1200 7065 7064
f 1200 7060 7065
f 3001 3013 7060
f 7065 7060 3013
f 7065 3013 7066
f 7064 7065 7066
f 3001 2999 3013
f 2999 7066 3013
f 7061 7064 7067
f 7068 7062 7061
f 7061 7067 7068
f 7069 7063 7062
f 7068 7069 7062
f 7064 7066 3014
f 7067 7064 3014
f 3015 3014 7066
f 2999 3015 7066
f 7069 3016 7063
f 7068 7070 7069
f 7070 3016 7069
f 7068 3017 7070
f 7067 3017 7068
f 7028 3015 2999
f 7067 3014 7071
f 7067 7072 3017
f 7071 7072 7067
f 7073 7071 3014
f 3015 7073 3014
f 7073 3015 7074
f 7028 7074 3015
f 7070 7075 3016
f 7073 7076 7071
f 7073 7074 7077
f 7077 7076 7073
f 7028 587 7074
f 140 7074 587
f 140 7077 7074
f 7028 1197 587
f 1197 7024 587
f 140 587 7024
f 140 7024 7078
f 392 7078 7024
f 7079 7078 392
f 581 7079 392
f 3018 7079 581
f 3018 581 7080
f 2980 7080 581
f 1201 7080 2980
f 7080 7081 3018
f 7080 1201 7081
f 3018 7081 7082
f 7082 7081 3019
f 3019 7081 1201
f 1201 2980 7013
f 7083 1201 7013
f 3019 1201 7083
f 7082 3019 7084
f 588 3019 7083
f 7083 7013 7085
f 7086 7083 7085
f 7086 588 7083
f 7013 7086 7085
f 7013 6928 7086
f 6928 7087 7086
f 7087 588 7086
f 3006 7050 7088
f 3006 7088 7089
f 1198 3006 7089
f 589 7089 7088
f 3020 7089 589
f 7006 7003 7007
f 7007 2978 3021
f 3021 2978 7005
f 2110 2114 7006
f 7004 3022 7005
f 3022 590 7005
f 3021 7005 590
f 7090 7004 2971
f 7091 7004 7090
f 7091 3022 7004
f 7090 2971 6984
f 7007 3021 7092
f 7006 7007 3023
f 3023 7007 7092
f 2110 7006 7093
f 7006 3024 7093
f 7006 3023 3024
f 7094 7090 6984
f 7094 7091 7090
f 3025 7092 3021
f 7095 3021 590
f 7095 3025 3021
f 7095 590 3026
f 3022 3026 590
f 7096 3026 3022
f 7096 3022 7091
f 3027 7096 7091
f 7094 3027 7091
f 7094 6984 2967
f 7097 7094 2967
f 7097 3027 7094
f 3025 7098 7092
f 3023 7092 3028
f 3028 7092 7098
f 3023 3028 591
f 3023 591 3024
f 7098 3025 3029
f 3029 3025 7095
f 7095 3026 3030
f 3030 592 7095
f 3029 7095 592
f 7099 3030 3026
f 7099 3026 7096
f 7099 7096 1202
f 3027 1202 7096
f 7100 1202 3027
f 7097 7100 3027
f 7097 2967 6975
f 2963 7097 6975
f 2963 7101 7097
f 7101 7100 7097
f 7098 3029 7102
f 3031 7098 7102
f 3028 7098 3031
f 3028 3031 3032
f 3028 3032 591
f 7103 3030 7099
f 7103 3033 3030
f 3030 3033 592
f 7103 7099 3034
f 7099 1202 3034
f 1202 141 3034
f 1202 393 141
f 7100 393 1202
f 3035 393 7100
f 7101 3035 7100
f 3031 7102 3036
f 3036 3032 3031
f 6969 7101 2963
f 7104 3035 7101
f 7104 7101 6969
f 1203 141 393
f 3035 1203 393
f 7105 1203 3035
f 7105 3035 7104
f 7103 3034 1204
f 593 1204 3034
f 593 3034 141
f 1203 3037 141
f 3037 593 141
f 7106 3037 1203
f 7106 1203 7105
f 594 7105 7104
f 3038 7104 6969
f 594 7104 3038
f 3039 7106 7105
f 3039 7105 594
f 3038 6969 6962
f 3037 1205 593
f 7106 1205 3037
f 7107 3039 594
f 7107 594 3038
f 7107 3038 7108
f 7108 3038 6962
f 7106 3039 595
f 7106 7109 1205
f 7106 595 7109
f 7110 595 3039
f 7107 7110 3039
f 7108 3040 7107
f 3040 7110 7107
f 7108 6962 6954
f 7108 2955 3040
f 6954 2955 7108
f 7110 7111 595
f 7110 3041 7111
f 7110 3042 3041
f 3040 3042 7110
f 3040 3043 3042
f 3040 576 3043
f 576 3040 2955
f 596 3041 3042
f 596 3042 3043
f 2948 596 3043
f 2948 3043 576
f 2948 1191 596
f 6021 2486 6947
f 6027 6021 6947
f 5098 2110 7093
f 5098 7093 7112
f 7112 2102 5098
f 7112 5085 2102
f 7093 7113 7112
f 7113 5085 7112
f 7093 3024 7113
f 3024 7114 7113
f 7114 3044 7113
f 7113 3044 5085
f 5085 3044 5078
f 3024 591 7114
f 7114 1206 3044
f 3044 7115 5078
f 3044 1206 7115
f 7114 591 3032
f 1206 7114 7116
f 7114 3032 7116
f 5078 7115 450
f 7117 450 7115
f 1206 7117 7115
f 1206 7116 3045
f 1206 3045 7117
f 1207 7117 3045
f 7116 1207 3045
f 3046 7116 3032
f 3046 7118 7116
f 7116 7118 1207
f 3036 3046 3032
f 1207 7119 7117
f 7119 142 7117
f 7117 142 450
f 2092 450 142
f 3036 597 3046
f 1208 597 3036
f 7119 1209 142
f 142 1209 447
f 142 447 2092
f 5873 5895 5870
f 5895 3047 5870
f 5895 5896 3047
f 5870 3047 497
f 7120 497 3047
f 5896 7120 3047
f 7120 5869 497
f 5896 7121 7120
f 5900 7121 5896
f 7120 7122 5869
f 7120 3048 7122
f 7121 3048 7120
f 5900 7123 7121
f 7121 7123 3048
f 5869 7122 2420
f 5900 2438 7123
f 7122 7124 2420
f 7122 7125 7124
f 3048 7125 7122
f 3048 7126 7125
f 7123 7126 3048
f 7123 7127 7126
f 2438 7127 7123
f 7128 7125 7126
f 7125 394 7124
f 7125 7128 394
f 7129 2420 7124
f 7130 7124 394
f 7130 7129 7124
f 7129 5861 2420
f 5861 7129 7131
f 7131 7129 7130
f 7126 7127 7132
f 7128 7126 3049
f 7126 7132 3049
f 2438 7133 7127
f 7127 3050 7132
f 7127 7133 3050
f 7128 3051 394
f 7128 7134 3051
f 3049 7134 7128
f 7135 7130 394
f 7135 394 3051
f 3049 3052 7134
f 7132 3052 3049
f 3050 7136 7132
f 7132 7136 3052
f 7130 7135 3053
f 7131 7130 3054
f 7130 3053 3054
f 5861 7131 2416
f 7137 7135 3051
f 3053 7135 7137
f 7134 598 3051
f 7137 3051 598
f 3052 1210 7134
f 7134 1210 598
f 3052 7136 7138
f 3052 7139 1210
f 3052 7138 7139
f 3050 3055 7136
f 3055 7138 7136
f 3053 7137 7140
f 3054 3053 7141
f 7141 3053 7140
f 7142 7140 7137
f 7142 7137 598
f 1210 143 598
f 7142 598 143
f 3056 1210 7139
f 7138 3056 7139
f 1210 7143 143
f 3056 7143 1210
f 7138 7144 3056
f 7145 7144 7138
f 3055 7145 7138
f 3057 7143 3056
f 7144 3057 3056
f 7142 3058 7140
f 7146 7142 143
f 7146 3058 7142
f 7143 3059 143
f 7146 143 3059
f 7140 3058 7147
f 7141 7140 1211
f 7140 7147 1211
f 7143 7148 3059
f 3057 7148 7143
f 7146 3060 3058
f 7147 3058 3060
f 3060 7146 7149
f 7149 7146 3059
f 7145 1212 7144
f 7144 7150 3057
f 1212 7150 7144
f 7151 7148 3057
f 7151 3057 7150
f 7148 7152 3059
f 7149 3059 7152
f 7148 7153 7152
f 1198 7089 3020
f 3061 3020 589
f 7154 3020 3061
f 7154 1198 3020
f 7154 2998 1198
f 3062 7154 3061
f 7154 3062 3063
f 7154 3064 2998
f 7154 3063 3064
f 2998 3064 7032
f 3063 7032 3064
f 3062 7023 3063
f 3063 584 7032
f 584 3063 7023
f 3062 3061 1213
f 3061 589 3065
f 599 3061 3065
f 599 1213 3061
f 3062 7021 7023
f 7017 3062 1213
f 7017 7021 3062
f 599 7017 1213
f 599 391 7017
f 599 7155 391
f 599 3066 7155
f 3065 3066 599
f 2981 391 7155
f 2981 7155 7156
f 3066 7156 7155
f 3065 3067 3066
f 589 3067 3065
f 3066 7157 7156
f 7157 3066 3067
f 7157 7158 7156
f 2981 7156 7159
f 7159 7156 7158
f 1188 2981 7159
f 589 144 3067
f 7157 3067 1214
f 1214 3067 144
f 7157 1215 7158
f 1215 7157 1214
f 589 1216 144
f 1214 144 7160
f 7160 144 1216
f 1215 1214 7160
f 5946 7158 1215
f 7159 7158 3068
f 2456 7158 5946
f 2456 3068 7158
f 5946 1215 1032
f 1032 1215 7160
f 1217 7159 3068
f 1217 7161 7159
f 1188 7159 7161
f 135 1188 7161
f 3068 2456 145
f 3068 145 1217
f 7160 1216 1218
f 67 7160 1218
f 1032 7160 67
f 7162 7161 1217
f 135 7161 7162
f 3069 1217 145
f 7162 1217 3069
f 5949 145 2456
f 3069 145 3070
f 3070 145 5949
f 67 1218 3071
f 2461 67 3071
f 1219 7162 3069
f 1219 7163 7162
f 7163 135 7162
f 395 1219 3069
f 395 3069 3070
f 3070 5949 7164
f 1220 3070 7164
f 1220 395 3070
f 278 2461 3071
f 7165 7163 1219
f 3072 1219 395
f 7165 1219 3072
f 3072 395 3073
f 3073 395 1220
f 3074 7164 5949
f 7164 7166 1220
f 7164 3074 7166
f 1220 7166 3075
f 3073 1220 7167
f 1220 3075 7167
f 7168 3073 7167
f 3072 3073 7168
f 3072 7168 7169
f 7169 7165 3072
f 7170 3075 7166
f 3074 7170 7166
f 7171 7167 3075
f 7170 7172 3075
f 7171 3075 7172
f 7171 7173 7167
f 7168 7167 7173
f 1221 7172 7170
f 3074 7174 7170
f 7174 1221 7170
f 7168 7175 7169
f 7168 279 7175
f 7168 7173 7176
f 7168 7176 279
f 7177 7176 7173
f 7177 7173 7171
f 7171 7172 7178
f 7179 7171 7178
f 7179 7177 7171
f 7172 7180 7178
f 7172 3076 7180
f 1221 3076 7172
f 7176 7177 3077
f 3077 7177 7179
f 7181 7179 7178
f 7181 7178 7180
f 279 1222 7175
f 279 146 1222
f 7176 146 279
f 7176 3077 1223
f 7176 1223 146
f 7179 7181 991
f 3077 7179 54
f 7179 991 54
f 5687 1223 3077
f 54 5687 3077
f 3076 7182 7180
f 7183 7180 7182
f 7183 7181 7180
f 7181 7183 5699
f 7181 5699 991
f 5687 5682 1223
f 146 1223 5682
f 146 7184 1222
f 146 7185 7184
f 146 5682 7185
f 5699 7183 7186
f 7186 7183 7182
f 5699 7186 2357
f 5674 7185 5682
f 5668 7184 7185
f 5668 7185 5674
f 7186 61 2357
f 7186 7187 61
f 7187 7186 7188
f 7186 7182 7188
f 5665 7184 5668
f 1222 7184 5665
f 61 7187 600
f 61 600 256
f 7187 7188 7189
f 7190 7187 7189
f 7190 600 7187
f 1224 256 600
f 1224 600 7190
f 1224 5808 256
f 3078 7189 7188
f 7182 3078 7188
f 3078 5916 7189
f 7189 2442 7190
f 7189 5916 2442
f 2442 7191 7190
f 1224 7190 7191
f 601 1224 7191
f 2388 1224 601
f 2388 5808 1224
f 5918 5916 3078
f 7182 7192 3078
f 5918 3078 7192
f 3076 7192 7182
f 2442 335 7191
f 335 7193 7191
f 601 7191 7193
f 1225 601 7193
f 5816 601 1225
f 5816 2388 601
f 7192 3076 1221
f 5918 7192 602
f 7192 1221 602
f 5920 5918 602
f 3079 5920 602
f 3079 602 1221
f 335 2404 7193
f 1225 7193 7194
f 7193 491 7194
f 7193 2404 491
f 488 1225 7194
f 2395 1225 488
f 2395 5816 1225
f 5820 7194 491
f 488 7194 5820
f 7174 3079 1221
f 5920 3079 5926
f 5926 3079 7174
f 5926 7174 64
f 64 7174 3074
f 64 3074 5933
f 3074 5949 5933
f 5520 5529 603
f 7195 5520 603
f 5513 5520 7195
f 7195 603 7196
f 7197 5513 7195
f 7197 7195 3080
f 7198 3080 7195
f 7198 7195 7196
f 7198 3081 3080
f 3081 7197 3080
f 7198 7196 375
f 7198 7199 3081
f 375 7199 7198
f 3081 7200 7197
f 7200 3082 7197
f 7197 3082 5513
f 5513 3082 5514
f 7200 3083 3082
f 3083 5514 3082
f 3083 7200 7201
f 7201 7200 3081
f 3083 7202 5514
f 3083 7201 3084
f 7202 3083 3084
f 2594 7203 6237
f 6237 7203 7204
f 3085 7204 7203
f 6237 7204 1066
f 3086 7204 3085
f 3086 7205 7204
f 1066 7204 7205
f 7206 3086 3085
f 1066 7205 2583
f 2583 7205 7207
f 7207 7205 3086
f 7208 3086 7206
f 7208 7209 3086
f 7207 3086 7209
f 3087 7208 7206
f 2583 7207 6219
f 7209 7210 7207
f 6219 7207 7210
f 7209 3088 7210
f 7208 3088 7209
f 6219 7210 2575
f 3088 6206 7210
f 2575 7210 6206
f 3087 7211 7208
f 7208 7212 3088
f 7208 3089 7212
f 7208 7211 3089
f 3088 2567 6206
f 7212 2567 3088
f 7213 7211 3087
f 7151 7153 7148
f 3060 7149 7214
f 7147 3060 7215
f 7215 3060 7214
f 7216 7214 7149
f 7216 7149 7152
f 7216 7152 3090
f 7153 3090 7152
f 7153 7217 3090
f 7217 7153 7151
f 7216 3091 7214
f 3091 7218 7214
f 7215 7214 7218
f 3091 7216 7219
f 7219 7216 3090
f 7217 7220 3090
f 7219 3090 7220
f 3091 7219 7221
f 147 7221 7219
f 147 7219 7220
f 3091 1226 7218
f 3091 7222 1226
f 3091 7221 7222
f 3092 7218 1226
f 3092 7223 7218
f 7223 7215 7218
f 7224 3092 1226
f 7224 1226 7222
f 7217 1227 7220
f 147 7220 3093
f 1227 3093 7220
f 148 3092 7224
f 148 7223 3092
f 147 3094 7221
f 7221 7225 7222
f 7221 3094 7225
f 7226 3094 147
f 7226 147 3093
f 7222 7225 3095
f 7222 3095 7224
f 3095 7227 7224
f 148 7224 7227
f 7226 7228 3094
f 7225 3094 7228
f 1227 7229 3093
f 7226 3093 396
f 7229 396 3093
f 148 7230 7223
f 3096 7230 148
f 3096 148 7227
f 7225 7231 3095
f 7225 1228 7231
f 7225 7228 1228
f 3095 7232 7227
f 7231 7232 3095
f 7226 3097 7228
f 7226 7233 3097
f 7233 7226 396
f 7228 3097 7234
f 7228 7234 1228
f 7227 7232 3098
f 3096 7227 7235
f 7227 3098 7235
f 1228 7234 3099
f 1228 3099 7231
f 7229 1229 396
f 1229 3100 396
f 7233 396 3100
f 7231 3099 7236
f 7231 7237 7232
f 7231 7236 7237
f 7232 7237 7238
f 7232 7238 3098
f 7233 7239 3097
f 3097 7240 7234
f 3097 7239 7240
f 7233 604 7239
f 604 7233 3100
f 7234 7240 7241
f 7234 7241 3099
f 3099 7241 7242
f 3099 7242 7236
f 7237 7236 3101
f 7237 3101 7238
f 7236 7242 7243
f 7236 7243 3101
f 3102 7239 604
f 7240 7239 3102
f 1229 7244 3100
f 604 3100 7245
f 7244 7245 3100
f 3102 604 7246
f 7246 604 7245
f 7240 3103 7241
f 7240 149 3103
f 7240 3102 149
f 7241 3103 7247
f 7241 7247 7242
f 7242 7247 3104
f 7242 3104 7243
f 3101 7243 7248
f 3104 7248 7243
f 7249 3102 7246
f 149 3102 7249
f 7244 5474 7245
f 5474 3105 7245
f 7246 7245 3105
f 7249 7246 7250
f 7250 7246 3105
f 3103 150 7247
f 3103 7251 150
f 149 7251 3103
f 149 7252 7251
f 149 7249 7252
f 7247 150 7253
f 7247 7253 3104
f 3106 7249 7250
f 7252 7249 3106
f 3104 7254 7248
f 3104 7255 7254
f 3104 7253 7255
f 7251 7252 7256
f 7252 3106 7256
f 150 7251 3107
f 7251 7256 3107
f 150 3107 7257
f 7253 150 7257
f 5474 5467 3105
f 7250 3105 7258
f 5467 7258 3105
f 3106 7250 7259
f 7259 7250 7258
f 7260 7255 7253
f 7253 7257 3108
f 7260 7253 3108
f 7254 7255 7261
f 7261 7255 7260
f 3106 7259 7262
f 7256 3106 7263
f 3106 7262 7263
f 7256 954 3107
f 7256 7264 954
f 7256 7263 7264
f 3107 954 5505
f 3107 5505 7257
f 7257 5505 7265
f 7257 7265 3108
f 7262 7259 3109
f 7259 7258 3109
f 5467 5461 7258
f 5461 3109 7258
f 3108 7265 7266
f 3108 7266 7260
f 7261 7260 3110
f 7260 7267 3110
f 7260 7266 7267
f 7263 7262 5465
f 5465 7262 7268
f 7262 3109 7268
f 7263 5465 3111
f 7264 7263 3111
f 5461 5353 3109
f 5353 7268 3109
f 2263 954 7264
f 7264 3111 7269
f 2263 7264 7269
f 7270 7266 7265
f 2262 7265 5505
f 7270 7265 2262
f 3112 7267 7266
f 3112 7266 7270
f 7271 3110 7267
f 7272 7267 3112
f 7272 7271 7267
f 5353 943 7268
f 5465 7268 2249
f 943 2249 7268
f 3112 7270 5499
f 5499 7270 2262
f 5465 5469 3111
f 3111 7273 7269
f 3111 5469 7273
f 5495 2263 7269
f 5495 7269 7273
f 3112 5499 7274
f 7275 3112 7274
f 7275 7272 3112
f 7276 7272 7275
f 7276 3113 7272
f 3113 7271 7272
f 7276 7275 7277
f 7277 7275 7274
f 3114 7274 5499
f 7277 7274 3114
f 2255 5495 7273
f 5469 5473 7273
f 2255 7273 5473
f 3113 7276 7278
f 7276 7277 3115
f 3115 7278 7276
f 7277 7279 3115
f 7277 7280 7279
f 3114 7280 7277
f 3115 7279 7281
f 3115 7282 7278
f 3115 7281 7282
f 3116 7281 7279
f 7279 7283 3116
f 7279 7280 7283
f 3114 7284 7280
f 7283 7280 7284
f 7284 3114 5492
f 3114 5499 5492
f 7282 7281 7285
f 7278 7282 3117
f 7282 7285 3117
f 3116 7286 7281
f 7281 3118 7285
f 7281 7286 3118
f 3116 7287 7286
f 3116 7288 7287
f 7283 7288 3116
f 7289 3117 7285
f 7289 7285 3118
f 7283 7290 7288
f 3119 7290 7283
f 7283 7284 3119
f 7284 5492 5491
f 3119 7284 5491
f 7286 7287 7291
f 7286 7291 3118
f 7289 3118 7292
f 3118 7293 7292
f 3118 7291 7293
f 3120 7287 7288
f 7294 7288 7290
f 7294 3120 7288
f 3120 7295 7287
f 7287 3121 7291
f 7287 7295 3121
f 7296 7293 7291
f 7296 7291 3121
f 3119 7297 7290
f 3122 7290 7297
f 3122 7294 7290
f 7297 3119 5487
f 3119 5491 5487
f 3123 7293 7296
f 3123 397 7293
f 7292 7293 397
f 3084 7295 3120
f 7298 3120 7294
f 7298 3084 3120
f 3124 7298 7294
f 3124 7294 3122
f 3084 7201 7295
f 7213 3089 7211
f 5993 5977 5985
f 5993 3125 5977
f 1047 3125 5993
f 5977 3125 2472
f 6087 2472 3125
f 1047 6087 3125
f 6087 7299 2472
f 2472 7299 5981
f 2521 7299 6087
f 7299 2521 7300
f 7299 7300 5981
f 2521 6099 7300
f 3126 5981 7300
f 6099 3126 7300
f 6099 6106 3126
f 3126 7301 5981
f 7302 3126 6106
f 7301 3126 7302
f 5981 7301 2471
f 7301 7302 7303
f 2471 7301 7303
f 3127 7303 7302
f 7302 6106 7304
f 7304 3127 7302
f 80 7304 6106
f 80 7305 7304
f 7304 7305 3127
f 3127 1230 7303
f 7306 3127 7305
f 1230 3127 7306
f 7303 1230 3128
f 2471 7303 7307
f 7303 3128 7307
f 5969 2471 7307
f 3128 5969 7307
f 1230 7306 7308
f 3128 1230 7308
f 3128 5968 5969
f 3128 7308 7309
f 5968 3128 7309
f 80 605 7305
f 80 6111 605
f 7305 605 7310
f 7306 7305 7311
f 7305 7310 7311
f 6111 7310 605
f 7312 7308 7306
f 3129 7306 7311
f 7312 7306 3129
f 3130 7309 7308
f 3130 7308 7312
f 3130 7313 7309
f 5968 7309 7313
f 7310 7314 7311
f 3129 7311 7314
f 509 5968 7313
f 7315 7312 3129
f 7316 7312 7315
f 7316 3130 7312
f 7315 3129 7317
f 7317 3129 7314
f 3130 7318 7313
f 7319 3130 7316
f 7319 7318 3130
f 7318 5958 7313
f 509 7313 5958
f 7317 7320 7315
f 7315 1231 7316
f 7315 7320 1231
f 7316 1231 7321
f 7316 7321 7319
f 7317 3131 7320
f 7317 7314 7322
f 7322 3131 7317
f 7318 3132 5958
f 7323 7318 7319
f 7323 3132 7318
f 7319 7321 7324
f 7319 7324 7323
f 7325 7324 7321
f 7325 7321 1231
f 5955 5958 3132
f 7320 3131 7326
f 1231 7320 7327
f 7320 7326 7327
f 7325 1231 7328
f 1231 7327 7328
f 7326 3131 7329
f 7322 7329 3131
f 7330 5955 3132
f 7330 3132 7323
f 7330 7323 7324
f 7325 7331 7324
f 7328 398 7325
f 7331 7325 398
f 7324 7331 1232
f 7330 7324 3133
f 7324 1232 3133
f 3134 5955 7330
f 3134 7330 3133
f 3134 3133 1232
f 3134 2459 5955
f 7327 7326 3135
f 7326 7329 7332
f 3135 7326 7332
f 7327 3135 7333
f 7328 7327 7333
f 7328 1233 398
f 7328 7333 1233
f 7334 2459 3134
f 1232 7334 3134
f 7331 7335 1232
f 1232 7335 7334
f 7331 398 3136
f 7331 3136 7335
f 7333 7336 1233
f 398 1233 7336
f 7334 5945 2459
f 1029 5945 7334
f 7335 1029 7334
f 3135 7332 7337
f 7338 3135 7337
f 7333 3135 7338
f 7333 7339 7336
f 7333 7338 7339
f 7340 7335 3136
f 7340 280 7335
f 7335 280 1029
f 398 7340 3136
f 2455 1029 280
f 398 7336 7341
f 398 7341 7340
f 7339 7342 7336
f 3137 7336 7342
f 3137 7341 7336
f 7339 7343 7342
f 7343 7339 7338
f 3138 7340 7341
f 3138 280 7340
f 3138 7341 3137
f 2455 280 7344
f 3138 7344 280
f 7338 7337 7345
f 7345 3139 7338
f 7343 7338 3139
f 1234 3137 7342
f 7343 1234 7342
f 7343 7346 1234
f 3139 7346 7343
f 5938 2455 7344
f 5938 7344 7347
f 3138 7347 7344
f 7348 3138 3137
f 3138 7348 7347
f 7348 3137 7349
f 1234 7349 3137
f 7350 7346 3139
f 7345 7350 3139
f 7351 7349 1234
f 7346 7351 1234
f 7351 3140 7349
f 3140 7348 7349
f 7346 3141 7351
f 7350 7352 7346
f 7352 3141 7346
f 1026 5938 7347
f 7348 7353 7347
f 1026 7347 7353
f 3140 3142 7348
f 7348 3142 7353
f 7354 3140 7351
f 7354 3142 3140
f 3141 7355 7351
f 7354 7351 7355
f 3141 7356 7355
f 7352 7357 3141
f 7357 7356 3141
f 2592 7357 7352
f 1235 7352 7350
f 2592 7352 1235
f 7356 7358 7355
f 7358 7354 7355
f 7359 7353 3142
f 606 7353 7359
f 606 1026 7353
f 7359 3142 7360
f 7354 7360 3142
f 7358 3143 7354
f 3143 7360 7354
f 6246 7357 2592
f 7357 6246 7356
f 7356 3144 7358
f 6246 3144 7356
f 7359 7360 3145
f 3143 3145 7360
f 7359 3145 7361
f 3146 7359 7361
f 3146 606 7359
f 3146 7361 7362
f 6246 6247 3144
f 3146 7362 7363
f 7364 3146 7363
f 7364 336 3146
f 5924 336 7364
f 151 5924 7364
f 151 259 5924
f 7295 3147 3121
f 7295 7201 3147
f 7365 7296 3121
f 7365 3121 3147
f 1236 3123 7296
f 1236 7296 7365
f 7297 5487 5484
f 7366 7297 5484
f 7366 3122 7297
f 7367 3124 3122
f 7367 3122 7366
f 1236 7368 3123
f 3123 7369 397
f 3123 7368 7369
f 3081 7365 3147
f 7201 3081 3147
f 7202 3084 7298
f 3148 7298 3124
f 3148 7202 7298
f 7370 3148 3124
f 7370 3124 7367
f 3081 7199 7365
f 7365 281 1236
f 7365 7199 281
f 7371 1236 281
f 1236 7371 7368
f 2258 7366 5484
f 3149 7366 2258
f 3149 7367 7366
f 32 7370 7367
f 32 7367 3149
f 7368 7372 7369
f 7368 3150 7372
f 7371 3150 7368
f 3148 7370 5502
f 5502 7370 32
f 3148 5502 7373
f 5514 3148 7373
f 5514 7202 3148
f 375 281 7199
f 7371 281 7374
f 375 7374 281
f 7371 3151 3150
f 3152 7371 7374
f 3152 3151 7371
f 5488 32 3149
f 5483 3149 2258
f 5483 5488 3149
f 5506 7373 5502
f 5506 5514 7373
f 7375 3150 3151
f 7376 3150 7375
f 7376 7372 3150
f 6633 3152 7374
f 375 6633 7374
f 7377 3151 3152
f 7375 3151 7377
f 3153 7376 7375
f 3154 7375 7377
f 3154 3153 7375
f 6633 3155 3152
f 7377 3152 7378
f 3152 7379 7378
f 3152 3155 7379
f 3156 3154 7377
f 3156 7377 7378
f 7379 3155 6629
f 6633 6629 3155
f 7378 7379 3157
f 7378 3157 3156
f 7379 6629 7380
f 7379 7380 3157
f 7381 3153 3154
f 7382 3154 3156
f 7382 7381 3154
f 3153 7383 7376
f 7381 7384 3153
f 7384 7383 3153
f 3156 3157 7385
f 3156 7385 7382
f 7380 7385 3157
f 3158 7381 7382
f 7385 3158 7382
f 3159 7384 7381
f 3158 3159 7381
f 7384 7386 7383
f 3159 3160 7384
f 3160 7386 7384
f 7380 7387 7385
f 3161 7387 7380
f 7380 6629 6625
f 7380 6625 3161
f 7385 7388 3158
f 7387 7388 7385
f 7389 3159 3158
f 3158 7390 7389
f 3158 7388 7390
f 7391 3160 3159
f 7389 7391 3159
f 7387 7390 7388
f 7391 7392 3160
f 7392 7393 3160
f 3160 7393 7386
f 152 7391 7389
f 7390 152 7389
f 7387 7394 7390
f 3161 7395 7387
f 7395 7394 7387
f 7390 7396 152
f 7394 7396 7390
f 3161 6625 6616
f 7397 7395 3161
f 3161 6616 7397
f 3162 7392 7391
f 152 3162 7391
f 7392 7398 7393
f 3162 3163 7392
f 3163 7398 7392
f 3164 7396 7394
f 152 7396 3164
f 152 3164 7399
f 7400 152 7399
f 7400 3162 152
f 3164 7394 7401
f 7401 7394 1237
f 7395 1237 7394
f 7402 1237 7395
f 7397 7402 7395
f 7403 3163 3162
f 7403 3162 7400
f 7399 3164 7404
f 3164 7401 7404
f 7397 6616 6611
f 3165 7402 7397
f 7397 6611 3165
f 7405 7400 7399
f 7399 7404 7405
f 3166 7403 7400
f 7405 3166 7400
f 7401 1237 3167
f 7404 7401 399
f 399 7401 3167
f 7402 7406 1237
f 3167 1237 7406
f 7407 7406 7402
f 3165 7407 7402
f 7404 399 3168
f 7408 7404 3168
f 7408 7405 7404
f 7409 3166 7405
f 7409 7405 7408
f 3165 6611 6605
f 2768 7407 3165
f 3165 6605 2768
f 399 3167 607
f 607 3167 7410
f 3167 7406 7410
f 7407 7411 7406
f 7410 7406 7411
f 7412 7411 7407
f 2768 7412 7407
f 7409 7408 608
f 7408 3168 608
f 3169 608 3168
f 7413 3168 399
f 7413 3169 3168
f 607 7410 7414
f 7414 7410 3170
f 7410 7411 3170
f 7412 1238 7411
f 3170 7411 1238
f 6599 1238 7412
f 6599 7412 2768
f 3170 1238 7415
f 7415 1238 6599
f 7416 3170 7415
f 7414 3170 7416
f 7415 6599 7417
f 7416 7415 7417
f 7413 7418 3169
f 3169 7419 608
f 3169 282 7419
f 3169 7418 282
f 3171 7414 7416
f 7420 7416 7417
f 7420 3171 7416
f 3171 7421 7414
f 7421 607 7414
f 7417 6599 554
f 7420 7417 7422
f 7417 554 7422
f 3171 7423 7421
f 3171 7424 7423
f 7420 7424 3171
f 7420 1239 7424
f 7420 7422 400
f 400 1239 7420
f 7421 7423 1240
f 7421 3172 607
f 7421 1240 3172
f 3172 399 607
f 7422 554 1135
f 7425 400 7422
f 7422 1135 7425
f 3173 1240 7423
f 7426 7423 7424
f 3173 7423 7426
f 7426 7424 3174
f 3174 7424 1239
f 400 553 1239
f 6595 1239 553
f 3174 1239 6595
f 2759 553 400
f 7425 2759 400
f 3172 1240 7427
f 7428 1240 3173
f 7428 7427 1240
f 3172 7427 7413
f 3172 7413 399
f 7425 1135 2761
f 6593 2759 7425
f 7425 2761 6593
f 7429 7428 3173
f 7426 7430 3173
f 7429 3173 7430
f 7426 7431 7430
f 7426 7432 7431
f 7426 3174 7432
f 6596 7432 3174
f 6596 3174 6595
f 3175 7427 7428
f 3175 7428 7429
f 7413 7427 7418
f 3175 7418 7427
f 7433 7429 7430
f 7434 7429 7433
f 3175 7429 7434
f 7433 7430 3176
f 7431 3176 7430
f 7435 7418 3175
f 7435 3175 7434
f 7431 7436 3176
f 3177 7431 7432
f 3177 7436 7431
f 6597 3177 7432
f 6597 7432 6596
f 401 3176 7436
f 401 7433 3176
f 7435 282 7418
f 7437 282 7435
f 7435 7434 7437
f 7437 7434 3178
f 7434 7433 3178
f 401 7438 7433
f 7438 3178 7433
f 6597 108 3177
f 3146 336 65
f 3146 65 606
f 65 1026 606
f 310 947 5379
f 310 5379 3179
f 5374 310 3179
f 3179 5379 7439
f 5379 2234 7439
f 3179 7439 3180
f 7440 3179 3180
f 7440 5374 3179
f 5383 5374 7440
f 7441 3180 7439
f 7442 7439 2234
f 7442 7441 7439
f 7443 7440 3180
f 7441 7443 3180
f 7444 7443 7441
f 7444 7441 7442
f 5390 7442 2234
f 7444 7442 7445
f 7445 7442 5390
f 7443 7446 7440
f 7440 7447 5383
f 7440 7446 7447
f 7446 7443 7448
f 7444 7448 7443
f 7449 7444 7445
f 7448 7444 7449
f 5382 5383 7447
f 7446 7448 7450
f 7447 7446 7450
f 7448 7449 7451
f 7450 7448 7451
f 7445 5390 7452
f 7449 7445 3181
f 3181 7445 7452
f 7451 7449 7453
f 7453 7449 3181
f 7452 5390 5395
f 5382 7447 3182
f 3182 7447 609
f 7447 7450 609
f 7450 7451 3183
f 7450 3183 609
f 7453 3181 7454
f 3181 7452 7454
f 7451 7453 7455
f 7451 7456 3183
f 7451 7455 7456
f 7452 5395 7457
f 7452 7458 7454
f 7452 7457 7458
f 7455 7453 7459
f 7453 7454 7460
f 7453 7460 7459
f 7460 7454 7458
f 3182 609 3184
f 7461 609 3183
f 7461 3184 609
f 7462 7461 3183
f 7462 3183 7456
f 7462 7456 7463
f 7455 7463 7456
f 7455 7464 7463
f 7455 7459 7464
f 7460 7458 7465
f 7459 7460 7465
f 7458 7457 7466
f 7465 7458 3185
f 7458 7466 3185
f 7464 7467 7463
f 7462 7463 7467
f 7468 7462 7467
f 7468 7461 7462
f 7464 7469 7467
f 108 7436 3177
f 401 7436 7470
f 108 7470 7436
f 3186 401 7470
f 401 7471 7438
f 401 3186 7471
f 7437 7472 282
f 7437 3178 7473
f 7473 7472 7437
f 7473 3178 7474
f 7438 7474 3178
f 3187 7474 7438
f 3187 7438 7471
f 7419 282 7472
f 3186 7470 7475
f 2765 7470 108
f 2765 7475 7470
f 3187 1241 7474
f 7473 7474 1241
f 1241 3188 7473
f 7473 3188 7472
f 3189 7472 3188
f 7419 7472 3189
f 3186 7475 6601
f 7471 3186 7476
f 3186 6601 7476
f 7471 7476 7477
f 3187 7471 7477
f 2765 6601 7475
f 1241 7478 3188
f 3187 7479 1241
f 7479 7478 1241
f 3187 7480 7479
f 3187 7481 7480
f 3187 7477 7481
f 7482 3188 7478
f 3189 3188 7482
f 7480 3190 7479
f 7479 3190 7478
f 7483 7478 3190
f 7482 7478 7483
f 2770 7476 6601
f 7476 7484 7477
f 7476 2770 7484
f 3191 7481 7477
f 3191 7477 7484
f 7480 7481 3191
f 7480 7485 3190
f 7480 3191 7486
f 7486 7485 7480
f 7483 3190 7487
f 7487 3190 7485
f 7488 7482 7483
f 3192 7483 7487
f 3192 7488 7483
f 3192 7487 7489
f 7487 7485 7489
f 7486 3193 7485
f 7489 7485 3193
f 7484 2770 6610
f 3191 7484 7490
f 7484 6610 7490
f 7486 3191 7491
f 3191 7490 7491
f 7492 3193 7486
f 7486 7491 7492
f 7492 7491 3194
f 3194 7491 7490
f 3192 7489 7493
f 153 7493 7489
f 7489 3193 153
f 7492 7494 3193
f 153 3193 7494
f 7495 7488 3192
f 7496 3192 7493
f 7496 7495 3192
f 7497 7494 7492
f 7492 3194 7497
f 153 3195 7493
f 3195 7496 7493
f 7490 6610 2771
f 3194 7490 7498
f 7490 2771 7498
f 7499 3195 153
f 153 7494 7499
f 7497 3196 7494
f 7499 7494 3196
f 7497 3194 7500
f 3194 7501 7500
f 3194 7498 7501
f 1242 3196 7497
f 7497 7500 1242
f 7498 2771 110
f 7498 110 7501
f 7499 7502 3195
f 7502 7503 3195
f 3195 7503 7496
f 7504 7502 7499
f 7499 3196 7504
f 1242 7505 3196
f 7504 3196 7505
f 1242 7500 3197
f 7506 7500 7501
f 7506 3197 7500
f 2775 7506 7501
f 2775 7501 110
f 7507 7505 1242
f 1242 3197 7507
f 7504 3198 7502
f 3198 7508 7502
f 7502 7508 7503
f 2775 7509 7506
f 7509 3197 7506
f 7507 3197 7510
f 7509 7510 3197
f 7511 3198 7504
f 7504 7505 7512
f 7511 7504 7512
f 7507 3199 7505
f 7512 7505 3199
f 7513 3199 7507
f 7507 7510 7513
f 3198 7514 7508
f 7515 3198 7511
f 7515 7514 3198
f 7513 7510 3200
f 7516 7510 7509
f 7516 3200 7510
f 2775 6618 7509
f 3201 7509 6618
f 3201 7516 7509
f 3202 7511 7512
f 7517 7511 3202
f 7517 7515 7511
f 3202 7512 7518
f 7512 3199 7518
f 7513 7519 3199
f 7518 3199 7519
f 7520 7519 7513
f 7513 3200 7520
f 3201 7521 7516
f 7521 3200 7516
f 7520 3200 7522
f 7521 7522 3200
f 3203 7514 7515
f 7517 1243 7515
f 3203 7515 1243
f 3202 7518 7523
f 7518 7519 7523
f 7520 3204 7519
f 7523 7519 3204
f 6619 3201 6618
f 3201 7524 7521
f 6619 7524 3201
f 7525 3204 7520
f 7520 7522 7525
f 154 7521 7524
f 154 7526 7521
f 7526 7522 7521
f 283 7525 7522
f 7526 283 7522
f 7525 7527 3204
f 7528 3204 7527
f 7523 3204 7528
f 7529 7527 7525
f 283 7529 7525
f 154 7530 7526
f 7530 283 7526
f 6619 6623 7524
f 555 7524 6623
f 555 154 7524
f 555 7531 154
f 154 7531 7530
f 283 1244 7529
f 283 7532 1244
f 7530 7532 283
f 1244 3205 7529
f 7529 3205 7527
f 610 7527 3205
f 7528 7527 610
f 3206 7530 7531
f 3206 7533 7530
f 7533 7532 7530
f 555 6630 7531
f 7534 7531 6630
f 7534 3206 7531
f 1244 402 3205
f 7532 7535 1244
f 7535 402 1244
f 7532 3207 7535
f 7533 3207 7532
f 610 3205 7536
f 7536 3205 402
f 3206 7537 7533
f 7537 3207 7533
f 3206 1245 7537
f 7538 3206 7534
f 7538 1245 3206
f 7539 7538 7534
f 2778 7534 6630
f 7539 7534 2778
f 7535 3208 402
f 7536 402 7540
f 7540 402 3208
f 1246 3208 7535
f 3207 1246 7535
f 3207 7541 1246
f 7537 7541 3207
f 1245 155 7537
f 7541 7537 155
f 1245 3209 155
f 7542 1245 7538
f 7542 3209 1245
f 3210 7542 7538
f 3210 7538 7539
f 3210 7539 1247
f 7539 6631 1247
f 7539 2778 6631
f 1246 7543 3208
f 7540 3208 156
f 156 3208 7543
f 7544 7543 1246
f 7541 7544 1246
f 7541 3211 7544
f 7541 155 3211
f 155 3209 7545
f 3209 7546 7545
f 3209 7542 7546
f 7542 3210 157
f 7542 157 7546
f 3210 1247 7547
f 7548 3210 7547
f 7548 157 3210
f 6631 7549 1247
f 7549 7547 1247
f 7544 3212 7543
f 156 7543 7550
f 7550 7543 3212
f 7548 3213 157
f 3213 7546 157
f 3213 7551 7546
f 7551 7545 7546
f 7552 3212 7544
f 7544 7553 7552
f 7544 3211 7553
f 3214 7548 7547
f 7549 3214 7547
f 7550 3212 7554
f 7552 7555 3212
f 7554 3212 7555
f 7556 7555 7552
f 7553 7556 7552
f 7556 3215 7555
f 7554 7555 7557
f 7557 7555 3215
f 3216 7550 7554
f 7469 7464 7459
f 7465 3185 7558
f 7459 7465 7558
f 7468 7559 7461
f 7461 7560 3184
f 7461 7559 7560
f 7558 3185 7561
f 7466 7561 3185
f 7468 7467 7562
f 7469 7562 7467
f 7559 7468 7562
f 7559 7562 7563
f 7560 7559 7563
f 7564 7563 7562
f 7469 7564 7562
f 7564 7565 7563
f 7565 3217 7563
f 7560 7563 3217
f 7565 7564 7566
f 7469 7566 7564
f 7566 7469 7567
f 7469 7459 7567
f 7568 7459 7558
f 7558 7561 7568
f 7568 7567 7459
f 7565 7566 7569
f 7569 3218 7565
f 7565 3218 3217
f 3218 7570 3217
f 7560 3217 7570
f 7566 7567 7571
f 7569 7566 7571
f 7567 7572 7571
f 7568 7572 7567
f 3218 7573 7570
f 7574 7573 3218
f 7569 7574 3218
f 7569 7571 7575
f 3219 7569 7575
f 3219 7574 7569
f 7571 7572 7576
f 7571 7576 7575
f 7576 3219 7575
f 7568 7577 7572
f 7576 7572 7577
f 7561 7577 7568
f 7561 7578 7577
f 7576 7577 7578
f 7579 7574 3219
f 7579 7580 7574
f 7574 7580 7573
f 7579 3219 7581
f 7576 7581 3219
f 3220 7581 7576
f 3220 7576 7578
f 7582 3220 7578
f 7582 7578 7561
f 7583 7581 3220
f 7579 7581 7583
f 7466 7582 7561
f 7584 7580 7579
f 7585 7579 7583
f 7584 7579 7585
f 3220 7582 7586
f 7583 3220 7587
f 3220 7586 7587
f 7588 7586 7582
f 7588 7582 7466
f 5418 7583 7587
f 7585 7583 5418
f 7589 7580 7584
f 7589 7573 7580
f 7457 7588 7466
f 7590 7584 7585
f 5418 5427 7585
f 7590 7585 5427
f 7590 3221 7584
f 7584 403 7589
f 7584 3221 403
f 2237 7586 7588
f 2237 5404 7586
f 5404 7587 7586
f 5404 5409 7587
f 5418 7587 5409
f 2237 7588 5395
f 7457 5395 7588
f 7589 403 3222
f 7573 7589 3223
f 7589 3222 3223
f 7573 3223 7570
f 7591 3221 7590
f 7590 5427 3224
f 7591 7590 3224
f 3224 5427 5437
f 7591 7592 3221
f 3221 7593 403
f 3221 7592 7593
f 403 7593 7594
f 403 7594 3222
f 3223 3222 3225
f 3225 3222 7594
f 7591 3224 7595
f 7596 7595 3224
f 3224 5437 7596
f 7592 7591 7597
f 3226 7591 7595
f 3226 7597 7591
f 7592 7597 3227
f 7593 7592 3227
f 7598 3226 7595
f 7596 7598 7595
f 7596 5437 5443
f 7596 5443 3228
f 7596 3228 7598
f 7593 6577 7594
f 7593 1248 6577
f 7593 3227 1248
f 3225 7594 7599
f 6577 7599 7594
f 7600 7597 3226
f 3227 7597 7600
f 3227 7600 7601
f 1248 3227 7601
f 5443 5451 3228
f 7598 3228 5451
f 7600 3226 7602
f 3229 7602 3226
f 7598 3229 3226
f 1248 6573 6577
f 1248 7603 6573
f 1248 7601 7603
f 6577 2571 7599
f 7604 7600 7602
f 7600 3230 7601
f 7600 7604 3230
f 7601 3230 3231
f 7601 3231 7603
f 7603 3231 6572
f 7603 6572 6573
f 7604 7602 3232
f 7605 3232 7602
f 3229 7605 7602
f 6572 3231 6567
f 6567 3231 3230
f 3230 7604 7606
f 7604 7607 7606
f 7604 3232 7607
f 3230 7606 611
f 6567 3230 611
f 611 7606 7608
f 7608 7606 7607
f 7609 7607 3232
f 7605 3233 3232
f 7609 3232 3233
f 611 7608 2742
f 6567 611 2742
f 7607 7609 3234
f 7608 7607 3235
f 7607 3234 3235
f 7610 7608 3235
f 7610 2742 7608
f 3236 7609 3233
f 3236 158 7609
f 3234 7609 158
f 3233 7605 7611
f 3233 7611 3236
f 7610 6559 2742
f 7612 3235 3234
f 7612 7613 3235
f 7610 3235 7613
f 7614 7612 3234
f 3234 158 3237
f 7614 3234 3237
f 7610 368 6559
f 7610 7615 368
f 7615 7610 7613
f 3238 7612 7614
f 7613 7612 3238
f 3236 7616 158
f 3236 3239 7616
f 3239 3236 7611
f 3240 3237 158
f 3240 158 7616
f 7614 3237 3240
f 7613 3238 404
f 7615 7613 404
f 7615 550 368
f 7615 7617 550
f 7617 7615 404
f 3238 7614 405
f 7614 3240 7618
f 3241 7614 7618
f 3241 405 7614
f 612 3238 405
f 612 3242 3238
f 404 3238 3242
f 612 405 3241
f 404 3242 3243
f 7617 404 3243
f 7616 3239 3244
f 7619 3240 7616
f 7616 3244 7619
f 7618 3240 3245
f 7619 3245 3240
f 7620 3241 7618
f 7618 3245 7620
f 6540 550 7617
f 7621 6540 7617
f 7621 7617 3243
f 7622 7621 3243
f 7622 3243 3242
f 3242 612 7623
f 3242 7623 7622
f 612 3241 3246
f 3246 7623 612
f 406 3246 3241
f 7620 406 3241
f 7624 7620 3245
f 7625 3245 7619
f 7624 3245 7625
f 7626 406 7620
f 7626 7620 7624
f 7627 7619 3244
f 7627 7628 7619
f 7625 7619 7628
f 6533 6540 7621
f 7621 7622 2722
f 6533 7621 2726
f 7621 2722 2726
f 7622 7623 2720
f 7622 2720 2722
f 7629 2720 7623
f 3246 7629 7623
f 7629 3246 3247
f 406 3247 3246
f 7630 3247 406
f 7630 406 7626
f 7624 7625 3248
f 613 7625 7628
f 613 3248 7625
f 3249 613 7628
f 3249 7628 7627
f 7629 3247 7631
f 7631 3247 7630
f 7629 3250 2720
f 7631 3250 7629
f 7632 3248 613
f 7632 613 3249
f 6514 2720 3250
f 3250 6440 6514
f 3250 3251 6440
f 7631 3251 3250
f 7631 7630 7633
f 7634 7631 7633
f 7634 3251 7631
f 3251 7634 7635
f 7554 7636 3216
f 7554 7557 7636
f 7637 3215 7556
f 7553 3252 7556
f 3252 7637 7556
f 7637 159 3215
f 7557 3215 7638
f 7638 3215 159
f 3253 7636 7557
f 3253 7557 7638
f 3216 7636 7639
f 7640 7636 3253
f 7640 7639 7636
f 1249 159 7637
f 3252 3254 7637
f 3254 1249 7637
f 1249 614 159
f 7638 159 7641
f 7641 159 614
f 7638 7641 3255
f 7638 3255 3253
f 7642 7640 3253
f 7642 3253 3255
f 7643 7639 7640
f 3256 7640 7642
f 7643 7640 3256
f 7641 7644 3255
f 7644 7642 3255
f 7641 7645 7644
f 7641 614 7645
f 7646 614 1249
f 7646 3257 614
f 7645 614 3257
f 3254 7647 1249
f 3258 1249 7647
f 3258 7646 1249
f 3256 7642 3259
f 7644 1250 7642
f 3259 7642 1250
f 7648 3256 3259
f 7649 3256 7648
f 7649 7643 3256
f 3260 7644 7645
f 7650 7644 3260
f 7650 1250 7644
f 7645 3257 7651
f 3260 7645 7651
f 7652 3257 7646
f 3261 7646 3258
f 3261 7652 7646
f 7652 407 3257
f 7651 3257 407
f 3259 1250 7653
f 7650 7653 1250
f 7648 3259 615
f 160 3259 7653
f 160 615 3259
f 7654 3260 7651
f 7651 407 7654
f 7654 3262 3260
f 3262 7650 3260
f 7650 3263 7653
f 3262 7655 7650
f 7655 3263 7650
f 7656 160 7653
f 7656 7653 3263
f 7652 3261 7657
f 7658 407 7652
f 7652 7657 7658
f 7658 7659 407
f 7654 407 7659
f 3264 7656 3263
f 7655 3264 3263
f 3264 7655 7660
f 7660 7655 3262
f 7661 3262 7654
f 7660 3262 7661
f 7654 7659 7662
f 7661 7654 7662
f 7663 7659 7658
f 3265 7658 7657
f 3265 7663 7658
f 7662 7659 3266
f 7663 3266 7659
f 7664 7661 7662
f 7662 3266 7664
f 3264 7665 7656
f 3264 7660 7666
f 7665 3264 7666
f 7667 7666 7660
f 7667 7660 7661
f 7664 3267 7661
f 7667 7661 3267
f 7668 3266 7663
f 7669 7663 3265
f 7669 7668 7663
f 7668 7670 3266
f 7664 3266 7670
f 3267 7664 7671
f 7664 7670 7671
f 3267 7671 7672
f 7672 7667 3267
f 616 7670 7668
f 7669 616 7668
f 616 3268 7670
f 7671 7670 3268
f 7667 3269 7666
f 7672 7673 7667
f 3269 7667 7673
f 7666 3269 7674
f 7665 7666 7675
f 7666 7674 7675
f 617 7672 7671
f 617 7673 7672
f 617 7671 7676
f 7671 3268 7676
f 7674 3269 7677
f 3269 7673 7677
f 7677 7673 7678
f 617 7678 7673
f 7676 3268 7679
f 7680 3268 616
f 7680 7679 3268
f 7681 617 7676
f 7676 7679 7681
f 7681 7682 617
f 7683 617 7682
f 7683 7678 617
f 7677 7678 3270
f 7683 3270 7678
f 7674 7677 7684
f 7677 618 7684
f 7677 3270 618
f 7685 7679 7680
f 7685 3271 7679
f 7681 7679 3271
f 7686 7682 7681
f 7681 3271 7686
f 7686 3272 7682
f 3272 7683 7682
f 7683 7687 3270
f 3272 7688 7683
f 7687 7683 7688
f 3270 7687 7689
f 3270 7689 618
f 618 7690 7684
f 618 3273 7690
f 7689 3273 618
f 7689 7687 3274
f 7687 7688 3274
f 7691 3274 7688
f 7691 7688 3272
f 7686 7692 3272
f 7691 3272 7692
f 7686 3271 7693
f 7694 3271 7685
f 7694 7693 3271
f 7686 7695 7692
f 7686 7693 7695
f 7689 3274 7696
f 7697 7689 7696
f 7689 7697 3273
f 7698 7696 3274
f 7691 7699 3274
f 7698 3274 7699
f 3275 7699 7691
f 7700 7691 7692
f 3275 7691 7700
f 7695 619 7692
f 7700 7692 619
f 620 7693 7694
f 620 3276 7693
f 7695 7693 3276
f 7695 3276 7701
f 7695 7701 619
f 7699 3275 621
f 7699 621 7698
f 7702 7696 7698
f 621 7702 7698
f 7697 7696 3277
f 7702 3277 7696
f 1251 3275 7700
f 1251 7700 619
f 7701 3278 619
f 1251 619 3278
f 3275 7703 621
f 3275 3279 7703
f 1251 3279 3275
f 621 3280 7702
f 7703 3280 621
f 3277 7702 7704
f 7704 7702 3280
f 1252 3276 620
f 1252 284 3276
f 7701 3276 284
f 7701 1253 3278
f 7701 284 1253
f 7705 3279 1251
f 7705 1251 3278
f 1253 3281 3278
f 7705 3278 3281
f 3279 7706 7703
f 7706 1254 7703
f 7703 1254 3280
f 3279 3282 7706
f 7705 3282 3279
f 7707 3280 1254
f 7704 3280 7707
f 3282 7705 1255
f 1255 7705 3281
f 7708 284 1252
f 7708 161 284
f 1253 284 161
f 1253 7709 3281
f 1253 161 7709
f 622 3281 7709
f 1255 3281 622
f 7707 1254 7710
f 3283 7710 1254
f 7706 3283 1254
f 623 7706 3282
f 1256 7706 623
f 1256 3283 7706
f 623 3282 3284
f 3282 1255 3284
f 3285 161 7708
f 7709 161 3285
f 622 7709 1257
f 7709 3285 1257
f 1256 7711 3283
f 3283 7711 7710
f 1258 7707 7710
f 7710 3286 1258
f 7710 7711 3286
f 3287 3286 7711
f 1256 3287 7711
f 3287 3288 3286
f 7712 1258 3286
f 7713 3286 3288
f 7713 7712 3286
f 3287 624 3288
f 3287 1259 624
f 625 7712 7713
f 7712 7714 1258
f 3289 7714 7712
f 625 3289 7712
f 3289 285 7714
f 7715 1258 7714
f 285 7715 7714
f 162 3289 625
f 3289 626 285
f 3289 162 626
f 162 625 1260
f 285 3290 7715
f 3291 285 626
f 3291 3290 285
f 3251 7635 6440
f 7633 3292 7634
f 7635 7634 3292
f 6434 6440 7635
f 7635 3292 1261
f 2678 7635 1261
f 2678 6434 7635
f 1261 2677 2678
f 1261 7716 2677
f 3292 7716 1261
f 7633 7717 3292
f 7717 3293 3292
f 3292 3293 7716
f 7633 627 7717
f 7633 7630 627
f 7716 6419 2677
f 7716 7718 6419
f 3293 7718 7716
f 7717 7719 3293
f 7717 3294 7719
f 7717 627 3294
f 3293 7720 7718
f 7719 7720 3293
f 6419 7718 1097
f 7720 1097 7718
f 7626 627 7630
f 7626 408 627
f 408 3294 627
f 7719 7721 7720
f 7719 7722 7721
f 7719 3294 7722
f 408 3295 3294
f 7722 3294 3295
f 3296 7720 7721
f 7720 3296 1097
f 6414 1097 3296
f 7624 408 7626
f 7624 7723 408
f 7723 3295 408
f 3296 7721 7724
f 7721 1262 7724
f 7721 7722 1262
f 1262 7722 7725
f 7722 3295 7725
f 7726 6414 3296
f 7726 3296 7724
f 1262 7726 7724
f 7723 7727 3295
f 3295 7728 7725
f 3295 7727 7728
f 3248 7727 7723
f 7624 3248 7723
f 1262 7725 3297
f 3297 7725 7728
f 7729 1262 3297
f 1262 7729 7726
f 6822 6414 7726
f 7729 6822 7726
f 3248 3298 7727
f 3298 7728 7727
f 3297 7728 7730
f 7730 7728 7731
f 3298 7731 7728
f 7730 409 3297
f 7729 3297 409
f 409 3299 7729
f 7729 3299 6822
f 7632 3298 3248
f 7732 7731 3298
f 7732 3298 7632
f 7730 7731 3300
f 3300 7731 7732
f 7730 7733 409
f 7733 7730 3300
f 409 3301 3299
f 3301 409 7733
f 3301 6815 3299
f 6815 6822 3299
f 7734 7732 7632
f 3300 7732 7735
f 7734 7735 7732
f 7733 3300 7736
f 7736 3300 7735
f 3301 7733 7737
f 7736 7737 7733
f 7737 6812 3301
f 3301 6812 6815
f 7734 7632 3302
f 7632 3249 3302
f 7737 6809 6812
f 2875 6809 7737
f 7736 2875 7737
f 7736 7735 1263
f 6803 7736 1263
f 6803 2875 7736
f 7734 3303 7735
f 7738 7735 3303
f 7738 1263 7735
f 6803 1263 7738
f 7739 7734 3302
f 7740 3302 3249
f 7740 7739 3302
f 6803 7738 2874
f 7741 7740 3249
f 7741 3249 7627
f 2297 7740 7741
f 963 7740 2297
f 963 7739 7740
f 6799 2874 7738
f 7742 7738 3303
f 7742 7743 7738
f 6799 7738 7743
f 7744 7742 3303
f 7744 3303 7734
f 7739 7744 7734
f 963 7744 7739
f 963 5564 7744
f 7742 7744 5564
f 2297 7741 5557
f 7627 7745 7741
f 7741 2294 5557
f 7741 7745 2294
f 7627 3244 7745
f 7746 7743 7742
f 7742 5564 3304
f 7746 7742 3304
f 163 6799 7743
f 163 7743 7746
f 6799 163 6794
f 5564 5565 3304
f 964 7746 3304
f 964 3304 5565
f 7747 163 7746
f 7747 7746 964
f 7748 7745 3244
f 3305 7745 7748
f 3305 2294 7745
f 5544 2294 3305
f 7748 3244 3239
f 163 7747 1264
f 6794 163 7749
f 163 1264 7749
f 321 7747 964
f 1264 7747 321
f 7748 1265 3305
f 1265 5544 3305
f 3239 7611 7748
f 7748 7611 1265
f 6794 7749 6789
f 1264 321 2310
f 7749 1264 7750
f 2310 7750 1264
f 7749 7750 3306
f 3306 6789 7749
f 1265 7751 5544
f 5544 7751 30
f 1265 7598 7751
f 7598 30 7751
f 7605 1265 7611
f 7605 3229 1265
f 1265 3229 7598
f 3306 7752 6789
f 2863 6789 7752
f 7753 7752 3306
f 3306 1266 7753
f 3306 7750 1266
f 1267 1266 7750
f 2310 628 7750
f 1267 7750 628
f 7754 2863 7752
f 7753 7754 7752
f 7598 5451 30
f 7755 1266 1267
f 7753 1266 7755
f 7753 7756 7754
f 7753 3307 7756
f 7753 7755 3307
f 3308 1267 628
f 3309 1267 3308
f 7755 1267 3309
f 7754 1268 2863
f 7754 3310 1268
f 7754 7756 3310
f 7757 7755 3309
f 7757 7758 7755
f 3307 7755 7758
f 7759 3310 7756
f 7760 7756 3307
f 7759 7756 7760
f 7760 3307 7761
f 3307 7758 7761
f 3311 7758 7757
f 7761 7758 3311
f 7762 7757 3309
f 3309 3308 1269
f 7762 3309 1269
f 3312 7757 7762
f 3311 7757 3312
f 7760 7761 3313
f 7761 3311 3313
f 7759 7760 7763
f 7760 3313 7763
f 7764 3311 3312
f 3313 3311 7764
f 7759 7763 3314
f 7765 3310 7759
f 7765 7759 3314
f 7766 7763 3313
f 3313 7764 7767
f 7766 3313 7767
f 1270 3314 7763
f 1270 7763 7766
f 3315 7762 1269
f 3312 7762 3316
f 7762 3317 3316
f 7762 3315 3317
f 3312 3316 7768
f 7764 3312 286
f 3312 7768 286
f 7768 3316 3317
f 7764 286 1271
f 7767 7764 1272
f 7764 1271 1272
f 7766 7767 7769
f 7767 1272 7769
f 1270 7766 7770
f 7766 7769 7770
f 7771 3314 1270
f 7771 1270 3318
f 1270 7770 3318
f 286 7768 7772
f 286 7772 1271
f 1272 1271 629
f 7772 629 1271
f 7769 1272 3319
f 1272 629 3319
f 3315 3320 3317
f 7773 3317 3320
f 7768 3317 7773
f 7768 7773 1273
f 7768 1273 7772
f 7772 7774 629
f 7774 7772 1273
f 7769 3319 164
f 7775 7769 164
f 7775 7770 7769
f 7776 3318 7770
f 7776 7770 7775
f 7771 3318 3321
f 123 3318 7776
f 123 3321 3318
f 3319 629 7777
f 629 7778 7777
f 629 7774 7778
f 164 3319 7779
f 3319 7777 7779
f 7780 162 1260
f 7780 7781 162
f 7781 626 162
f 7781 7782 626
f 7783 626 7782
f 7783 3291 626
f 7784 3290 3291
f 7785 3291 7783
f 7785 7784 3291
f 3290 7786 7715
f 3290 7787 7786
f 7784 7787 3290
f 1274 7781 7780
f 1274 3322 7781
f 1275 7781 3322
f 1275 7782 7781
f 3323 7783 7782
f 3323 7782 1275
f 7788 7785 7783
f 7788 7783 3323
f 630 7784 7785
f 3324 7784 630
f 3324 7787 7784
f 7789 7785 7788
f 630 7785 7789
f 7787 3324 7790
f 7787 7790 7786
f 7791 3322 1274
f 1275 3322 7791
f 7792 3323 1275
f 1275 7791 7792
f 7792 7793 3323
f 7793 7788 3323
f 7791 1274 7794
f 7789 7788 3325
f 7795 3325 7788
f 7793 7795 7788
f 7796 630 7789
f 7796 1276 630
f 1276 3324 630
f 7797 7790 3324
f 1276 7797 3324
f 7798 7796 7789
f 7798 7789 3325
f 3326 7791 7794
f 3326 3327 7791
f 7792 7791 3327
f 7792 3327 631
f 3328 7792 631
f 3328 7793 7792
f 7799 7795 7793
f 7799 7793 3328
f 7800 7795 7799
f 7795 7800 3325
f 632 7798 3325
f 632 3325 7800
f 7801 7796 7798
f 3329 7796 7801
f 3329 1276 7796
f 3330 7797 1276
f 3330 1276 3329
f 3331 7798 632
f 7801 7798 3331
f 3332 631 3327
f 3333 631 3332
f 3333 3328 631
f 7802 7799 3328
f 7802 3328 3333
f 3334 7799 7802
f 7800 7799 3334
f 7803 632 7800
f 7803 7800 3334
f 7804 632 7803
f 3331 632 7804
f 7805 3329 7801
f 3330 3329 7805
f 7806 7801 3331
f 7806 3331 7804
f 7806 7807 7801
f 7805 7801 7807
f 3333 3332 7808
f 7802 3333 7809
f 3333 7808 7809
f 3334 7802 3335
f 3335 7802 7810
f 7802 7809 7810
f 7811 7803 3334
f 7811 3334 3335
f 3336 7803 7811
f 7804 7803 3336
f 7812 7804 3336
f 7806 7804 7812
f 3337 7806 7812
f 3337 7807 7806
f 7813 7805 7807
f 3337 7813 7807
f 7809 7808 3338
f 7810 7809 3339
f 7809 3338 3339
f 7814 7811 3335
f 3335 7810 7815
f 7814 3335 7815
f 7816 7815 7810
f 7810 3339 7816
f 3340 7811 7814
f 3336 7811 3340
f 7817 3336 3340
f 7812 3336 7817
f 3337 7812 3341
f 3341 7812 7817
f 7818 3337 3341
f 7819 3337 7818
f 7819 7813 3337
f 3339 7820 7816
f 3339 7821 7820
f 3338 7821 3339
f 7816 3342 7815
f 7820 3342 7816
f 7822 7814 7815
f 7822 7815 3342
f 7823 7814 7822
f 3340 7814 7823
f 7824 3340 7823
f 7817 3340 7824
f 3341 7817 3343
f 3344 7817 7824
f 3344 3343 7817
f 7825 3341 3343
f 7818 3341 7825
f 7826 7819 7818
f 7825 3345 7818
f 7826 7818 3345
f 7827 7820 7821
f 7828 7820 7827
f 7820 7828 3342
f 633 7822 3342
f 633 3342 7828
f 7829 3343 3344
f 7825 3343 7829
f 7823 7822 3346
f 7822 3347 3346
f 7822 633 3347
f 7830 3344 7824
f 7824 7823 7831
f 7830 7824 7831
f 7832 3344 7830
f 7829 3344 7832
f 7825 410 3345
f 3348 7825 7829
f 3348 410 7825
f 7832 3348 7829
f 7833 633 7828
f 3347 633 7833
f 7833 7828 3349
f 7828 7827 3349
f 3347 7833 3350
f 7834 3347 3350
f 3346 3347 7834
f 3351 7830 7831
f 7832 7830 7835
f 7835 7830 3351
f 7836 7833 3349
f 3350 7833 7836
f 7832 3352 3348
f 7837 7832 7835
f 7837 3352 7832
f 3348 3352 3353
f 410 3348 3354
f 3348 3353 3354
f 7835 3351 7838
f 7837 7835 7838
f 7834 3350 7839
f 1277 7839 3350
f 3350 7836 1277
f 3352 7837 7840
f 3352 7840 3353
f 3354 3353 7841
f 7840 7841 3353
f 7837 7838 3355
f 7837 1278 7840
f 7837 3355 1278
f 7840 7842 7841
f 1278 7842 7840
f 7838 7843 3355
f 3355 7844 1278
f 3355 7843 7844
f 1278 7845 7842
f 7844 7845 1278
f 7841 7842 7846
f 7845 7846 7842
f 7838 7847 7843
f 3351 7847 7838
f 7843 165 7844
f 7844 7848 7845
f 165 7848 7844
f 7848 3356 7845
f 7845 3356 7846
f 7843 7847 7849
f 7843 3357 165
f 7843 7849 3357
f 7847 3358 7849
f 7847 7850 3358
f 3351 7850 7847
f 3357 7851 165
f 7851 7852 165
f 165 7852 7848
f 7852 7853 7848
f 7848 7853 3356
f 3356 634 7846
f 3356 7854 634
f 7854 3356 7853
f 7849 3358 7855
f 3357 7849 7856
f 7849 7855 7856
f 3357 7856 7857
f 3357 7857 7851
f 3358 7850 7834
f 7855 3358 7839
f 3358 7834 7839
f 7857 3359 7851
f 3359 1279 7851
f 7851 1279 7852
f 7852 3360 7853
f 1279 3360 7852
f 3360 7858 7853
f 7854 7853 7858
f 3361 7854 7858
f 634 7854 3361
f 3362 7857 7856
f 7857 3362 3359
f 7855 7839 7859
f 7856 7855 3363
f 3363 7855 7859
f 7856 3363 7860
f 3362 7856 7860
f 1277 7859 7839
f 3362 7861 3359
f 7861 7862 3359
f 3359 7862 1279
f 1279 7863 3360
f 7862 7863 1279
f 7864 3362 7860
f 3362 7864 7861
f 7865 7859 1277
f 3363 7859 7865
f 7866 3363 7865
f 7860 3363 7866
f 7860 7866 7867
f 7864 7860 7867
f 7862 3364 7863
f 7861 635 7862
f 635 3364 7862
f 411 7861 7864
f 1280 7861 411
f 1280 635 7861
f 3365 7864 7867
f 164 7779 7868
f 7775 164 7868
f 7775 7868 7869
f 7776 7775 7869
f 123 7776 7870
f 7776 7869 7870
f 7774 1273 7871
f 7774 7872 7778
f 7774 7871 7872
f 7868 7779 7873
f 7873 7779 7777
f 3366 7777 7778
f 7873 7777 3366
f 3366 7778 7874
f 3367 7778 7872
f 3367 7874 7778
f 7868 7873 3368
f 6747 7868 3368
f 6747 7869 7868
f 2837 7870 7869
f 2837 7869 6747
f 3368 7873 7875
f 3366 7875 7873
f 7871 7876 7872
f 7877 7872 7876
f 7877 3367 7872
f 7877 7878 3367
f 7878 7874 3367
f 7879 3366 7874
f 7878 7879 7874
f 3366 1281 7875
f 7879 1281 3366
f 3368 7875 1282
f 6748 3368 1282
f 6748 6747 3368
f 7880 7875 1281
f 1282 7875 7880
f 1282 7880 6756
f 6748 1282 6756
f 7877 1283 7878
f 7881 7879 7878
f 1283 7881 7878
f 1281 7879 7882
f 7881 7882 7879
f 7880 1281 7883
f 1281 7882 7883
f 7884 7880 7883
f 6756 7880 7884
f 6756 7884 2844
f 7877 7885 1283
f 1283 7886 7881
f 7885 7886 1283
f 7886 3369 7881
f 3369 7882 7881
f 7883 7882 7887
f 3369 7887 7882
f 7884 7883 3370
f 7883 7887 3370
f 166 7884 3370
f 2844 7884 166
f 2844 166 6761
f 7886 7888 3369
f 7885 7889 7886
f 7889 7888 7886
f 7888 7890 3369
f 7890 7887 3369
f 3370 7887 7891
f 7890 7891 7887
f 166 3370 7892
f 3370 7891 7892
f 6761 166 7893
f 166 3364 7893
f 166 7892 3364
f 3364 7892 7891
f 7889 3361 7888
f 3361 7858 7888
f 7888 7858 7890
f 3360 7891 7890
f 3360 7890 7858
f 3360 7863 7891
f 3364 7891 7863
f 7894 3361 7889
f 634 3361 7894
f 7895 634 7894
f 7894 7889 1284
f 3371 7894 1284
f 7895 7894 3371
f 7895 7846 634
f 7895 3372 7846
f 3372 7895 167
f 167 7895 3371
f 7841 7846 3372
f 7896 7841 3372
f 3372 167 3373
f 7896 3372 3373
f 3371 1284 7897
f 7898 3371 7897
f 7898 7899 3371
f 167 3371 7899
f 3373 167 7900
f 167 3374 7900
f 167 7899 3374
f 7898 3374 7899
f 636 7896 3373
f 3373 7900 636
f 3354 7841 7896
f 636 7901 7896
f 1285 7896 7901
f 1285 3354 7896
f 7898 7902 3374
f 7903 7898 7897
f 7903 7902 7898
f 636 7904 7901
f 1285 7901 7904
f 7900 3374 7905
f 636 7900 7906
f 7900 7905 7906
f 3374 7902 7907
f 3374 7907 7905
f 410 3354 1285
f 3345 410 1285
f 1285 7904 3375
f 3345 1285 3375
f 7902 7908 7907
f 7902 1286 7908
f 7903 1286 7902
f 7909 7906 7905
f 3376 7905 7907
f 7909 7905 3376
f 3376 7907 168
f 7907 7910 168
f 7907 7908 7910
f 3377 1286 7903
f 3377 7908 1286
f 3377 7911 7908
f 7910 7908 7911
f 7826 3345 3375
f 7912 7909 3376
f 7913 3376 168
f 7912 3376 7913
f 7913 168 7914
f 168 7915 7914
f 168 7910 7915
f 7915 7910 3378
f 7910 7911 3378
f 3377 7916 7911
f 3378 7911 7916
f 7917 7912 7913
f 3379 7913 7914
f 7917 7913 3379
f 3379 7914 7918
f 7914 1287 7918
f 7914 7915 1287
f 7915 3378 7919
f 1287 7915 7919
f 7919 3378 7920
f 3378 7916 7920
f 7918 7921 3379
f 3379 7922 7917
f 3379 7921 7922
f 7918 7923 7921
f 1287 7923 7918
f 1287 7919 328
f 328 5719 1287
f 1287 5719 7923
f 7919 7920 5639
f 328 7919 5639
f 7921 7924 7922
f 7921 3380 7924
f 7923 3380 7921
f 7923 5723 3380
f 5719 5723 7923
f 5639 7920 2323
f 7920 7925 2323
f 7920 7916 7925
f 5730 3380 5723
f 7926 3380 5730
f 7926 7924 3380
f 7922 7924 3381
f 7927 7924 7926
f 7927 3381 7924
f 7925 5630 2323
f 7916 3382 7925
f 3382 7928 7925
f 7925 7928 5630
f 5735 7926 5730
f 1288 7927 7926
f 1288 7926 5735
f 7916 7929 3382
f 3377 7929 7916
f 3382 7929 7930
f 3377 7930 7929
f 5630 7928 5624
f 3382 7930 7931
f 7932 3382 7931
f 3382 7932 7928
f 7928 7932 3383
f 7928 3383 5624
f 1288 5735 5739
f 3383 7932 1289
f 7932 7931 1289
f 7931 7930 169
f 7933 169 7930
f 3377 7933 7930
f 7931 169 3384
f 1289 7931 3384
f 3377 7903 7933
f 3383 5619 5624
f 3383 1289 7934
f 7935 3383 7934
f 3383 7935 5619
f 7934 1289 7936
f 1289 3384 7936
f 7933 7903 7937
f 7933 637 169
f 7933 7937 637
f 7938 3384 169
f 637 412 169
f 7938 169 412
f 7939 7936 3384
f 7939 3384 7938
f 7903 7897 7937
f 7937 7940 637
f 637 7940 412
f 2321 5619 7935
f 2321 7935 7941
f 7935 7934 7941
f 7934 7936 3385
f 7941 7934 3385
f 7942 3385 7936
f 7942 7936 7939
f 7937 7943 7940
f 1284 7937 7897
f 1284 7943 7937
f 1290 7939 7938
f 7944 7938 412
f 1290 7938 7944
f 7944 412 7945
f 7940 7945 412
f 7946 7942 7939
f 7946 7939 1290
f 7940 3386 7945
f 7943 3386 7940
f 2321 7941 7947
f 7941 3385 7948
f 7947 7941 7948
f 7949 7948 3385
f 7949 3385 7942
f 7950 7949 7942
f 7950 7942 7946
f 7951 7944 7945
f 7951 1290 7944
f 7946 1290 3387
f 7951 3387 1290
f 7946 3387 7952
f 7950 7946 7952
f 411 7864 3365
f 7953 7867 7866
f 3365 7867 7953
f 3365 170 411
f 170 1280 411
f 7866 7865 7954
f 3388 7866 7954
f 7953 7866 3388
f 7955 3365 7953
f 3365 7955 170
f 7956 7953 3388
f 7955 7953 7956
f 635 7893 3364
f 3389 635 1280
f 3389 7893 635
f 7957 3389 1280
f 170 7958 1280
f 7957 1280 7958
f 7955 3390 170
f 3390 7958 170
f 3391 7955 7956
f 7955 3391 3390
f 6761 7893 3389
f 7957 6761 3389
f 3388 7954 7959
f 7956 3388 7960
f 7959 7960 3388
f 7957 7958 7961
f 3390 7961 7958
f 7956 7960 3392
f 3391 7956 7962
f 7956 3392 7962
f 7957 6757 6761
f 3393 6757 7957
f 7957 7961 3393
f 7963 3391 7962
f 7963 7964 3391
f 7964 3390 3391
f 7964 7965 3390
f 7966 3390 7965
f 7966 7961 3390
f 1291 3393 7961
f 1291 7961 7966
f 7962 3392 7967
f 7962 7967 7963
f 7960 7968 3392
f 7967 3392 7968
f 7959 7969 7960
f 7960 7969 7968
f 7964 3394 7965
f 3394 7966 7965
f 1291 7966 638
f 3394 638 7966
f 3393 6751 6757
f 7970 3393 1291
f 7970 6751 3393
f 7970 1291 3395
f 1291 638 3395
f 7971 7964 7963
f 7971 3396 7964
f 7964 3396 3394
f 3396 3397 3394
f 3397 638 3394
f 7972 3395 638
f 3397 7972 638
f 3398 7968 7969
f 7967 7968 7973
f 7973 7968 3398
f 171 3396 7971
f 3396 171 3397
f 171 3399 3397
f 3399 7972 3397
f 7970 3395 7974
f 121 6751 7970
f 121 7970 7974
f 7974 3395 3400
f 7972 3400 3395
f 7975 3400 7972
f 3399 7975 7972
f 171 7971 7976
f 171 3401 3399
f 3401 171 7976
f 3401 7977 3399
f 7978 3399 7977
f 7978 7975 3399
f 7974 3400 7979
f 121 7974 2792
f 7979 2792 7974
f 3402 7979 3400
f 7975 3402 3400
f 7980 3402 7975
f 7980 7975 7978
f 3401 7981 7977
f 7981 3401 7982
f 3401 7976 7982
f 7981 3403 7977
f 7978 7977 3403
f 7980 7978 7983
f 7978 3403 7983
f 7984 3402 7980
f 7984 1292 3402
f 3402 1292 7979
f 7984 7980 3404
f 7980 7983 3404
f 7979 2788 2792
f 2786 7979 1292
f 2786 2788 7979
f 2786 1292 7984
f 7981 3405 3403
f 7983 3403 3406
f 3405 3406 3403
f 3404 7983 7985
f 7983 3406 7985
f 7981 7982 7986
f 7987 7981 7986
f 7987 3405 7981
f 7984 3404 7988
f 7988 3404 3407
f 3404 7985 3407
f 2786 7984 117
f 7984 2784 117
f 7984 7988 2784
f 7989 3407 7985
f 3406 7989 7985
f 3405 3408 3406
f 7990 3405 7987
f 7990 3408 3405
f 3408 7991 3406
f 3406 7991 7989
f 3409 7990 7987
f 7986 3409 7987
f 7988 3407 1293
f 7988 2782 2784
f 7988 1293 2782
f 7989 413 3407
f 3407 7992 1293
f 3407 413 7992
f 1293 7992 7993
f 1293 7993 2782
f 3408 7994 7991
f 7995 3408 7990
f 7995 7994 3408
f 3410 7995 7990
f 3409 3410 7990
f 7992 413 3411
f 7989 3411 413
f 7992 3411 639
f 7993 7992 639
f 2782 7993 6638
f 6638 7993 172
f 7993 639 172
f 173 7991 7994
f 7996 7994 7995
f 7996 173 7994
f 3412 7996 7995
f 3410 640 7995
f 3412 7995 640
f 3412 7997 7996
f 7997 173 7996
f 1294 172 639
f 7998 639 3411
f 7998 1294 639
f 7999 640 3410
f 7999 3412 640
f 6638 172 6636
f 8000 6636 172
f 1294 8000 172
f 3413 8000 1294
f 7998 3413 1294
f 7999 1295 3412
f 1295 8001 3412
f 3412 8001 7997
f 3413 8002 8000
f 3214 8000 8002
f 3214 8003 8000
f 8000 8003 6636
f 3214 8002 7548
f 3413 7548 8002
f 7998 3414 3413
f 3413 8004 7548
f 3414 8004 3413
f 7549 8003 3214
f 8003 113 6636
f 8003 8005 113
f 7549 8005 8003
f 7548 8004 3213
f 8004 3415 3213
f 8004 1296 3415
f 3414 1296 8004
f 113 8005 1139
f 8005 3416 1139
f 8005 7549 3416
f 6631 3416 7549
f 1139 3416 6628
f 6631 6628 3416
f 8006 1296 3414
f 7998 8006 3414
f 1296 8007 3415
f 1296 8008 8007
f 8006 8008 1296
f 3415 8007 174
f 3213 3415 641
f 3415 174 641
f 3213 641 7551
f 8009 8007 8008
f 8009 414 8007
f 414 174 8007
f 3417 8009 8008
f 3417 8008 8006
f 7998 8010 8006
f 8011 8006 8010
f 8011 3417 8006
f 174 1297 641
f 641 3418 7551
f 641 1297 3418
f 174 8012 1297
f 8013 8012 174
f 414 8013 174
f 7551 3418 7545
f 3419 8009 3417
f 3419 8014 8009
f 8014 414 8009
f 3420 8013 414
f 8014 3420 414
f 8015 3419 3417
f 8015 3417 8011
f 1297 8016 3418
f 7545 3418 8016
f 8012 8017 1297
f 1297 8017 8016
f 8012 8018 8017
f 3421 8018 8012
f 8013 3421 8012
f 3420 8019 8013
f 8019 3421 8013
f 8020 3419 8015
f 8021 3419 8020
f 8021 8014 3419
f 8022 3420 8014
f 8022 8014 8021
f 8023 8019 3420
f 8023 3420 8022
f 8017 3252 8016
f 8017 3254 3252
f 8018 3254 8017
f 8019 3422 3421
f 3421 8024 8018
f 3422 8024 3421
f 8025 3422 8019
f 8025 8019 8023
f 8018 7647 3254
f 3258 8018 8024
f 3258 7647 8018
f 8026 8022 8021
f 3423 8021 8020
f 3423 8026 8021
f 7889 7943 1284
f 3424 7948 7949
f 7947 7948 3424
f 7951 7945 7876
f 7877 7945 3386
f 7877 7876 7945
f 3424 7949 8027
f 8027 7949 7950
f 7871 7951 7876
f 7871 3387 7951
f 7950 7952 3320
f 8028 7950 3320
f 8027 7950 8028
f 7773 7952 3387
f 7773 3320 7952
f 7773 3387 1273
f 7871 1273 3387
f 5597 3424 8027
f 8029 8027 8028
f 8029 5597 8027
f 8028 3320 8030
f 8029 8028 8030
f 5597 5603 3424
f 5603 7947 3424
f 3315 8030 3320
f 8029 8030 3425
f 3425 8030 3315
f 970 8029 3425
f 5597 8029 970
f 5603 5605 7947
f 2321 7947 5605
f 3425 3315 8031
f 3315 1269 8031
f 3425 8031 8032
f 1269 8032 8031
f 970 3425 8033
f 3425 8032 8033
f 970 8033 2312
f 8032 2312 8033
f 3308 8032 1269
f 3308 8034 8032
f 8032 8034 2312
f 2312 8034 5585
f 967 5585 8034
f 967 8034 3308
f 3308 628 967
f 967 628 2310
f 3182 3184 7560
f 3182 7560 8035
f 7560 7570 8035
f 8036 3182 8035
f 8036 8035 7570
f 8036 5382 3182
f 8036 7570 3223
f 2232 5382 8036
f 8037 8036 3223
f 2232 8036 8037
f 2228 2232 8037
f 2228 8037 8038
f 8037 3223 3426
f 8038 8037 3426
f 3223 3225 3426
f 5366 2228 8038
f 8038 3426 3427
f 5366 8038 8039
f 8039 8038 3427
f 3428 3427 3426
f 3428 3426 3225
f 1298 3427 3428
f 8039 3427 1298
f 5359 5366 8039
f 3429 5359 8039
f 3429 8039 1298
f 1298 3428 346
f 346 3429 1298
f 346 3428 1061
f 1061 3428 3225
f 1061 3225 7599
f 945 5359 3429
f 945 3429 2564
f 346 2564 3429
f 1061 7599 2571
f 6385 1090 8040
f 6385 8040 6389
f 6389 8040 642
f 6389 642 6395
f 6395 642 6401
f 3285 7708 643
f 7708 3430 643
f 7976 3431 7982
f 7982 3431 8041
f 3431 1299 8041
f 7982 8041 7986
f 8041 1299 8042
f 7986 8041 3409
f 8041 8042 3409
f 1299 3432 8042
f 8043 8042 3432
f 8043 3409 8042
f 8043 3410 3409
f 8043 3432 3433
f 8044 8043 3433
f 8044 7999 8043
f 7999 3410 8043
f 8045 8044 3433
f 8044 1295 7999
f 8044 3434 1295
f 8045 3434 8044
f 1295 3434 8046
f 1295 8046 8047
f 1295 8047 8001
f 8047 8046 3435
f 8048 3435 8046
f 8047 3423 8001
f 8047 8049 3423
f 8047 3435 8049
f 8049 3435 8050
f 8048 8051 3435
f 8051 8050 3435
f 8048 3436 8051
f 8001 3423 8020
f 8001 8020 7997
f 8049 8050 8052
f 8052 8050 3437
f 8051 1300 8050
f 1300 3437 8050
f 8051 3436 8053
f 8051 8053 1300
f 8020 8015 7997
f 7997 8015 173
f 1300 644 3437
f 8052 3437 8054
f 8054 3437 8055
f 644 8055 3437
f 8052 8054 3438
f 8054 8056 3438
f 8054 8057 8056
f 8054 8055 8057
f 8015 3439 173
f 8015 8011 3439
f 173 3439 7991
f 3438 8056 8023
f 8057 3440 8056
f 3440 8023 8056
f 3439 7989 7991
f 3439 8058 7989
f 8011 8058 3439
f 8011 8010 8058
f 7989 8058 3411
f 7998 3411 8058
f 7998 8058 8010
f 5172 367 12
f 367 2136 12
f 367 3441 2136
f 2707 3441 367
f 914 2136 3441
f 914 3441 2707
f 914 1116 2134
f 1116 645 2134
f 645 5153 2134
f 1116 415 645
f 101 415 1116
f 415 1301 645
f 1301 175 645
f 645 175 5153
f 415 8059 1301
f 101 8059 415
f 175 2132 5153
f 1301 8060 175
f 175 3442 2132
f 8060 3442 175
f 8059 3443 1301
f 1301 8061 8060
f 1301 3443 8061
f 8059 8062 3443
f 8062 8059 3444
f 101 3444 8059
f 2132 3442 5147
f 8060 3445 3442
f 8060 3446 3445
f 8060 8061 3446
f 8063 5147 3442
f 8063 3442 3445
f 3443 416 8061
f 416 3446 8061
f 3443 8062 1302
f 3443 176 416
f 3443 1302 176
f 1302 8062 177
f 8062 3444 177
f 8064 8063 3445
f 8064 3445 3446
f 8063 5142 5147
f 3446 8065 8064
f 3446 3447 8065
f 416 3447 3446
f 8063 1303 5142
f 646 8063 8064
f 646 1303 8063
f 646 8064 8065
f 1304 416 176
f 1304 8066 416
f 3447 416 8066
f 1302 177 3448
f 8067 176 1302
f 3448 8067 1302
f 8067 8068 176
f 176 8069 1304
f 176 8068 8069
f 8065 3447 8070
f 3447 8066 8070
f 2128 5142 1303
f 2128 1303 8071
f 646 8071 1303
f 3449 8066 1304
f 1304 8072 3449
f 1304 8069 8072
f 8068 1305 8069
f 1305 8072 8069
f 3449 178 8066
f 8066 8073 8070
f 8066 178 8073
f 3448 8074 8067
f 1306 8068 8067
f 8074 1306 8067
f 8068 3450 1305
f 1306 3450 8068
f 3449 417 178
f 8073 178 417
f 8071 5137 2128
f 3449 8075 417
f 3449 8076 8075
f 3449 8072 8076
f 8072 8077 8076
f 8072 3451 8077
f 1305 3451 8072
f 3450 179 1305
f 3451 1305 179
f 8074 3452 1306
f 418 3450 1306
f 3452 418 1306
f 3450 3453 179
f 418 3453 3450
f 3454 8077 3451
f 3451 179 3454
f 3453 8078 179
f 8078 3454 179
f 647 417 8075
f 3455 8075 8076
f 647 8075 3455
f 8079 8076 8077
f 3455 8076 8079
f 3454 8080 8077
f 8080 1307 8077
f 8079 8077 1307
f 3452 3456 418
f 3438 8023 8022
f 8026 3438 8022
f 3422 8081 8024
f 8081 3258 8024
f 8082 8081 3422
f 8082 3422 8025
f 3440 8082 8025
f 3440 8025 8023
f 8081 3261 3258
f 7657 3261 8081
f 7657 8081 8082
f 8083 7657 8082
f 3440 8083 8082
f 8049 8026 3423
f 8049 8052 8026
f 8052 3438 8026
f 8083 3265 7657
f 8084 8083 3440
f 8084 8085 8083
f 8085 3265 8083
f 8085 7669 3265
f 8086 7669 8085
f 8084 8086 8085
f 8057 8084 3440
f 8057 648 8084
f 8084 648 8086
f 8086 3457 7669
f 7669 3457 616
f 8087 3457 8086
f 8088 8086 648
f 8088 8087 8086
f 8089 616 3457
f 8087 8089 3457
f 8088 8090 8087
f 8090 8089 8087
f 8057 8055 648
f 8091 648 8055
f 8091 8088 648
f 8088 3458 8090
f 8091 3458 8088
f 8089 7680 616
f 8089 7685 7680
f 8089 3459 7685
f 8090 3459 8089
f 8090 8092 3459
f 8090 8093 8092
f 8093 8090 3458
f 3459 8092 7694
f 3459 7694 7685
f 8091 8094 3458
f 644 8094 8091
f 644 8091 8055
f 8093 3458 8095
f 8096 3458 8094
f 8096 8095 3458
f 8097 8093 8095
f 8092 8093 8097
f 644 3460 8094
f 3460 8096 8094
f 8092 8097 3461
f 8092 620 7694
f 8092 3461 620
f 8096 649 8095
f 8097 8095 649
f 8098 8097 649
f 3461 8097 8098
f 3460 8099 8096
f 8096 8100 649
f 8100 8096 8099
f 8098 649 1308
f 8100 1308 649
f 1300 3460 644
f 1300 8053 3460
f 8053 8099 3460
f 3461 1252 620
f 3461 3462 1252
f 3461 8098 3462
f 3463 8098 1308
f 3463 8101 8098
f 8101 3462 8098
f 8100 8102 1308
f 8102 3463 1308
f 8053 8103 8099
f 8100 8099 3464
f 3464 8099 8103
f 650 8102 8100
f 650 8100 3464
f 3462 7708 1252
f 3462 3465 7708
f 8101 3465 3462
f 8104 8101 3463
f 3465 8101 8104
f 8102 8105 3463
f 8105 651 3463
f 8104 3463 651
f 8102 650 3466
f 8102 3466 8105
f 3466 650 1309
f 1309 650 3464
f 1309 3464 8106
f 3464 8103 8106
f 7708 3465 3430
f 3465 8104 3430
f 8106 8103 8107
f 8107 8103 8053
f 1309 8106 3467
f 8106 8107 3467
f 8105 8108 651
f 8105 652 8108
f 8105 3466 652
f 3468 652 3466
f 3466 1309 8109
f 3468 3466 8109
f 8109 1309 3469
f 1309 3467 3469
f 3468 8109 3470
f 8109 3469 3470
f 8107 8053 3436
f 3467 8107 8110
f 8111 8107 3436
f 8111 8110 8107
f 1310 3469 3467
f 3467 8110 8112
f 1310 3467 8112
f 8113 3470 3469
f 8113 3469 1310
f 8114 3470 8113
f 3468 3470 8114
f 3471 8110 8111
f 3471 8115 8110
f 8112 8110 8115
f 1310 8112 3472
f 8112 8115 3472
f 1310 3472 287
f 8113 1310 287
f 8048 8111 3436
f 8116 8111 8048
f 8116 3471 8111
f 8114 8113 1311
f 8113 287 3473
f 8113 3474 1311
f 8113 3473 3474
f 8045 3471 8116
f 8045 8117 3471
f 8117 8115 3471
f 8117 8118 8115
f 8118 3472 8115
f 8119 287 3472
f 8118 8119 3472
f 8119 180 287
f 3473 287 180
f 3474 3473 8120
f 3473 180 8120
f 8116 8048 8046
f 8045 8116 3434
f 8116 8046 3434
f 8121 8118 8117
f 8119 8118 8121
f 8045 3475 8117
f 8121 8117 3475
f 8120 180 653
f 653 180 8119
f 653 8119 3476
f 8119 8121 3476
f 3474 8120 8122
f 8120 653 3477
f 3478 8120 3477
f 3478 8122 8120
f 3479 8121 3475
f 3479 8123 8121
f 8123 3476 8121
f 3480 653 3476
f 8123 3480 3476
f 3481 3478 3477
f 653 3481 3477
f 3480 3482 653
f 653 3482 3481
f 8124 3479 3475
f 8045 8124 3475
f 3481 654 3478
f 8124 8125 3479
f 8125 8126 3479
f 8126 8123 3479
f 8126 8127 8123
f 8127 3480 8123
f 8128 3482 3480
f 8127 8128 3480
f 8128 8129 3482
f 8129 3481 3482
f 3481 8130 654
f 3481 8131 8130
f 8129 8131 3481
f 8045 3433 8124
f 8124 3432 8125
f 8124 3433 3432
f 8125 8132 8126
f 8133 8125 3432
f 8133 8132 8125
f 8132 3483 8126
f 3483 8127 8126
f 3484 8130 8131
f 8129 3484 8131
f 8128 1312 8129
f 8129 1312 3484
f 8128 3485 1312
f 8127 3485 8128
f 3483 8134 8127
f 8127 8134 3485
f 3484 1313 8130
f 3484 1312 655
f 655 1312 3485
f 8132 8135 3483
f 3486 8132 8133
f 3486 8135 8132
f 8135 3487 3483
f 8134 3483 3487
f 1299 8133 3432
f 8136 8133 1299
f 8136 3486 8133
f 8134 3487 8137
f 3485 8134 8137
f 655 3485 3488
f 3485 8137 3488
f 8136 3489 3486
f 3489 8135 3486
f 8135 8138 3487
f 3489 8138 8135
f 8138 3490 3487
f 3490 8137 3487
f 3490 8139 8137
f 3488 8137 8139
f 655 3488 3491
f 3488 8139 3491
f 3431 8136 1299
f 3431 8140 8136
f 8136 8140 3489
f 3489 8140 8141
f 3492 8138 3489
f 3489 8141 3492
f 8138 8142 3490
f 3492 8142 8138
f 8142 8143 3490
f 8143 8139 3490
f 8143 8144 8139
f 8144 3491 8139
f 3493 8141 8140
f 3431 3493 8140
f 8141 656 3492
f 656 8142 3492
f 8142 8145 8143
f 656 8145 8142
f 8145 3494 8143
f 3494 8144 8143
f 3493 3495 8141
f 3495 7973 8141
f 8141 7973 656
f 1314 3453 418
f 3456 1314 418
f 3453 8146 8078
f 1314 8146 3453
f 419 8080 3454
f 419 3454 288
f 1315 288 3454
f 8078 1315 3454
f 3496 8078 8146
f 3496 8147 8078
f 1315 8078 8147
f 8146 1314 8148
f 8146 8148 3496
f 8080 1316 1307
f 3497 8080 419
f 3497 1316 8080
f 1314 3498 8148
f 1314 8149 3498
f 3456 8149 1314
f 8150 419 288
f 1317 419 8150
f 1317 3497 419
f 8151 8148 3498
f 3496 8148 8151
f 8150 288 2545
f 1315 6158 288
f 6158 2545 288
f 6158 1315 2551
f 1315 8147 2551
f 181 8147 3496
f 8152 8147 181
f 8152 2551 8147
f 8153 1316 3497
f 8154 8153 3497
f 8154 3497 1317
f 8155 8154 1317
f 8155 1317 8150
f 6147 8150 2545
f 6147 8156 8150
f 8155 8150 8156
f 6164 2551 8152
f 1318 8152 181
f 3499 8152 1318
f 3499 6164 8152
f 6147 6143 8156
f 8155 8156 6143
f 6157 6164 3499
f 8157 3499 1318
f 1318 181 8158
f 8159 1318 8158
f 8159 8157 1318
f 6157 3499 1319
f 1319 3499 657
f 8157 657 3499
f 6154 6157 1319
f 3500 657 8157
f 3501 8157 8159
f 3500 8157 3501
f 8160 8159 8158
f 8161 8159 8160
f 3501 8159 8161
f 1319 657 8162
f 8163 1319 8162
f 6154 1319 8163
f 657 3500 3502
f 657 3502 8162
f 2544 6154 8163
f 8164 3502 3500
f 3500 8165 8164
f 3500 3501 8165
f 182 8165 3501
f 182 3501 8161
f 6159 2544 8163
f 8163 8162 6159
f 8162 3502 8166
f 8162 8166 6159
f 8164 8167 3502
f 8166 3502 8167
f 8168 182 8161
f 8161 8160 3503
f 8168 8161 3503
f 1320 8167 8164
f 8165 3504 8164
f 1320 8164 3504
f 1321 8165 182
f 8165 1321 3504
f 8169 182 8168
f 1321 182 8169
f 345 6159 8166
f 8166 8167 8170
f 8170 345 8166
f 8167 1320 289
f 8167 289 8170
f 289 1320 8171
f 8171 1320 3504
f 3504 1321 8172
f 8172 1321 8169
f 8171 3504 658
f 3504 8172 658
f 8172 8169 8173
f 8169 8168 3505
f 8173 8169 3505
f 8170 8174 345
f 8174 2549 345
f 658 8172 3506
f 3507 3506 8172
f 3507 8172 8173
f 3508 3507 8173
f 8173 3505 8175
f 3508 8173 8175
f 8174 6245 2549
f 3508 8175 659
f 3505 659 8175
f 3505 1322 659
f 8168 1322 3505
f 8168 8176 1322
f 3503 8176 8168
f 359 660 529
f 529 660 1323
f 3508 1323 660
f 3508 659 1323
f 659 3509 1323
f 529 1323 3509
f 6339 529 3509
f 420 6339 3509
f 659 420 3509
f 1322 420 659
f 8177 1322 8176
f 8178 8177 8176
f 3503 8178 8176
f 8160 8178 3503
f 1322 3510 420
f 8177 3510 1322
f 420 8179 6339
f 3510 8179 420
f 531 6339 8179
f 8178 3511 8177
f 3511 8180 8177
f 8180 3510 8177
f 3510 8181 8179
f 8180 8181 3510
f 531 8179 1104
f 1104 8179 8181
f 8178 8182 3511
f 8178 661 8182
f 8160 661 8178
f 3511 8183 8180
f 8184 3511 8182
f 8184 8183 3511
f 8185 8180 8183
f 8181 8180 8185
f 8181 8185 662
f 1104 8181 662
f 8186 8183 8184
f 8185 8183 8186
f 8186 183 8185
f 183 662 8185
f 1104 662 269
f 183 269 662
f 8182 661 1324
f 3512 8184 8182
f 8182 1324 3512
f 3512 8187 8184
f 8186 8184 8188
f 8188 8184 8187
f 8189 8187 3512
f 1324 8189 3512
f 8186 3513 183
f 8190 8186 8188
f 8190 3513 8186
f 6453 183 3513
f 6452 183 6453
f 6452 269 183
f 8191 8190 8188
f 8188 8187 8191
f 8189 8192 8187
f 8191 8187 8192
f 6455 3513 8190
f 6453 3513 6455
f 8191 1325 8190
f 6455 8190 6459
f 6459 8190 1325
f 8193 1325 8191
f 8191 8192 8193
f 8194 8192 8189
f 8193 8192 8194
f 8193 184 1325
f 8195 1325 184
f 6459 1325 8195
f 6458 6459 8195
f 8195 184 8196
f 8196 6458 8195
f 3514 184 8193
f 8193 8194 8197
f 3514 8193 8197
f 184 3514 8198
f 184 8198 8196
f 8196 6465 6458
f 6468 6465 8196
f 7976 3493 3431
f 3495 3493 7976
f 7973 3398 656
f 3398 8145 656
f 8145 8199 3494
f 3398 8199 8145
f 8199 8200 3494
f 8201 3494 8200
f 3494 8201 8144
f 8199 8202 8200
f 3398 8202 8199
f 3495 7967 7973
f 3495 7976 7971
f 7963 3495 7971
f 7963 7967 3495
f 8202 3515 8200
f 8203 8200 3515
f 8201 8200 8203
f 3398 8204 8202
f 3398 7969 8204
f 8202 8205 3515
f 1326 8202 8204
f 1326 8205 8202
f 1326 8204 7969
f 1326 7969 7959
f 8205 8206 3515
f 8205 8207 8206
f 1326 8207 8205
f 8203 3515 8208
f 3515 8209 8208
f 3515 8206 8209
f 7959 663 1326
f 1326 663 8207
f 8207 3516 8206
f 8209 8206 3516
f 7959 7954 663
f 8207 8210 3516
f 3517 8207 663
f 3517 8210 8207
f 7865 3517 663
f 7865 663 7954
f 7865 1277 3517
f 1277 8210 3517
f 8210 8211 3516
f 8212 3516 8211
f 8209 3516 8212
f 8210 7836 8211
f 1277 7836 8210
f 8209 8212 3518
f 8208 8209 8213
f 8209 3518 8213
f 7836 3349 8211
f 8214 8211 3349
f 8212 8211 8214
f 8212 8214 8215
f 8212 8215 3518
f 8214 3349 7827
f 8215 8214 7827
f 8213 3518 1327
f 3518 8216 1327
f 3518 8215 8216
f 8216 8215 3519
f 8215 7827 3519
f 7827 7821 3519
f 8216 3519 3520
f 8217 8216 3520
f 8217 1327 8216
f 3519 7821 664
f 3519 664 3520
f 3338 664 7821
f 8218 3520 664
f 8218 664 3338
f 8217 3520 3521
f 8218 3521 3520
f 8219 8217 3521
f 8217 3522 1327
f 8219 3522 8217
f 8219 3521 3523
f 3521 665 3523
f 3521 8218 665
f 8218 3338 3524
f 3525 8218 3524
f 3525 665 8218
f 3524 3338 7808
f 8220 3525 3524
f 3524 7808 8220
f 8219 1328 3522
f 8220 8221 3525
f 3332 8220 7808
f 3332 3526 8220
f 3526 8221 8220
f 666 3522 1328
f 666 185 3522
f 1327 3522 185
f 3526 3527 8221
f 3332 3327 3526
f 3527 3526 3327
f 3527 3327 3326
f 3528 185 666
f 3528 666 1329
f 1330 185 3528
f 1330 421 185
f 1327 185 421
f 8222 1330 3528
f 8222 3528 1329
f 8213 1327 421
f 3529 8213 421
f 3529 421 1330
f 8222 8223 1330
f 8223 3529 1330
f 3527 3326 667
f 1331 3527 667
f 8222 1329 8224
f 8222 8224 668
f 3530 8223 8222
f 8222 668 3530
f 8208 8213 3529
f 8223 8225 3529
f 8225 8208 3529
f 3530 669 8223
f 669 8225 8223
f 8226 3530 668
f 8227 3530 8226
f 8227 669 3530
f 669 3531 8225
f 8227 3531 669
f 8225 8203 8208
f 3531 8203 8225
f 8226 668 8228
f 3532 8227 8226
f 8229 8227 3532
f 8227 8229 3531
f 3531 8201 8203
f 8229 8201 3531
f 8226 8228 3533
f 3532 8226 3534
f 8226 3533 3534
f 8229 3532 3491
f 8229 8144 8201
f 8144 8229 3491
f 3532 3534 3535
f 655 3491 3532
f 3532 3535 655
f 670 3535 3534
f 670 3534 3533
f 3484 3535 670
f 3484 655 3535
f 3484 670 1313
f 2438 5912 7133
f 7133 5912 8230
f 5912 2479 8230
f 7133 8230 3050
f 2479 8231 8230
f 8230 3055 3050
f 8230 8231 3055
f 2479 341 8231
f 341 186 8231
f 8231 7145 3055
f 8231 186 7145
f 186 1212 7145
f 341 8232 186
f 6005 8232 341
f 3536 186 8232
f 3536 671 186
f 186 671 1212
f 1037 3536 8232
f 6005 6013 8232
f 1037 8232 6013
f 3537 671 3536
f 6024 3536 1037
f 6024 3537 3536
f 3537 8233 671
f 671 3538 1212
f 671 8233 3538
f 1212 3538 7150
f 8234 7150 3538
f 8233 8234 3538
f 3537 8235 8233
f 8233 8235 8234
f 8236 3537 6024
f 8236 187 3537
f 3537 187 8235
f 2492 8236 6024
f 3539 8234 8235
f 8237 8235 187
f 3539 8235 8237
f 8237 187 3540
f 8236 3540 187
f 8234 8238 7150
f 188 8234 3539
f 188 8238 8234
f 7151 7150 8238
f 188 7151 8238
f 1332 188 3539
f 8237 1332 3539
f 3540 8239 8237
f 8237 8239 1332
f 2492 8240 8236
f 3541 8236 8240
f 3541 8241 8236
f 8236 8241 3540
f 2492 6030 8240
f 3541 8240 6030
f 3540 8241 1333
f 3540 8242 8239
f 3540 1333 8242
f 8243 1333 8241
f 8243 8241 3541
f 3541 6030 8244
f 8243 3541 8244
f 1332 8245 188
f 8239 3542 1332
f 3542 8245 1332
f 8242 8246 8239
f 8239 8246 3542
f 8242 1333 8247
f 8247 1333 8243
f 8242 8247 3543
f 8242 3543 8246
f 8247 8243 3544
f 8243 8244 8248
f 8248 3544 8243
f 6030 8249 8244
f 8244 8250 8248
f 8244 8249 8250
f 8250 1334 8248
f 8248 1334 3544
f 1334 8251 3544
f 8247 3544 8251
f 8247 8251 189
f 3543 8247 189
f 3543 8252 8246
f 8246 8253 3542
f 8246 8252 8253
f 3543 189 422
f 3543 422 8252
f 672 8253 8252
f 672 8252 422
f 8250 190 1334
f 1334 8254 8251
f 190 8254 1334
f 8255 190 8250
f 8256 8250 8249
f 8255 8250 8256
f 3545 422 189
f 672 422 3545
f 8257 189 8251
f 3545 189 8257
f 8257 8251 3546
f 8254 3546 8251
f 8255 191 190
f 190 191 8254
f 191 940 8254
f 8254 8258 3546
f 8254 940 8258
f 8257 3546 8258
f 6468 8196 8198
f 8198 3514 1335
f 8259 3514 8197
f 8259 1335 3514
f 8197 8194 8260
f 8197 8260 8259
f 8198 1335 6474
f 6474 6468 8198
f 8259 192 1335
f 192 6474 1335
f 8259 290 192
f 8261 8259 8260
f 8261 290 8259
f 192 6478 6474
f 192 6483 6478
f 192 1336 6483
f 290 1336 192
f 290 8262 1336
f 8261 8262 290
f 8261 8260 8149
f 8194 8149 8260
f 1336 6484 6483
f 1336 8263 6484
f 1336 8264 8263
f 1336 8262 8264
f 1337 8263 8264
f 1337 6484 8263
f 8262 8265 8264
f 8262 8266 8265
f 8261 8266 8262
f 1337 6489 6484
f 1337 8264 8267
f 8264 8268 8267
f 8264 8265 8268
f 8267 3547 1337
f 6489 1337 3547
f 8267 8269 3547
f 8268 8269 8267
f 8266 8074 8265
f 8265 3448 8268
f 8265 8074 3448
f 6489 3547 6496
f 8268 8270 8269
f 177 8268 3448
f 177 8270 8268
f 3547 8269 8271
f 6496 3547 1112
f 3547 8271 1112
f 193 8271 8269
f 193 8269 8270
f 3444 193 8270
f 3444 8270 177
f 2696 1112 8271
f 2696 8271 8272
f 8271 8273 8272
f 8271 193 8273
f 101 8273 193
f 101 193 3444
f 101 2696 8272
f 101 8272 8273
f 8266 3452 8074
f 3452 8266 8261
f 3452 8261 3456
f 8261 8149 3456
f 8194 3498 8149
f 8194 8189 3498
f 8151 3498 8189
f 1324 8151 8189
f 8274 8151 1324
f 3496 8151 8274
f 181 3496 8274
f 8158 181 8274
f 8274 1324 3548
f 8158 8274 3548
f 3548 1324 661
f 8160 8158 3548
f 3548 661 8160
f 3549 7376 7383
f 3549 8275 7376
f 3549 8276 8275
f 8275 7372 7376
f 8275 3550 7372
f 8276 3550 8275
f 3550 7369 7372
f 8276 8277 3550
f 8278 8277 8276
f 8279 3550 8277
f 8279 8280 3550
f 3550 8280 7369
f 8279 8277 3551
f 8278 3551 8277
f 8280 397 7369
f 8279 3551 8281
f 8282 8279 8281
f 8282 8280 8279
f 8280 3552 397
f 8282 3552 8280
f 7292 397 3552
f 8282 7292 3552
f 8282 8281 194
f 8282 7289 7292
f 8282 8283 7289
f 8282 194 8283
f 194 8284 8283
f 7289 8283 3117
f 8283 8284 8285
f 8283 8285 3117
f 8284 3553 8285
f 7278 3117 8285
f 8286 7278 8285
f 8286 8285 3553
f 8287 8286 3553
f 3113 7278 8286
f 3113 8286 8287
f 7553 8016 3252
f 7553 8288 8016
f 7545 8016 8288
f 155 8288 7553
f 155 7545 8288
f 155 7553 3211
f 5114 5013 5303
f 5303 5013 8289
f 5005 8289 5013
f 5303 8289 5301
f 5301 8289 8290
f 8289 3554 8290
f 8289 5005 3554
f 5005 5002 3554
f 8291 8290 3554
f 5002 8291 3554
f 5301 8290 5297
f 8290 5294 5297
f 8290 8292 5294
f 8291 8292 8290
f 8292 5290 5294
f 8292 8291 8293
f 8292 8294 5290
f 8292 8293 8294
f 8291 8295 8293
f 8291 8296 8295
f 5002 8296 8291
f 4996 8296 5002
f 8295 8296 4996
f 3555 8294 8293
f 8295 3555 8293
f 3555 8297 8294
f 8297 5290 8294
f 8297 5289 5290
f 8295 4996 4997
f 8295 8298 3555
f 8298 8295 4997
f 3556 8297 3555
f 8298 3556 3555
f 3556 8299 8297
f 8297 8300 5289
f 8297 8299 8300
f 2185 5289 8300
f 8298 4997 8301
f 8298 8302 3556
f 8301 8302 8298
f 3557 8299 3556
f 8302 3557 3556
f 4997 4986 8301
f 8299 8303 8300
f 8299 8304 8303
f 3557 8304 8299
f 8300 8303 2045
f 8300 2045 2185
f 2045 2049 2185
f 4983 8301 4986
f 4983 8305 8301
f 8301 8305 8302
f 8302 8305 8306
f 8302 8307 3557
f 8302 8306 8307
f 4983 8306 8305
f 8304 3557 8308
f 3557 8309 8308
f 3557 8307 8309
f 8303 8310 2045
f 8303 8311 8310
f 8304 8311 8303
f 8304 8312 8311
f 8304 8308 8312
f 8307 8306 8313
f 8307 8313 8309
f 2044 2045 8310
f 4983 2063 8306
f 8306 2063 4973
f 8306 4973 8313
f 2044 8310 8314
f 8311 8314 8310
f 8311 8312 8314
f 8312 8308 8315
f 8312 8315 8314
f 8308 8309 195
f 8308 195 8315
f 3558 195 8309
f 3558 8309 8313
f 8316 3558 8313
f 8316 8313 4973
f 3559 8314 8315
f 195 3559 8315
f 3559 8317 8314
f 2044 8314 8317
f 4941 195 3558
f 195 4941 3559
f 2048 2044 8317
f 4941 3558 4949
f 4949 3558 8316
f 4973 4963 8316
f 4956 8316 4963
f 4949 8316 4956
f 4930 8317 3559
f 4941 4930 3559
f 4930 2048 8317
f 6783 2863 1268
f 6783 1268 3310
f 6783 3310 6779
f 7765 6779 3310
f 6772 6779 7765
f 6772 7765 8318
f 7765 3314 8318
f 6772 8318 2853
f 7771 8318 3314
f 8319 8318 7771
f 8319 2853 8318
f 1164 2853 8319
f 8319 7771 3321
f 1164 8319 6758
f 8319 3321 6758
f 123 6758 3321
f 123 7870 2839
f 6658 2839 7870
f 6658 7870 2837
f 6324 6897 358
f 6332 6897 6324
f 6332 2924 6897
f 7877 3386 7885
f 3545 8257 8320
f 8257 8258 8320
f 3545 8320 8321
f 672 3545 8321
f 2211 8320 8258
f 940 2211 8258
f 8322 8255 8256
f 8322 3560 8255
f 3560 423 8255
f 8255 423 191
f 8323 191 423
f 8323 8324 191
f 191 8324 940
f 2211 8325 8320
f 2216 8320 8325
f 2216 8321 8320
f 8323 423 1338
f 3560 1338 423
f 940 8324 2207
f 2207 8324 8323
f 2211 5324 8325
f 2216 8325 5324
f 8326 3560 8322
f 8326 3561 3560
f 3561 1338 3560
f 2207 8323 1339
f 8327 1339 8323
f 8323 1338 8327
f 196 8327 1338
f 3561 8328 1338
f 196 1338 8328
f 3562 3561 8326
f 3562 8328 3561
f 196 1340 8327
f 8327 1340 1339
f 197 196 8328
f 3562 197 8328
f 196 3563 1340
f 8329 3563 196
f 197 8329 196
f 1339 1340 8330
f 8330 1340 3563
f 1339 8330 8331
f 2206 1339 8331
f 2206 2207 1339
f 197 8332 8329
f 197 3564 8332
f 8333 3564 197
f 3562 8333 197
f 8334 8329 8332
f 8334 1341 8329
f 8329 1341 3563
f 3563 1341 198
f 8330 3563 8335
f 3563 198 8335
f 8331 8330 8336
f 8330 8337 8336
f 8330 8335 8337
f 5314 2206 8331
f 5314 8331 22
f 8331 8336 22
f 8338 198 1341
f 8338 1341 8334
f 199 8332 3564
f 199 8339 8332
f 8339 8334 8332
f 8339 1342 8334
f 1342 8338 8334
f 8335 198 8340
f 8335 8340 8337
f 8341 8340 198
f 8341 198 8338
f 22 8336 5313
f 8336 3565 5313
f 8336 8337 3565
f 8337 8342 3565
f 8337 8343 8342
f 8337 8340 8343
f 8344 8339 199
f 8344 1342 8339
f 8343 8340 3566
f 8341 3566 8340
f 1342 8345 8338
f 8338 424 8341
f 8338 8345 424
f 8344 1343 1342
f 1343 8345 1342
f 3565 8342 8346
f 8346 8342 8343
f 8346 8343 3567
f 3567 8343 3566
f 424 673 8341
f 673 8347 8341
f 8341 8347 3566
f 3567 3566 8348
f 8347 8348 3566
f 1343 8349 8345
f 8349 424 8345
f 8349 7088 424
f 7088 3568 424
f 424 3568 673
f 8344 1216 1343
f 589 8349 1343
f 589 1343 1216
f 589 7088 8349
f 8350 8346 3567
f 8351 3567 8348
f 8350 3567 8351
f 673 3568 1344
f 8352 8347 673
f 673 1344 8352
f 8352 3569 8347
f 8347 3569 8348
f 8351 8348 8353
f 200 8348 3569
f 200 8353 8348
f 200 3569 8352
f 1344 8354 8352
f 200 8352 8354
f 3568 3570 1344
f 3568 7050 3570
f 7088 7050 3568
f 3571 8350 8351
f 3572 8351 8353
f 3572 3571 8351
f 8355 3572 8353
f 8355 8353 200
f 3573 8355 200
f 3573 200 8354
f 1344 8356 8354
f 1344 8357 8356
f 1344 3570 8357
f 8354 8356 3574
f 8354 3574 3573
f 8357 3574 8356
f 7045 3570 7050
f 8358 3570 7045
f 8358 8357 3570
f 3572 8355 8359
f 8360 8355 3573
f 8360 8359 8355
f 3573 3574 8361
f 3573 8361 8360
f 3572 8359 3575
f 3572 8362 3571
f 3572 3575 8362
f 8357 3576 3574
f 8363 8357 8358
f 8363 3576 8357
f 8364 8361 3574
f 8364 3574 3576
f 8361 3577 8360
f 8359 8360 3577
f 8359 3577 8365
f 3575 8359 8365
f 3575 8365 8366
f 8362 3575 8366
f 3003 8358 7045
f 3003 3578 8358
f 3578 8363 8358
f 7047 8364 3576
f 7047 3576 8363
f 3579 8361 8364
f 3579 8367 8361
f 8361 8367 3577
f 8368 3579 8364
f 8368 8364 7047
f 8363 3005 7047
f 8363 8369 3005
f 3578 8369 8363
f 3577 8367 8370
f 8365 3577 8371
f 3577 8370 8371
f 8365 8371 8372
f 8366 8365 8372
f 8367 3579 3580
f 3580 3579 8368
f 8367 3580 8370
f 3003 3002 3578
f 3578 7037 8369
f 3578 3002 7037
f 7037 3005 8369
f 8373 8371 8370
f 8373 8370 3580
f 8373 8372 8371
f 7047 3008 8368
f 3580 8368 8374
f 8374 8368 3008
f 8375 8373 3580
f 8375 3580 8374
f 8373 8376 8372
f 3581 8373 8375
f 3581 8376 8373
f 3582 8372 8376
f 8366 8372 3582
f 8374 3008 3009
f 8377 8374 3009
f 8377 8375 8374
f 8378 3581 8375
f 8378 8375 8377
f 8379 3581 8378
f 8376 3581 8379
f 3582 8376 8380
f 8376 8379 8380
f 8381 8366 3582
f 3582 8380 8382
f 8381 3582 8382
f 8362 8366 8381
f 3583 8378 8377
f 8377 7052 3583
f 8377 3009 7052
f 8379 8378 8383
f 8384 8379 8383
f 8380 8379 8384
f 8382 8380 8385
f 8380 8384 8385
f 8382 8385 8386
f 8386 8381 8382
f 8378 8387 8383
f 8378 8388 8387
f 3583 8388 8378
f 7052 7053 3583
f 7053 8388 3583
f 8381 8389 8362
f 8381 8390 8389
f 8386 8390 8381
f 3571 8362 8389
f 8384 8383 8391
f 8383 8392 8391
f 8383 8387 8392
f 8391 8393 8384
f 8393 8385 8384
f 8386 8385 8394
f 8393 8394 8385
f 8386 8394 3584
f 3584 8390 8386
f 7059 8392 8387
f 7057 8387 8388
f 7059 8387 7057
f 7057 8388 7056
f 7053 7056 8388
f 8391 8395 8393
f 8392 8395 8391
f 3571 8389 8396
f 8390 8397 8389
f 8397 8396 8389
f 8390 8398 8397
f 3584 8398 8390
f 8395 8399 8393
f 8399 8394 8393
f 7063 8392 7059
f 7063 8400 8392
f 8392 8400 8395
f 8394 8401 3584
f 8394 3585 8401
f 8399 3585 8394
f 7943 7885 3386
f 7889 7885 7943
f 1015 8402 483
f 2380 483 8402
f 2380 8402 8403
f 999 2380 8403
f 1015 8404 8402
f 8403 8402 3586
f 8402 8405 3586
f 8402 8404 8405
f 999 8403 8406
f 8406 8403 3587
f 8403 3586 3587
f 8407 8404 1015
f 8407 1015 2410
f 3588 8405 8404
f 3588 8404 8407
f 2376 999 8406
f 3586 8405 8408
f 3587 3586 8409
f 3586 8408 8409
f 8405 3588 8410
f 8405 8410 8408
f 2376 8406 8411
f 8411 8406 8412
f 8406 3587 8412
f 3587 8409 8413
f 8414 3587 8413
f 8414 8412 3587
f 2410 8415 8407
f 8407 8416 3588
f 8407 8415 8416
f 8417 8410 3588
f 8417 3588 8416
f 2376 8411 5778
f 8411 8412 3589
f 5778 8411 3589
f 8412 8414 8418
f 8412 8418 3589
f 8409 8408 1345
f 8413 8409 674
f 8409 1345 674
f 8413 674 3590
f 8414 8413 3590
f 8418 8414 1346
f 8414 3590 1346
f 8419 8417 8416
f 8415 3591 8416
f 8419 8416 3591
f 3589 8418 8420
f 5778 3589 8421
f 3589 8420 8421
f 8418 1346 3592
f 8420 8418 3592
f 5774 5778 8421
f 8422 674 1345
f 8423 674 8422
f 8423 3590 674
f 8424 1346 3590
f 8424 3590 8423
f 8425 3592 1346
f 8425 1346 8424
f 8420 3592 201
f 8426 8420 201
f 8421 8420 8426
f 8421 8426 3593
f 5774 8421 3593
f 8427 201 3592
f 8427 3592 8425
f 3594 8423 8422
f 8424 8423 3594
f 8428 8425 8424
f 8424 3594 8428
f 8428 3595 8425
f 3595 8427 8425
f 5771 5774 3593
f 8426 201 291
f 8429 201 8427
f 8429 291 201
f 3593 8426 8430
f 8430 8426 291
f 3593 8430 3596
f 5771 3593 3596
f 8431 8429 8427
f 3595 8431 8427
f 8432 8428 3594
f 8433 8428 8432
f 8433 3595 8428
f 8434 8431 3595
f 8434 3595 8433
f 5765 5771 3596
f 8430 291 425
f 8435 291 8429
f 8435 425 291
f 8431 3597 8429
f 3597 8435 8429
f 3596 8430 8436
f 8436 8430 425
f 3596 8436 8437
f 5765 3596 8437
f 8438 3597 8431
f 8438 8431 8434
f 3598 8433 8432
f 3598 8434 8433
f 1347 8438 8434
f 3598 8439 8434
f 1347 8434 8439
f 5762 5765 8437
f 8436 425 202
f 8440 425 8435
f 8440 202 425
f 3597 3599 8435
f 3599 8440 8435
f 8441 3599 3597
f 8441 3597 8438
f 8437 8436 8442
f 8442 8436 202
f 8437 8442 3600
f 5762 8437 3600
f 3601 8441 8438
f 3601 8438 1347
f 8443 8439 3598
f 8443 1347 8439
f 8443 8444 1347
f 1347 8445 3601
f 1347 8444 8445
f 5757 5762 3600
f 8442 202 3602
f 8446 202 8440
f 8446 3602 202
f 8447 8446 8440
f 3599 8447 8440
f 8448 8447 3599
f 8448 3599 8441
f 8449 8448 8441
f 8449 8441 3601
f 3600 8442 8450
f 8450 8442 3602
f 3600 8450 3603
f 5757 3600 3603
f 3601 8445 8451
f 3601 8451 8449
f 8443 675 8444
f 8444 3604 8445
f 8444 675 3604
f 8445 3604 8452
f 8445 8452 8451
f 5749 5757 3603
f 8450 3602 1288
f 7927 3602 8446
f 7927 1288 3602
f 3605 7927 8446
f 8447 3605 8446
f 8453 3605 8447
f 8453 8447 8448
f 203 8453 8448
f 203 8448 8449
f 8449 8451 8454
f 8449 8454 203
f 5749 3603 5744
f 8450 5744 3603
f 8451 8452 3606
f 8451 3606 8454
f 675 426 3604
f 3604 8455 8452
f 3604 426 8455
f 8452 8455 8456
f 8452 8456 3606
f 3605 3381 7927
f 8457 3381 3605
f 8457 3605 8453
f 1348 8457 8453
f 1348 8453 203
f 203 8454 8458
f 203 8458 1348
f 8454 3606 3607
f 8454 3607 8458
f 3606 8456 8459
f 3606 8459 3607
f 8455 3608 8456
f 8455 8460 3608
f 426 8460 8455
f 8456 3608 636
f 8456 636 8459
f 3607 8459 7906
f 636 7906 8459
f 8458 3607 7909
f 3607 7906 7909
f 8458 7909 7912
f 1348 8458 7912
f 7917 8457 1348
f 1348 7912 7917
f 7922 3381 8457
f 7917 7922 8457
f 7904 3608 8460
f 636 3608 7904
f 7904 8460 8461
f 8461 8460 3609
f 426 3609 8460
f 3375 7904 8461
f 8461 3609 8462
f 3375 8461 204
f 204 8461 8462
f 3610 8462 3609
f 8463 3609 426
f 8463 3610 3609
f 675 8463 426
f 205 3610 8463
f 205 8463 675
f 7826 3375 204
f 3610 8464 8462
f 3611 8462 8464
f 204 8462 3611
f 1349 7826 204
f 1349 204 3611
f 205 8465 3610
f 1350 3610 8465
f 1350 8464 3610
f 3612 8464 1350
f 3611 8464 3612
f 3613 1349 3611
f 3613 3611 3612
f 3614 1350 8465
f 3614 8465 205
f 3614 205 8466
f 8466 205 8467
f 205 675 8467
f 8443 8467 675
f 1349 3613 8468
f 7826 1349 8469
f 1349 8468 8469
f 3612 1350 8470
f 8470 1350 8471
f 3614 8471 1350
f 8472 3613 3612
f 8472 3612 8470
f 3613 8472 8473
f 3613 8473 8468
f 3614 1351 8471
f 3614 8474 1351
f 8474 3614 8466
f 8474 8466 8475
f 8475 8466 3615
f 8466 8467 3615
f 8467 8443 8476
f 8467 8476 3615
f 3616 8471 1351
f 8470 8471 3616
f 3617 8472 8470
f 3617 8470 3616
f 8472 3617 8477
f 8472 8477 8473
f 8474 3618 1351
f 3616 1351 8478
f 8478 1351 3618
f 8479 3617 3616
f 3584 8401 3619
f 3584 3619 8398
f 8397 8398 3619
f 8395 8480 8399
f 8400 8480 8395
f 8397 3620 8396
f 8397 3619 1352
f 1352 3620 8397
f 3585 8481 8401
f 3619 8401 8481
f 8399 8480 3621
f 206 3585 8399
f 8399 3621 206
f 3585 8482 8481
f 206 8482 3585
f 8400 8483 8480
f 8400 3016 8483
f 8400 7063 3016
f 8480 8483 8484
f 8480 8484 3621
f 3619 3622 1352
f 3619 8485 3622
f 3619 8481 8485
f 3622 8486 1352
f 1352 8486 3620
f 8483 3016 7075
f 8483 7075 8484
f 8487 8481 8482
f 8488 8481 8487
f 8488 8485 8481
f 8487 8482 8489
f 8489 8482 206
f 3621 8490 206
f 8489 206 8490
f 8491 3622 8485
f 8491 8485 8488
f 8492 8488 8487
f 8492 8487 8489
f 8492 8491 8488
f 8492 8489 3623
f 3623 8489 8490
f 8493 8491 8492
f 3623 8493 8492
f 8494 3622 8491
f 8493 8494 8491
f 3623 3624 8493
f 3624 8495 8493
f 8495 8494 8493
f 3623 8490 8496
f 8497 3623 8496
f 8497 3624 3623
f 8496 8490 8498
f 3621 8498 8490
f 8497 8496 8499
f 8496 8498 8499
f 3624 3625 8495
f 8500 3624 8497
f 8500 3625 3624
f 8497 8499 8501
f 8502 8497 8501
f 8502 8500 8497
f 8484 8498 3621
f 8484 8503 8498
f 8499 8498 8503
f 8504 8502 8501
f 8504 8501 8499
f 8499 8503 3626
f 8504 8499 3626
f 8500 8502 8505
f 8506 3625 8500
f 8500 8505 8506
f 8504 8507 8502
f 8505 8502 8507
f 8503 8484 7075
f 8503 7075 8508
f 8509 8503 8508
f 8509 3626 8503
f 3626 8509 8510
f 3626 8510 8504
f 8504 8510 3627
f 8504 3627 8507
f 8505 8507 8511
f 8506 8505 8512
f 8512 8505 8511
f 8513 8511 8507
f 8513 8507 3627
f 3628 8510 8509
f 3628 8509 8508
f 8514 3627 8510
f 3628 8514 8510
f 8514 1353 3627
f 1353 8513 3627
f 3628 1353 8514
f 8512 8511 8515
f 8515 8511 8513
f 8508 7075 7070
f 3628 8508 8516
f 8508 7070 8516
f 8515 8513 8517
f 1353 207 8513
f 8517 8513 207
f 3628 8518 1353
f 8519 3628 8516
f 8519 8518 3628
f 8520 207 1353
f 8520 1353 8518
f 8519 8520 8518
f 3017 8519 8516
f 3017 8516 7070
f 8515 8521 8512
f 8515 3629 8521
f 3629 8515 8517
f 3629 8517 8522
f 8522 8517 207
f 676 207 8520
f 8522 207 676
f 8523 8521 3629
f 3629 8522 8523
f 8519 8524 8520
f 8519 7072 8524
f 8519 3017 7072
f 8520 8524 8525
f 676 8520 3630
f 8520 8525 3630
f 8524 7072 3631
f 8524 3631 8525
f 8522 676 3632
f 3633 8522 3632
f 3633 8523 8522
f 8526 3632 676
f 8527 676 3630
f 8527 8526 676
f 8528 8527 3630
f 8528 3630 8525
f 8525 3631 3634
f 8525 3634 8528
f 7071 3634 3631
f 7071 3631 7072
f 8526 8527 8529
f 8528 8529 8527
f 3635 3633 3632
f 8526 208 3632
f 3635 3632 208
f 8526 8529 8530
f 208 8526 8530
f 3636 8530 8529
f 3636 8529 8528
f 8531 3636 8528
f 8531 8528 3634
f 208 8530 8532
f 3635 208 8532
f 8532 8530 8533
f 3636 8533 8530
f 8531 8534 3636
f 8534 8533 3636
f 7071 7076 3634
f 8531 3634 8535
f 3634 8536 8535
f 3634 7076 8536
f 1354 8534 8531
f 3637 8531 8535
f 3637 1354 8531
f 8536 3637 8535
f 8532 8533 3638
f 3635 8532 8537
f 8537 8532 3638
f 3638 8533 8538
f 8534 8538 8533
f 1354 427 8534
f 8534 8539 8538
f 8534 427 8539
f 1354 3637 677
f 427 1354 7082
f 1354 677 7082
f 8540 677 3637
f 8536 8540 3637
f 140 8540 8536
f 7077 8536 7076
f 140 8536 7077
f 8537 3638 3639
f 8541 3639 3638
f 3638 8538 8541
f 1355 8541 8538
f 1355 8538 8539
f 427 7082 7084
f 678 427 7084
f 678 8539 427
f 8542 1355 8539
f 8542 8539 678
f 3018 7082 677
f 8540 8543 677
f 8543 3018 677
f 7078 8543 8540
f 7078 8540 140
f 1355 8544 8541
f 8541 8544 3639
f 8545 678 7084
f 8542 678 8545
f 8546 1355 8542
f 8546 3640 1355
f 1355 3640 8544
f 8543 7079 3018
f 7079 8543 7078
f 3641 8546 8542
f 8542 8545 3642
f 3641 8542 3642
f 8545 7084 3019
f 3642 8545 588
f 588 8545 3019
f 8547 3640 8546
f 3643 8546 3641
f 3643 8547 8546
f 8547 209 3640
f 3640 8548 8544
f 3640 209 8548
f 8549 3641 3642
f 1356 3641 8549
f 1356 3643 3641
f 3642 588 1357
f 8549 3642 1357
f 3644 8547 3643
f 679 3643 1356
f 679 3644 3643
f 3644 8550 8547
f 8547 680 209
f 8547 8550 680
f 209 680 8551
f 209 8551 8548
f 8549 1357 7087
f 7087 1357 588
f 8549 7087 8552
f 1356 8549 8552
f 1356 8552 8553
f 1356 8554 679
f 1356 8553 8554
f 3645 8551 680
f 8550 3645 680
f 8550 3644 3646
f 8555 3644 679
f 8555 3646 3644
f 8556 8555 679
f 8556 679 8554
f 8550 8557 3645
f 8550 3646 8557
f 8552 2938 8553
f 8554 8553 2938
f 2938 8552 6928
f 6928 8552 7087
f 8557 3646 3647
f 3647 3646 8555
f 8558 8555 8556
f 3647 8555 8558
f 8554 2938 3648
f 8559 8554 3648
f 8559 8556 8554
f 8560 8556 8559
f 8479 3616 8478
f 8474 3649 3618
f 8474 8561 3649
f 8474 8475 8561
f 3617 8479 8562
f 3617 8562 8477
f 8475 3615 8563
f 8475 3650 8561
f 8475 8563 3650
f 3615 8476 8564
f 3615 8564 8563
f 3651 8479 8478
f 8478 3618 3652
f 3651 8478 3652
f 8479 3651 1358
f 8479 1358 8562
f 3618 3649 615
f 3652 3618 160
f 3618 615 160
f 3653 3649 8561
f 3653 615 3649
f 8565 8561 3650
f 3653 8561 8565
f 8563 8564 8566
f 8563 8566 3650
f 8565 3650 3654
f 3650 8567 3654
f 3650 8566 8567
f 7665 3651 3652
f 3651 7675 1358
f 3651 7665 7675
f 3652 160 7656
f 7665 3652 7656
f 3654 8568 8565
f 8568 3653 8565
f 3653 7648 615
f 8568 8569 3653
f 8569 7648 3653
f 3654 8570 8568
f 3654 8571 8570
f 3654 8567 8571
f 8566 681 8567
f 8567 1359 8571
f 8567 681 1359
f 8572 8568 8570
f 3655 8568 8572
f 3655 8569 8568
f 3655 7649 8569
f 8569 7649 7648
f 8572 8570 3656
f 8573 8570 8571
f 8573 3656 8570
f 3657 8573 8571
f 3657 8571 1359
f 8574 8572 3656
f 8574 3656 8573
f 8574 8575 8572
f 8575 3655 8572
f 8576 8573 3657
f 8574 8573 8576
f 8575 8574 3658
f 3658 8574 8576
f 1359 681 8577
f 1359 8577 8578
f 8579 1359 8578
f 8579 3657 1359
f 8576 3657 8580
f 3657 8581 8580
f 3657 8579 8581
f 8582 8576 8580
f 3658 8576 8582
f 3659 8579 8578
f 8577 8583 8578
f 3659 8578 8583
f 8579 3659 8584
f 8579 8584 8581
f 8582 8580 3660
f 8580 8585 3660
f 8580 8581 8585
f 8581 8584 3661
f 8581 3661 8585
f 8582 3660 428
f 3658 8582 8586
f 8582 428 8586
f 3660 8585 8587
f 3660 8587 428
f 8585 3661 8588
f 8585 8588 8587
f 8589 8584 3659
f 8583 8590 3659
f 8589 3659 8590
f 8591 3661 8584
f 8591 8584 8589
f 8592 8588 3661
f 8592 3661 8591
f 682 428 8587
f 682 8586 428
f 682 8587 8593
f 8587 3662 8593
f 8587 8588 3662
f 8594 3662 8588
f 8594 8588 8592
f 3663 8591 8589
f 210 8589 8590
f 3663 8589 210
f 429 8592 8591
f 429 8591 3663
f 3664 8594 8592
f 3664 8592 429
f 8594 8595 3662
f 8593 3662 8595
f 682 8593 8596
f 8593 8595 8596
f 8594 8597 8595
f 3664 8597 8594
f 429 3663 8419
f 3663 8417 8419
f 3663 210 8417
f 3664 429 8598
f 429 8419 8598
f 3664 8598 8599
f 8598 8419 3591
f 8599 8598 8600
f 8598 3591 8600
f 210 8410 8417
f 8599 8600 3665
f 8601 3665 8600
f 8602 8600 3591
f 8602 8601 8600
f 8415 8602 3591
f 8603 8602 8415
f 8603 3666 8602
f 3666 8601 8602
f 3666 430 8601
f 8604 3666 8603
f 8604 430 3666
f 2410 8603 8415
f 8604 8603 5844
f 5844 8603 2410
f 8604 8605 430
f 2415 8604 5844
f 2415 8605 8604
f 210 3667 8410
f 8408 8410 3667
f 210 8590 3667
f 8408 3667 1345
f 8606 3667 8590
f 8606 1345 3667
f 8583 8606 8590
f 8422 1345 8606
f 3668 8422 8606
f 3668 8606 8583
f 8577 3668 8583
f 3594 8422 3668
f 8607 3594 3668
f 8607 3668 8577
f 8432 3594 8607
f 3669 8607 8577
f 1360 8607 3669
f 1360 8432 8607
f 3669 8577 681
f 3598 8432 1360
f 8566 3669 681
f 8564 3669 8566
f 8564 1360 3669
f 8476 3598 1360
f 8476 1360 8564
f 8443 3598 8476
f 8450 5739 5744
f 1288 5739 8450
f 7674 1358 7675
f 7674 3670 1358
f 3670 7674 7684
f 1358 3670 8608
f 8608 3670 7690
f 3670 7684 7690
f 1358 8608 8562
f 8608 7690 8609
f 1361 8608 8609
f 8562 8608 1361
f 8609 7690 3273
f 8562 1361 8477
f 1361 8473 8477
f 1361 8609 8610
f 8611 1361 8610
f 1361 8611 8473
f 8609 3273 1362
f 8609 683 8610
f 8609 1362 683
f 8611 8610 8612
f 8610 8613 8612
f 8610 683 8613
f 8612 3671 8611
f 8473 8611 3671
f 8612 8614 3671
f 8613 8614 8612
f 8473 3671 8468
f 3672 3671 8614
f 8468 3671 3672
f 683 8615 8613
f 683 8616 8615
f 1362 8616 683
f 8613 3330 8614
f 8613 7797 3330
f 8613 8615 7797
f 3672 8614 7805
f 3330 7805 8614
f 8468 3672 8469
f 7813 3672 7805
f 8469 3672 7813
f 8615 8616 3673
f 7797 8615 7790
f 8615 3673 7790
f 8469 7813 7819
f 7826 8469 7819
f 8616 8617 3673
f 8618 3673 8617
f 8618 7790 3673
f 8616 8619 8617
f 1362 8619 8616
f 8618 7786 7790
f 8619 3277 8617
f 3277 7704 8617
f 8618 8617 7704
f 684 8618 7704
f 7786 8618 684
f 8619 7697 3277
f 3273 8619 1362
f 3273 7697 8619
f 7786 684 7715
f 684 7704 7707
f 1258 684 7707
f 7715 684 1258
f 47 8620 5653
f 5654 5653 8620
f 47 211 8620
f 5654 8620 211
f 47 3674 211
f 47 6923 3674
f 211 8621 5654
f 211 8622 8621
f 3674 8622 211
f 2348 5654 8621
f 8623 3674 6923
f 8623 212 3674
f 3674 212 8622
f 8624 8621 8622
f 212 8624 8622
f 8625 2348 8621
f 8624 8625 8621
f 6923 2940 8623
f 1363 212 8623
f 2940 1363 8623
f 1363 3675 212
f 212 3675 8624
f 8625 984 2348
f 8560 8626 8556
f 8558 8556 8626
f 8626 1364 8558
f 1364 3647 8558
f 573 3648 2938
f 573 8559 3648
f 573 8560 8559
f 8557 3647 3676
f 3677 3676 3647
f 1364 3677 3647
f 8626 8560 8627
f 573 3678 8560
f 8560 3678 8627
f 8626 8627 8628
f 8626 8628 1364
f 8628 8629 1364
f 8629 3677 1364
f 8627 8630 8628
f 8628 8630 8629
f 3677 8631 3676
f 8629 3679 3677
f 3679 8631 3677
f 8632 8629 8630
f 8632 3679 8629
f 8627 8633 8630
f 1365 8633 8627
f 3678 1365 8627
f 6919 1365 3678
f 573 6919 3678
f 8632 8630 8634
f 8634 8630 8633
f 3676 8631 1366
f 3679 431 8631
f 1366 8631 431
f 8635 431 3679
f 8632 8635 3679
f 8636 8635 8632
f 8634 8636 8632
f 6919 2933 1365
f 2933 213 1365
f 1365 213 8633
f 1367 8633 213
f 1367 8637 8633
f 8634 8633 8637
f 8634 8638 8636
f 8638 8634 8637
f 1366 431 685
f 8635 8639 431
f 8639 685 431
f 8635 8640 8639
f 8635 3680 8640
f 8636 3680 8635
f 8641 8637 1367
f 8638 8637 8641
f 8636 8638 8642
f 8642 8638 8641
f 8643 3680 8636
f 8636 8642 8644
f 8643 8636 8644
f 2933 570 213
f 213 432 1367
f 213 570 432
f 1367 432 214
f 8641 1367 214
f 8640 8645 8639
f 8639 8645 685
f 8646 8640 3680
f 8646 3680 8643
f 8646 3681 8640
f 8640 3681 8645
f 8647 8641 214
f 8642 8641 8647
f 8646 8643 3682
f 3682 8643 8644
f 3682 8644 1368
f 8642 1368 8644
f 8642 8648 1368
f 8647 8648 8642
f 8647 214 1369
f 214 5317 1369
f 214 432 5317
f 6914 432 570
f 6914 8649 432
f 8649 5317 432
f 8646 8650 3681
f 8650 8646 8651
f 8646 3682 8651
f 3683 8647 1369
f 1369 5317 3683
f 3683 8652 8647
f 8647 8652 8648
f 8648 8653 1368
f 8652 8653 8648
f 8654 3682 1368
f 8654 1368 8653
f 8655 8651 3682
f 8655 3682 8654
f 3684 8651 8655
f 8650 8651 3684
f 3683 686 8652
f 8652 686 8653
f 5317 5316 3683
f 3683 5316 686
f 2929 8649 6914
f 8649 23 5317
f 215 8649 2929
f 215 23 8649
f 8656 686 5316
f 8653 686 8656
f 3685 8654 8653
f 3685 8653 8656
f 8657 8655 8654
f 8657 8654 3685
f 3684 8655 8658
f 8658 8655 8657
f 3686 3685 8656
f 8659 3685 3686
f 8659 8657 3685
f 3687 8657 8659
f 8658 8657 3687
f 8656 309 3686
f 8656 2202 309
f 8656 5316 2202
f 6913 215 2929
f 939 215 6913
f 939 2204 215
f 23 215 2204
f 309 1370 3686
f 8660 3686 1370
f 8660 8659 3686
f 3687 8659 3688
f 8659 8486 3688
f 8659 8660 8486
f 8661 8660 1370
f 8486 8660 8661
f 3622 3687 3688
f 3622 3688 8486
f 3622 3689 3687
f 3689 8658 3687
f 8486 8661 3620
f 309 5313 1370
f 8661 1370 3690
f 3565 1370 5313
f 3565 3690 1370
f 8350 8661 3690
f 8661 8396 3620
f 8661 8350 8396
f 3565 8346 3690
f 8350 3690 8346
f 8494 3689 3622
f 3689 8662 8658
f 3689 8663 8662
f 3689 8494 8663
f 3684 8658 8662
f 3571 8396 8350
f 8495 8663 8494
f 8662 8663 8664
f 8495 8664 8663
f 3684 8662 1371
f 8662 8664 1371
f 1371 8650 3684
f 1371 8665 8650
f 1371 8666 8665
f 1371 8664 8666
f 8495 8667 8664
f 8668 8664 8667
f 8668 8666 8664
f 3625 8667 8495
f 3625 8669 8667
f 8668 8667 8669
f 3681 8650 8665
f 3681 8665 3691
f 8670 8665 8666
f 8670 3691 8665
f 8671 8670 8666
f 8671 8666 8668
f 8668 8669 8672
f 8672 8671 8668
f 8506 8669 3625
f 8672 8669 8506
f 8673 3691 8670
f 3681 3691 8673
f 8673 8670 8674
f 8674 8670 8671
f 3681 8673 8645
f 8674 8671 8675
f 8672 3692 8671
f 8675 8671 3692
f 8672 8506 8676
f 8677 8672 8676
f 8677 3692 8672
f 8675 3692 8678
f 8678 3692 8677
f 8506 8512 8676
f 8512 8677 8676
f 3693 8673 8674
f 685 8673 3693
f 685 8645 8673
f 8679 8674 8675
f 3693 8674 8679
f 8679 8675 8680
f 8678 8680 8675
f 3694 685 3693
f 3694 3693 8679
f 8512 8521 8677
f 8521 8681 8677
f 8678 8677 8681
f 8678 8682 8680
f 8681 8682 8678
f 8683 8679 8680
f 3694 8679 8683
f 8683 8680 3695
f 3695 8680 8682
f 3694 1366 685
f 3695 8682 8684
f 8684 8682 8685
f 8681 8685 8682
f 8684 8686 3695
f 8683 3695 8686
f 8687 3694 8683
f 8683 8686 8687
f 3696 1366 3694
f 8687 3697 3694
f 3696 3694 3697
f 8521 216 8681
f 1372 8681 216
f 1372 8685 8681
f 8684 8685 8688
f 8688 8686 8684
f 3698 8688 8685
f 3698 8685 1372
f 3676 1366 3696
f 3699 8687 8686
f 8688 8689 8686
f 3699 8686 8689
f 8690 3697 8687
f 8690 8687 3699
f 3698 8689 8688
f 3697 8690 3645
f 3697 3645 3696
f 8557 3676 3696
f 8557 3696 3645
f 1372 216 8523
f 3698 1372 3633
f 1372 8523 3633
f 8523 216 8521
f 8551 8690 3699
f 3645 8690 8551
f 3700 3699 8689
f 8551 3699 3700
f 3700 8689 8691
f 3698 8691 8689
f 3700 8691 8692
f 3698 8692 8691
f 3698 3633 3635
f 8548 8551 3700
f 984 8625 8693
f 8693 8625 8624
f 8693 8624 8694
f 8694 8624 3675
f 2940 135 1363
f 3675 1363 7163
f 7163 1363 135
f 3675 7163 7165
f 8694 3675 7165
f 7175 8693 8694
f 7169 8694 7165
f 7175 8694 7169
f 984 8693 8695
f 1222 8693 7175
f 1222 8695 8693
f 984 8695 5665
f 1222 5665 8695
f 37 8696 5540
f 386 5540 8696
f 8696 37 8697
f 386 8696 8698
f 8696 8697 8698
f 8697 37 474
f 8698 8697 3701
f 8697 474 1373
f 3701 8697 1373
f 386 8698 8699
f 8698 3701 8700
f 8699 8698 8700
f 386 8699 942
f 316 1373 474
f 8701 8700 3701
f 3701 1373 8702
f 8701 3701 8702
f 5531 8702 1373
f 316 5531 1373
f 8699 217 942
f 8699 3702 217
f 8699 8700 3702
f 8701 8703 8700
f 3702 8700 8703
f 942 217 2215
f 217 3702 8704
f 3702 8703 8704
f 217 8704 8705
f 2215 217 8705
f 5531 2270 8702
f 2270 5523 8702
f 8701 8702 5523
f 8701 8706 8703
f 8701 2271 8706
f 2271 8701 5523
f 8703 8706 3703
f 8703 3703 8704
f 433 8705 8704
f 433 8704 3703
f 3704 8705 433
f 3704 8707 8705
f 2215 8705 8707
f 2215 8707 5333
f 3704 5333 8707
f 8708 3703 8706
f 433 3703 8708
f 8708 8706 8709
f 8709 8706 2271
f 8709 2271 5525
f 433 8708 8710
f 433 8711 3704
f 433 8710 8711
f 3704 5342 5333
f 8711 5342 3704
f 8712 8708 8709
f 8712 3705 8708
f 8710 8708 3705
f 3706 8712 8709
f 3706 8709 5525
f 3706 5525 5517
f 8710 3705 8713
f 3707 8710 8713
f 3707 8711 8710
f 8711 5347 5342
f 3707 5347 8711
f 8714 3705 8712
f 8715 8712 3706
f 8715 8714 8712
f 8716 8713 3705
f 8714 8716 3705
f 8715 3706 8717
f 3706 5517 8717
f 3707 8713 1374
f 8716 1374 8713
f 8715 8717 292
f 8714 8715 292
f 8714 292 8718
f 8716 8714 8718
f 5508 8717 5517
f 1374 8716 3708
f 8716 8718 3708
f 5508 3709 8717
f 3709 292 8717
f 3707 5355 5347
f 8719 8718 292
f 3709 8719 292
f 3710 3708 8718
f 8719 3710 8718
f 5508 2264 3709
f 3709 2264 687
f 3709 687 8719
f 3711 3710 8719
f 3711 8719 687
f 1374 3708 8720
f 3710 8721 3708
f 8721 8720 3708
f 3712 8721 3710
f 3712 3710 3711
f 5498 687 2264
f 5490 3711 687
f 5490 687 5498
f 5482 3712 3711
f 5482 3711 5490
f 5475 8721 3712
f 5475 3712 5482
f 5475 5471 8721
f 8721 5471 8720
f 5471 2251 8720
f 8722 8720 2251
f 8722 1374 8720
f 5354 8722 2251
f 3707 1374 8722
f 3707 8722 5354
f 3707 5354 5355
f 293 5468 5474
f 293 5474 7244
f 293 7244 1229
f 293 1229 8723
f 8724 5468 293
f 8725 293 8723
f 8725 8724 293
f 8724 5462 5468
f 218 5462 8724
f 218 8724 8725
f 8723 1229 7229
f 8723 7229 3713
f 8726 8723 3713
f 8726 8725 8723
f 218 8725 8253
f 3542 8725 8726
f 3542 8253 8725
f 3542 8726 8245
f 8245 8726 3713
f 672 218 8253
f 672 8727 218
f 218 8727 5462
f 2221 5462 8727
f 3713 7229 1227
f 3713 1227 8728
f 8245 3713 8728
f 8728 188 8245
f 5337 2221 8727
f 672 8729 8727
f 5337 8727 8729
f 672 8321 8729
f 2216 5337 8729
f 2216 8729 8321
f 8728 1227 7217
f 8728 7217 3714
f 8728 3714 188
f 188 3714 7151
f 7217 7151 3714
f 1035 3715 3716
f 3716 3715 1375
f 5972 3715 1035
f 5972 3717 3715
f 3715 278 1375
f 3715 3717 278
f 1034 3717 5972
f 1034 1376 3717
f 3717 2461 278
f 3717 1376 2461
f 1376 1034 8730
f 2461 1376 5947
f 1376 8730 5947
f 1034 5948 8730
f 5943 5947 8730
f 5943 8730 5948
f 294 7350 7345
f 294 7345 7337
f 294 3718 7350
f 1235 7350 3718
f 294 8731 3718
f 1235 3718 8731
f 294 7337 219
f 294 8732 8731
f 294 8733 8732
f 294 219 8733
f 219 7337 7332
f 219 7332 8734
f 219 8735 8733
f 219 8734 8735
f 8732 3719 8731
f 8732 8736 3719
f 8736 8732 8733
f 8736 8733 3720
f 3720 8733 8735
f 1235 8731 8737
f 8731 8738 8737
f 8731 3719 8738
f 2592 1235 8737
f 8739 3719 8736
f 3719 8739 8738
f 7329 8734 7332
f 7329 1377 8734
f 8740 8734 1377
f 8740 8735 8734
f 3720 8735 8741
f 8741 8735 8740
f 8742 8736 3720
f 8742 8743 8736
f 8739 8736 8743
f 8744 8742 3720
f 8744 3720 8741
f 2592 8737 6244
f 8737 2553 6244
f 8737 8738 2553
f 8738 6162 2553
f 8738 1378 6162
f 8739 1378 8738
f 8743 8745 8739
f 8739 8745 1378
f 8743 8746 8745
f 8742 8746 8743
f 1377 7329 7322
f 1377 8747 8740
f 8747 3721 8740
f 8741 8740 3721
f 8748 8744 8741
f 8748 8741 3721
f 8749 8742 8744
f 1379 8744 8748
f 1379 8749 8744
f 2542 8745 8746
f 1378 8745 2542
f 6162 1378 6156
f 1378 2542 6156
f 8750 8748 3721
f 8747 8750 3721
f 8750 8751 8748
f 8751 1379 8748
f 2542 8746 6144
f 8751 8750 3722
f 8750 8752 3722
f 8750 8747 8752
f 8752 8747 8753
f 1377 8753 8747
f 8751 3722 6120
f 6126 8751 6120
f 8548 3700 3723
f 3700 8692 3723
f 8544 8548 3723
f 8544 3723 3639
f 8537 3723 8692
f 8537 3639 3723
f 3698 8537 8692
f 3698 3635 8537
f 5846 2416 7131
f 5846 7131 8754
f 5846 8754 5838
f 8754 7131 3054
f 3724 5838 8754
f 8754 3054 8755
f 3724 8754 8755
f 5834 5838 3724
f 3054 7141 8755
f 8755 7141 3725
f 8755 3725 3724
f 3724 3725 8756
f 3724 8756 5834
f 8756 3725 8757
f 7141 8757 3725
f 5834 8756 2408
f 8756 8757 220
f 2408 8756 220
f 7141 1211 8757
f 220 8757 3726
f 3726 8757 1211
f 2408 220 2384
f 220 3726 688
f 2384 220 688
f 3726 1211 7147
f 8758 688 3726
f 3727 3726 7147
f 8758 3726 3727
f 3728 688 8758
f 3728 3729 688
f 2384 688 3729
f 5787 2384 3729
f 5787 3729 5792
f 3728 5792 3729
f 3727 7147 7215
f 7230 8758 3727
f 8759 8758 7230
f 8759 3728 8758
f 7230 3727 7223
f 7223 3727 7215
f 3728 5797 5792
f 5832 3728 8759
f 5832 5797 3728
f 3096 5832 8759
f 3096 8759 7230
f 3096 5842 5832
f 5850 5842 3096
f 5850 3096 7235
f 7235 8760 5850
f 5850 8760 2415
f 7235 3098 8760
f 8760 8761 2415
f 8760 8762 8761
f 3098 8762 8760
f 3098 7238 8762
f 8763 8761 8762
f 3101 8762 7238
f 3101 8763 8762
f 8763 3730 8761
f 8764 8761 3730
f 8764 8605 8761
f 2415 8761 8605
f 8763 8765 3730
f 8763 7248 8765
f 3101 7248 8763
f 8766 8764 3730
f 8766 3730 8765
f 689 8605 8764
f 689 8764 8766
f 7254 8765 7248
f 7254 3731 8765
f 8767 8765 3731
f 8767 8766 8765
f 689 8766 8768
f 3732 8766 8767
f 3732 8768 8766
f 3732 8767 8769
f 8769 8767 3731
f 7254 7261 3731
f 8769 3731 7261
f 689 8768 8770
f 3732 8770 8768
f 689 8770 8771
f 689 430 8605
f 689 8601 430
f 689 8771 8601
f 8771 8770 8772
f 8601 8771 3665
f 8771 8772 3665
f 3732 8773 8770
f 8770 3733 8772
f 8770 8773 3733
f 3732 8774 8773
f 3732 8775 8774
f 3732 8769 8775
f 3734 8775 8769
f 8776 8769 7261
f 3734 8769 8776
f 8776 7261 3110
f 3734 8774 8775
f 8773 8774 8777
f 8773 8777 3733
f 8778 8772 3733
f 8778 3733 8777
f 8778 8779 8772
f 8599 8772 8779
f 8599 3665 8772
f 3734 8780 8774
f 8774 3735 8777
f 8774 8780 3735
f 8778 8777 8781
f 8781 8777 3735
f 3736 8778 8781
f 3736 8779 8778
f 3734 8287 8780
f 3734 1380 8287
f 1380 3734 8776
f 1380 8776 7271
f 7271 8776 3110
f 8780 8287 8782
f 8780 8782 3735
f 3736 295 8779
f 3664 8779 295
f 3664 8599 8779
f 3113 8287 1380
f 3113 1380 7271
f 8781 3735 8783
f 3735 8784 8783
f 3735 8782 8784
f 221 8781 8783
f 3736 8781 221
f 3736 8597 295
f 3664 295 8597
f 3736 221 8785
f 3736 8786 8597
f 3736 8785 8786
f 8787 8784 8782
f 8287 3553 8782
f 8787 8782 3553
f 8783 8784 1381
f 221 8783 222
f 8783 1381 222
f 3737 1381 8784
f 3737 8784 8787
f 221 222 8788
f 221 8788 8785
f 8788 222 1381
f 3737 8789 1381
f 8788 1381 8789
f 8786 8785 8790
f 8785 3738 8790
f 8785 8788 3738
f 3738 8788 8789
f 8786 8595 8597
f 8786 3739 8595
f 8786 8790 3739
f 8284 8787 3553
f 8791 8787 8284
f 8791 3737 8787
f 8791 8792 3737
f 3737 8792 8789
f 3738 8789 8793
f 8792 8793 8789
f 8794 8790 3738
f 8795 8790 8794
f 8795 3739 8790
f 8796 3738 8793
f 8794 3738 8796
f 8596 8595 3739
f 8596 3739 8795
f 3740 8795 8794
f 3740 8596 8795
f 194 8791 8284
f 8791 8797 8792
f 194 8797 8791
f 8797 3741 8792
f 8792 3741 8793
f 8798 8793 3741
f 8796 8793 8798
f 3742 8796 8798
f 3742 8794 8796
f 3740 8794 8799
f 3742 8799 8794
f 3740 8799 8800
f 3742 8800 8799
f 8797 8801 3741
f 194 8281 8797
f 8281 8801 8797
f 8802 3741 8801
f 8798 3741 8802
f 3742 8798 1382
f 3743 8798 8802
f 3743 1382 8798
f 1382 8803 3742
f 3742 8803 8800
f 3743 8802 8804
f 8802 8801 8804
f 8281 3551 8801
f 8804 8801 3551
f 1382 8805 8803
f 3743 8805 1382
f 3743 8804 8806
f 3743 8807 8805
f 8806 8807 3743
f 8803 8808 8800
f 8803 3744 8808
f 8805 3744 8803
f 8805 8809 3744
f 8807 8809 8805
f 3745 8806 8804
f 8804 3551 8278
f 3745 8804 8278
f 8808 3744 8810
f 8810 3744 8809
f 8806 8811 8807
f 8806 8812 8811
f 8806 3745 8812
f 8807 3746 8809
f 8811 3746 8807
f 8810 8809 8813
f 3746 8813 8809
f 8811 8814 3746
f 8812 8814 8811
f 3745 8278 8276
f 8812 3745 8815
f 3745 8276 8815
f 8812 8815 8816
f 3747 8812 8816
f 8812 3747 8814
f 3746 8814 8817
f 3747 8817 8814
f 3746 8818 8813
f 3746 8817 8818
f 3748 8810 8813
f 8818 8819 8813
f 3748 8813 8819
f 8818 3749 8819
f 8817 3749 8818
f 3549 8815 8276
f 8815 8820 8816
f 8815 3549 8820
f 3747 8816 8821
f 8820 8821 8816
f 8821 8822 3747
f 3747 8822 8817
f 8817 8823 3749
f 8822 8823 8817
f 3749 8824 8819
f 8751 6126 1379
f 6137 8749 1379
f 6126 6132 1379
f 6137 1379 6132
f 6120 3722 6115
f 3722 8825 6115
f 3722 8752 8825
f 7310 8825 8752
f 8752 8753 223
f 7310 8752 223
f 1377 7322 8753
f 7314 8753 7322
f 7314 223 8753
f 7310 223 7314
f 6111 8825 7310
f 6115 8825 6111
f 8749 6137 344
f 8749 344 1383
f 8749 1383 8742
f 8742 1383 8746
f 344 8746 1383
f 344 6144 8746
f 8826 930 5244
f 8826 5244 2369
f 3750 930 8826
f 2369 8827 8826
f 8827 3750 8826
f 3750 5254 930
f 2369 5754 8827
f 8827 8828 3750
f 5754 8829 8827
f 8829 8828 8827
f 3750 8828 8830
f 8831 5254 3750
f 3750 8830 8831
f 8831 5261 5254
f 3751 5261 8831
f 3751 8831 8830
f 5754 2365 8829
f 8829 224 8828
f 8828 8832 8830
f 8828 224 8832
f 8833 224 8829
f 2365 8833 8829
f 3751 8830 8834
f 8832 8834 8830
f 3751 5265 5261
f 3751 5274 5265
f 3751 8835 5274
f 8834 8835 3751
f 2365 5741 8833
f 8833 8836 224
f 224 8837 8832
f 224 8836 8837
f 8837 8838 8832
f 8832 8838 8834
f 8839 8836 8833
f 5741 8839 8833
f 8834 8840 8835
f 8838 8840 8834
f 5358 5274 8835
f 8841 5358 8835
f 8841 8835 8840
f 8838 3752 8840
f 8841 8840 3752
f 8837 8842 8838
f 8842 3752 8838
f 8843 8842 8837
f 8836 8843 8837
f 8839 1384 8836
f 8836 1384 8843
f 5741 2363 8839
f 1384 8839 8844
f 8839 5727 8844
f 8839 2363 5727
f 1384 8844 8845
f 8843 1384 8845
f 2226 5358 8841
f 2226 8841 5372
f 8841 3752 8846
f 8846 5372 8841
f 8847 8846 3752
f 8842 8847 3752
f 8843 8848 8842
f 8848 8847 8842
f 8848 8843 8849
f 8843 8845 8849
f 8845 8844 8850
f 8844 2361 8850
f 8844 5727 2361
f 8845 8850 3753
f 8849 8845 3753
f 3753 8850 5716
f 2361 5716 8850
f 8846 2231 5372
f 8847 8851 8846
f 8846 8852 2231
f 8846 8851 8852
f 8848 1385 8847
f 1385 8851 8847
f 1385 8848 8853
f 8848 8849 8853
f 8853 8849 8854
f 8849 3753 8854
f 3753 5716 8855
f 8854 3753 8855
f 1385 8856 8851
f 8852 8851 8856
f 8856 1385 8857
f 1385 8853 8857
f 8853 8854 8858
f 8857 8853 8858
f 8855 5716 56
f 27 2231 8852
f 8852 8856 434
f 690 8852 434
f 690 27 8852
f 434 8856 8859
f 8856 8857 8859
f 8859 8857 3754
f 8857 8858 3754
f 8854 8860 8858
f 8854 8861 8860
f 8854 8855 8861
f 8855 56 1386
f 8861 8855 1386
f 8858 8860 8862
f 8858 8862 3754
f 8862 8863 3754
f 8859 3754 8863
f 8864 8859 8863
f 434 8859 8864
f 8865 690 434
f 8865 434 8864
f 2235 690 8865
f 2235 27 690
f 8860 8861 8866
f 8861 1386 8866
f 8860 8866 8867
f 8862 8860 8867
f 8862 8868 8863
f 1387 8868 8862
f 8862 8867 1387
f 8863 8868 8869
f 8864 8863 3755
f 8863 8869 3755
f 5399 8865 8864
f 5399 8864 3755
f 5392 8865 5399
f 2235 8865 5392
f 1387 8870 8868
f 8869 8868 8870
f 3755 8869 5405
f 3755 5405 5399
f 8871 8867 8866
f 8872 8867 8871
f 8872 1387 8867
f 1387 8872 8873
f 1387 8873 8870
f 8869 8870 435
f 28 8869 435
f 28 5405 8869
f 8874 435 8870
f 8874 8870 8873
f 28 435 8874
f 8875 8874 8873
f 8872 8875 8873
f 8872 3756 8875
f 8876 8872 8871
f 8876 3756 8872
f 8875 3757 8874
f 28 8874 8877
f 3757 8877 8874
f 5410 28 8877
f 8878 5410 8877
f 3757 8878 8877
f 8879 3757 8875
f 8878 3757 8879
f 8880 8875 3756
f 8879 8875 8880
f 8880 3756 8881
f 8881 3756 8876
f 436 8879 8880
f 8878 8879 8882
f 8882 8879 436
f 436 8880 8883
f 8883 8880 8881
f 8878 3758 5410
f 8884 8878 8882
f 8884 3758 8878
f 5420 5410 3758
f 8885 5420 3758
f 8885 3758 8884
f 8882 436 691
f 691 436 5612
f 5612 436 8883
f 3759 8884 8882
f 3759 8882 691
f 437 8885 8884
f 437 8884 3759
f 8883 8881 972
f 5612 8883 5617
f 972 5617 8883
f 691 5612 40
f 3759 691 40
f 3759 40 8886
f 437 3759 8886
f 5429 5420 8885
f 1388 5429 8885
f 1388 8885 437
f 437 8886 8887
f 1388 437 8887
f 40 2318 8886
f 8886 2318 8888
f 8886 8888 8887
f 5438 5429 1388
f 1388 8887 8889
f 8890 1388 8889
f 8890 5438 1388
f 8887 8888 3760
f 8887 3760 8889
f 8889 3760 8891
f 8889 8891 8890
f 2318 5599 8888
f 8888 5599 8892
f 8888 8892 3760
f 8893 8891 3760
f 8893 3760 8892
f 2247 5438 8890
f 3761 2247 8890
f 3761 8890 8891
f 8894 3761 8891
f 8894 8891 8893
f 2314 8892 5599
f 8895 8893 8892
f 8895 8892 2314
f 3762 8894 8893
f 3762 8893 8895
f 8896 8894 3762
f 3761 8894 8896
f 3761 8896 8897
f 2247 3761 8897
f 2314 5591 8895
f 5591 3762 8895
f 5591 8898 3762
f 8896 3762 8899
f 8899 3762 8898
f 2247 8897 8900
f 2247 8900 5454
f 8901 8896 8899
f 8901 8902 8896
f 8902 8897 8896
f 8902 8903 8897
f 8903 8900 8897
f 2311 8898 5591
f 2311 3763 8898
f 8904 8819 8824
f 8904 3748 8819
f 3749 8823 8905
f 3749 8906 8824
f 3749 8905 8906
f 8822 3764 8823
f 3764 8905 8823
f 8821 8907 8822
f 8907 3764 8822
f 3765 8907 8821
f 8820 3765 8821
f 8820 3549 7383
f 3765 8820 7386
f 8820 7383 7386
f 3766 8904 8824
f 8906 1243 8824
f 3766 8824 1243
f 8906 8905 8908
f 3764 8909 8905
f 8909 8908 8905
f 8906 3203 1243
f 8906 8908 3203
f 8907 8910 3764
f 8910 8909 3764
f 3765 8911 8907
f 8911 8910 8907
f 7393 8911 3765
f 3765 7386 7393
f 7517 3766 1243
f 8909 3767 8908
f 8912 3767 8909
f 8910 8912 8909
f 8911 3768 8910
f 3768 8912 8910
f 7393 7398 8911
f 7398 3768 8911
f 3767 7508 8908
f 8908 7514 3203
f 8908 7508 7514
f 8912 8913 3767
f 3767 7503 7508
f 8913 7503 3767
f 8914 8913 8912
f 3768 8914 8912
f 7398 1389 3768
f 1389 8914 3768
f 3163 1389 7398
f 8915 1389 3163
f 1389 8915 8914
f 8915 3769 8914
f 8914 3769 8913
f 3769 7496 8913
f 8913 7496 7503
f 8915 3163 7403
f 8915 8916 3769
f 3770 8915 7403
f 3770 8916 8915
f 8916 7495 3769
f 3769 7495 7496
f 438 8916 3770
f 8916 438 7495
f 3166 3770 7403
f 8917 3770 3166
f 438 3770 8917
f 7488 438 8917
f 7495 438 7488
f 8917 3166 7409
f 8917 7409 3771
f 7488 8917 3772
f 8917 3771 3772
f 7488 3772 7482
f 3772 3771 3189
f 3772 3189 7482
f 7409 608 3771
f 3771 608 7419
f 3771 7419 3189
f 6030 72 8249
f 8918 8249 72
f 8256 8249 8918
f 8918 8322 8256
f 8918 72 8919
f 8919 72 511
f 3773 8918 8919
f 3773 8920 8918
f 8918 8920 8322
f 8920 8326 8322
f 8919 511 8921
f 1390 8919 8921
f 1390 3773 8919
f 8921 511 2490
f 3774 8920 3773
f 8922 3773 1390
f 8922 3774 3773
f 3774 8923 8920
f 8920 8923 8326
f 8922 1390 3775
f 3775 1390 8921
f 8921 2490 439
f 3775 8921 439
f 6017 3775 439
f 6017 439 2490
f 8922 3775 2494
f 6032 3774 8922
f 6032 8922 2494
f 6017 6023 3775
f 2494 3775 6023
f 8924 8923 3774
f 6032 225 3774
f 8924 3774 225
f 2502 225 6032
f 2502 8924 225
f 8925 8923 8924
f 8925 8326 8923
f 2502 8926 8924
f 8924 8927 8925
f 8924 8926 8927
f 3562 8326 8925
f 8927 3562 8925
f 2502 6044 8926
f 8926 6044 226
f 8926 226 8927
f 8927 1391 3562
f 226 1391 8927
f 3562 1391 8333
f 6044 6051 226
f 3776 226 6051
f 3776 3777 226
f 226 3777 1391
f 1391 3777 8928
f 1391 8928 8333
f 3777 3776 8929
f 3777 8929 8928
f 1042 3776 6051
f 8930 8929 3776
f 8930 3776 1042
f 8930 3778 8929
f 3778 8928 8929
f 3778 227 8928
f 227 8333 8928
f 227 296 8333
f 8333 296 3564
f 3564 296 8931
f 227 8931 296
f 227 8932 8931
f 3778 8932 227
f 8930 1042 2510
f 8930 3779 3778
f 8930 3780 3779
f 8930 8933 3780
f 8930 2510 8933
f 3778 8934 8932
f 8935 3778 3779
f 8935 8934 3778
f 8935 3779 3780
f 3564 8931 199
f 199 8931 1392
f 8931 3781 1392
f 8931 8932 3781
f 8932 8934 1393
f 8932 1393 3781
f 3782 1393 8934
f 3782 8934 8935
f 8935 3780 8936
f 3782 8935 8936
f 228 8936 3780
f 228 3780 8933
f 2510 6066 8933
f 228 8933 6179
f 6179 8933 6066
f 3781 8937 1392
f 3781 8938 8937
f 1393 8938 3781
f 1392 8937 8939
f 199 1392 3783
f 1392 8939 3783
f 8344 199 3783
f 1393 229 8938
f 8940 1393 3782
f 8940 229 1393
f 8940 3782 3784
f 3782 8936 3784
f 228 8941 8936
f 8941 3784 8936
f 8344 3783 8939
f 228 6179 2560
f 3785 8938 229
f 3785 229 8940
f 3716 8937 8938
f 3785 3716 8938
f 3716 230 8937
f 8937 3786 8939
f 8937 230 3786
f 8344 8939 8942
f 8939 8943 8942
f 8939 3786 8943
f 8344 8942 1216
f 8940 3784 8944
f 3787 8940 8944
f 3785 8940 3787
f 8945 8944 3784
f 8941 8946 3784
f 8945 3784 8946
f 1218 1216 8942
f 1218 8942 8943
f 1035 3716 3785
f 2468 3785 3787
f 2468 1035 3785
f 3716 1375 230
f 230 3788 3786
f 230 1375 3788
f 8947 8943 3786
f 8947 3786 3788
f 3071 1218 8943
f 3071 8943 8947
f 1375 8947 3788
f 231 8944 8945
f 231 3789 8944
f 3787 8944 3789
f 3790 2468 3787
f 3790 3787 3789
f 8945 8946 3791
f 231 8945 3792
f 8945 3791 3792
f 8941 3791 8946
f 278 3071 8947
f 1375 278 8947
f 8948 3790 3789
f 8948 3789 231
f 8948 231 8949
f 231 3792 8949
f 339 2468 3790
f 339 3790 8948
f 8950 3792 3791
f 8951 3792 8950
f 8951 8949 3792
f 8950 3791 1394
f 8941 8952 3791
f 1394 3791 8952
f 228 8952 8941
f 8949 8951 8953
f 8948 8949 3793
f 8949 8953 3793
f 339 8948 5978
f 8948 3794 5978
f 8948 3793 3794
f 3794 3793 8953
f 8950 1394 3795
f 8951 8950 3796
f 8950 3795 3796
f 8951 3797 8953
f 8951 8954 3797
f 8951 3796 8954
f 1394 8952 8955
f 1394 3798 3795
f 1394 8955 3798
f 228 3799 8952
f 8899 8898 8956
f 8956 8898 3763
f 8957 8901 8899
f 8957 8899 8956
f 8900 8958 5454
f 8900 8959 8958
f 8903 8959 8900
f 8902 8960 8903
f 8960 8959 8903
f 2290 5454 8958
f 3800 8902 8901
f 8961 8901 8957
f 8961 3800 8901
f 8902 8962 8960
f 3800 8962 8902
f 8957 8956 8963
f 8956 3763 8963
f 5586 3763 2311
f 8963 3763 5586
f 8957 8963 8964
f 8964 8961 8957
f 8965 3800 8961
f 8965 8962 3800
f 8958 8966 2290
f 8958 8967 8966
f 8959 8967 8958
f 8959 3801 8967
f 8960 3801 8959
f 8968 8965 8961
f 8964 8968 8961
f 8965 8969 8962
f 8969 8960 8962
f 8970 8964 8963
f 8963 5586 8970
f 8970 8971 8964
f 8971 8968 8964
f 8968 8972 8965
f 8972 8973 8965
f 8965 8973 8969
f 8974 8971 8970
f 5586 8974 8970
f 5586 5580 8974
f 8968 8975 8972
f 8968 3802 8975
f 8971 3802 8968
f 8971 692 3802
f 8974 692 8971
f 8972 8975 8976
f 8972 8977 8973
f 8972 8976 8977
f 8978 8976 8975
f 8978 8975 3802
f 8978 3802 8979
f 8979 3802 692
f 2304 692 8974
f 5573 8974 5580
f 5573 2304 8974
f 2304 3803 692
f 8979 692 3803
f 8977 8976 8980
f 8978 8980 8976
f 8981 8980 8978
f 8981 8978 8979
f 2304 5569 3803
f 8979 3803 5569
f 8981 8979 8982
f 8979 5569 8982
f 8982 8983 8981
f 8981 8983 8980
f 8977 8980 8984
f 8984 8980 8983
f 8984 8973 8977
f 8982 5571 8983
f 5569 5571 8982
f 8985 8983 5571
f 8984 8983 8985
f 8984 8986 8973
f 8987 8986 8984
f 8984 8985 8987
f 8985 5571 5566
f 5566 8987 8985
f 8987 8988 8986
f 5560 8988 8987
f 5566 5560 8987
f 8986 8988 8989
f 8990 8986 8989
f 8990 8973 8986
f 8988 5552 8989
f 8988 5561 5552
f 5560 5561 8988
f 8990 8989 8991
f 5552 8991 8989
f 8967 8990 8991
f 5552 8966 8991
f 8967 8991 8966
f 2290 8966 5552
f 8992 8990 8967
f 8990 8992 8973
f 8992 8967 3801
f 8993 8992 3801
f 8973 8992 8993
f 8973 8993 8969
f 8969 8993 8960
f 8993 3801 8960
f 5638 1386 56
f 8994 1386 5638
f 5633 8994 5638
f 8994 8866 1386
f 5633 8871 8994
f 8871 8866 8994
f 5633 8876 8871
f 5626 8876 5633
f 8881 8876 5626
f 972 8881 5626
f 7850 3351 8995
f 7850 8995 7834
f 3351 7831 8995
f 7823 8995 7831
f 7823 3346 8995
f 3346 7834 8995
f 682 8596 8996
f 3740 8996 8596
f 682 8996 8997
f 3740 8997 8996
f 682 8997 8998
f 682 8998 8586
f 8998 8999 8586
f 8998 3804 8999
f 8997 3804 8998
f 3740 9000 8997
f 9000 9001 8997
f 8997 9001 3804
f 9002 3804 9001
f 9002 8999 3804
f 3740 8800 9000
f 9000 3805 9001
f 8800 3805 9000
f 3658 8586 8999
f 9002 9003 8999
f 9004 8999 9003
f 9004 3658 8999
f 9005 9001 3805
f 9005 9006 9001
f 9002 9001 9006
f 3806 9003 9002
f 3806 9002 9006
f 9005 3805 8808
f 8800 8808 3805
f 8575 3658 9004
f 3807 9004 9003
f 3806 9007 9003
f 3807 9003 9007
f 9008 8575 9004
f 9008 9004 3807
f 9005 8808 9009
f 3808 9005 9009
f 3808 9006 9005
f 3806 9006 9010
f 3808 9010 9006
f 9011 3806 9010
f 9012 3806 9011
f 9012 9007 3806
f 9013 3807 9007
f 9013 9007 9012
f 9014 9008 3807
f 9014 3807 9013
f 8575 9008 3655
f 3655 9008 9014
f 8808 8810 9009
f 3808 9009 9015
f 8810 9015 9009
f 9016 9010 3808
f 9011 9010 9016
f 9017 3808 9015
f 9016 3808 9017
f 9018 9012 9011
f 9018 9013 9012
f 9018 9011 3809
f 3809 9011 9016
f 3810 9014 9013
f 9018 3810 9013
f 9019 9016 9017
f 3809 9016 9019
f 3810 9020 9014
f 3655 9014 232
f 232 9014 9020
f 3655 232 7649
f 8810 3748 9015
f 9015 3748 8904
f 9017 9015 233
f 9015 8904 233
f 9019 9017 3811
f 3811 9017 233
f 1395 9018 3809
f 9021 9018 1395
f 9021 3810 9018
f 9022 3809 9019
f 1395 3809 9022
f 9023 9020 3810
f 9023 3810 9021
f 9024 9019 3811
f 9022 9019 9024
f 232 9020 3812
f 9020 1396 3812
f 9020 9023 1396
f 232 3812 7643
f 232 7643 7649
f 9025 1395 9022
f 9021 1395 9025
f 3813 9022 9024
f 9025 9022 3813
f 233 8904 3766
f 3811 233 9026
f 233 3766 9026
f 234 3811 9026
f 9024 3811 234
f 3812 1396 7639
f 3812 7639 7643
f 3216 7639 1396
f 3216 1396 9023
f 9027 9023 9021
f 3216 9023 9027
f 9024 234 3814
f 3813 9024 9028
f 9024 3814 9028
f 7540 9025 3813
f 7536 3813 9028
f 7540 3813 7536
f 9026 3766 7517
f 9026 7517 9029
f 234 9026 9029
f 234 9029 9030
f 234 9030 3814
f 7536 9028 610
f 3814 610 9028
f 9030 7528 3814
f 3814 7528 610
f 3216 9027 7550
f 9029 7517 3202
f 9029 3202 9030
f 9030 7523 7528
f 3202 7523 9030
f 156 7550 9027
f 7540 156 3815
f 7540 3815 9025
f 156 9027 3815
f 9021 9025 3815
f 9027 9021 3815
f 8073 417 9031
f 647 9031 417
f 647 1397 9031
f 647 3816 1397
f 9031 1397 3817
f 3817 1397 3816
f 9032 8073 9031
f 9031 3817 9033
f 8955 8952 3799
f 228 2560 3799
f 3794 8953 9034
f 8953 3818 9034
f 8953 3797 3818
f 5978 3794 5982
f 5982 3794 9034
f 3797 8954 7213
f 7213 8954 3796
f 9035 3796 3795
f 7213 3796 9035
f 9035 3795 9036
f 9036 3795 3798
f 3797 7213 9037
f 3818 3797 9037
f 6178 3799 2560
f 8955 3799 6178
f 8955 6178 6180
f 8955 6180 3798
f 9036 3798 6186
f 6186 3798 6180
f 5982 9034 5986
f 9034 9038 5986
f 9034 3818 9038
f 3818 9037 9039
f 9038 3818 9039
f 9035 9036 1398
f 7213 9035 3089
f 9035 1398 3089
f 9036 6186 2565
f 9036 2565 1398
f 7213 3087 9037
f 9037 1399 9039
f 9037 3087 1399
f 5986 9038 2475
f 2475 9038 9040
f 9038 9039 9040
f 9039 1399 9041
f 9039 9041 9040
f 7212 3089 1398
f 6193 1398 2565
f 7212 1398 6193
f 2475 9040 9042
f 9040 3819 9042
f 9040 9041 3819
f 9043 9041 1399
f 3819 9041 9043
f 1399 3087 7206
f 9043 1399 235
f 1399 7206 235
f 7206 3085 235
f 3085 9043 235
f 7212 6193 2567
f 9042 3819 236
f 236 3819 9044
f 3819 9043 9044
f 5991 2475 9042
f 9042 236 9045
f 5991 9042 9045
f 3085 9046 9043
f 9043 3820 9044
f 9043 9046 3820
f 9045 236 3821
f 236 9044 1400
f 3821 236 1400
f 9044 3820 9047
f 9044 9047 1400
f 9046 9048 3820
f 9048 9047 3820
f 9046 7203 9048
f 3085 7203 9046
f 2476 5991 9045
f 9045 3821 9049
f 2476 9045 9049
f 3821 1400 440
f 1400 693 440
f 1400 9047 693
f 9049 3821 9050
f 9051 3821 440
f 9051 9050 3821
f 9051 440 693
f 9047 9052 693
f 9047 9053 9052
f 9048 9053 9047
f 1067 9053 9048
f 2594 9048 7203
f 1067 9048 2594
f 5992 2476 9049
f 9049 9050 9054
f 5992 9049 9054
f 2598 9052 9053
f 2598 9053 1067
f 693 9052 9055
f 9051 693 9056
f 693 9055 9056
f 9057 9050 9051
f 9057 9051 9056
f 9054 9050 3822
f 9057 3822 9050
f 89 9055 9052
f 89 9052 2598
f 2478 5992 9054
f 9054 3822 9058
f 2478 9054 9058
f 9056 9055 9059
f 2604 9055 89
f 2604 9059 9055
f 9056 9059 3823
f 9057 9056 3823
f 1401 3822 9057
f 9057 9060 1401
f 9057 3823 9060
f 9058 3822 9061
f 1401 9061 3822
f 6079 2478 9058
f 9058 9061 6079
f 3823 9059 9062
f 3823 9062 9060
f 6276 9062 9059
f 6276 9059 2604
f 6079 9061 3824
f 3824 9061 1401
f 3824 1401 9063
f 1401 3825 9063
f 1401 9060 3825
f 9060 9062 9064
f 9060 9064 3825
f 2610 9064 9062
f 2610 9062 6276
f 6079 3824 6080
f 9063 9065 3824
f 6080 3824 9065
f 9063 3825 9066
f 9063 9067 9065
f 9063 9066 9067
f 3825 9064 9068
f 3825 9068 9066
f 9069 9068 9064
f 9069 9064 2610
f 694 9065 9067
f 694 9067 9066
f 3826 9066 9068
f 694 9066 3826
f 6288 9069 2610
f 6288 237 9069
f 237 9068 9069
f 3826 9068 9070
f 237 9070 9068
f 694 238 9065
f 6085 9065 238
f 6080 9065 6085
f 3826 9070 9071
f 237 9071 9070
f 3826 9071 9072
f 694 3826 9072
f 694 9073 238
f 694 9074 9073
f 694 9072 9074
f 6288 1071 237
f 9075 237 1071
f 9075 9076 237
f 237 9076 9071
f 6085 238 6086
f 9077 238 9073
f 9077 6086 238
f 9078 9074 9072
f 9078 9073 9074
f 9078 9072 3827
f 3827 9072 9071
f 3827 9071 9079
f 9076 9079 9071
f 9075 2620 9076
f 9076 2620 9079
f 9080 9077 9073
f 9078 3828 9073
f 9080 9073 3828
f 3828 9078 1402
f 1402 9078 3827
f 1071 6297 9075
f 9075 6306 2620
f 6306 9075 6297
f 9081 3827 9079
f 1402 3827 9081
f 9081 9079 6317
f 2620 6317 9079
f 9077 2519 6086
f 9077 9082 2519
f 9080 9082 9077
f 9083 9080 3828
f 3829 9080 9083
f 9080 3829 9082
f 9083 3828 9084
f 3828 1402 9084
f 1402 3830 9084
f 1402 9085 3830
f 9085 1402 9081
f 9085 9081 3831
f 3831 9081 6317
f 9086 9083 9084
f 9086 9084 3830
f 3831 6317 6318
f 2519 9082 6091
f 239 9082 3829
f 239 6091 9082
f 3829 9083 9087
f 9083 3832 9087
f 9083 9086 3832
f 9088 239 3829
f 9088 3829 9087
f 6906 3831 6318
f 9085 3831 6906
f 3832 9086 9089
f 9089 9086 3830
f 9089 3830 9090
f 9085 9090 3830
f 9085 6907 9090
f 9085 6906 6907
f 9091 9088 9087
f 9091 9087 3832
f 3833 239 9088
f 239 6092 6091
f 239 3833 6092
f 3832 9092 9091
f 3832 9093 9092
f 3832 9089 9093
f 9093 9089 9094
f 9094 9089 9090
f 9094 9090 385
f 6907 385 9090
f 3833 9088 9095
f 9088 3834 9095
f 9088 9091 3834
f 9091 9092 9096
f 9091 9096 3834
f 3833 9095 1403
f 6092 3833 6096
f 3833 1403 6096
f 9095 3834 9097
f 9095 9097 1403
f 9097 3834 9096
f 3835 9096 9092
f 9098 9092 9093
f 3835 9092 9098
f 9098 9093 3836
f 9093 9094 3836
f 3836 9094 6908
f 6908 9094 385
f 9097 9096 9099
f 441 9096 3835
f 441 9099 9096
f 6096 1403 6100
f 1403 3837 6100
f 1403 9097 3837
f 9097 9099 9100
f 9097 9100 3837
f 441 9100 9099
f 9032 9031 9033
f 3838 9032 9033
f 8073 9032 695
f 3838 695 9032
f 3817 9101 9033
f 3838 9033 9101
f 8073 695 9102
f 8073 9102 8070
f 3817 3839 9101
f 3817 3816 9103
f 9103 3839 3817
f 9103 3816 3840
f 9104 3838 9101
f 3838 9105 695
f 9104 9105 3838
f 695 9105 9106
f 9102 695 9107
f 695 9106 9107
f 9104 9101 9108
f 696 9101 3839
f 696 9108 9101
f 8065 8070 9102
f 3841 9102 9107
f 3841 8065 9102
f 9103 3842 3839
f 3839 9109 696
f 3839 3842 9109
f 9103 3840 1404
f 9103 3843 3842
f 9103 1404 3843
f 9107 9106 9110
f 9107 9110 3841
f 3844 9106 9105
f 9110 9106 3844
f 9104 3845 9105
f 3844 9105 3845
f 3843 9109 3842
f 9111 9108 696
f 3846 696 9109
f 9111 696 3846
f 9112 3846 9109
f 3843 9112 9109
f 3847 3843 1404
f 3847 9112 3843
f 3841 9110 9113
f 3841 9114 8065
f 3841 9113 9114
f 3848 9111 3846
f 9112 3848 3846
f 9115 9113 9110
f 9110 3844 3849
f 9115 9110 3849
f 9116 3848 9112
f 3847 9116 9112
f 3844 910 3849
f 3844 697 910
f 3845 697 3844
f 910 9115 3849
f 9117 9113 9115
f 646 9113 9117
f 646 9114 9113
f 646 8065 9114
f 910 458 9115
f 3850 9115 458
f 9117 9115 3850
f 646 9117 8071
f 8071 9117 3850
f 910 697 2126
f 3850 458 5129
f 8071 3850 9118
f 1405 3850 5129
f 1405 9118 3850
f 8071 9118 5137
f 5129 5125 1405
f 9119 9118 1405
f 2121 1405 5125
f 2121 9119 1405
f 9118 9120 5137
f 9118 9121 9120
f 9119 9121 9118
f 9120 9121 9119
f 456 9119 2121
f 9120 9119 456
f 5137 9120 5130
f 5130 9120 456
f 697 3851 2126
f 3851 5132 2126
f 697 1406 3851
f 3845 1406 697
f 9104 1406 3845
f 3852 3851 1406
f 9104 698 1406
f 3852 1406 698
f 3851 3852 3853
f 3851 9122 5132
f 3851 3853 9122
f 9108 698 9104
f 3852 3854 3853
f 3852 3855 3854
f 698 3855 3852
f 698 9111 3855
f 9108 9111 698
f 9122 3853 3856
f 3854 3856 3853
f 9122 3856 1407
f 1407 5132 9122
f 699 3854 3855
f 699 3857 3854
f 3854 3857 3856
f 3848 3855 9111
f 699 3855 3848
f 3856 9123 1407
f 3856 9124 9123
f 3857 9124 3856
f 3857 9125 9124
f 9125 3857 3858
f 699 3858 3857
f 9116 699 3848
f 699 9126 3858
f 699 9116 9126
f 9125 3858 240
f 240 3858 9126
f 9124 3859 9123
f 9124 297 3859
f 9125 297 9124
f 9125 240 3860
f 9125 9127 297
f 9125 3860 9127
f 240 9126 9128
f 240 9128 3860
f 3861 297 9127
f 3861 3859 297
f 3847 9126 9116
f 9129 9128 9126
f 3847 3862 9126
f 9129 9126 3862
f 9130 9127 3860
f 3861 9127 9130
f 9130 3860 3863
f 9128 3863 3860
f 9128 9131 3863
f 9128 9132 9131
f 9128 9129 9132
f 3861 9130 9133
f 3863 9133 9130
f 9134 3863 9131
f 3863 9134 9133
f 9132 9135 9131
f 9134 9131 9135
f 3864 3862 3847
f 3864 3865 3862
f 3865 9129 3862
f 3847 1404 3864
f 9129 3866 9132
f 9129 9136 3866
f 3865 9136 9129
f 9132 9137 9135
f 3866 9137 9132
f 1408 9134 9135
f 9137 1408 9135
f 9134 444 9133
f 9134 9138 444
f 1408 9138 9134
f 9139 3866 9136
f 3865 9139 9136
f 3864 9140 3865
f 3865 9140 9139
f 9141 9137 3866
f 9139 9141 3866
f 3864 1404 3867
f 3864 9142 9140
f 3864 3867 9142
f 9141 9143 9137
f 9137 9143 1408
f 444 9138 4962
f 1408 4962 9138
f 1408 2057 4962
f 9143 2057 1408
f 9141 9139 3868
f 9139 9144 3868
f 9139 9140 9144
f 9140 9142 3869
f 9140 3869 9144
f 9142 3867 9145
f 9142 9145 3869
f 9143 2054 2057
f 9141 2054 9143
f 9141 4946 2054
f 4946 9141 9146
f 9141 3868 9146
f 9146 3868 3870
f 9144 3870 3868
f 1409 9144 3869
f 1409 9147 9144
f 9144 9147 3870
f 3871 1409 3869
f 3871 3869 9145
f 9148 3870 9147
f 1409 9148 9147
f 4946 9146 2052
f 2052 9146 9149
f 9146 3870 9149
f 2039 9149 3870
f 9148 2039 3870
f 9150 3871 9145
f 3867 9150 9145
f 2052 9149 4936
f 9149 2043 4936
f 9149 4909 2043
f 2039 4909 9149
f 3867 9151 9150
f 1404 9151 3867
f 1404 3840 9151
f 9133 444 4967
f 9133 4967 241
f 3861 9133 241
f 3861 241 9152
f 241 3872 9152
f 241 4967 3872
f 3872 4967 4961
f 3861 9152 3873
f 3861 3873 3859
f 9153 3873 9152
f 1410 9152 3872
f 1410 9153 9152
f 3859 3873 9154
f 9153 9154 3873
f 4976 9154 9153
f 1410 4976 9153
f 3872 4959 1410
f 3872 3874 4959
f 3872 4961 3874
f 4966 1410 4959
f 1410 4966 4976
f 4952 3874 4961
f 4952 4959 3874
f 3859 9154 3875
f 3875 9154 2061
f 4976 2061 9154
f 9123 3859 3875
f 3875 2061 9155
f 9123 3875 9156
f 9155 9156 3875
f 9155 2061 4975
f 9155 4975 9157
f 9158 9155 9157
f 9155 9158 9156
f 9123 9156 700
f 4 9156 9158
f 4 700 9156
f 4 9158 5120
f 9158 9157 5120
f 4975 2064 9157
f 2064 5120 9157
f 9123 700 1407
f 1407 700 5132
f 9159 3835 9098
f 1411 3835 9159
f 1411 441 3835
f 9159 9098 9160
f 9160 9098 3836
f 9160 3836 6910
f 3836 6908 6910
f 441 3876 9100
f 3876 441 1411
f 9100 2525 3837
f 6100 3837 2525
f 9100 9161 2525
f 3877 9100 3876
f 3877 9161 9100
f 3878 9159 9160
f 9162 9159 3878
f 9162 1411 9159
f 3876 1411 9163
f 9163 1411 9162
f 3878 9160 6911
f 6911 9160 6910
f 9164 3877 3876
f 9164 3876 9163
f 9161 81 2525
f 9161 9165 81
f 3877 9165 9161
f 3877 9166 9165
f 9164 9166 3877
f 9167 9162 3878
f 298 9162 9167
f 9163 9162 298
f 3879 9164 9163
f 3879 9163 298
f 9164 9168 9166
f 3879 9168 9164
f 9167 3878 9169
f 3878 6912 9169
f 3878 6911 6912
f 9166 6112 9165
f 6112 81 9165
f 9166 2530 6112
f 9170 9166 9168
f 9170 2530 9166
f 9171 9167 9169
f 9172 9167 9171
f 298 9167 9172
f 9173 3879 298
f 9173 298 9172
f 3879 9174 9168
f 9173 9174 3879
f 3880 9170 9168
f 3880 9168 9174
f 9171 9169 3881
f 9169 6770 3881
f 9169 6912 6770
f 442 9173 9172
f 9172 9171 442
f 442 9171 6759
f 6759 9171 3881
f 2530 9170 6122
f 9170 6127 6122
f 9170 3880 6127
f 9175 3880 9174
f 6127 3880 9175
f 9175 9174 9176
f 9173 9176 9174
f 442 3882 9173
f 3882 9176 9173
f 6759 3881 3883
f 3881 6764 3883
f 3881 6770 6764
f 442 2845 3882
f 442 2848 2845
f 442 6759 2848
f 9175 9176 9177
f 3882 9177 9176
f 3884 9177 3882
f 3884 3882 2845
f 6760 3883 6764
f 6759 3883 6760
f 9175 9177 242
f 6127 9175 6134
f 6134 9175 242
f 9177 3884 3885
f 9177 3885 242
f 9178 242 3885
f 6134 242 9178
f 1412 3885 3884
f 9179 3884 2845
f 1412 3884 9179
f 1412 9180 3885
f 9178 3885 9180
f 1050 9178 9180
f 6134 9178 1050
f 1412 9181 9180
f 1413 9181 1412
f 1412 3886 1413
f 1412 9179 3886
f 8155 9180 9181
f 8155 3887 9180
f 1050 9180 3887
f 8155 9181 8154
f 1413 8154 9181
f 3888 8154 1413
f 3886 3888 1413
f 9179 3889 3886
f 3886 299 3888
f 3889 299 3886
f 9179 1414 3889
f 9179 2845 1414
f 3887 516 1050
f 3887 6143 516
f 8155 6143 3887
f 1414 3890 3889
f 3889 1415 299
f 3890 1415 3889
f 1414 2842 3890
f 2845 2842 1414
f 299 3891 3888
f 299 9182 3891
f 1415 9182 299
f 3888 8153 8154
f 3888 243 8153
f 3888 3891 243
f 3890 244 1415
f 1415 3892 9182
f 244 3892 1415
f 3890 9183 244
f 3890 6744 9183
f 2842 6744 3890
f 244 3893 3892
f 9183 3893 244
f 9182 3892 3893
f 3891 9182 9184
f 9182 3893 9184
f 3891 9184 1416
f 243 3891 1416
f 243 1416 9185
f 8153 243 1316
f 1316 243 9185
f 9186 9184 3893
f 9183 9186 3893
f 9186 9187 9184
f 1416 9184 9187
f 1416 9187 1417
f 9185 1416 1417
f 2791 9183 6744
f 2791 1418 9183
f 1418 9186 9183
f 9188 9187 9186
f 9188 1417 9187
f 9188 9186 3894
f 1418 3894 9186
f 9188 3894 245
f 245 3894 1418
f 245 1418 6653
f 6653 1418 2791
f 1316 9185 1307
f 1307 9185 1419
f 1419 9185 246
f 9185 1417 246
f 9188 1420 1417
f 701 1417 1420
f 701 246 1417
f 9188 245 9189
f 9188 1421 1420
f 9188 9189 1421
f 701 3895 246
f 1419 246 3895
f 1307 1419 8079
f 8079 1419 3895
f 2785 245 6653
f 245 9190 9189
f 245 2785 9190
f 9189 9190 9191
f 9189 9191 1421
f 1420 1421 9192
f 701 1420 9193
f 1420 9192 9193
f 1421 9191 9194
f 1421 9194 9192
f 701 3896 3895
f 8079 3895 3455
f 3896 3455 3895
f 9193 9192 443
f 9194 443 9192
f 9191 9190 9195
f 116 9190 2785
f 116 9195 9190
f 9191 9195 1422
f 9194 9191 1422
f 9194 1422 247
f 9194 9196 443
f 9196 9194 247
f 9195 3897 1422
f 3897 247 1422
f 9195 115 3897
f 116 115 9195
f 9193 443 9150
f 701 9193 9150
f 3896 647 3455
f 647 3896 3816
f 3816 3896 701
f 443 9196 702
f 9150 443 3871
f 443 702 3871
f 3897 9197 247
f 9196 247 9198
f 9197 9198 247
f 702 9196 9199
f 9196 3898 9199
f 9196 9198 3898
f 115 923 3897
f 5178 3897 923
f 5178 9197 3897
f 701 9150 9151
f 3840 701 9151
f 3816 701 3840
f 9197 5181 9198
f 5178 5181 9197
f 5181 9200 9198
f 9200 3898 9198
f 702 1409 3871
f 702 9201 1409
f 9201 702 9199
f 9201 9199 3899
f 9199 9202 3899
f 9199 3898 9202
f 3900 9202 3898
f 3900 3898 9200
f 248 9201 3899
f 248 3899 9202
f 248 9148 9201
f 1409 9201 9148
f 5181 9203 9200
f 9204 9200 9203
f 9204 3900 9200
f 5181 2036 9203
f 2036 9204 9203
f 9205 9202 3900
f 9205 9206 9202
f 248 9202 9206
f 9207 9205 3900
f 9207 3900 9204
f 2036 2037 9204
f 9207 9204 2037
f 4908 248 9206
f 2039 248 4908
f 2039 9148 248
f 2038 9206 9205
f 4908 9206 2038
f 2041 9205 9207
f 2038 9205 2041
f 9207 2037 4906
f 4906 4911 9207
f 2041 9207 4911
f 4 5132 700
f 9208 9209 9210
f 9209 9211 9210
f 9208 9210 9212
f 9213 9209 9208
f 9214 9208 9212
f 9215 9208 9214
f 9215 9213 9208
f 9213 9216 9209
f 9209 9217 9211
f 9216 9217 9209
f 9217 9218 9211
f 9214 9212 9219
f 9220 9216 9213
f 9221 9213 9215
f 9221 9220 9213
f 9222 9215 9214
f 9223 9214 9219
f 9222 9214 9223
f 9224 9221 9215
f 9224 9215 9222
f 9220 9225 9216
f 9216 9226 9217
f 9225 9226 9216
f 9226 9227 9217
f 9217 9227 9218
f 9227 9228 9218
f 9223 9219 9229
f 9230 9225 9220
f 9231 9220 9221
f 9231 9230 9220
f 9232 9231 9221
f 9232 9221 9224
f 9233 9224 9222
f 9234 9222 9223
f 9233 9222 9234
f 9234 9223 9235
f 9235 9223 9229
f 9236 9232 9224
f 9236 9224 9233
f 9230 9237 9225
f 9225 9238 9226
f 9237 9238 9225
f 9238 9239 9226
f 9226 9239 9227
f 9239 9240 9227
f 9227 9240 9228
f 9240 9241 9228
f 9235 9229 9242
f 9243 9232 9236
f 9243 9244 9232
f 9244 9231 9232
f 9245 9236 9233
f 9246 9233 9234
f 9245 9233 9246
f 9246 9234 9247
f 9247 9234 9235
f 9247 9235 9248
f 9248 9235 9242
f 9249 9243 9236
f 9249 9236 9245
f 9237 9250 9238
f 9238 9251 9239
f 9250 9251 9238
f 9251 9252 9239
f 9239 9252 9240
f 9252 9253 9240
f 9240 9253 9241
f 9253 9254 9241
f 9248 9242 9255
f 9256 9249 9245
f 9257 9245 9246
f 9256 9245 9257
f 9257 9246 9258
f 9258 9246 9247
f 9258 9247 9259
f 9259 9247 9248
f 9259 9248 9260
f 9260 9248 9255
f 9250 9261 9251
f 9251 9262 9252
f 9261 9262 9251
f 9262 9263 9252
f 9252 9263 9253
f 9263 9264 9253
f 9253 9264 9254
f 9264 9265 9254
f 9260 9255 9266
f 9267 9256 9257
f 9268 9257 9258
f 9267 9257 9268
f 9268 9258 9269
f 9269 9258 9259
f 9269 9259 9270
f 9270 9259 9260
f 9270 9260 9271
f 9271 9260 9266
f 9261 9272 9262
f 9262 9273 9263
f 9272 9273 9262
f 9273 9274 9263
f 9263 9274 9264
f 9274 9275 9264
f 9264 9275 9265
f 9275 9276 9265
f 9271 9266 9277
f 9278 9267 9268
f 9279 9268 9269
f 9278 9268 9279
f 9279 9269 9280
f 9280 9269 9270
f 9280 9270 9281
f 9281 9270 9271
f 9281 9271 9282
f 9282 9271 9277
f 9272 9283 9273
f 9273 9284 9274
f 9283 9284 9273
f 9284 9285 9274
f 9274 9285 9275
f 9285 9286 9275
f 9275 9286 9276
f 9286 9287 9276
f 9282 9277 9288
f 9289 9278 9279
f 9290 9279 9280
f 9289 9279 9290
f 9290 9280 9291
f 9291 9280 9281
f 9291 9281 9292
f 9292 9281 9282
f 9292 9282 9293
f 9293 9282 9288
f 9283 9294 9284
f 9284 9295 9285
f 9294 9295 9284
f 9295 9296 9285
f 9285 9296 9286
f 9296 9297 9286
f 9286 9297 9287
f 9297 9298 9287
f 9293 9288 9299
f 9300 9289 9290
f 9301 9290 9291
f 9300 9290 9301
f 9301 9291 9302
f 9302 9291 9292
f 9302 9292 9303
f 9303 9292 9293
f 9303 9293 9304
f 9304 9293 9299
f 9294 9305 9295
f 9295 9306 9296
f 9305 9306 9295
f 9306 9307 9296
f 9296 9307 9297
f 9307 9308 9297
f 9297 9308 9298
f 9309 9303 9304
f 9309 9304 9308
f 9304 9299 9310
f 9308 9304 9310
f 9308 9310 9298
f 9307 9309 9308
f 9306 9311 9307
f 9311 9309 9307
f 9312 9302 9303
f 9312 9303 9309
f 9313 9301 9302
f 9313 9302 9312
f 9314 9300 9301
f 9314 9301 9313
f 9311 9312 9309
f 9305 9315 9306
f 9315 9311 9306
f 9315 9316 9311
f 9316 9312 9311
f 9316 9313 9312
f 9317 9314 9313
f 9317 9313 9316
f 9318 9317 9316
f 9318 9316 9315
f 9319 9317 9318
f 9319 9320 9317
f 9320 9314 9317
f 9321 9319 9318
f 9322 9318 9315
f 9321 9318 9322
f 9322 9315 9305
f 9323 9319 9321
f 9323 9324 9319
f 9324 9320 9319
f 9320 9325 9314
f 9325 9300 9314
f 9324 9326 9320
f 9326 9325 9320
f 9327 9323 9321
f 9328 9321 9322
f 9327 9321 9328
f 9328 9322 9329
f 9329 9322 9305
f 9329 9305 9294
f 9330 9323 9327
f 9330 9331 9323
f 9331 9324 9323
f 9331 9332 9324
f 9332 9326 9324
f 9326 9333 9325
f 9325 9334 9300
f 9333 9334 9325
f 9332 9335 9326
f 9335 9333 9326
f 9334 9289 9300
f 9336 9330 9327
f 9337 9327 9328
f 9336 9327 9337
f 9337 9328 9338
f 9338 9328 9329
f 9338 9329 9339
f 9339 9329 9294
f 9339 9294 9283
f 9340 9330 9336
f 9340 9341 9330
f 9341 9331 9330
f 9341 9342 9331
f 9342 9332 9331
f 9342 9343 9332
f 9343 9335 9332
f 9333 9344 9334
f 9334 9345 9289
f 9344 9345 9334
f 9343 9342 9341
f 9345 9278 9289
f 9346 9340 9336
f 9347 9336 9337
f 9346 9336 9347
f 9347 9337 9348
f 9348 9337 9338
f 9348 9338 9349
f 9349 9338 9339
f 9349 9339 9350
f 9350 9339 9283
f 9350 9283 9272
f 9343 9341 9351
f 9352 9341 9340
f 9352 9351 9341
f 9344 9353 9345
f 9345 9354 9278
f 9353 9354 9345
f 9354 9267 9278
f 9355 9346 9347
f 9356 9347 9348
f 9355 9347 9356
f 9356 9348 9357
f 9357 9348 9349
f 9357 9349 9358
f 9358 9349 9350
f 9359 703 9360
f 9359 9360 3901
f 703 9361 3902
f 703 3902 9360
f 704 9362 9363
f 9362 9364 9365
f 9363 9362 9365
f 9365 9364 9366
f 9364 9367 9366
f 9368 9369 9370
f 9370 9371 9361
f 9370 9369 9371
f 9361 9371 9372
f 9361 9372 3902
f 9373 3901 9374
f 3903 9373 9375
f 9373 9374 9375
f 3901 9360 9376
f 3901 9376 9374
f 9360 3902 1423
f 9360 1423 9376
f 3902 9372 9377
f 3902 9377 1423
f 9363 9365 9378
f 9365 9366 9379
f 9378 9365 9379
f 9369 9380 9371
f 9371 1424 9372
f 9371 9380 1424
f 9372 1424 9381
f 9372 9381 9377
f 9375 9374 3904
f 9374 9382 3904
f 9374 9376 9382
f 9376 1423 705
f 9376 705 9382
f 1423 9377 9383
f 1423 9383 705
f 9377 9381 3905
f 9377 3905 9383
f 9383 9382 705
f 1424 9384 9381
f 1424 9385 9384
f 9380 9385 1424
f 9381 9384 9386
f 9381 9386 3905
f 9383 9387 9382
f 3905 9387 9383
f 9382 9387 9388
f 9382 9388 3904
f 3905 1425 9387
f 9386 1425 3905
f 9387 1425 3906
f 9387 3906 9388
f 9389 9388 3906
f 3904 9388 9389
f 9385 9390 9384
f 9384 706 9386
f 9384 9390 706
f 9386 9391 1425
f 1426 9386 706
f 1426 9391 9386
f 9390 1426 706
f 1425 9391 9392
f 1425 9392 3906
f 9392 9393 3906
f 9389 3906 9393
f 3907 9392 9391
f 3907 9391 1426
f 9394 3907 1426
f 9390 9394 1426
f 9392 9395 9393
f 9396 9392 3907
f 9396 9395 9392
f 3908 9389 9393
f 9395 3908 9393
f 9394 9397 3907
f 9397 9396 3907
f 3909 9394 9390
f 9385 3909 9390
f 9398 9397 9394
f 3909 9398 9394
f 9395 9399 3908
f 3910 9395 9396
f 3910 9399 9395
f 9397 9400 9396
f 9400 3910 9396
f 3911 9400 9397
f 9398 3911 9397
f 9401 3909 9385
f 9401 1427 3909
f 1427 9398 3909
f 1427 9402 9398
f 9402 3911 9398
f 9380 9401 9385
f 9403 3908 9399
f 1428 9399 3910
f 1428 9403 9399
f 9400 9404 3910
f 9404 1428 3910
f 9405 9404 9400
f 3911 9405 9400
f 9402 9406 3911
f 9406 9405 3911
f 9407 9401 9380
f 9407 9408 9401
f 9408 1427 9401
f 9408 9409 1427
f 9409 9402 1427
f 9409 707 9402
f 707 9406 9402
f 9369 9407 9380
f 9405 3912 9404
f 3912 9410 9404
f 9404 9410 1428
f 9406 9411 9405
f 9411 3912 9405
f 707 9412 9406
f 9412 9411 9406
f 9413 9407 9369
f 9413 9414 9407
f 9414 9408 9407
f 9414 9415 9408
f 9415 9409 9408
f 9415 9416 9409
f 9416 707 9409
f 9416 9417 707
f 9417 9412 707
f 9368 9413 9369
f 3912 9418 9410
f 9419 9418 3912
f 9411 9419 3912
f 9412 9420 9411
f 9420 9419 9411
f 9417 9421 9412
f 9421 9420 9412
f 708 9413 9368
f 708 709 9413
f 709 9414 9413
f 709 3913 9414
f 3913 9415 9414
f 3913 710 9415
f 710 9416 9415
f 710 711 9416
f 711 9417 9416
f 711 9422 9417
f 9422 9421 9417
f 9423 708 9368
f 9420 9424 9419
f 9419 9425 9418
f 9424 9425 9419
f 9421 9426 9420
f 9426 9424 9420
f 9422 9427 9421
f 9427 9426 9421
f 9428 708 9423
f 9428 1429 708
f 1429 709 708
f 1429 1430 709
f 1430 3913 709
f 1430 1431 3913
f 1431 710 3913
f 1431 1432 710
f 1432 711 710
f 1432 1433 711
f 1433 9422 711
f 1433 9429 9422
f 9429 9427 9422
f 1434 9428 9423
f 9426 9430 9424
f 9424 712 9425
f 9430 712 9424
f 9427 9431 9426
f 9431 9430 9426
f 9429 1435 9427
f 1435 9431 9427
f 9432 9428 1434
f 9432 9433 9428
f 9433 1429 9428
f 9433 9434 1429
f 9434 1430 1429
f 9434 9435 1430
f 9435 1431 1430
f 9435 9436 1431
f 9436 1432 1431
f 9436 9437 1432
f 9437 1433 1432
f 9437 9438 1433
f 9438 9429 1433
f 9438 9439 9429
f 9439 1435 9429
f 9440 9432 1434
f 1435 9441 9431
f 9431 9442 9430
f 9441 9442 9431
f 9439 9443 1435
f 9443 9441 1435
f 3914 9432 9440
f 3914 9444 9432
f 9444 9433 9432
f 9444 3915 9433
f 3915 9434 9433
f 3915 3916 9434
f 3916 9435 9434
f 3916 9445 9435
f 9445 9436 9435
f 9445 3917 9436
f 3917 9437 9436
f 3917 9446 9437
f 9446 9438 9437
f 9446 3918 9438
f 3918 9439 9438
f 3918 3919 9439
f 3919 9443 9439
f 9443 9447 9441
f 9441 1436 9442
f 9447 1436 9441
f 3919 9448 9443
f 9448 9447 9443
f 9448 3920 9447
f 9447 9449 1436
f 3920 9449 9447
f 3920 9450 9449
f 9450 9451 9449
f 9449 9452 1436
f 9449 9451 9452
f 9450 3921 9451
f 3921 9453 9451
f 9451 1437 9452
f 9451 9453 1437
f 1436 9452 9454
f 1436 9454 9442
f 9452 1437 704
f 9452 704 9454
f 9442 9454 9455
f 9454 9363 9455
f 9454 704 9363
f 9442 9455 9430
f 9430 9455 712
f 9455 9378 712
f 9455 9363 9378
f 712 9378 1438
f 712 1438 9425
f 9378 9379 1438
f 9425 1438 3922
f 1438 9456 3922
f 1438 9379 9456
f 9425 3922 9418
f 3922 9456 9457
f 9418 3922 9458
f 3922 9457 9458
f 9456 9459 9457
f 9456 1439 9459
f 9379 1439 9456
f 9379 9366 1439
f 9418 9458 9410
f 9358 9350 9460
f 9460 9350 9272
f 9460 9272 9261
f 9353 9461 9354
f 9354 9462 9267
f 9461 9462 9354
f 9462 9256 9267
f 9463 9355 9356
f 9464 9356 9357
f 9463 9356 9464
f 9464 9357 9465
f 9465 9357 9358
f 9465 9358 9466
f 9466 9358 9460
f 9466 9460 9467
f 9467 9460 9261
f 9467 9261 9250
f 9461 9468 9462
f 9462 9469 9256
f 9468 9469 9462
f 9469 9249 9256
f 9470 9463 9464
f 9471 9464 9465
f 9470 9464 9471
f 9471 9465 9472
f 9472 9465 9466
f 9472 9466 9473
f 9473 9466 9467
f 9473 9467 9474
f 9474 9467 9250
f 9474 9250 9237
f 9468 9475 9469
f 9469 9476 9249
f 9475 9476 9469
f 9476 9243 9249
f 9477 9470 9471
f 9478 9471 9472
f 9477 9471 9478
f 9478 9472 9479
f 9479 9472 9473
f 9479 9473 9480
f 9480 9473 9474
f 9480 9474 9481
f 9481 9474 9237
f 9481 9237 9230
f 9475 9482 9476
f 9476 9483 9243
f 9482 9483 9476
f 9483 9244 9243
f 9484 9477 9478
f 9485 9478 9479
f 9484 9478 9485
f 9485 9479 9486
f 9486 9479 9480
f 9486 9480 9487
f 9487 9480 9481
f 9487 9481 9488
f 9488 9481 9230
f 9488 9230 9231
f 9244 9488 9231
f 9483 9489 9244
f 9489 9488 9244
f 9489 9487 9488
f 9490 9486 9487
f 9490 9487 9489
f 9482 9491 9483
f 9491 9489 9483
f 9491 9490 9489
f 9492 9485 9486
f 9492 9486 9490
f 9493 9484 9485
f 9493 9485 9492
f 9494 9492 9490
f 9494 9490 9491
f 9495 9493 9492
f 9495 9492 9494
f 9493 9496 9484
f 9493 9497 9496
f 9495 9497 9493
f 9498 9495 9494
f 9495 9498 9497
f 9498 9494 9499
f 9499 9494 9491
f 9499 9491 9482
f 9500 9496 9497
f 9501 9497 9498
f 9500 9497 9501
f 9502 9498 9499
f 9501 9498 9502
f 9502 9499 9503
f 9503 9499 9482
f 9503 9482 9475
f 9504 9500 9501
f 9505 9501 9502
f 9504 9501 9505
f 9506 9502 9503
f 9505 9502 9506
f 9506 9503 9507
f 9507 9503 9475
f 9508 9506 9507
f 9508 9505 9506
f 9507 9475 9468
f 9508 9507 9509
f 9509 9507 9468
f 9510 9500 9504
f 9511 9504 9505
f 9511 9510 9504
f 9511 9505 9512
f 9508 9512 9505
f 9513 9508 9509
f 9508 9514 9512
f 9508 9513 9514
f 9515 9511 9512
f 9515 9512 9514
f 9511 9352 9510
f 9515 9352 9511
f 9509 9468 9461
f 9513 9509 9516
f 9516 9509 9461
f 9517 9513 9516
f 9517 9514 9513
f 9518 9515 9514
f 9517 9518 9514
f 9518 9517 9519
f 9517 9516 9519
f 9519 9516 9353
f 9516 9461 9353
f 9518 9520 9515
f 9515 9520 9343
f 9515 9351 9352
f 9515 9343 9351
f 9520 9518 9521
f 9518 9519 9521
f 9521 9519 9344
f 9519 9353 9344
f 9343 9520 9335
f 9520 9521 9335
f 9335 9521 9333
f 9521 9344 9333
f 9510 9352 9340
f 9510 9340 9346
f 9355 9510 9346
f 9355 9522 9510
f 9510 9522 9500
f 9522 9496 9500
f 9522 9523 9496
f 9355 9523 9522
f 9355 9463 9523
f 9484 9496 9523
f 9484 9523 9477
f 9523 9470 9477
f 9523 9463 9470
f 9524 3923 9525
f 9524 9525 9526
f 3924 9524 9526
f 3923 9527 9525
f 3923 3925 9527
f 9526 9525 1440
f 9525 9528 1440
f 9525 9527 9528
f 3924 9526 9529
f 9529 9526 1441
f 9526 1440 1441
f 9530 3924 9529
f 3925 9531 9527
f 9527 1442 9528
f 9527 9531 1442
f 3925 9532 9531
f 1441 1440 713
f 1440 9533 713
f 1440 9528 9533
f 9528 1442 9534
f 9528 9534 9533
f 9530 9529 9535
f 9529 1441 1443
f 9535 9529 1443
f 1441 713 714
f 1443 1441 714
f 3926 9530 9535
f 9532 9440 9531
f 9531 9536 1442
f 9531 9440 9536
f 1442 9536 9537
f 1442 9537 9534
f 9532 3914 9440
f 714 713 9538
f 713 9539 9538
f 713 9533 9539
f 9533 9534 9540
f 9533 9540 9539
f 9534 9537 9541
f 9534 9541 9540
f 3926 9535 9453
f 9535 1443 1444
f 9453 9535 1444
f 1444 1443 3927
f 1443 714 3927
f 714 9538 9542
f 3927 714 9542
f 3921 3926 9453
f 9440 1434 9536
f 9536 9543 9537
f 9536 1434 9543
f 9537 9543 9544
f 9537 9544 9541
f 9542 9538 9545
f 9538 3928 9545
f 9538 9539 3928
f 9539 9540 9546
f 9539 9546 3928
f 9540 9541 9547
f 9540 9547 9546
f 9541 9544 9548
f 9541 9548 9547
f 9453 1444 1437
f 1444 3927 715
f 1437 1444 715
f 715 3927 9549
f 3927 9542 9549
f 9542 9545 9550
f 9549 9542 9550
f 1434 9423 9543
f 9543 9551 9544
f 9543 9423 9551
f 9544 9551 3929
f 9544 3929 9548
f 9550 9545 9552
f 9545 716 9552
f 9545 3928 716
f 3928 9546 9553
f 3928 9553 716
f 9546 9547 9554
f 9546 9554 9553
f 9547 9548 9359
f 9547 9359 9554
f 9548 3929 703
f 9548 703 9359
f 1437 715 704
f 715 9549 9362
f 704 715 9362
f 9362 9549 9364
f 9549 9550 9364
f 9550 9552 9367
f 9364 9550 9367
f 9423 9368 9551
f 9551 9370 3929
f 9551 9368 9370
f 3929 9370 9361
f 3929 9361 703
f 9552 716 9555
f 716 3903 9555
f 716 9553 3903
f 9553 9554 9373
f 9553 9373 3903
f 9554 9359 3901
f 9554 3901 9373
f 9457 9459 3930
f 9458 9457 9556
f 9457 3930 9556
f 9410 9458 717
f 9458 9556 717
f 1439 9557 9459
f 9459 9558 3930
f 9459 9557 9558
f 1439 9559 9557
f 9366 9559 1439
f 9556 1428 717
f 9410 717 1428
f 3930 9403 9556
f 9556 9403 1428
f 3930 1445 9403
f 9558 1445 3930
f 9366 9367 9559
f 9559 1446 9557
f 9557 718 9558
f 9557 1446 718
f 9558 9560 1445
f 718 9560 9558
f 9559 3931 1446
f 9367 3931 9559
f 718 9561 9560
f 1446 9561 718
f 3931 9562 1446
f 1446 9562 9561
f 9403 1445 3908
f 1445 9560 9563
f 1445 9563 3908
f 9560 9561 3932
f 9560 3932 9563
f 9562 3932 9561
f 9367 9552 3931
f 3931 9555 9562
f 9552 9555 3931
f 3908 9563 9389
f 9389 9563 3932
f 9562 9555 3903
f 9562 9564 3932
f 9562 3903 9564
f 9389 3932 9565
f 9564 9565 3932
f 3903 9375 9564
f 9564 9375 9565
f 3904 9389 9565
f 9375 3904 9565
f 9566 9567 9568
f 9567 9569 9568
f 9566 9568 9570
f 9571 9567 9566
f 9572 9566 9570
f 9573 9566 9572
f 9573 9571 9566
f 9571 9574 9567
f 9567 9575 9569
f 9574 9575 9567
f 9575 9576 9569
f 9572 9570 9577
f 9578 9574 9571
f 9579 9571 9573
f 9579 9578 9571
f 9580 9573 9572
f 9581 9572 9577
f 9580 9572 9581
f 9582 9579 9573
f 9582 9573 9580
f 9578 9583 9574
f 9574 9584 9575
f 9583 9584 9574
f 9584 9585 9575
f 9575 9585 9576
f 9585 9586 9576
f 9581 9577 9587
f 9588 9583 9578
f 9589 9578 9579
f 9589 9588 9578
f 9590 9589 9579
f 9590 9579 9582
f 9591 9582 9580
f 9592 9580 9581
f 9591 9580 9592
f 9592 9581 9593
f 9593 9581 9587
f 9594 9590 9582
f 9594 9582 9591
f 9588 9595 9583
f 9583 9596 9584
f 9595 9596 9583
f 9596 9597 9584
f 9584 9597 9585
f 9597 9598 9585
f 9585 9598 9586
f 9598 9599 9586
f 9593 9587 9600
f 9601 9590 9594
f 9601 9602 9590
f 9602 9589 9590
f 9603 9594 9591
f 9604 9591 9592
f 9603 9591 9604
f 9604 9592 9605
f 9605 9592 9593
f 9605 9593 9606
f 9606 9593 9600
f 9607 9601 9594
f 9607 9594 9603
f 9595 9608 9596
f 9596 9609 9597
f 9608 9609 9596
f 9609 9610 9597
f 9597 9610 9598
f 9610 9611 9598
f 9598 9611 9599
f 9611 9612 9599
f 9606 9600 9613
f 9614 9607 9603
f 9615 9603 9604
f 9614 9603 9615
f 9615 9604 9616
f 9616 9604 9605
f 9616 9605 9617
f 9617 9605 9606
f 9617 9606 9618
f 9618 9606 9613
f 9608 9619 9609
f 9609 9620 9610
f 9619 9620 9609
f 9620 9621 9610
f 9610 9621 9611
f 9621 9622 9611
f 9611 9622 9612
f 9622 9623 9612
f 9618 9613 9624
f 9625 9614 9615
f 9626 9615 9616
f 9625 9615 9626
f 9626 9616 9627
f 9627 9616 9617
f 9627 9617 9628
f 9628 9617 9618
f 9628 9618 9629
f 9629 9618 9624
f 9619 9630 9620
f 9620 9631 9621
f 9630 9631 9620
f 9631 9632 9621
f 9621 9632 9622
f 9632 9633 9622
f 9622 9633 9623
f 9633 9634 9623
f 9629 9624 9635
f 9636 9625 9626
f 9637 9626 9627
f 9636 9626 9637
f 9637 9627 9638
f 9638 9627 9628
f 9638 9628 9639
f 9639 9628 9629
f 9639 9629 9640
f 9640 9629 9635
f 9630 9641 9631
f 9631 9642 9632
f 9641 9642 9631
f 9642 9643 9632
f 9632 9643 9633
f 9643 9644 9633
f 9633 9644 9634
f 9644 9645 9634
f 9640 9635 9646
f 9647 9636 9637
f 9648 9637 9638
f 9647 9637 9648
f 9648 9638 9649
f 9649 9638 9639
f 9649 9639 9650
f 9650 9639 9640
f 9650 9640 9651
f 9651 9640 9646
f 9641 9652 9642
f 9642 9653 9643
f 9652 9653 9642
f 9653 9654 9643
f 9643 9654 9644
f 9654 9655 9644
f 9644 9655 9645
f 9655 9656 9645
f 9651 9646 9657
f 9658 9647 9648
f 9659 9648 9649
f 9658 9648 9659
f 9659 9649 9660
f 9660 9649 9650
f 9660 9650 9661
f 9661 9650 9651
f 9661 9651 9662
f 9662 9651 9657
f 9652 9663 9653
f 9653 9664 9654
f 9663 9664 9653
f 9664 9665 9654
f 9654 9665 9655
f 9665 9666 9655
f 9655 9666 9656
f 9667 9661 9662
f 9667 9662 9666
f 9662 9657 9668
f 9666 9662 9668
f 9666 9668 9656
f 9665 9667 9666
f 9664 9669 9665
f 9669 9667 9665
f 9670 9660 9661
f 9670 9661 9667
f 9671 9659 9660
f 9671 9660 9670
f 9672 9658 9659
f 9672 9659 9671
f 9669 9670 9667
f 9663 9673 9664
f 9673 9669 9664
f 9673 9674 9669
f 9674 9670 9669
f 9674 9671 9670
f 9675 9672 9671
f 9675 9671 9674
f 9676 9675 9674
f 9676 9674 9673
f 9677 9675 9676
f 9677 9678 9675
f 9678 9672 9675
f 9679 9677 9676
f 9680 9676 9673
f 9679 9676 9680
f 9680 9673 9663
f 9681 9677 9679
f 9681 9682 9677
f 9682 9678 9677
f 9678 9683 9672
f 9683 9658 9672
f 9682 9684 9678
f 9684 9683 9678
f 9685 9681 9679
f 9686 9679 9680
f 9685 9679 9686
f 9686 9680 9687
f 9687 9680 9663
f 9687 9663 9652
f 9688 9681 9685
f 9688 9689 9681
f 9689 9682 9681
f 9689 9690 9682
f 9690 9684 9682
f 9684 9691 9683
f 9683 9692 9658
f 9691 9692 9683
f 9690 9693 9684
f 9693 9691 9684
f 9692 9647 9658
f 9694 9688 9685
f 9695 9685 9686
f 9694 9685 9695
f 9695 9686 9696
f 9696 9686 9687
f 9696 9687 9697
f 9697 9687 9652
f 9697 9652 9641
f 9698 9688 9694
f 9698 9699 9688
f 9699 9689 9688
f 9699 9700 9689
f 9700 9690 9689
f 9700 9701 9690
f 9701 9693 9690
f 9691 9702 9692
f 9692 9703 9647
f 9702 9703 9692
f 9701 9700 9699
f 9703 9636 9647
f 9704 9698 9694
f 9705 9694 9695
f 9704 9694 9705
f 9705 9695 9706
f 9706 9695 9696
f 9706 9696 9707
f 9707 9696 9697
f 9707 9697 9708
f 9708 9697 9641
f 9708 9641 9630
f 9701 9699 9709
f 9710 9699 9698
f 9710 9709 9699
f 9702 9711 9703
f 9703 9712 9636
f 9711 9712 9703
f 9712 9625 9636
f 9713 9704 9705
f 9714 9705 9706
f 9713 9705 9714
f 9714 9706 9715
f 9715 9706 9707
f 9715 9707 9716
f 9716 9707 9708
f 9717 719 9718
f 9717 9718 3933
f 719 9719 3934
f 719 3934 9718
f 720 9720 9721
f 9720 9722 9723
f 9721 9720 9723
f 9723 9722 9724
f 9722 9725 9724
f 9726 9727 9728
f 9728 9729 9719
f 9728 9727 9729
f 9719 9729 9730
f 9719 9730 3934
f 9731 3933 9732
f 3935 9731 9733
f 9731 9732 9733
f 3933 9718 9734
f 3933 9734 9732
f 9718 3934 1447
f 9718 1447 9734
f 3934 9730 9735
f 3934 9735 1447
f 9721 9723 9736
f 9723 9724 9737
f 9736 9723 9737
f 9727 9738 9729
f 9729 1448 9730
f 9729 9738 1448
f 9730 1448 9739
f 9730 9739 9735
f 9733 9732 3936
f 9732 9740 3936
f 9732 9734 9740
f 9734 1447 721
f 9734 721 9740
f 1447 9735 9741
f 1447 9741 721
f 9735 9739 3937
f 9735 3937 9741
f 9741 9740 721
f 1448 9742 9739
f 1448 9743 9742
f 9738 9743 1448
f 9739 9742 9744
f 9739 9744 3937
f 9741 9745 9740
f 3937 9745 9741
f 9740 9745 9746
f 9740 9746 3936
f 3937 1449 9745
f 9744 1449 3937
f 9745 1449 3938
f 9745 3938 9746
f 9747 9746 3938
f 3936 9746 9747
f 9743 9748 9742
f 9742 722 9744
f 9742 9748 722
f 9744 9749 1449
f 1450 9744 722
f 1450 9749 9744
f 9748 1450 722
f 1449 9749 9750
f 1449 9750 3938
f 9750 9751 3938
f 9747 3938 9751
f 3939 9750 9749
f 3939 9749 1450
f 9752 3939 1450
f 9748 9752 1450
f 9750 9753 9751
f 9754 9750 3939
f 9754 9753 9750
f 3940 9747 9751
f 9753 3940 9751
f 9752 9755 3939
f 9755 9754 3939
f 3941 9752 9748
f 9743 3941 9748
f 9756 9755 9752
f 3941 9756 9752
f 9753 9757 3940
f 3942 9753 9754
f 3942 9757 9753
f 9755 9758 9754
f 9758 3942 9754
f 3943 9758 9755
f 9756 3943 9755
f 9759 3941 9743
f 9759 1451 3941
f 1451 9756 3941
f 1451 9760 9756
f 9760 3943 9756
f 9738 9759 9743
f 9761 3940 9757
f 1452 9757 3942
f 1452 9761 9757
f 9758 9762 3942
f 9762 1452 3942
f 9763 9762 9758
f 3943 9763 9758
f 9760 9764 3943
f 9764 9763 3943
f 9765 9759 9738
f 9765 9766 9759
f 9766 1451 9759
f 9766 9767 1451
f 9767 9760 1451
f 9767 723 9760
f 723 9764 9760
f 9727 9765 9738
f 9763 3944 9762
f 3944 9768 9762
f 9762 9768 1452
f 9764 9769 9763
f 9769 3944 9763
f 723 9770 9764
f 9770 9769 9764
f 9771 9765 9727
f 9771 9772 9765
f 9772 9766 9765
f 9772 9773 9766
f 9773 9767 9766
f 9773 9774 9767
f 9774 723 9767
f 9774 9775 723
f 9775 9770 723
f 9726 9771 9727
f 3944 9776 9768
f 9777 9776 3944
f 9769 9777 3944
f 9770 9778 9769
f 9778 9777 9769
f 9775 9779 9770
f 9779 9778 9770
f 724 9771 9726
f 724 725 9771
f 725 9772 9771
f 725 3945 9772
f 3945 9773 9772
f 3945 726 9773
f 726 9774 9773
f 726 727 9774
f 727 9775 9774
f 727 9780 9775
f 9780 9779 9775
f 9781 724 9726
f 9778 9782 9777
f 9777 9783 9776
f 9782 9783 9777
f 9779 9784 9778
f 9784 9782 9778
f 9780 9785 9779
f 9785 9784 9779
f 9786 724 9781
f 9786 1453 724
f 1453 725 724
f 1453 1454 725
f 1454 3945 725
f 1454 1455 3945
f 1455 726 3945
f 1455 1456 726
f 1456 727 726
f 1456 1457 727
f 1457 9780 727
f 1457 9787 9780
f 9787 9785 9780
f 1458 9786 9781
f 9784 9788 9782
f 9782 728 9783
f 9788 728 9782
f 9785 9789 9784
f 9789 9788 9784
f 9787 1459 9785
f 1459 9789 9785
f 9790 9786 1458
f 9790 9791 9786
f 9791 1453 9786
f 9791 9792 1453
f 9792 1454 1453
f 9792 9793 1454
f 9793 1455 1454
f 9793 9794 1455
f 9794 1456 1455
f 9794 9795 1456
f 9795 1457 1456
f 9795 9796 1457
f 9796 9787 1457
f 9796 9797 9787
f 9797 1459 9787
f 9798 9790 1458
f 1459 9799 9789
f 9789 9800 9788
f 9799 9800 9789
f 9797 9801 1459
f 9801 9799 1459
f 3946 9790 9798
f 3946 9802 9790
f 9802 9791 9790
f 9802 3947 9791
f 3947 9792 9791
f 3947 3948 9792
f 3948 9793 9792
f 3948 9803 9793
f 9803 9794 9793
f 9803 3949 9794
f 3949 9795 9794
f 3949 9804 9795
f 9804 9796 9795
f 9804 3950 9796
f 3950 9797 9796
f 3950 3951 9797
f 3951 9801 9797
f 9801 9805 9799
f 9799 1460 9800
f 9805 1460 9799
f 3951 9806 9801
f 9806 9805 9801
f 9806 3952 9805
f 9805 9807 1460
f 3952 9807 9805
f 3952 9808 9807
f 9808 9809 9807
f 9807 9810 1460
f 9807 9809 9810
f 9808 3953 9809
f 3953 9811 9809
f 9809 1461 9810
f 9809 9811 1461
f 1460 9810 9812
f 1460 9812 9800
f 9810 1461 720
f 9810 720 9812
f 9800 9812 9813
f 9812 9721 9813
f 9812 720 9721
f 9800 9813 9788
f 9788 9813 728
f 9813 9736 728
f 9813 9721 9736
f 728 9736 1462
f 728 1462 9783
f 9736 9737 1462
f 9783 1462 3954
f 1462 9814 3954
f 1462 9737 9814
f 9783 3954 9776
f 3954 9814 9815
f 9776 3954 9816
f 3954 9815 9816
f 9814 9817 9815
f 9814 1463 9817
f 9737 1463 9814
f 9737 9724 1463
f 9776 9816 9768
f 9716 9708 9818
f 9818 9708 9630
f 9818 9630 9619
f 9711 9819 9712
f 9712 9820 9625
f 9819 9820 9712
f 9820 9614 9625
f 9821 9713 9714
f 9822 9714 9715
f 9821 9714 9822
f 9822 9715 9823
f 9823 9715 9716
f 9823 9716 9824
f 9824 9716 9818
f 9824 9818 9825
f 9825 9818 9619
f 9825 9619 9608
f 9819 9826 9820
f 9820 9827 9614
f 9826 9827 9820
f 9827 9607 9614
f 9828 9821 9822
f 9829 9822 9823
f 9828 9822 9829
f 9829 9823 9830
f 9830 9823 9824
f 9830 9824 9831
f 9831 9824 9825
f 9831 9825 9832
f 9832 9825 9608
f 9832 9608 9595
f 9826 9833 9827
f 9827 9834 9607
f 9833 9834 9827
f 9834 9601 9607
f 9835 9828 9829
f 9836 9829 9830
f 9835 9829 9836
f 9836 9830 9837
f 9837 9830 9831
f 9837 9831 9838
f 9838 9831 9832
f 9838 9832 9839
f 9839 9832 9595
f 9839 9595 9588
f 9833 9840 9834
f 9834 9841 9601
f 9840 9841 9834
f 9841 9602 9601
f 9842 9835 9836
f 9843 9836 9837
f 9842 9836 9843
f 9843 9837 9844
f 9844 9837 9838
f 9844 9838 9845
f 9845 9838 9839
f 9845 9839 9846
f 9846 9839 9588
f 9846 9588 9589
f 9602 9846 9589
f 9841 9847 9602
f 9847 9846 9602
f 9847 9845 9846
f 9848 9844 9845
f 9848 9845 9847
f 9840 9849 9841
f 9849 9847 9841
f 9849 9848 9847
f 9850 9843 9844
f 9850 9844 9848
f 9851 9842 9843
f 9851 9843 9850
f 9852 9850 9848
f 9852 9848 9849
f 9853 9851 9850
f 9853 9850 9852
f 9851 9854 9842
f 9851 9855 9854
f 9853 9855 9851
f 9856 9853 9852
f 9853 9856 9855
f 9856 9852 9857
f 9857 9852 9849
f 9857 9849 9840
f 9858 9854 9855
f 9859 9855 9856
f 9858 9855 9859
f 9860 9856 9857
f 9859 9856 9860
f 9860 9857 9861
f 9861 9857 9840
f 9861 9840 9833
f 9862 9858 9859
f 9863 9859 9860
f 9862 9859 9863
f 9864 9860 9861
f 9863 9860 9864
f 9864 9861 9865
f 9865 9861 9833
f 9866 9864 9865
f 9866 9863 9864
f 9865 9833 9826
f 9866 9865 9867
f 9867 9865 9826
f 9868 9858 9862
f 9869 9862 9863
f 9869 9868 9862
f 9869 9863 9870
f 9866 9870 9863
f 9871 9866 9867
f 9866 9872 9870
f 9866 9871 9872
f 9873 9869 9870
f 9873 9870 9872
f 9869 9710 9868
f 9873 9710 9869
f 9867 9826 9819
f 9871 9867 9874
f 9874 9867 9819
f 9875 9871 9874
f 9875 9872 9871
f 9876 9873 9872
f 9875 9876 9872
f 9876 9875 9877
f 9875 9874 9877
f 9877 9874 9711
f 9874 9819 9711
f 9876 9878 9873
f 9873 9878 9701
f 9873 9709 9710
f 9873 9701 9709
f 9878 9876 9879
f 9876 9877 9879
f 9879 9877 9702
f 9877 9711 9702
f 9701 9878 9693
f 9878 9879 9693
f 9693 9879 9691
f 9879 9702 9691
f 9868 9710 9698
f 9868 9698 9704
f 9713 9868 9704
f 9713 9880 9868
f 9868 9880 9858
f 9880 9854 9858
f 9880 9881 9854
f 9713 9881 9880
f 9713 9821 9881
f 9842 9854 9881
f 9842 9881 9835
f 9881 9828 9835
f 9881 9821 9828
f 9882 3955 9883
f 9882 9883 9884
f 3956 9882 9884
f 3955 9885 9883
f 3955 3957 9885
f 9884 9883 1464
f 9883 9886 1464
f 9883 9885 9886
f 3956 9884 9887
f 9887 9884 1465
f 9884 1464 1465
f 9888 3956 9887
f 3957 9889 9885
f 9885 1466 9886
f 9885 9889 1466
f 3957 9890 9889
f 1465 1464 729
f 1464 9891 729
f 1464 9886 9891
f 9886 1466 9892
f 9886 9892 9891
f 9888 9887 9893
f 9887 1465 1467
f 9893 9887 1467
f 1465 729 730
f 1467 1465 730
f 3958 9888 9893
f 9890 9798 9889
f 9889 9894 1466
f 9889 9798 9894
f 1466 9894 9895
f 1466 9895 9892
f 9890 3946 9798
f 730 729 9896
f 729 9897 9896
f 729 9891 9897
f 9891 9892 9898
f 9891 9898 9897
f 9892 9895 9899
f 9892 9899 9898
f 3958 9893 9811
f 9893 1467 1468
f 9811 9893 1468
f 1468 1467 3959
f 1467 730 3959
f 730 9896 9900
f 3959 730 9900
f 3953 3958 9811
f 9798 1458 9894
f 9894 9901 9895
f 9894 1458 9901
f 9895 9901 9902
f 9895 9902 9899
f 9900 9896 9903
f 9896 3960 9903
f 9896 9897 3960
f 9897 9898 9904
f 9897 9904 3960
f 9898 9899 9905
f 9898 9905 9904
f 9899 9902 9906
f 9899 9906 9905
f 9811 1468 1461
f 1468 3959 731
f 1461 1468 731
f 731 3959 9907
f 3959 9900 9907
f 9900 9903 9908
f 9907 9900 9908
f 1458 9781 9901
f 9901 9909 9902
f 9901 9781 9909
f 9902 9909 3961
f 9902 3961 9906
f 9908 9903 9910
f 9903 732 9910
f 9903 3960 732
f 3960 9904 9911
f 3960 9911 732
f 9904 9905 9912
f 9904 9912 9911
f 9905 9906 9717
f 9905 9717 9912
f 9906 3961 719
f 9906 719 9717
f 1461 731 720
f 731 9907 9720
f 720 731 9720
f 9720 9907 9722
f 9907 9908 9722
f 9908 9910 9725
f 9722 9908 9725
f 9781 9726 9909
f 9909 9728 3961
f 9909 9726 9728
f 3961 9728 9719
f 3961 9719 719
f 9910 732 9913
f 732 3935 9913
f 732 9911 3935
f 9911 9912 9731
f 9911 9731 3935
f 9912 9717 3933
f 9912 3933 9731
f 9815 9817 3962
f 9816 9815 9914
f 9815 3962 9914
f 9768 9816 733
f 9816 9914 733
f 1463 9915 9817
f 9817 9916 3962
f 9817 9915 9916
f 1463 9917 9915
f 9724 9917 1463
f 9914 1452 733
f 9768 733 1452
f 3962 9761 9914
f 9914 9761 1452
f 3962 1469 9761
f 9916 1469 3962
f 9724 9725 9917
f 9917 1470 9915
f 9915 734 9916
f 9915 1470 734
f 9916 9918 1469
f 734 9918 9916
f 9917 3963 1470
f 9725 3963 9917
f 734 9919 9918
f 1470 9919 734
f 3963 9920 1470
f 1470 9920 9919
f 9761 1469 3940
f 1469 9918 9921
f 1469 9921 3940
f 9918 9919 3964
f 9918 3964 9921
f 9920 3964 9919
f 9725 9910 3963
f 3963 9913 9920
f 9910 9913 3963
f 3940 9921 9747
f 9747 9921 3964
f 9920 9913 3935
f 9920 9922 3964
f 9920 3935 9922
f 9747 3964 9923
f 9922 9923 3964
f 3935 9733 9922
f 9922 9733 9923
f 3936 9747 9923
f 9733 3936 9923
f 9924 3965 9925
f 9924 9925 9926
f 3966 9924 9926
f 9925 3967 9926
f 9925 3968 3967
f 9927 9926 3967
f 9927 9928 9926
f 3966 9926 9928
f 3969 3966 9928
f 9929 9928 9927
f 3969 9928 9929
f 3967 9930 9927
f 3967 9931 9930
f 3968 9931 3967
f 9929 9927 3970
f 9930 3970 9927
f 3968 9932 9931
f 9930 9933 3970
f 3971 9930 9931
f 3972 9930 3971
f 3972 9933 9930
f 3971 9931 9934
f 9931 3973 9934
f 9931 9932 3973
f 9934 9935 3971
f 9935 3972 3971
f 9935 9936 3972
f 9934 9937 9935
f 9934 9938 9937
f 9934 3973 9938
f 9937 3974 9935
f 3974 9936 9935
f 9937 9939 3974
f 9938 9939 9937
f 3974 3975 9936
f 9939 9940 3974
f 9940 3975 3974
f 9938 3976 9939
f 9939 9941 9940
f 9939 9942 9941
f 9939 3976 9942
f 9940 9943 3975
f 9941 9944 9940
f 9943 9940 9944
f 9941 3977 9944
f 9942 3977 9941
f 9942 3978 3977
f 9943 9944 3979
f 3977 9945 9944
f 9945 3979 9944
f 3977 9946 9945
f 3978 9946 3977
f 3978 9947 9946
f 9945 9948 3979
f 9946 3980 9945
f 3980 9948 9945
f 9946 9949 3980
f 9946 3981 9949
f 9946 9947 3981
f 3980 3982 9948
f 9950 3980 9949
f 9951 3980 9950
f 9951 3982 3980
f 9950 9949 9952
f 3981 9952 9949
f 3981 9953 9952
f 9954 9950 9952
f 3983 9950 9954
f 3983 9951 9950
f 9954 9952 3984
f 9952 3985 3984
f 9952 9953 3985
f 3984 9955 9954
f 9955 3983 9954
f 9955 3986 3983
f 3984 3987 9955
f 3984 3988 3987
f 3984 3985 3988
f 3989 9955 3987
f 3990 9955 3989
f 3990 3986 9955
f 3989 3987 9956
f 3988 9956 3987
f 9957 3989 9956
f 9957 3990 3989
f 3988 3991 9956
f 9957 9958 3990
f 9957 9956 9959
f 9960 9956 3991
f 9960 9959 9956
f 3992 9957 9959
f 9957 3993 9958
f 9957 3992 3993
f 3994 9959 9960
f 3994 9961 9959
f 3992 9959 9961
f 3995 3992 9961
f 3992 3996 3993
f 3992 3995 3996
f 9962 9961 3994
f 3995 9961 9962
f 9962 3994 3997
f 9963 3995 9962
f 3995 9964 3996
f 3995 9963 9964
f 9965 9962 3997
f 9963 9962 9965
f 9965 3997 9966
f 3998 9965 9966
f 3998 9963 9965
f 9963 3999 9964
f 9963 9967 3999
f 3998 9967 9963
f 3998 9966 4000
f 3998 4000 9968
f 9967 3998 9969
f 3998 9968 9969
f 9970 3999 9967
f 9970 9967 9971
f 9967 9969 9971
f 9969 9968 4001
f 9969 4001 9972
f 9971 9969 9972
f 4002 9970 9971
f 4002 9971 4003
f 9971 9972 4003
f 9972 9973 4003
f 9972 9974 9973
f 4001 9974 9972
f 9975 4002 4003
f 9975 4003 9973
f 4004 9975 9973
f 9974 4004 9973
f 9976 4004 9974
f 4001 9976 9974
f 4005 4006 4007
f 4005 4007 4008
f 4005 4008 9977
f 4005 9977 9978
f 9977 4009 9978
f 9977 4010 4009
f 4011 4012 4013
f 4011 4013 4014
f 9979 4011 4014
f 4013 4015 4014
f 4014 4015 9980
f 9979 4014 9980
f 4015 4016 9980
f 4016 9979 9980
f 4016 4017 9979
f 4018 4019 4020
f 4018 4020 9981
f 4021 4018 9981
f 9981 4020 9982
f 9981 9982 4022
f 4021 9981 4023
f 9981 9983 4023
f 9981 4022 9983
f 4023 4024 4021
f 9982 9984 4022
f 4022 9985 9983
f 4022 9984 9985
f 4023 9983 9986
f 4023 4025 4024
f 4023 9986 4025
f 9987 9986 9983
f 9987 9983 9985
f 4026 9987 9985
f 9984 4026 9985
f 9988 4026 9984
f 9982 9988 9984
f 4025 4027 4024
f 9986 9987 9989
f 4025 9986 9990
f 9986 9989 9990
f 4025 4028 4027
f 4025 9990 4028
f 9987 4029 9989
f 9987 4030 4029
f 4026 4030 9987
f 4031 4030 4026
f 9988 4032 4026
f 4031 4026 4032
f 4031 4029 4030
f 9990 4033 4028
f 4033 4027 4028
f 4033 4034 4027
f 9990 9989 9991
f 9989 4035 9991
f 9989 4029 4035
f 9990 9991 9992
f 9990 9992 4033
f 4031 4036 4029
f 4036 4035 4029
f 4031 4037 4036
f 4031 4038 4037
f 4032 4038 4031
f 4039 9991 4035
f 4036 4039 4035
f 4037 4039 4036
f 4039 9993 9991
f 9993 9992 9991
f 9993 9994 9992
f 9994 4033 9992
f 4040 4034 4033
f 9994 4041 4033
f 4040 4033 4041
f 4037 4042 4039
f 4039 4042 9995
f 4039 9995 9993
f 9993 9995 4043
f 9993 4043 9994
f 9994 4043 4044
f 4044 4041 9994
f 4044 9996 4041
f 9996 4040 4041
f 9996 4045 4040
f 4032 4046 4038
f 9997 4046 4032
f 9997 4032 9988
f 9982 9997 9988
f 9982 4047 9997
f 9998 9999 4048
f 9998 10000 9999
f 4049 10000 9998
f 9999 10000 4050
f 9999 4050 4051
f 10001 4050 10000
f 4049 10002 10000
f 10001 10000 10002
f 4052 10002 4049
f 10003 10001 10002
f 4052 10003 10002
f 4050 10001 10004
f 4051 4050 10005
f 4050 10004 10005
f 10003 4053 10001
f 10004 10001 4053
f 4051 10005 10006
f 10004 4053 10007
f 10008 10005 10004
f 4054 10004 10007
f 4054 10008 10004
f 10008 4055 10005
f 10005 4056 10006
f 10005 4055 4056
f 4055 10008 10009
f 10009 10008 4054
f 10009 4054 10010
f 4055 10009 10011
f 4055 10012 4056
f 4055 10011 10012
f 10011 10009 4057
f 4057 10009 10010
f 10011 4057 10013
f 10012 10011 10013
f 4057 10010 4058
f 10013 4057 10014
f 10014 4057 4058
f 10012 10013 4059
f 10013 10014 10015
f 10013 10016 4059
f 10013 10015 10016
f 10014 4058 10017
f 10015 10014 10018
f 10017 10018 10014
f 10015 10018 4060
f 10016 10015 4060
f 10016 4060 4061
f 10017 4062 10018
f 4060 10018 10019
f 10019 10018 4062
f 4060 10019 10020
f 4061 4060 10020
f 4061 10020 10021
f 10019 4062 10022
f 10020 10019 4063
f 4063 10019 10022
f 10020 4063 10023
f 10020 4064 10021
f 10020 10023 4064
f 4063 10022 4065
f 10024 10023 4063
f 10025 4063 4065
f 10025 10024 4063
f 10024 10026 10023
f 4064 10023 10026
f 4064 10026 10027
f 10028 10026 10024
f 4066 10024 10025
f 4066 10028 10024
f 10028 4067 10026
f 10026 4068 10027
f 10026 4067 4068
f 4067 10028 4069
f 4069 10028 4066
f 4069 4066 4070
f 4067 4069 10029
f 4067 4071 4068
f 4067 10029 4071
f 4072 10029 4069
f 4073 4069 4070
f 4073 4072 4069
f 4072 10030 10029
f 4071 10029 10030
f 10031 10030 4072
f 10031 4072 4073
f 4071 10030 4074
f 10031 4073 10032
f 10031 10033 10030
f 10034 10030 10033
f 10034 4074 10030
f 10035 10033 10031
f 10031 4075 10035
f 10031 10032 4075
f 4076 10034 10033
f 10035 4077 10033
f 4076 10033 4077
f 4078 4077 10035
f 10035 4079 4078
f 10035 4075 4079
f 10036 4076 4077
f 4078 10036 4077
f 10036 4080 4076
f 10037 10036 4078
f 4078 10038 10037
f 4078 4079 10038
f 10039 4080 10036
f 10037 10039 10036
f 10039 10040 4080
f 4081 10040 10039
f 4081 10039 10037
f 10037 10038 4082
f 4081 10037 10041
f 10037 4082 10041
f 4081 4083 10040
f 4081 10042 4083
f 4081 10043 10042
f 10041 10043 4081
f 10044 10041 4082
f 10044 10045 10041
f 10041 10045 10043
f 10043 4084 10042
f 10043 4085 4084
f 10045 4085 10043
f 4086 10045 10044
f 4086 10046 10045
f 10045 10046 4085
f 4085 10046 10047
f 4084 4085 10048
f 4085 10047 10048
f 10049 10047 10046
f 10049 10046 4086
f 4087 10047 10049
f 10048 10047 4087
f 10050 10048 4087
f 4084 10048 10050
f 4088 4089 4090
f 4088 4091 4089
f 4088 10051 4091
f 4088 10052 10051
f 10051 10052 4092
f 10051 4092 4093
f 10053 4094 4095
f 10053 4096 4094
f 4097 4096 10053
f 4094 4096 4098
f 4096 10054 4098
f 4097 10054 4096
f 4098 10054 4099
f 4099 10054 4097
f 4099 4097 4100
f 4101 4102 4103
f 4101 10055 4102
f 4104 10055 4101
f 10055 10056 4102
f 10055 4105 10056
f 4104 4106 10055
f 10055 10057 4105
f 10055 4106 10057
f 4106 4104 4107
f 10056 4105 10058
f 4105 10059 10058
f 4105 10057 10059
f 4106 10060 10057
f 4106 4108 10060
f 4106 4107 4108
f 10061 10059 10057
f 10061 10057 10060
f 4109 10059 10061
f 10058 10059 4109
f 10062 10058 4109
f 10056 10058 10062
f 4108 4107 4110
f 10060 10063 10061
f 10060 10064 10063
f 4108 10064 10060
f 4108 4110 4111
f 4108 4111 10064
f 10061 10063 4112
f 4109 10061 4113
f 10061 4112 4113
f 4114 4109 4113
f 4114 4115 4109
f 10062 4109 4115
f 4114 4113 4112
f 10064 4111 4116
f 4116 4111 4110
f 4116 4110 4117
f 10064 10065 10063
f 10063 4118 4112
f 10063 10065 4118
f 10064 10066 10065
f 10064 4116 10066
f 4114 4112 4119
f 4119 4112 4118
f 4114 4119 4120
f 4115 4114 4121
f 4114 4120 4121
f 4122 4118 10065
f 4119 4118 4122
f 4120 4119 4122
f 4122 10065 10067
f 10067 10065 10066
f 10067 10066 10068
f 10068 10066 4116
f 4123 4116 4117
f 4123 4124 4116
f 10068 4116 4124
f 4120 4122 4125
f 4122 10067 10069
f 4122 10069 4125
f 10067 10068 4126
f 10067 4126 10069
f 10068 10070 4126
f 10070 10068 4124
f 10070 4124 4127
f 4127 4124 4123
f 4127 4123 4128
f 4115 4121 4129
f 10071 4115 4129
f 10071 10062 4115
f 10056 10062 10071
f 10056 10071 4130
f 10072 4131 10073
f 4132 10072 10074
f 10074 1471 10075
f 4132 10074 10075
f 1471 10076 10075
f 4132 10075 10076
f 10077 4133 4131
f 10077 4131 10078
f 10078 4131 10072
f 10078 10072 10079
f 10080 10072 4132
f 10080 10079 10072
f 10080 4132 10081
f 4132 10076 10081
f 4134 10077 10078
f 4134 10078 10079
f 4134 4135 10077
f 4134 10079 10082
f 4136 10079 10080
f 4136 10082 10079
f 4136 10083 10082
f 10083 4134 10082
f 1472 4135 4134
f 10083 1472 4134
f 10084 4136 10080
f 10080 10081 10085
f 10084 10080 10085
f 10084 1473 4136
f 4136 1473 10083
f 1472 735 4135
f 735 1472 10083
f 735 10083 10086
f 10083 1474 10086
f 10083 1473 1474
f 10084 10087 1473
f 10087 1474 1473
f 10084 1475 10087
f 10084 4137 1475
f 4137 10084 10085
f 10087 10088 1474
f 1476 10088 10087
f 1476 10087 1475
f 1475 4137 10089
f 1476 1475 10090
f 1475 10089 10090
f 4137 10085 10091
f 10089 4137 10091
f 1476 10090 10092
f 1477 10090 10089
f 10090 736 10092
f 10090 1477 736
f 1477 10089 4138
f 1477 4139 736
f 1477 4138 4139
f 10093 4138 10089
f 10089 10091 10094
f 10093 10089 10094
f 4139 4138 10093
f 4139 10093 4140
f 10094 4141 10093
f 4140 10093 4141
f 10091 10095 10094
f 10094 10095 4141
f 10095 10096 4141
f 4140 4141 10096
f 10091 4142 10095
f 10085 4142 10091
f 4142 10097 10095
f 10095 10097 10096
f 4140 10096 10098
f 10085 10081 4142
f 4142 10099 10097
f 10081 10099 4142
f 1478 10097 10099
f 1478 10100 10097
f 10100 10096 10097
f 10100 1479 10096
f 10096 1480 10098
f 10096 1479 1480
f 10081 10076 10099
f 10101 1478 10099
f 10101 10099 10076
f 737 1480 1479
f 4143 1479 10100
f 737 1479 4143
f 4143 10100 10102
f 10100 4144 10102
f 10100 1478 4144
f 4144 1478 10103
f 1481 1478 10101
f 1481 10103 1478
f 1481 10101 1471
f 1471 10101 10076
f 4143 10102 10104
f 10104 10102 4144
f 737 4143 1482
f 4143 10104 1482
f 10105 10103 1481
f 4144 10103 10105
f 737 1482 1483
f 10104 4144 1484
f 4144 10106 1484
f 4144 10105 10106
f 10104 10107 1482
f 10107 1483 1482
f 1484 10108 10104
f 10104 10108 10107
f 10105 1481 4145
f 1485 10106 10105
f 1485 10105 4145
f 1484 10106 1485
f 10107 10109 1483
f 1484 1485 10110
f 1484 10111 10108
f 10110 10111 1484
f 4146 10108 10111
f 4146 10112 10108
f 10112 10107 10108
f 10112 4147 10107
f 4148 10107 4147
f 4148 10109 10107
f 738 1485 4145
f 1485 1486 10110
f 10110 10113 10111
f 1486 10113 10110
f 10114 4146 10111
f 10114 10111 10113
f 739 1485 738
f 739 1487 1485
f 1485 1487 1486
f 10115 4146 10114
f 10115 10116 4146
f 10116 10112 4146
f 10116 10117 10112
f 10117 4147 10112
f 10117 10118 4147
f 4148 4147 10118
f 4149 4148 10118
f 1486 10119 10113
f 4150 10113 10119
f 4150 10114 10113
f 10120 10115 10114
f 10120 10114 4150
f 10118 10117 10121
f 10121 10117 10116
f 4151 10116 10115
f 10121 10116 4151
f 10122 10115 10120
f 4151 10115 10122
f 4149 10118 4152
f 10118 10121 4152
f 10122 1488 4151
f 1488 10121 4151
f 10120 4150 10123
f 4150 10124 10123
f 4150 10119 10124
f 10124 10119 1486
f 1489 4152 10121
f 1489 4149 4152
f 1489 10121 10125
f 1488 10125 10121
f 10122 10120 4153
f 10120 10123 10126
f 4153 10120 10126
f 10122 10127 1488
f 10122 1490 10127
f 10122 4153 1490
f 1491 1488 10127
f 1491 10125 1488
f 10123 10124 10128
f 10124 1486 10129
f 10128 10124 10129
f 10130 10126 10123
f 10123 10128 4154
f 10130 10123 4154
f 10125 1492 1489
f 10125 10131 1492
f 1491 10131 10125
f 1489 1492 4149
f 4153 10132 1490
f 4153 10133 10132
f 4153 10126 10133
f 4155 10133 10126
f 4155 10126 10130
f 10127 1490 1493
f 10132 1493 1490
f 4155 10130 10134
f 10134 10130 4154
f 10134 4154 4156
f 4156 4154 10128
f 10132 10133 4155
f 10132 4155 1494
f 1494 4155 4157
f 4155 10134 4157
f 740 10132 1494
f 740 10135 10132
f 10132 10135 1493
f 1494 4157 740
f 10127 1493 10136
f 1491 10127 10136
f 4156 10128 10137
f 1495 10137 10128
f 1495 10128 1496
f 10128 10129 1496
f 4158 1495 1496
f 4158 1496 4159
f 4159 1496 10129
f 741 4158 4159
f 4159 10129 10138
f 741 4159 1497
f 1497 4159 10138
f 10138 10129 1486
f 10138 1486 4160
f 1497 10138 10139
f 10139 10138 4160
f 10140 1497 10139
f 741 1497 10140
f 741 10140 10141
f 1487 4160 1486
f 4160 1487 1498
f 10139 4160 1499
f 4160 1498 1499
f 10139 1499 10142
f 10140 10139 10143
f 10139 10142 10143
f 1499 1498 10144
f 10142 1499 10144
f 10143 4161 10140
f 10140 4162 10141
f 10140 4161 4162
f 739 1498 1487
f 1500 1498 739
f 10144 1498 1500
f 4163 10143 10142
f 4163 10145 10143
f 10143 10145 4161
f 10146 4163 10142
f 10142 10144 10147
f 10146 10142 10147
f 10144 1500 1501
f 10147 10144 1501
f 1502 4162 4161
f 10148 4161 10145
f 10148 1502 4161
f 1503 10148 10145
f 1503 10145 4163
f 10149 1503 4163
f 10149 4163 10146
f 1502 1504 4162
f 1500 739 742
f 10150 1504 1502
f 10150 1502 10148
f 10150 10148 1503
f 1505 10149 10146
f 4164 10146 10147
f 1505 10146 4164
f 1506 1507 1508
f 1506 1508 1509
f 1508 1510 1509
f 1508 1511 1510
f 4165 1509 1510
f 1509 4165 1512
f 1506 1509 1512
f 4165 1510 1513
f 1506 1512 10151
f 1510 10152 1513
f 1506 10151 4166
f 1510 4167 10152
f 10153 1506 4166
f 1510 1514 4167
f 1514 1510 10154
f 10154 1510 1515
f 1515 1510 10155
f 1516 10155 1510
f 1506 10153 4168
f 1506 4168 1517
f 1506 1517 10156
f 1506 10156 1518
f 1506 1518 10157
f 1506 10157 4169
f 1506 4169 1519
f 1519 4170 1506
f 1506 4170 10158
f 1516 1510 10159
f 1506 10158 4171
f 1510 1520 10159
f 1506 4171 10160
f 1520 1510 4172
f 1520 4172 4173
f 10161 4173 4172
f 1510 4174 4172
f 10161 4172 4174
f 1510 4175 4174
f 1510 1511 4175
f 4174 1521 10161
f 4174 4175 4176
f 4174 4176 1521
f 1522 4176 4175
f 1522 4175 4177
f 4175 1523 4177
f 4175 1511 1523
f 4177 10162 1522
f 4178 4177 1523
f 4178 10162 4177
f 1511 1524 1523
f 1511 1525 1524
f 4178 4179 10162
f 4178 10163 4179
f 4180 10163 4178
f 4178 1526 4180
f 4178 10164 1526
f 1527 10164 4178
f 1527 4178 1523
f 10165 1527 1523
f 1523 1524 4181
f 4181 1528 1523
f 1528 10165 1523
f 1525 4182 1524
f 4182 1529 1524
f 4181 1524 10166
f 10166 1524 1529
f 4181 10167 1528
f 4181 10166 4183
f 4184 4181 4183
f 4184 10167 4181
f 4182 4185 1529
f 4184 1530 10167
f 4182 1531 4185
f 4182 1532 1531
f 1525 1532 4182
f 10168 1531 1532
f 1533 1532 1525
f 1533 1534 1532
f 1534 4186 1532
f 4186 10168 1532
f 4186 4187 10168
f 4188 4187 4186
f 4186 1535 4188
f 4186 10169 1535
f 1534 10169 4186
f 1534 1536 10169
f 1534 10170 1536
f 1534 1537 10170
f 1534 10171 1537
f 1534 4189 10171
f 4189 1534 4190
f 1533 4190 1534
f 10171 4189 4191
f 10171 4191 1538
f 4191 4189 10172
f 4189 4192 10172
f 4189 10173 4192
f 4189 4190 10173
f 4190 1539 10173
f 1539 4190 4193
f 1533 4193 4190
f 1539 4193 4194
f 4195 4194 4193
f 1540 4193 1533
f 1540 4195 4193
f 1540 1533 1541
f 4195 1542 4194
f 4195 10174 1542
f 4196 10174 4195
f 1540 4196 4195
f 4196 4197 10174
f 1543 4197 4196
f 1540 1543 4196
f 1540 10175 1543
f 1544 10175 1540
f 1544 1540 10176
f 1545 10176 1540
f 1540 1541 1546
f 1541 1547 1546
f 1541 1548 1547
f 10177 1545 1540
f 1546 1547 1549
f 1546 1549 4198
f 1540 1546 4198
f 1540 1550 10177
f 1549 1547 10178
f 1540 4198 1551
f 1550 1540 4199
f 1540 1551 10179
f 4199 1540 10179
f 1547 4200 10178
f 1547 10180 4200
f 1547 4201 10180
f 1547 1552 4201
f 1547 10181 1552
f 1547 1553 10181
f 1553 1547 10182
f 10182 1547 4202
f 1554 4202 1547
f 4203 1554 1547
f 4203 1547 10183
f 10183 1547 4204
f 4204 1547 10184
f 10184 1547 1555
f 1556 1506 10160
f 1557 1558 1559
f 1560 1557 1559
f 4205 1560 1559
f 4205 4206 1560
f 4205 4207 4206
f 4205 4208 4207
f 4208 4205 10185
f 1559 10185 4205
f 1561 4207 4208
f 1561 4208 1562
f 4208 10185 10186
f 1562 4208 10186
f 1559 10187 10185
f 10187 1559 1563
f 10185 10187 4209
f 10186 10185 4210
f 10185 4209 4210
f 10187 1563 1564
f 1564 4209 10187
f 1561 1562 4211
f 4211 1562 10188
f 1562 10186 10188
f 10188 10186 4212
f 10186 4210 4212
f 4212 4210 4209
f 4212 4209 10189
f 10189 4209 1565
f 1564 1565 4209
f 1565 1564 10190
f 4211 10188 10191
f 10188 4213 10191
f 10188 4212 4213
f 4214 4213 4212
f 4214 4212 10189
f 10189 1565 10192
f 4214 10189 10192
f 10192 1565 10193
f 1565 10190 10193
f 4211 10191 10194
f 10194 10191 4213
f 10195 4213 4214
f 10194 4213 10195
f 10195 4214 10196
f 10196 4214 1566
f 4214 10192 1566
f 10192 10193 10197
f 1566 10192 10197
f 10194 10195 4215
f 4215 10195 10196
f 10197 10193 10198
f 10199 10193 10190
f 10199 10198 10193
f 10199 10200 10198
f 10197 10198 10200
f 1566 10197 10201
f 10201 10197 10200
f 10202 1566 10201
f 10196 1566 10202
f 4216 10196 10202
f 4215 10196 4216
f 4215 4216 4217
f 10194 4215 10203
f 10203 4215 4217
f 10199 10204 10200
f 10205 10200 10204
f 10201 10200 10205
f 10206 10201 10205
f 10202 10201 10206
f 4216 10202 743
f 743 10202 10206
f 10206 10205 10207
f 10207 10205 10208
f 10205 10204 10208
f 10209 10206 10207
f 743 10206 10209
f 10210 10204 10199
f 4218 10204 10210
f 4218 10208 10204
f 10207 10208 10211
f 10211 10208 4218
f 10209 10207 10212
f 10212 10207 10211
f 4216 743 4219
f 743 10213 4219
f 743 10209 10213
f 10209 10212 10214
f 10209 10214 10213
f 10212 10211 10215
f 10215 10211 10216
f 10211 4218 10216
f 10212 10215 10217
f 10212 10217 10214
f 4218 10210 10218
f 10216 4218 10219
f 4218 10218 10219
f 10213 10214 10220
f 10220 10214 10217
f 10213 10220 10221
f 4219 10213 10221
f 10215 4220 10217
f 10215 4221 4220
f 10215 10216 4221
f 4221 10216 10222
f 10216 10219 10222
f 10217 4220 4222
f 10220 10217 10223
f 10217 4222 10223
f 1567 10221 10220
f 1567 10220 10223
f 10219 10218 10224
f 10222 10219 1568
f 10219 10224 1568
f 4164 10147 10225
f 10147 1501 10225
f 10226 10149 1505
f 1503 10149 10226
f 10150 1503 1569
f 1503 10226 1569
f 10227 4164 10225
f 1501 10227 10225
f 10228 1505 4164
f 1570 1505 10228
f 10226 1505 1570
f 10228 4164 10229
f 10227 10229 4164
f 1570 10228 10230
f 1571 10228 10229
f 10228 744 10230
f 10228 1571 744
f 744 1571 4223
f 1571 10229 4223
f 10231 4223 10229
f 10231 10229 10227
f 744 4223 4224
f 10232 4224 4223
f 10232 4223 10231
f 10231 745 10232
f 10231 1572 745
f 10227 1572 10231
f 1572 4225 745
f 1572 4226 4225
f 10233 4226 1572
f 10227 10233 1572
f 1573 4225 4226
f 10233 10234 4226
f 1573 4226 10234
f 1501 10234 10233
f 1501 10233 10227
f 1573 1574 4225
f 1573 10234 10235
f 1574 1573 10236
f 1573 10237 10236
f 1573 10235 10237
f 10234 1575 10235
f 10237 10235 1575
f 10234 4227 1575
f 1501 4227 10234
f 1501 1500 4227
f 4227 1500 1576
f 4227 1576 1575
f 1574 10236 10238
f 4228 10238 10236
f 4229 10236 10237
f 4228 10236 4229
f 4229 10237 10239
f 10237 1575 10240
f 10239 10237 10240
f 10241 1575 1576
f 10240 1575 10241
f 4228 4229 10242
f 10242 4229 10239
f 4228 10242 10243
f 10242 10239 10244
f 10239 10240 4230
f 4230 10244 10239
f 4230 10240 10245
f 10240 10241 10245
f 1576 1577 10241
f 10241 10246 10245
f 10241 1577 10246
f 4230 10245 10247
f 10247 10245 10246
f 4231 10242 10244
f 10242 4232 10243
f 10242 4231 4232
f 4231 10244 10248
f 4230 10249 10244
f 10249 10248 10244
f 10250 10249 4230
f 10250 4230 10247
f 10250 10247 4233
f 10247 10246 4233
f 4233 10246 10251
f 1577 10251 10246
f 10248 1578 4231
f 1578 4232 4231
f 10250 4234 10249
f 10249 4234 10248
f 10248 10252 1578
f 4234 10252 10248
f 1578 1579 4232
f 10252 1579 1578
f 10250 10253 4234
f 10253 10250 10254
f 10250 4233 10254
f 10254 4233 10255
f 4233 10251 10255
f 4234 1580 10252
f 4234 10256 1580
f 4234 10253 10256
f 10252 1580 1581
f 10252 10257 1579
f 10252 1581 10257
f 10256 1581 1580
f 10253 4235 10256
f 10253 4236 4235
f 10253 10254 4236
f 4236 10254 10258
f 10254 10255 10258
f 10256 10259 1581
f 10256 4237 10259
f 10256 4235 4237
f 10260 4235 4236
f 10260 4237 4235
f 10260 4236 10261
f 4236 10258 10261
f 10261 746 10260
f 10260 746 4237
f 10261 4238 746
f 10258 4238 10261
f 10258 10262 4238
f 10255 10262 10258
f 10255 4239 10262
f 10251 4239 10255
f 10251 10263 4239
f 747 10263 10251
f 747 10251 10264
f 1577 10264 10251
f 1582 747 10264
f 10265 10264 1577
f 1582 10264 10265
f 10265 1577 1583
f 1582 10265 10266
f 1583 10266 10265
f 1582 10266 4240
f 10266 4241 4240
f 10266 10267 4241
f 10266 4242 10267
f 10266 4243 4242
f 1583 4243 10266
f 10268 4241 10267
f 4242 10268 10267
f 10268 1584 4241
f 1577 1585 1583
f 1583 1585 10269
f 10270 4243 1583
f 1583 10269 10270
f 4242 1586 10268
f 10271 1586 4242
f 4243 10271 4242
f 4243 10272 10271
f 10270 10272 4243
f 4244 1584 10268
f 4244 10268 1586
f 4245 10270 10269
f 10269 4246 4245
f 4246 10269 1585
f 10270 4247 10272
f 10270 4248 4247
f 4245 4248 10270
f 4249 10271 10272
f 4249 10272 4247
f 10271 10273 1586
f 10273 10271 4249
f 1586 10273 10274
f 1586 10274 4244
f 10273 4249 4250
f 10274 10273 4250
f 4250 4249 4251
f 4251 4249 4247
f 10275 4247 4248
f 4252 4247 10275
f 4251 4247 4252
f 748 4248 4245
f 748 10275 4248
f 749 4245 4246
f 749 1587 4245
f 748 4245 1587
f 10276 4252 10275
f 748 10276 10275
f 10276 4253 4252
f 4251 4252 4253
f 10274 4250 4254
f 4250 4255 4254
f 4250 4251 4255
f 4251 4253 750
f 4251 10277 4255
f 4251 750 10277
f 4253 10276 10278
f 10276 748 10278
f 4253 10278 10279
f 750 4253 10279
f 748 10280 10278
f 748 10281 10280
f 1587 10281 748
f 10279 10278 10280
f 10282 1587 749
f 4255 10277 1588
f 4254 4255 4256
f 4255 1588 4256
f 750 10279 10283
f 750 10284 10277
f 750 10283 10284
f 10277 10284 10285
f 10277 10285 1588
f 10283 10279 10286
f 10279 10280 10286
f 10280 10281 10287
f 10280 10287 10286
f 4256 1588 10288
f 1588 10289 10288
f 1588 10285 10289
f 10283 10286 10290
f 10290 10286 10287
f 10283 10290 10291
f 10283 10291 10284
f 10284 10291 10292
f 10284 10292 10285
f 10285 10292 10293
f 10285 10293 10289
f 10289 10293 10294
f 10288 10289 10295
f 10289 10294 10295
f 10296 10295 10294
f 10296 10294 10293
f 10292 10297 10293
f 10296 10293 10297
f 10292 10298 10297
f 10291 10298 10292
f 10290 10299 10291
f 10291 10299 10298
f 10290 10287 10300
f 10290 10300 10299
f 10288 10295 1589
f 1589 10295 10301
f 10296 10301 10295
f 10296 4257 10301
f 10296 4258 4257
f 10297 4258 10296
f 10302 10297 10298
f 10297 10302 4258
f 10302 10298 4259
f 10299 4259 10298
f 10300 10303 10299
f 10299 10303 4259
f 10302 4259 10304
f 10303 10304 4259
f 1589 10301 1590
f 4258 10305 4257
f 4258 10306 10305
f 10302 10306 4258
f 10302 10304 10307
f 10302 10307 10306
f 10300 4260 10303
f 4260 10308 10303
f 10303 10308 10304
f 10307 10304 1591
f 10308 1591 10304
f 4222 751 10223
f 751 1567 10223
f 4220 10309 4222
f 10309 751 4222
f 4220 10310 10309
f 4221 10310 4220
f 4221 10311 10310
f 4221 10222 10311
f 10311 10222 10312
f 10222 1568 10312
f 10310 1592 10309
f 10310 4261 1592
f 10311 4261 10310
f 10311 752 4261
f 10311 10312 752
f 10309 10313 751
f 753 10309 1592
f 753 10313 10309
f 10313 754 751
f 10313 10314 754
f 753 10314 10313
f 754 4262 751
f 1567 751 4262
f 753 755 10314
f 754 4263 4262
f 1567 4262 4264
f 4262 10315 4264
f 4262 10316 10315
f 4263 10316 4262
f 10315 4265 4264
f 10317 4264 4265
f 1567 4264 10317
f 1593 10316 4263
f 1594 10316 1593
f 1594 10315 10316
f 1593 4263 756
f 10315 1594 4266
f 10315 10318 4265
f 10315 4266 10318
f 1595 1594 1593
f 756 1596 1593
f 1595 1593 1596
f 1597 1594 1595
f 1594 4267 4266
f 1594 1597 4267
f 1598 1596 756
f 1598 1595 1596
f 1598 756 1599
f 4266 10319 10318
f 4266 4268 10319
f 4267 4268 4266
f 1597 1595 757
f 1600 4267 1597
f 1600 1597 757
f 4217 10318 10319
f 4217 4265 10318
f 10319 4268 1601
f 10203 4217 10319
f 10319 1601 10203
f 4268 758 1601
f 4268 4269 758
f 4267 4269 4268
f 1602 1598 1599
f 1602 1599 759
f 4216 4265 4217
f 1601 10194 10203
f 1601 4270 10194
f 4270 1601 758
f 758 4269 4271
f 4270 758 1561
f 758 4271 1561
f 4211 10194 4270
f 1561 4211 4270
f 4267 4271 4269
f 4267 4272 4271
f 1603 1602 759
f 1603 759 760
f 1600 4272 4267
f 4216 4219 4273
f 4216 4273 4265
f 10320 4273 4219
f 10320 10317 4273
f 4273 10317 4265
f 4219 10221 10320
f 10320 10221 1567
f 1567 10317 10320
f 1603 760 1604
f 1481 1604 760
f 1481 760 1605
f 1600 757 1606
f 4274 1481 1605
f 1606 757 10321
f 1595 10321 757
f 1606 10321 10322
f 10321 4275 10322
f 1481 1471 1604
f 1604 1471 4276
f 4276 1603 1604
f 4274 4145 1481
f 738 4145 4274
f 1595 10323 10321
f 4277 10321 10323
f 4277 4278 10321
f 10321 4278 4275
f 4278 10324 4275
f 10325 10323 1595
f 1598 10325 1595
f 10326 4277 10323
f 10325 10327 10323
f 10326 10323 10327
f 10325 1598 1607
f 1607 10327 10325
f 10328 4277 10326
f 10328 10329 4277
f 10329 4278 4277
f 10329 10330 4278
f 4278 10330 10324
f 10330 4279 10324
f 10331 10328 10326
f 4280 10326 10327
f 10331 10326 4280
f 4280 10327 10332
f 1607 10332 10327
f 10333 10329 10328
f 10333 10328 10331
f 4281 10330 10329
f 10333 4281 10329
f 4281 4282 10330
f 10330 4282 4279
f 4283 1607 1598
f 10334 10332 1607
f 10335 1607 4283
f 10335 10334 1607
f 4282 1608 4279
f 4282 1609 1608
f 1609 4282 4281
f 1609 4281 4284
f 10333 4284 4281
f 10336 10331 4280
f 10337 4280 10332
f 10336 4280 10337
f 10337 10332 10338
f 10334 10338 10332
f 1610 10334 10335
f 1610 10338 10334
f 1609 4284 4285
f 1609 4285 1608
f 10333 10339 4284
f 10339 4285 4284
f 1610 10335 761
f 1611 10335 4283
f 1611 10340 10335
f 10340 761 10335
f 10341 10336 10337
f 4286 10337 10338
f 10341 10337 4286
f 4286 10338 10342
f 1610 10342 10338
f 1610 761 4287
f 1612 10342 1610
f 1610 4287 1612
f 1613 4287 761
f 10340 1613 761
f 10343 1613 10340
f 1611 10343 10340
f 10339 10344 4285
f 4288 10341 4286
f 4288 4286 10342
f 4288 10342 10345
f 1612 10345 10342
f 1613 1614 4287
f 10346 1614 1613
f 10343 10346 1613
f 4288 10347 10341
f 10346 10348 1614
f 4289 10348 10346
f 10349 10346 10343
f 10349 4289 10346
f 4289 4290 10348
f 1615 4290 4289
f 10350 4289 10349
f 10350 1615 4289
f 1615 1616 4290
f 10350 1616 1615
f 10350 10351 1616
f 1617 10351 10350
f 1618 10350 10349
f 1617 10350 1618
f 1618 10349 4291
f 4291 10349 10343
f 10352 1617 1618
f 10353 1618 4291
f 10352 1618 10353
f 10353 4291 10354
f 4291 10343 10355
f 10354 4291 10355
f 1619 10353 10354
f 1619 10352 10353
f 1611 10355 10343
f 10354 10355 10356
f 10356 10355 1611
f 1619 10354 4292
f 4292 10354 10356
f 1619 1620 10352
f 10357 1619 4292
f 10358 1619 10357
f 10358 1620 1619
f 4292 10356 10359
f 10356 1611 10360
f 10359 10356 10360
f 10357 4292 10361
f 10361 4292 10359
f 1621 10357 10361
f 10358 10357 1621
f 10360 1611 1602
f 1611 4283 1602
f 10358 1621 1622
f 1622 1621 4293
f 1621 10361 4293
f 10361 10359 10362
f 4293 10361 10362
f 10363 10362 10359
f 10359 10360 1623
f 10363 10359 1623
f 1623 10360 1603
f 10360 1602 1603
f 4293 10362 10364
f 10364 10362 10363
f 1622 4293 4294
f 4294 4293 10364
f 4283 1598 1602
f 4276 1623 1603
f 10363 1623 4276
f 10363 4276 10365
f 10364 10363 1624
f 1624 10363 10365
f 4294 10364 10366
f 1625 10364 1624
f 1625 10366 10364
f 1624 10365 4295
f 1625 1624 4295
f 10365 4276 1471
f 4295 10365 10367
f 10365 1471 10367
f 1625 4295 4296
f 4296 4295 762
f 4295 10367 762
f 10073 762 10367
f 10074 10367 1471
f 10073 10367 10074
f 4296 762 1626
f 1626 762 10073
f 1626 10073 10368
f 4133 10368 10073
f 4133 10073 4131
f 10072 10073 10074
f 10306 1627 10305
f 10306 1628 1627
f 10307 1628 10306
f 10307 1591 10369
f 10307 10369 1628
f 4260 10370 10308
f 10308 10371 1591
f 10370 10371 10308
f 10370 763 10371
f 10370 4297 763
f 10370 10372 4297
f 4260 10372 10370
f 4260 4298 10372
f 10300 4298 4260
f 10372 764 4297
f 10372 10373 764
f 4298 10373 10372
f 4298 4299 10373
f 10287 4299 4298
f 10300 10287 4298
f 1629 764 10373
f 1629 10373 10374
f 10373 1587 10374
f 10373 4299 1587
f 10287 10281 4299
f 4299 10281 1587
f 1629 10374 10282
f 10282 10374 1587
f 1629 10282 765
f 766 1500 742
f 766 1576 1500
f 1630 1576 766
f 1630 766 767
f 1576 1630 1577
f 1630 767 1585
f 1577 1630 1585
f 4246 1585 767
f 10339 1631 10344
f 10339 1632 1631
f 4300 1632 10339
f 4300 10339 10333
f 4300 10375 1632
f 10375 1631 1632
f 10375 10376 1631
f 4300 10377 10375
f 10377 4300 10331
f 10333 10331 4300
f 10377 1633 10375
f 10375 768 10376
f 10375 1633 768
f 10377 4301 1633
f 4301 10377 10336
f 10377 10331 10336
f 1633 4301 4302
f 1633 4302 768
f 4301 10336 10341
f 10341 4302 4301
f 10341 10347 4302
f 1634 1635 1636
f 1634 1636 1637
f 1637 4303 1634
f 1637 4304 4303
f 4305 4303 4304
f 4305 4306 4303
f 4306 10378 4303
f 1634 4303 10378
f 1634 10378 10379
f 10379 1638 1634
f 4305 1639 4306
f 4306 10380 10378
f 1639 10380 4306
f 4305 1584 1639
f 10378 4307 10379
f 10378 4308 4307
f 10380 4308 10378
f 10379 1590 1638
f 1590 10379 4307
f 4309 4307 4308
f 10380 4309 4308
f 1639 10381 10380
f 10381 4309 10380
f 4310 10381 1639
f 4310 1639 1584
f 4310 1584 4244
f 4309 10382 4307
f 10382 1589 4307
f 1590 4307 1589
f 10381 4311 4309
f 4256 4309 4311
f 4256 10382 4309
f 4310 10383 10381
f 10381 10383 4311
f 10274 10383 4310
f 10274 4310 4244
f 10274 4311 10383
f 4254 4256 4311
f 10274 4254 4311
f 10382 10288 1589
f 4256 10288 10382
f 10384 1640 1641
f 10384 1641 10385
f 4312 10384 10385
f 10385 1641 1642
f 4312 10385 4313
f 10385 1642 10386
f 4313 10385 10386
f 10387 4312 4313
f 10387 4313 10388
f 10388 4313 4314
f 4313 10386 4314
f 4315 4314 10386
f 10389 10386 1642
f 4315 10386 10389
f 10389 1642 1643
f 1644 10387 10388
f 1644 10388 1645
f 1645 10388 10390
f 10388 4314 10390
f 10391 10390 4314
f 10391 4314 4315
f 4316 4315 10389
f 10392 4315 4316
f 10392 10391 4315
f 4316 10389 10393
f 10393 10389 1643
f 10393 1643 1646
f 1645 1647 1644
f 1645 10390 1648
f 1649 10390 10391
f 1649 1648 10390
f 1650 1649 10391
f 1650 10391 10392
f 1645 1651 1647
f 1652 1645 1648
f 1652 1651 1645
f 1652 1648 1649
f 1649 1650 1653
f 1652 1649 1654
f 1649 1653 1654
f 10199 10190 4317
f 10199 4317 4318
f 10210 10199 4318
f 4318 4317 10394
f 4318 10394 10395
f 10218 4318 10395
f 10218 10210 4318
f 10395 10394 1655
f 10395 1655 1656
f 10218 10395 1656
f 10218 1656 10224
f 1657 4319 1658
f 1657 4320 4319
f 4319 4320 10396
f 4319 10396 10397
f 10397 10396 1659
f 10398 1659 10396
f 4321 10398 10396
f 4321 10396 4320
f 10397 1659 1660
f 10399 10398 4321
f 4322 4321 4320
f 10399 4321 4322
f 1657 10400 4320
f 4322 4320 4323
f 10401 4320 10400
f 10401 4323 4320
f 1659 1661 1660
f 10398 10399 10402
f 4322 10403 10399
f 10403 10402 10399
f 10398 4324 1659
f 10398 10402 10404
f 4324 10398 10404
f 10405 4323 10401
f 10405 10406 4323
f 4322 4323 10406
f 4322 4325 10403
f 10407 4325 4322
f 4322 10406 10407
f 4326 10407 10406
f 10405 4326 10406
f 10403 10408 10402
f 10409 10408 10403
f 4325 10409 10403
f 10410 10402 10408
f 10410 1662 10402
f 10404 10402 1662
f 10409 10410 10408
f 10407 10411 4325
f 4325 10411 10409
f 10412 4324 10404
f 10413 10404 1662
f 10412 10404 10413
f 4327 10411 10407
f 4326 4328 10407
f 4327 10407 4328
f 10414 10409 10411
f 10414 10411 4327
f 10409 10414 10415
f 10409 10415 10410
f 10410 10415 769
f 10410 769 1662
f 769 10415 10414
f 10416 10414 4327
f 10416 4327 4328
f 1662 10417 10413
f 10418 1662 769
f 10418 10417 1662
f 10419 10412 10413
f 10419 10413 10417
f 10416 10420 10414
f 769 10414 10420
f 10421 10420 10416
f 4328 10421 10416
f 10422 10419 10417
f 10422 10417 10418
f 769 10420 10423
f 10418 769 4329
f 769 10423 4329
f 10421 10423 10420
f 10418 4329 10424
f 10418 10425 10422
f 10418 10424 10425
f 4330 10424 4329
f 4329 10423 4330
f 4330 10425 10424
f 4331 4330 10423
f 4331 10423 10421
f 10422 10425 10426
f 10419 10422 4332
f 10422 10426 4332
f 4333 10426 10425
f 10425 4330 4334
f 4333 10425 4334
f 4333 10427 10426
f 4332 10426 10427
f 4330 1663 4334
f 4330 1664 1663
f 4331 1664 4330
f 1663 4335 4334
f 4333 4334 4335
f 4335 4336 4333
f 4336 10427 4333
f 770 1663 1664
f 4331 1665 1664
f 1665 771 1664
f 770 1664 771
f 4337 4332 10427
f 10419 4332 4337
f 4337 10427 10428
f 10428 10427 4338
f 4336 4338 10427
f 4335 4339 4336
f 10429 4338 4336
f 10429 4336 4339
f 4340 4338 10429
f 10428 4338 4340
f 1665 772 771
f 4337 10428 4341
f 4337 10430 10419
f 4337 4341 10430
f 10412 10419 10430
f 10428 4340 10431
f 10431 4342 10428
f 4342 4341 10428
f 4343 10430 4341
f 4343 4341 4342
f 10412 10430 4343
f 773 10429 4339
f 4340 10429 10432
f 773 10432 10429
f 4344 4340 10432
f 4340 10433 10431
f 4340 4344 10433
f 4345 4342 10431
f 4345 10431 10433
f 4342 4345 4343
f 10412 4343 4324
f 4344 10434 10433
f 4345 10433 10434
f 4344 4346 10434
f 4344 10432 4346
f 10432 1666 4346
f 773 1666 10432
f 4343 4345 4347
f 1659 4324 4343
f 4343 4347 1659
f 4345 10434 4348
f 4345 1667 4347
f 4345 4348 1667
f 1659 4347 1661
f 1661 4347 1667
f 1668 1669 1670
f 1668 1670 1671
f 1670 4349 1671
f 1670 4350 4349
f 4350 1672 4349
f 4351 4349 1672
f 4352 1671 4349
f 4352 4349 4351
f 4350 1673 1672
f 10435 4352 4351
f 10435 4353 4352
f 4353 1671 4352
f 1668 1671 10436
f 4353 4354 1671
f 10437 1671 4354
f 10437 10436 1671
f 1672 1673 1674
f 4351 1675 10435
f 4353 10435 10438
f 10438 10435 1675
f 4351 1672 4355
f 4351 10439 1675
f 4355 10439 4351
f 10440 10437 4354
f 4353 10441 4354
f 10440 4354 10441
f 4353 10438 4356
f 10442 4353 4356
f 4353 10442 10441
f 1676 10441 10442
f 10440 10441 1676
f 10438 1675 10443
f 10444 10438 10443
f 4356 10438 10444
f 10445 10443 1675
f 10439 10446 1675
f 10445 1675 10446
f 10444 10443 10445
f 10442 4356 10447
f 4356 10444 10447
f 10448 10439 4355
f 10448 10449 10439
f 10449 10446 10439
f 4357 10442 10447
f 4357 4358 10442
f 1676 10442 4358
f 10450 4357 10447
f 10450 10447 10444
f 10444 10445 4359
f 10444 4359 10450
f 10445 10446 10451
f 10445 10451 4359
f 10451 10450 4359
f 10452 4358 4357
f 10452 4357 10450
f 10446 10449 10453
f 10454 10446 10453
f 10454 10451 10446
f 10455 10453 10449
f 10455 10449 10448
f 10452 10450 774
f 10451 774 10450
f 10456 10452 774
f 4358 10452 10456
f 10457 10454 10453
f 10457 10453 10455
f 10451 4360 774
f 10451 10458 4360
f 10454 10458 10451
f 10456 774 4360
f 10454 10459 10458
f 10454 10460 10459
f 10454 10457 10460
f 4361 10458 10459
f 10458 4361 4360
f 4361 10459 10460
f 4362 10456 4360
f 4362 4360 4361
f 10457 4363 10460
f 10457 4364 4363
f 10455 4364 10457
f 4365 10460 4363
f 4365 4366 10460
f 10460 4366 4361
f 4365 4363 10461
f 4364 10461 4363
f 4361 4366 1677
f 4362 4361 1678
f 4361 1677 1678
f 1677 4366 4367
f 4365 4367 4366
f 4367 4365 1679
f 1679 4365 10461
f 775 1678 1677
f 4362 1678 1680
f 775 776 1678
f 1680 1678 776
f 4368 10461 4364
f 10455 4368 4364
f 4368 10462 10461
f 10462 4369 10461
f 1679 10461 4369
f 4367 1679 777
f 4370 777 1679
f 4370 1679 4369
f 1681 4370 4369
f 10462 1681 4369
f 1680 776 778
f 4368 4371 10462
f 4368 10463 4371
f 4368 10455 10463
f 10448 10463 10455
f 10462 10464 1681
f 10464 10462 10465
f 10466 10467 1682
f 10467 1683 1682
f 10467 10468 1683
f 10466 1682 4372
f 10466 4372 4373
f 4372 10469 4373
f 4373 10469 10470
f 4372 10471 10469
f 10471 4372 1682
f 10471 1682 10472
f 10472 1682 1683
f 10472 1683 10473
f 4374 10472 10473
f 4374 10471 10472
f 4375 10469 10471
f 4374 4375 10471
f 4375 4376 10469
f 4376 10470 10469
f 4374 10473 1684
f 4375 4374 1684
f 4375 4377 4376
f 4375 4378 4377
f 4375 1684 4378
f 4376 4377 10474
f 4376 10474 10475
f 4376 10475 10470
f 4379 10470 10475
f 10474 4379 10475
f 10474 1685 4379
f 10476 4379 1685
f 4379 10477 10470
f 10470 10477 1686
f 10478 1686 10477
f 4379 10478 10477
f 10476 10479 4379
f 4379 10479 10478
f 10478 10480 1686
f 10480 10478 10481
f 10479 10481 10478
f 10476 4380 10479
f 10479 4380 10481
f 10476 1687 4380
f 10481 4380 10482
f 1687 10482 4380
f 1686 10480 1688
f 10480 1689 1688
f 10480 10481 1689
f 1689 10481 10483
f 10481 10482 10483
f 1687 10484 10482
f 1689 10483 10485
f 10486 1689 10485
f 1688 1689 10486
f 10482 10487 10483
f 10483 4381 10485
f 10483 10487 4381
f 4382 10482 10484
f 4382 4383 10482
f 10482 4383 10487
f 10486 10485 10488
f 4381 10488 10485
f 1688 10486 1690
f 1691 10486 10488
f 1691 1690 10486
f 779 1688 1690
f 10487 4384 4381
f 10487 10489 4384
f 4383 10489 10487
f 1691 10490 1690
f 10490 779 1690
f 10491 4381 4384
f 10491 10492 4381
f 4381 10492 10488
f 1691 10488 10493
f 10492 10493 10488
f 4385 4383 4382
f 4385 4386 4383
f 4383 4386 10489
f 10491 4387 10492
f 10492 4387 10493
f 10490 10494 779
f 10495 4384 10489
f 10495 1692 4384
f 1692 10491 4384
f 10489 4386 4388
f 10489 4388 10495
f 4388 4386 4385
f 1692 10496 10491
f 10496 4389 10491
f 10491 4389 4387
f 10497 10495 4388
f 1692 10495 10497
f 4388 4385 780
f 10497 4388 780
f 4387 10498 10493
f 4387 10499 10498
f 4389 10499 4387
f 10500 10496 1692
f 1692 10497 1693
f 10500 1692 1693
f 10496 1694 4389
f 1694 10496 10500
f 4389 1694 10501
f 4389 10502 10499
f 4389 10501 10502
f 10498 10499 4390
f 10499 4391 4390
f 10499 10502 4391
f 4392 4391 10502
f 4392 10502 10501
f 1694 10503 10501
f 10503 4392 10501
f 1694 1695 10503
f 1694 10500 1695
f 1696 4391 4392
f 10503 1696 4392
f 1696 4393 4391
f 4390 4391 4393
f 10498 4390 10504
f 10504 4390 4394
f 4390 4393 4394
f 10504 4394 10505
f 1697 10504 10505
f 1697 4395 10504
f 4395 10498 10504
f 10506 4395 1697
f 10506 10507 4395
f 4395 10508 10498
f 10507 10508 4395
f 10507 10509 10508
f 10509 1691 10508
f 1691 10498 10508
f 1691 10493 10498
f 10506 4396 10507
f 10507 10510 10509
f 10507 4396 10510
f 10506 1698 4396
f 10509 10510 1699
f 10509 10511 1691
f 10509 1699 10511
f 4396 10512 10510
f 1699 10510 10512
f 1698 10513 4396
f 4396 10513 10512
f 1691 10511 10490
f 1699 10490 10511
f 1698 10514 10513
f 10513 10514 4397
f 10512 10513 4398
f 10513 4397 4398
f 10512 4398 10515
f 4399 10512 10515
f 4399 10516 10512
f 1699 10512 10516
f 1699 1700 10490
f 1699 10517 1700
f 1699 10516 10518
f 1699 10518 10517
f 10519 10518 10516
f 10519 10516 4399
f 4398 4397 4400
f 10515 4398 4401
f 4398 4400 4401
f 4402 4399 10515
f 10515 4401 10520
f 4402 10515 10520
f 10521 10519 4399
f 10521 4399 4402
f 4403 10518 10519
f 10521 4403 10519
f 4403 10522 10518
f 10517 10518 10522
f 10517 10522 1701
f 1702 10517 1701
f 1702 1700 10517
f 1703 4401 4400
f 1703 4404 4401
f 4404 10520 4401
f 4402 10520 10523
f 4404 10523 10520
f 10524 10522 4403
f 1701 10522 10524
f 4402 10523 1704
f 10525 4402 1704
f 10525 10521 4402
f 1705 10521 10525
f 1705 4405 10521
f 10521 4405 4403
f 10524 4403 10526
f 10526 4403 4405
f 10527 10523 4404
f 10527 4404 1703
f 1704 10523 10527
f 1701 10524 10528
f 10529 1701 10528
f 1702 1701 10529
f 10530 10524 10526
f 10528 10524 10530
f 1704 10531 10525
f 10531 1705 10525
f 1704 1706 10531
f 1704 10527 1706
f 10532 4405 1705
f 10532 10533 4405
f 10526 4405 10533
f 4406 10526 10533
f 10530 10526 4406
f 10531 1707 1705
f 1705 10534 10532
f 1705 1707 10534
f 10534 4407 10532
f 10533 10532 4407
f 4406 10533 4408
f 10533 4407 4408
f 4409 4406 4408
f 4407 4409 4408
f 4410 10530 4406
f 4409 4410 4406
f 4407 781 4409
f 10534 781 4407
f 4410 10535 10530
f 1708 10530 10535
f 1708 4411 10530
f 10536 4411 1708
f 10528 10530 4411
f 10536 10537 4411
f 10537 10528 4411
f 10536 4412 10537
f 4412 10538 10537
f 10537 10538 10528
f 10536 1709 4412
f 10529 10528 10538
f 4412 10539 10538
f 10538 1710 10529
f 10538 10539 1710
f 4412 10540 10539
f 10540 1710 10539
f 10541 4412 1709
f 10541 10542 4412
f 4412 10542 10540
f 4413 10540 10542
f 4413 10542 10541
f 1702 10529 1710
f 4413 10541 4414
f 4413 10543 10540
f 4415 4413 4414
f 4415 10543 4413
f 4416 10540 10543
f 4416 10544 10540
f 10540 10544 1710
f 1702 1710 1711
f 1710 10545 1711
f 1710 10546 10545
f 1710 10544 10546
f 10547 10546 10544
f 10547 10544 4416
f 10465 10462 4371
f 4417 10465 4371
f 4417 4371 10463
f 10448 4417 10463
f 1712 777 4370
f 1681 10548 4370
f 1712 4370 10548
f 10549 10548 1681
f 1681 10550 10549
f 1681 10464 10550
f 4418 10550 10464
f 4418 10464 10465
f 10465 4417 4418
f 10448 4355 4417
f 10549 10550 10551
f 4418 10551 10550
f 10549 10551 1713
f 10549 1713 10548
f 10548 1713 10552
f 1712 10548 10552
f 4417 1714 4418
f 4417 1672 1714
f 1672 4417 4355
f 4418 4419 10551
f 4418 1715 4419
f 4418 1714 1715
f 1672 1674 1714
f 1674 1715 1714
f 1716 1717 1718
f 1716 1718 1719
f 1719 1718 1720
f 1719 1720 10553
f 1721 1716 1719
f 1719 10553 10554
f 10554 1721 1719
f 1721 1722 1716
f 10554 10553 4420
f 10555 1721 10554
f 10554 4420 10555
f 10555 4420 1723
f 10555 4421 1721
f 10556 4421 10555
f 10555 1723 10556
f 10556 1724 4421
f 4422 4421 1724
f 4422 4423 4421
f 4421 4423 1721
f 4423 4422 10557
f 4423 10557 4424
f 1721 4423 4425
f 4423 4426 4425
f 4423 4424 4426
f 4425 4426 10558
f 4425 10558 10559
f 4425 10559 1721
f 1725 10559 10558
f 4427 1721 10559
f 1725 4427 10559
f 10560 4427 1725
f 1721 4427 10560
f 10560 1725 10561
f 10560 10561 1726
f 4428 1721 10560
f 10560 1726 4428
f 10562 4428 1726
f 10562 1721 4428
f 10562 1726 10563
f 4429 1721 10562
f 10562 1727 4429
f 10562 10563 1727
f 4429 1727 4430
f 1721 4429 4431
f 4429 4430 4431
f 4430 10564 4431
f 10564 4432 4431
f 1728 4431 4432
f 1728 4433 4431
f 4433 1721 4431
f 1721 4433 1729
f 1729 4433 1728
f 1729 1728 10565
f 1729 10565 1730
f 4434 1729 1730
f 1721 1729 1731
f 1721 1731 1722
f 1729 4435 1731
f 1729 4436 4435
f 4434 4436 1729
f 1722 1731 1732
f 4435 1732 1731
f 4437 4435 4436
f 4437 4436 4434
f 10566 1732 4435
f 4437 10566 4435
f 4437 4434 4438
f 4437 1733 10566
f 4438 1733 4437
f 1722 1732 1734
f 1722 1734 1735
f 10566 1736 1732
f 1732 1736 10567
f 1734 1732 4439
f 1732 4440 4439
f 1732 10567 1737
f 1737 4440 1732
f 1737 10568 4440
f 4439 4440 10569
f 1734 4439 10570
f 10570 4439 1738
f 4439 10569 1738
f 4440 4441 10569
f 4442 4440 10568
f 4440 4442 4441
f 4442 10568 1739
f 1734 10570 4443
f 10570 1738 10571
f 10571 4443 10570
f 10571 1740 4443
f 4443 1740 10572
f 4444 4443 10572
f 1734 4443 4444
f 4444 10572 4445
f 4444 4445 4446
f 1734 4444 10573
f 4444 1741 10573
f 4444 4446 1741
f 1734 10573 1742
f 1734 1742 10574
f 1734 10574 1743
f 1743 4447 1734
f 1743 10575 4447
f 4447 4448 1734
f 10576 1734 4448
f 1735 1734 10576
f 4447 10575 1744
f 4447 1744 4449
f 4449 4450 4447
f 10577 4447 4450
f 10577 4448 4447
f 10576 4448 10578
f 10578 4448 1745
f 4448 10577 1745
f 1735 10576 1746
f 10576 4451 1746
f 10576 10578 4451
f 1746 1747 1735
f 10578 1745 10579
f 10578 1748 4451
f 10578 10579 1748
f 4451 1748 10580
f 4452 1746 4451
f 10580 4452 4451
f 10580 4453 4452
f 4454 4452 4453
f 4452 4454 1749
f 1750 1746 4452
f 4452 1749 10581
f 1750 4452 10581
f 1746 1750 10582
f 1746 1751 1747
f 1747 1751 1752
f 1753 1747 1752
f 1753 1752 1754
f 1754 1752 4455
f 4455 1752 4456
f 4456 1752 1751
f 10583 4456 1751
f 4457 4456 10583
f 4457 4458 4456
f 4455 4456 4458
f 4457 4459 4458
f 4459 4455 4458
f 4457 10583 1755
f 4460 4457 1755
f 4457 4460 4459
f 10583 1751 1756
f 4459 1757 4455
f 1754 4455 4461
f 4455 1757 10584
f 4455 1758 4461
f 4455 10584 1758
f 1758 4462 4461
f 4461 4462 1754
f 1758 4463 4462
f 10585 4462 4463
f 4464 4462 10585
f 1754 4462 4465
f 4465 4462 4464
f 4465 4464 1759
f 10586 4465 1759
f 4465 10586 1754
f 10586 1759 10587
f 10586 4466 1754
f 10586 1760 4466
f 10586 10587 1760
f 4466 10588 1754
f 10588 4466 1760
f 10588 1760 10589
f 10588 10589 4467
f 1754 10588 4468
f 10588 4467 4468
f 4467 10590 4468
f 4467 10591 10590
f 4468 10590 1754
f 4469 1754 10590
f 4469 10590 10591
f 4469 10591 1761
f 4470 4469 1761
f 1754 4469 4470
f 4470 1761 4471
f 4470 4471 10592
f 4470 10592 4472
f 4473 1754 4470
f 4472 4473 4470
f 4472 1762 4473
f 10593 1754 4473
f 10594 4473 1762
f 10594 10593 4473
f 10593 10595 1754
f 10595 1763 1754
f 1753 1754 1763
f 10595 10593 4474
f 10593 1764 4474
f 10593 10594 1764
f 1763 10595 10596
f 10595 4474 10596
f 1753 1763 1765
f 1763 10596 1766
f 1763 1766 1765
f 1753 1765 1767
f 1746 10582 1768
f 1746 1768 10597
f 1746 10597 4475
f 4475 10597 1769
f 4475 1769 4476
f 4475 4476 4477
f 1746 4475 4478
f 4475 10598 4478
f 4475 4477 10598
f 10599 1746 4478
f 1746 10599 4479
f 1746 4479 1751
f 10600 10599 4478
f 4478 10598 1770
f 10600 4478 1770
f 10599 10600 1771
f 10599 1771 4479
f 4479 1771 10601
f 1751 4479 4480
f 4479 10601 4480
f 4480 10601 4481
f 4480 4481 4482
f 4482 10602 4480
f 1772 4480 10602
f 1772 1751 4480
f 1751 1772 10603
f 4415 4414 4483
f 4484 4416 10543
f 4415 10604 10543
f 4484 10543 10604
f 10605 10547 4416
f 10605 4416 4484
f 4415 4483 1773
f 4485 10604 4415
f 4415 1773 4485
f 10605 4484 1774
f 10604 1774 4484
f 10604 10606 1774
f 4485 10606 10604
f 10545 10546 10607
f 4486 10546 10547
f 4486 10607 10546
f 4487 4486 10547
f 4487 10547 10605
f 4487 10605 10608
f 10605 1774 10608
f 4485 1773 10609
f 4485 10609 10606
f 10608 1774 1775
f 10606 1775 1774
f 10606 10609 1775
f 4486 10610 10607
f 4486 10611 10610
f 4487 10611 4486
f 4487 10608 1776
f 10612 4487 1776
f 4487 10612 10611
f 10608 1775 10613
f 10608 1777 1776
f 10608 10613 1777
f 10612 1776 10614
f 10614 1776 1777
f 4488 10611 10612
f 4488 10612 10614
f 4489 10610 10611
f 4488 4489 10611
f 10614 1777 10615
f 4488 10614 4490
f 4490 10614 10615
f 4488 4491 4489
f 4488 4492 4491
f 4490 4492 4488
f 4489 10616 10610
f 4489 4491 10616
f 4490 10615 1778
f 4490 1778 4492
f 4493 10616 4491
f 4493 4491 1779
f 10610 10616 4493
f 4493 1779 10617
f 4493 10617 10618
f 10610 4493 10619
f 4493 10620 10619
f 4493 10618 10620
f 10617 4494 10618
f 10620 10618 4494
f 10617 1780 4494
f 10621 10619 10620
f 10621 1781 10619
f 1781 10610 10619
f 10622 10621 10620
f 10620 4494 10622
f 1781 10607 10610
f 10622 4494 4495
f 4496 4494 1780
f 4496 4495 4494
f 1781 10621 1782
f 1783 1782 10621
f 10622 1783 10621
f 10622 4495 10623
f 1783 10622 10623
f 1781 1782 1784
f 10545 10607 1781
f 10545 1781 1784
f 10624 10623 4495
f 10625 4495 4496
f 10624 4495 10625
f 10625 4496 10626
f 1783 10627 1782
f 10627 782 1782
f 782 1784 1782
f 10545 1784 1711
f 1711 1784 782
f 1783 10623 4497
f 4497 10628 1783
f 1783 10628 10627
f 10629 4497 10623
f 10629 10623 10624
f 10630 10624 10625
f 10630 10629 10624
f 10630 10625 4498
f 4499 10625 10626
f 4499 4498 10625
f 4497 10631 10628
f 10632 4497 10629
f 10632 10631 4497
f 1785 10628 10631
f 1785 10627 10628
f 1785 1786 10627
f 10627 1786 1787
f 10627 1787 782
f 1711 782 1788
f 10633 10632 10629
f 10630 4500 10629
f 10633 10629 4500
f 1789 4500 10630
f 10634 10630 4498
f 1789 10630 10634
f 10634 4498 4501
f 4499 4501 4498
f 1789 10633 4500
f 4499 1790 4501
f 1790 10634 4501
f 10635 1789 10634
f 1790 10635 10634
f 10636 10631 10632
f 4502 10632 10633
f 4502 10636 10632
f 10637 4502 10633
f 1789 10637 10633
f 1786 783 1787
f 1789 10638 10637
f 1789 1791 10638
f 10635 1791 1789
f 10637 1792 4502
f 10637 784 1792
f 10637 10638 784
f 10639 10636 4502
f 10640 4502 1792
f 10640 10639 4502
f 10640 1792 784
f 10640 784 10641
f 4503 10639 10640
f 10641 4503 10640
f 4503 4504 10639
f 4504 10642 10639
f 10639 10642 10636
f 10641 4505 4503
f 4503 4505 4506
f 4503 4506 4504
f 4504 4506 10643
f 4504 10644 10642
f 4504 10643 10644
f 10644 10645 10642
f 10644 4507 10645
f 10643 4507 10644
f 10643 4508 4507
f 10642 10645 4509
f 10642 4509 10636
f 4509 10645 10646
f 4510 10645 4507
f 4510 10646 10645
f 1793 4510 4507
f 1793 4507 4508
f 4509 10646 1785
f 10636 4509 10631
f 1785 10631 4509
f 10647 10646 4510
f 1785 10646 10647
f 10648 4510 1793
f 10647 4510 10648
f 10648 1793 10649
f 10649 4511 10648
f 10647 10648 4511
f 10647 4511 10650
f 10651 10647 10650
f 1785 10647 10651
f 10649 1794 4511
f 1785 10651 10652
f 1785 10652 1786
f 4511 10653 10650
f 10653 1795 10650
f 10651 10650 1795
f 1796 10652 10651
f 1796 10651 1795
f 1786 10652 783
f 10652 1796 783
f 4511 1794 4512
f 4511 4513 10653
f 4511 4512 4513
f 10654 1796 1795
f 10654 783 1796
f 10654 10655 783
f 10653 4514 1795
f 1797 4514 10653
f 10656 10653 4513
f 1797 10653 10656
f 10656 4513 4515
f 4515 4513 4512
f 10654 1795 10657
f 10658 1795 4514
f 10658 10657 1795
f 10659 10658 4514
f 10659 4514 1797
f 10656 1798 1797
f 10659 1797 1798
f 4515 4512 1799
f 1799 10656 4515
f 1799 10660 10656
f 10656 10660 1798
f 1680 10654 10657
f 10654 778 10655
f 10654 1680 778
f 1680 10657 4516
f 4517 10657 10658
f 4517 4516 10657
f 4518 4517 10658
f 4518 10658 10659
f 4518 10659 10661
f 10659 1798 10661
f 4519 1798 10660
f 10661 1798 4519
f 10662 10660 1799
f 4519 10660 10662
f 4517 4520 4516
f 4518 4520 4517
f 10662 1799 4521
f 4521 1799 4522
f 4518 10661 4523
f 4518 785 4520
f 4518 4523 785
f 785 10663 4520
f 10663 4516 4520
f 1680 4516 4524
f 4525 4516 10663
f 4525 4524 4516
f 10661 4526 4523
f 10661 10664 4526
f 10661 4519 10664
f 10664 4519 10665
f 10662 10665 4519
f 785 4523 4526
f 10662 10666 10665
f 10667 10662 4521
f 10667 10666 10662
f 4521 4522 4527
f 4521 10668 10667
f 4521 4527 10668
f 1800 4527 4522
f 785 10669 10663
f 1801 10669 785
f 785 4526 1801
f 1676 4525 10663
f 1676 10663 10669
f 4528 4524 4525
f 1676 4528 4525
f 1801 4526 10670
f 10664 10670 4526
f 10664 10665 10671
f 10664 10671 10670
f 1802 10665 10666
f 10671 10665 1802
f 1751 10603 1756
f 4482 1803 10602
f 4529 4530 1804
f 4529 4531 4530
f 4531 10672 4530
f 4531 10673 10672
f 4532 10673 4531
f 4532 4531 4529
f 4532 4529 1805
f 1806 10672 10673
f 1806 10673 4533
f 4532 10674 10673
f 10674 4533 10673
f 10674 4532 10675
f 10675 4532 1805
f 10674 1807 4533
f 1807 10676 4533
f 1806 4533 10676
f 10674 10675 10677
f 1807 10674 10677
f 1806 10676 1657
f 10675 10678 10677
f 1807 10677 10678
f 10675 1805 10679
f 10675 4534 10678
f 4534 10675 10679
f 1807 10680 10676
f 10681 1807 10678
f 10681 10680 1807
f 10682 10681 10678
f 10682 10678 4534
f 4535 1657 10676
f 10680 4536 10676
f 4535 10676 4536
f 10680 4537 4536
f 10681 4537 10680
f 10681 10683 4537
f 10683 10681 10682
f 1657 4535 10400
f 10400 4535 4538
f 4538 4535 4536
f 4537 4538 4536
f 10684 10682 4534
f 4534 10679 1808
f 10684 4534 1808
f 10684 4539 10682
f 10683 10682 4539
f 4537 1809 4538
f 10683 1809 4537
f 10683 4539 1809
f 4538 10401 10400
f 4538 10685 10401
f 1809 10685 4538
f 1809 10401 10685
f 10686 10684 1808
f 10686 4540 10684
f 10684 4540 4539
f 4539 4540 786
f 4539 786 1809
f 786 4540 4541
f 10686 4541 4540
f 1809 10405 10401
f 1809 10687 10405
f 1809 786 10687
f 786 4541 4542
f 4541 10688 4542
f 4541 10686 10688
f 786 10689 10687
f 786 4543 10689
f 786 4542 4543
f 4326 10687 10689
f 10405 10687 4326
f 10689 4543 4544
f 4544 4543 4542
f 4542 10688 10690
f 4542 10690 4544
f 4545 10689 4544
f 4326 10689 4545
f 10686 4546 10688
f 10688 1810 10690
f 10688 4546 1810
f 1665 4544 10690
f 4545 4544 4547
f 1665 4547 4544
f 4548 4545 4547
f 4326 4545 4548
f 4326 4548 4328
f 1665 10690 10691
f 10690 1811 10691
f 10690 1810 1811
f 4331 4547 1665
f 4548 4547 4331
f 4328 4548 10421
f 4548 4331 10421
f 10691 772 1665
f 10691 10692 772
f 10691 1812 10692
f 10691 1811 1812
f 1810 10693 1811
f 1812 1811 10693
f 787 1812 10693
f 1810 10694 10693
f 787 10693 1813
f 1813 10693 10694
f 1813 10694 1814
f 10695 1813 1814
f 787 1813 10695
f 10695 1814 10696
f 1815 787 10695
f 1815 10695 10696
f 1815 1816 787
f 1815 10696 1817
f 1814 10697 10696
f 4549 10696 10697
f 4549 1817 10696
f 1815 1817 10698
f 1815 1818 1816
f 1818 1815 10698
f 1814 10694 10699
f 1814 10699 10700
f 4550 1814 10700
f 1814 4550 10697
f 1818 1819 1816
f 10701 10698 1817
f 1817 10702 10701
f 1817 4549 10702
f 10703 10697 4550
f 10703 10704 10697
f 10704 4549 10697
f 10704 10705 4549
f 10705 10702 4549
f 10699 4551 10700
f 4551 10706 10700
f 4550 10700 10706
f 10707 10703 4550
f 10707 4550 10706
f 10701 10702 4552
f 10708 4552 10702
f 10705 10708 10702
f 10709 10703 10707
f 10709 4553 10703
f 4553 10704 10703
f 4553 10710 10704
f 10710 10705 10704
f 10710 4554 10705
f 10711 10705 4554
f 10711 10708 10705
f 10708 10712 4552
f 10711 10712 10708
f 4551 4555 10706
f 10713 10706 4555
f 10713 10707 10706
f 4556 10709 10707
f 4556 10707 10713
f 1820 4554 10710
f 1820 10711 4554
f 10714 10710 4553
f 1820 10710 10714
f 10715 4553 10709
f 4557 10709 4556
f 4557 10715 10709
f 10715 4558 4553
f 10714 4553 4558
f 10716 10713 4555
f 4556 10713 10716
f 4556 10716 4559
f 4557 4556 4559
f 10711 4560 10712
f 10717 4560 10711
f 1820 10717 10711
f 10715 4561 4558
f 10714 4558 4561
f 10714 4561 10718
f 1820 10714 10718
f 10715 10719 4561
f 10719 10715 4557
f 4557 4559 788
f 10719 4557 788
f 1820 10718 1821
f 10720 10717 1820
f 1822 10717 10720
f 1822 4562 10717
f 10717 4562 4560
f 4563 4560 4562
f 4563 4562 1822
f 4563 10712 4560
f 10720 1820 1821
f 4563 10721 10712
f 10712 10721 4564
f 10712 4564 4552
f 4564 4565 4552
f 4564 1823 4565
f 10701 4552 4565
f 10722 4565 1823
f 10722 10723 4565
f 10724 4565 10723
f 10724 10701 4565
f 4566 10724 10723
f 4566 10723 10722
f 10701 10724 10698
f 10698 10724 10725
f 4566 10725 10724
f 4566 10722 1824
f 10698 10725 1825
f 1825 10725 10726
f 10726 10725 4566
f 10726 4566 10727
f 4566 4567 10727
f 4566 1824 4567
f 4568 10727 4567
f 4568 10726 10727
f 1818 10698 1825
f 1818 1825 10728
f 1825 10726 10729
f 10728 1825 10729
f 4568 10730 10726
f 4569 10726 10730
f 4569 10729 10726
f 4570 4568 4567
f 4570 10730 4568
f 10728 10729 10731
f 4569 10731 10729
f 4570 4567 4571
f 1818 10728 1826
f 1686 10728 10731
f 10728 1686 1826
f 1818 1826 1819
f 4570 10732 10730
f 4572 10730 10732
f 4572 4569 10730
f 4569 10733 10731
f 4572 10733 4569
f 1686 10731 10734
f 10733 10734 10731
f 4573 4570 4571
f 4570 10735 10732
f 4570 4573 10735
f 10732 10735 1827
f 10732 1827 4572
f 4573 4571 1828
f 1686 1688 1826
f 779 1826 1688
f 779 1819 1826
f 4573 1828 10736
f 4573 10736 10735
f 10735 10736 1829
f 10735 1829 1827
f 4572 1827 10467
f 4572 10466 10733
f 4572 10467 10466
f 10467 1827 1829
f 10733 4373 10734
f 10466 4373 10733
f 4373 10470 10734
f 10470 1686 10734
f 10467 1829 10468
f 1802 10666 10667
f 10667 10668 4574
f 10667 4574 1802
f 1800 4575 4527
f 10668 4527 4575
f 1801 10440 10669
f 10440 1676 10669
f 10668 4575 10737
f 10668 1830 4574
f 10668 10737 1830
f 10670 4576 1801
f 10671 4576 10670
f 10671 10738 4576
f 10671 1802 10738
f 1802 4574 10739
f 1802 10739 10738
f 1830 10739 4574
f 1676 4358 4528
f 10738 10739 4577
f 10738 4577 4576
f 1830 1668 10739
f 1668 4577 10739
f 1668 4578 4577
f 4576 4577 1831
f 1831 4577 4578
f 4576 1831 1801
f 1801 10437 10440
f 1668 10436 4578
f 10436 1831 4578
f 1831 10436 10437
f 1831 4579 1801
f 1831 10437 4579
f 1801 4579 10437
f 4358 10456 4528
f 4528 10456 4362
f 4528 4362 4524
f 4362 1680 4524
f 10716 4555 4580
f 1832 4580 4555
f 1832 4555 4551
f 10740 1832 4551
f 10740 10741 1832
f 10699 10740 4551
f 10741 10740 4581
f 10699 4581 10740
f 10741 4581 1833
f 10699 10742 4581
f 10694 10742 10699
f 4582 1833 4581
f 10743 4581 10742
f 10743 4582 4581
f 10694 1810 10742
f 10743 10742 1810
f 4582 4583 1833
f 4584 4583 4582
f 10744 4582 10743
f 10744 4584 4582
f 4584 1805 4583
f 1805 4584 10744
f 4585 10744 10743
f 10743 1810 4546
f 4585 10743 4546
f 1805 10744 10679
f 10744 1808 10679
f 10744 4585 1808
f 10686 4585 4546
f 10686 1808 4585
f 10490 789 10494
f 10490 1700 789
f 1700 1702 789
f 1711 789 1702
f 1711 1788 789
f 1834 10745 1835
f 1834 10746 10745
f 10747 10746 1834
f 10746 4586 10745
f 10746 4587 4586
f 10747 10748 10746
f 10748 4587 10746
f 10748 10747 1836
f 1837 4586 4587
f 1837 4587 10749
f 10748 10750 4587
f 10749 4587 4588
f 4587 10750 4588
f 10748 1838 10750
f 10748 10751 1838
f 10748 1836 10751
f 10751 1836 10752
f 1838 10751 10753
f 10751 10752 10753
f 790 1837 10749
f 10754 4588 10750
f 10755 10750 1838
f 10754 10750 10755
f 10749 4588 1839
f 10754 1839 4588
f 790 10749 10756
f 10757 10749 1839
f 10757 10756 10749
f 10754 10757 1839
f 10753 10752 4589
f 10753 4589 10758
f 10759 10753 10758
f 1838 10753 10759
f 10755 10760 10754
f 10761 10754 10760
f 10761 10757 10754
f 10762 10756 10757
f 10762 10757 10761
f 790 10756 10763
f 10762 10763 10756
f 790 10763 10764
f 10765 10763 10762
f 10761 10765 10762
f 1840 10758 4589
f 10759 10758 4590
f 1840 10766 10758
f 10766 4590 10758
f 10761 791 10765
f 10761 4591 791
f 10761 10760 4591
f 10767 10764 10763
f 10768 4591 10760
f 10755 10768 10760
f 4592 10766 1840
f 791 4591 10769
f 10768 10770 4591
f 10770 10769 4591
f 791 10769 10771
f 791 4593 10765
f 791 10771 4593
f 10772 10768 10755
f 10773 10768 10772
f 10773 10770 10768
f 10770 10774 10769
f 10774 10770 10773
f 10769 4594 10771
f 4594 4593 10771
f 10769 4595 4594
f 10769 10775 4595
f 10769 10774 10775
f 10772 10755 10776
f 10755 1838 10776
f 10777 4595 10775
f 4594 4595 10777
f 4593 4594 10778
f 4594 10777 10778
f 10774 10773 10779
f 792 10773 10772
f 10779 10773 792
f 10780 10775 10774
f 10780 10774 10779
f 10777 10775 10781
f 10780 10781 10775
f 10772 10776 10782
f 1838 10782 10776
f 10782 1838 10759
f 4596 10780 10779
f 10779 792 10783
f 4596 10779 10783
f 10784 10780 4596
f 10780 10784 10781
f 10785 10777 10781
f 10785 4597 10777
f 10777 4597 793
f 10777 793 10778
f 10786 10785 10781
f 10786 10781 10784
f 10787 10783 792
f 4596 10783 10787
f 10784 4596 10788
f 10786 10784 10788
f 4596 10787 10789
f 10788 4596 10789
f 10790 793 4597
f 10790 4597 10785
f 10790 10785 10791
f 10785 10792 10791
f 10785 10786 10792
f 794 10792 10786
f 10786 10788 794
f 10788 10789 10793
f 10794 10788 10793
f 10794 794 10788
f 10789 10787 10795
f 10793 10789 4598
f 10789 10795 4598
f 10793 4598 10796
f 10796 10794 10793
f 10797 10791 10792
f 794 10798 10792
f 10798 10797 10792
f 10799 10798 794
f 10799 794 10794
f 10797 10800 10791
f 10791 4599 10790
f 10791 10800 4599
f 10801 10796 4598
f 10801 4598 10795
f 10796 4600 10794
f 10802 10794 4600
f 10802 10799 10794
f 4600 10796 10803
f 10801 10803 10796
f 10804 10799 10802
f 10804 10798 10799
f 10798 4601 10797
f 10804 4601 10798
f 10805 10797 4601
f 10797 10806 10800
f 10797 10805 10806
f 10800 10806 10807
f 10800 10807 4599
f 4600 10803 10808
f 10808 10802 4600
f 10805 4601 10809
f 10809 4601 10804
f 10810 10807 10806
f 10810 10806 10805
f 1841 10808 10803
f 10801 10811 10803
f 1841 10803 10811
f 10804 10802 4602
f 4602 10812 10804
f 10809 10804 10812
f 10805 10809 795
f 10810 10805 10813
f 10805 795 10813
f 10814 795 10809
f 10814 10809 10812
f 10814 10812 10815
f 4602 10815 10812
f 10810 4603 10807
f 10816 4603 10810
f 10816 10810 10813
f 10817 795 10814
f 10817 10818 795
f 10813 795 10818
f 10813 10818 10819
f 10816 10813 10819
f 10814 10815 4604
f 10817 10814 4604
f 4602 10820 10815
f 4604 10815 10820
f 10818 10821 10819
f 10816 10819 10821
f 10822 10818 10817
f 10823 10822 10817
f 10817 4604 10823
f 10818 10824 10821
f 10822 10824 10818
f 4604 10820 10825
f 10823 4604 10825
f 10816 10821 10826
f 10816 10826 10827
f 10816 10828 4603
f 10816 10827 10828
f 1842 10821 10824
f 1842 10824 10822
f 10829 10826 10821
f 10829 10821 1842
f 10829 10827 10826
f 10823 10830 10822
f 10823 10825 10831
f 10831 10830 10823
f 4605 10822 10830
f 4605 10832 10822
f 1842 10822 10832
f 10833 10829 1842
f 10832 10833 1842
f 10829 4606 10827
f 10834 10827 4606
f 10834 10828 10827
f 4605 10835 10832
f 10832 10835 10833
f 4607 4605 10830
f 10831 10836 10830
f 4607 10830 10836
f 4605 10837 10835
f 4607 10837 4605
f 10833 10838 10829
f 1843 10833 10835
f 10838 10833 1843
f 10839 10835 10837
f 1843 10835 10839
f 10839 10837 4608
f 4608 10837 10840
f 4607 10840 10837
f 10838 1843 10841
f 4608 10840 1844
f 4609 10840 4607
f 10842 10840 4609
f 1844 10840 10842
f 10838 10841 1845
f 10838 1845 10843
f 10843 10829 10838
f 1844 10842 4610
f 4609 10844 10842
f 10844 4610 10842
f 10843 4611 10829
f 10845 10843 1845
f 4611 10843 10845
f 10845 1845 1846
f 4606 10829 4611
f 10844 10846 4610
f 4611 10845 4612
f 4611 4612 1847
f 10847 4606 4611
f 4611 1847 10847
f 10844 10848 10846
f 10847 1847 796
f 10847 1848 4606
f 10834 4606 1848
f 10834 1848 10847
f 10847 796 10849
f 10834 10847 10849
f 10849 796 10850
f 10851 10834 10849
f 10834 10851 10828
f 10849 10850 10852
f 10853 10849 10852
f 10851 10849 10853
f 10828 10851 797
f 10853 797 10851
f 10828 797 4603
f 10853 10854 797
f 10855 10853 10852
f 10855 10854 10853
f 10854 10856 797
f 4603 797 10856
f 10857 10852 10850
f 10858 10852 10857
f 10858 10855 10852
f 10857 10850 10859
f 4603 10856 10807
f 10854 4613 10856
f 10860 10854 10855
f 10860 4613 10854
f 10861 10860 10855
f 10861 10855 10858
f 10856 4613 4614
f 10856 4599 10807
f 10856 4614 4599
f 10860 10862 4613
f 4614 4613 10862
f 10860 10861 10862
f 10857 10859 798
f 10863 10858 10857
f 10857 798 10863
f 10864 10861 10858
f 10863 10864 10858
f 10862 10861 10865
f 10864 10865 10861
f 4614 10862 10866
f 10866 4599 4614
f 10866 10790 4599
f 10862 10865 4615
f 793 10862 4615
f 793 10866 10862
f 10790 10866 793
f 10767 10863 798
f 10767 10867 10863
f 10867 10864 10863
f 10868 10865 10864
f 10867 10868 10864
f 10869 4615 10865
f 10868 10870 10865
f 10869 10865 10870
f 10778 793 4615
f 10778 4615 10869
f 10767 10763 10867
f 10763 10868 10867
f 10871 10870 10868
f 10763 10871 10868
f 4593 10869 10870
f 4593 10778 10869
f 10871 10872 10870
f 4593 10870 10872
f 10872 10871 10765
f 10765 10871 10763
f 10872 10765 4593
f 10772 10782 10873
f 792 10772 10873
f 10873 10782 10874
f 10782 10759 10874
f 10873 10874 10875
f 10876 10873 10875
f 10876 792 10873
f 10875 10874 10877
f 10877 10874 10759
f 10787 792 10876
f 10877 10759 4590
f 10875 10877 10878
f 4616 10875 10878
f 4616 10876 10875
f 10795 10787 10876
f 10795 10876 4616
f 10879 10877 4590
f 10878 10877 10879
f 10878 10879 10880
f 10881 10878 10880
f 10881 4616 10878
f 10882 10795 4616
f 10882 4616 10881
f 10883 10880 10879
f 10883 10881 10880
f 799 10882 10881
f 10883 799 10881
f 10801 10795 10882
f 799 10884 10882
f 10884 10801 10882
f 10879 4590 4617
f 10883 10879 10885
f 4617 10885 10879
f 10884 799 10886
f 10886 799 10883
f 10883 10885 10887
f 10886 10883 10888
f 10883 10887 10888
f 10885 4617 10889
f 10885 10889 10887
f 10890 10888 10887
f 10890 10887 10889
f 10884 4618 10801
f 4618 10884 10891
f 10884 10886 10891
f 10801 4618 10811
f 10890 10889 4619
f 4617 4619 10889
f 10886 10892 10891
f 10886 4620 10892
f 10888 4620 10886
f 10890 10893 10888
f 10888 10893 4620
f 10811 4618 10894
f 4618 10891 10894
f 4621 10894 10891
f 4621 10891 10892
f 10895 10890 4619
f 10895 10896 10890
f 10896 10893 10890
f 10811 10894 10897
f 10897 10894 4621
f 1841 10811 10897
f 10898 10892 4620
f 10892 10899 4621
f 10892 10898 10899
f 10898 4620 10900
f 10900 4620 10893
f 10896 10901 10893
f 10900 10893 10901
f 10902 4621 10899
f 10897 4621 10902
f 10903 10896 10895
f 10896 10904 10901
f 10896 10903 10904
f 10898 10900 1849
f 1849 10900 10901
f 1849 10901 10904
f 10905 10899 10898
f 10898 1849 10905
f 800 10902 10899
f 10905 800 10899
f 4622 10897 10902
f 4622 10906 10897
f 1841 10897 10906
f 800 4622 10902
f 10907 4622 800
f 10907 800 10905
f 10906 4622 10908
f 10907 10908 4622
f 10906 10908 10909
f 4623 10909 10908
f 10908 10907 4623
f 10907 10910 4623
f 10907 10911 10910
f 10907 10905 10911
f 10911 10905 1850
f 10910 10912 4623
f 4623 10912 10909
f 10913 10910 10911
f 10911 1850 10913
f 10914 10906 10909
f 4624 10909 10912
f 4624 10914 10909
f 10914 1841 10906
f 10913 1850 10848
f 10910 10915 10912
f 10916 10912 10915
f 10916 4624 10912
f 10917 10915 10910
f 10913 4625 10910
f 10917 10910 4625
f 10913 10848 10918
f 10918 4625 10913
f 801 10916 10915
f 801 10915 10917
f 10914 4624 10919
f 4624 10820 10919
f 4624 10916 10820
f 10914 10919 10920
f 10808 10914 10920
f 10808 1841 10914
f 10916 801 10825
f 10916 10825 10820
f 10844 10918 10848
f 10921 801 10917
f 10825 801 10921
f 10922 10917 4625
f 10921 10917 10922
f 10918 10923 4625
f 10922 4625 10923
f 10918 10844 10924
f 10918 10924 10923
f 10802 10920 10919
f 10808 10920 10802
f 4602 10919 10820
f 10802 10919 4602
f 10922 10923 10924
f 10825 10921 10831
f 4609 10924 10844
f 10836 10831 10921
f 10925 10921 10922
f 10836 10921 10925
f 10925 10922 10926
f 10922 10924 10926
f 10927 10926 10924
f 10927 10924 4609
f 4607 10836 10925
f 4607 10925 10926
f 4607 10926 10927
f 4609 4607 10927
f 10766 4617 4590
f 4617 10766 4619
f 4619 10766 10895
f 4592 10895 10766
f 10903 10895 4592
f 10928 10929 1851
f 1851 10929 10930
f 10929 10931 10930
f 4626 10932 802
f 10932 10933 802
f 10932 10934 10933
f 1852 10935 4627
f 10934 1853 10933
f 10934 4628 1853
f 1852 4628 10934
f 10936 1852 4627
f 10936 10937 1852
f 10937 4628 1852
f 10933 1853 4629
f 802 10933 10938
f 10933 4629 10938
f 4628 10939 1853
f 1853 10940 4629
f 1853 10939 10940
f 4628 10941 10939
f 10937 10941 4628
f 4630 10937 10936
f 4630 10942 10937
f 10942 10941 10937
f 4629 10940 10943
f 10938 4629 10944
f 4629 10943 10944
f 10941 4631 10939
f 10939 4632 10940
f 10939 4631 4632
f 10940 4632 10945
f 10940 10945 10943
f 10941 4633 4631
f 10942 4633 10941
f 1854 10942 4630
f 1854 4633 10942
f 1854 4630 10946
f 10944 10943 10947
f 10943 4634 10947
f 10943 10945 4634
f 4633 803 4631
f 4631 10948 4632
f 4631 803 10948
f 4632 10948 10949
f 4632 10949 10945
f 10945 10949 10950
f 10945 10950 4634
f 4633 10951 803
f 1854 10951 4633
f 4635 1854 10946
f 4635 10952 1854
f 10952 10951 1854
f 10953 4634 10950
f 10953 10954 4634
f 10947 4634 10954
f 10951 4636 803
f 803 4637 10948
f 803 4636 4637
f 10948 4637 10955
f 10948 10955 10949
f 10949 10955 4638
f 10949 4638 10950
f 10956 10953 10950
f 10956 10950 4638
f 10951 4639 4636
f 10952 4639 10951
f 10957 10952 4635
f 10957 4639 10952
f 4640 10953 10956
f 4640 10958 10953
f 10958 10954 10953
f 4639 10959 4636
f 4636 10960 4637
f 4636 10959 10960
f 4637 10960 10961
f 4637 10961 10955
f 10955 10961 10962
f 10955 10962 4638
f 10963 10956 4638
f 10963 4638 10962
f 10964 4640 10956
f 10964 10956 10963
f 4639 10965 10959
f 10957 10965 4639
f 10966 4640 10964
f 10966 4641 4640
f 4641 10958 4640
f 10967 4641 10966
f 10967 10968 4641
f 4641 10969 10958
f 10968 10969 4641
f 10970 10968 10967
f 10970 4642 10968
f 10968 10971 10969
f 4642 10971 10968
f 10972 4642 10970
f 10972 4643 4642
f 4642 10973 10971
f 4643 10973 4642
f 10973 10974 10971
f 10971 10975 10969
f 10971 10974 10975
f 10976 4643 10972
f 10976 4626 4643
f 4643 802 10973
f 4626 802 4643
f 802 10938 10973
f 10973 10938 10974
f 10938 10944 10974
f 10974 4644 10975
f 10974 10944 4644
f 10975 4644 10977
f 10969 10975 10977
f 10944 10947 4644
f 4644 10947 10954
f 4644 10954 10977
f 10969 10977 10958
f 10958 10977 10954
f 10978 10979 4645
f 1855 10978 4645
f 1855 4645 4646
f 10980 1855 4646
f 4647 10980 4646
f 4647 4646 4648
f 1856 4647 4648
f 10981 1856 4648
f 804 10981 4648
f 804 4648 4649
f 10982 804 4649
f 10982 4649 10983
f 1857 10982 10983
f 4650 1857 10983
f 4650 10983 10984
f 805 4650 10984
f 805 10984 4651
f 1858 805 4651
f 1858 4651 4652
f 10985 1858 4652
f 10986 10985 4652
f 10986 4652 4653
f 4654 10986 4653
f 1859 4654 4653
f 806 1859 4653
f 806 4653 4655
f 10987 806 4655
f 4656 10987 4655
f 1860 4656 4655
f 1860 4655 4657
f 4657 4658 1860
f 10988 4658 4657
f 807 10988 4657
f 807 4657 4659
f 807 4659 4660
f 807 4660 10989
f 4659 4661 4660
f 10989 4660 4662
f 4662 4660 1861
f 4660 4661 1862
f 1861 4660 4663
f 4660 1862 4663
f 1861 4663 4664
f 4661 10990 1862
f 4661 4665 10990
f 1862 10990 4666
f 4663 1862 4667
f 1862 4666 4667
f 4663 10991 4664
f 10991 4663 808
f 808 4663 4668
f 4663 4667 4668
f 10990 4669 4666
f 10990 10992 4669
f 4665 10992 10990
f 4667 4666 809
f 4666 10993 809
f 4666 4669 10993
f 4667 809 1863
f 4668 4667 1863
f 10928 10993 4669
f 10992 10928 4669
f 808 4668 1864
f 1863 809 10994
f 809 10995 10994
f 809 10993 10995
f 1851 10995 10993
f 10928 1851 10993
f 4668 4670 1864
f 4670 4668 10996
f 10996 4668 4671
f 4668 1863 4671
f 1863 10994 10997
f 4671 1863 10997
f 10997 10994 1865
f 10994 4672 1865
f 10994 10995 4672
f 10995 1866 4672
f 10995 10998 1866
f 1851 10998 10995
f 1851 10930 10998
f 10996 4671 10999
f 10999 4671 1867
f 4671 10997 4673
f 1867 4671 4673
f 10997 1865 1868
f 4673 10997 1868
f 10998 10930 4674
f 10998 4674 1866
f 1868 1865 11000
f 1865 11001 11000
f 1865 4672 11001
f 4672 1866 11002
f 4672 11002 11001
f 1866 4674 11003
f 1866 11003 11002
f 11000 11001 4675
f 11002 4675 11001
f 1867 4673 810
f 810 4673 4676
f 4673 1868 4676
f 1868 11000 11004
f 4676 1868 11004
f 11004 11000 4677
f 11000 4675 4677
f 11002 11005 4675
f 11002 4678 11005
f 11002 11003 4678
f 4677 4675 11006
f 11005 11006 4675
f 4674 11007 11003
f 11003 4679 4678
f 11003 11007 4679
f 810 4676 4680
f 4680 4676 11008
f 4676 11004 11008
f 11004 4677 4681
f 11008 11004 4681
f 4681 4677 811
f 4677 11006 811
f 11005 1869 11006
f 11005 11009 1869
f 11005 4678 11009
f 4678 4679 812
f 4678 812 11009
f 811 11006 4682
f 11006 11010 4682
f 11006 1869 11010
f 11007 4683 4679
f 4679 11011 812
f 4679 4683 11011
f 1869 11009 4684
f 1869 4684 11010
f 11009 812 4685
f 11009 4685 4684
f 4680 11008 1870
f 812 11011 4686
f 812 4686 4685
f 813 4687 11012
f 11012 4687 4688
f 4687 11013 4688
f 813 4689 4687
f 11014 4689 813
f 11013 4687 4690
f 4687 1871 4690
f 4687 4691 1871
f 4689 4691 4687
f 11013 4690 814
f 4689 11014 11015
f 11016 814 4690
f 4692 4690 1871
f 11016 4690 4692
f 4691 815 1871
f 4692 1871 4693
f 4693 1871 815
f 4691 4694 815
f 1872 4694 4691
f 4689 1872 4691
f 1873 4689 11015
f 4692 4695 11016
f 4694 11017 815
f 4696 815 11017
f 4693 815 4696
f 1874 4693 4696
f 4645 4693 1874
f 4645 4692 4693
f 816 4692 4645
f 816 11018 4692
f 11018 4695 4692
f 1872 4697 4694
f 4694 4698 11017
f 4697 4698 4694
f 1874 4696 4699
f 4696 11017 4700
f 4699 4696 4700
f 1875 4700 11017
f 11019 11017 4698
f 11019 1875 11017
f 4701 1874 4699
f 4646 1874 4701
f 4646 4645 1874
f 4697 11020 4698
f 11020 11019 4698
f 10979 816 4645
f 4701 4699 4702
f 4702 4699 11021
f 4699 4700 11021
f 4700 10957 11021
f 4700 11022 10957
f 1875 11022 4700
f 1875 4703 11022
f 1875 11023 4703
f 11019 11023 1875
f 11020 11024 11019
f 11024 4704 11019
f 11019 4704 11023
f 1876 4701 4702
f 4648 4701 1876
f 4648 4646 4701
f 4702 11021 4635
f 10957 4635 11021
f 1876 4702 817
f 817 4702 4635
f 11022 4703 10965
f 11022 10965 10957
f 4704 818 11023
f 4703 11023 818
f 10965 4703 4705
f 4703 818 4705
f 4704 4706 818
f 11025 4706 4704
f 11024 11025 4704
f 4707 1876 817
f 4649 1876 4707
f 4649 4648 1876
f 4706 11026 818
f 4705 818 11026
f 4707 817 4708
f 4708 817 10946
f 817 4635 10946
f 10965 4705 10959
f 4705 11026 4709
f 10959 4705 4709
f 11025 11027 4706
f 4706 4710 11026
f 11027 4710 4706
f 4710 11028 11026
f 4709 11026 11028
f 11029 4707 4708
f 10983 4707 11029
f 10983 4649 4707
f 11029 4708 11030
f 4708 10946 4630
f 11030 4708 4630
f 10959 4709 10960
f 4709 11028 11031
f 10960 4709 11031
f 11027 11032 4710
f 4710 11033 11028
f 11032 11033 4710
f 11033 819 11028
f 11031 11028 819
f 1877 11029 11030
f 10984 11029 1877
f 10984 10983 11029
f 1877 11030 1878
f 11030 4630 10936
f 1878 11030 10936
f 10960 11031 10961
f 11031 819 4711
f 10961 11031 4711
f 11032 11034 11033
f 11033 4712 819
f 11034 4712 11033
f 4712 11035 819
f 4711 819 11035
f 11036 1877 1878
f 4651 1877 11036
f 4651 10984 1877
f 11036 1878 11037
f 11037 1878 4627
f 1878 10936 4627
f 10961 4711 10962
f 10962 4711 11038
f 4711 11035 11038
f 11034 11039 4712
f 11039 11040 4712
f 4712 11040 11035
f 11040 1879 11035
f 11038 11035 1879
f 1880 11036 11037
f 4652 11036 1880
f 4652 4651 11036
f 1880 11037 820
f 820 11037 10935
f 11037 4627 10935
f 11038 1879 4713
f 10963 11038 4713
f 10962 11038 10963
f 11040 4714 1879
f 11041 4714 11040
f 11039 11041 11040
f 4714 821 1879
f 4713 1879 821
f 4715 1880 820
f 4653 1880 4715
f 4653 4652 1880
f 4715 820 4716
f 820 10935 11042
f 4716 820 11042
f 4713 821 4717
f 10964 4713 4717
f 10963 4713 10964
f 4714 4718 821
f 11043 4718 4714
f 11041 11043 4714
f 11044 821 4718
f 11044 4717 821
f 1881 4715 4716
f 4655 4715 1881
f 4655 4653 4715
f 1881 4716 11045
f 4716 11042 4719
f 11045 4716 4719
f 11044 11046 4717
f 11046 10966 4717
f 10964 4717 10966
f 11044 4718 11047
f 11047 4718 11048
f 11043 11048 4718
f 11049 11044 11047
f 11049 11046 11044
f 4720 1881 11045
f 4657 1881 4720
f 4657 4655 1881
f 4720 11045 4721
f 4721 11045 11050
f 11045 4719 11050
f 11049 4722 11046
f 4722 10967 11046
f 11046 10967 10966
f 11049 11047 4723
f 4723 11047 11051
f 11047 11048 11051
f 822 11049 4723
f 822 4722 11049
f 1882 4720 4721
f 4659 4720 1882
f 4659 4657 4720
f 1882 4721 823
f 823 4721 4724
f 4721 11050 4724
f 822 4725 4722
f 4725 10970 4722
f 4722 10970 10967
f 822 4723 4726
f 4726 4723 11052
f 4723 11051 11052
f 11053 822 4726
f 11053 4725 822
f 1882 823 4665
f 4659 1882 4661
f 1882 4665 4661
f 823 4727 4665
f 823 11054 4727
f 823 4724 11054
f 11053 4728 4725
f 4728 10972 4725
f 4725 10972 10970
f 11053 4726 4729
f 4729 4726 11055
f 4726 11052 11055
f 1883 11053 4729
f 11056 11053 1883
f 11056 4728 11053
f 11056 1883 11054
f 11054 1883 11057
f 11054 11057 4727
f 11056 11054 4724
f 1883 4729 11057
f 4729 11055 11058
f 11057 4729 11058
f 4665 4727 10992
f 4727 11059 10992
f 4727 11057 11059
f 11057 11058 11059
f 4728 10976 10972
f 11060 4728 11056
f 11060 10976 4728
f 11060 11056 4724
f 11060 4724 11050
f 11058 11055 4730
f 11059 11058 4731
f 11058 4730 4731
f 10992 11059 10928
f 11059 4731 10928
f 4719 11060 11050
f 4719 11061 11060
f 11061 10976 11060
f 4731 4730 824
f 10928 4731 10929
f 4731 824 10929
f 11042 11061 4719
f 11042 1884 11061
f 1884 4626 11061
f 11061 4626 10976
f 11062 1884 11042
f 11062 10932 1884
f 1884 10932 4626
f 11062 11042 10935
f 1852 11062 10935
f 1852 10934 11062
f 11062 10934 10932
f 10929 824 10931
f 4681 811 1885
f 1885 811 4732
f 811 4682 4732
f 4732 4682 11020
f 11010 11020 4682
f 11010 11024 11020
f 11010 11025 11024
f 11010 4684 11025
f 4684 4685 11027
f 4684 11027 11025
f 4685 4686 11032
f 4685 11032 11027
f 11011 11063 4686
f 4686 11034 11032
f 4686 11063 11034
f 1885 4732 4733
f 4732 11020 4697
f 4733 4732 4697
f 11063 11039 11034
f 4733 4697 1872
f 4734 1885 4733
f 4735 4733 1872
f 4734 4733 4735
f 4735 1872 4689
f 1873 4735 4689
f 4736 4734 4735
f 11064 4735 1873
f 4736 4735 11064
f 11063 4737 11039
f 11041 11039 4737
f 1886 4734 4736
f 4734 1886 11065
f 825 4734 11065
f 825 11066 4734
f 11066 1885 4734
f 11067 11066 825
f 11067 11008 11066
f 11066 4681 1885
f 11008 4681 11066
f 11041 4737 11068
f 11043 11041 11068
f 1870 11008 11067
f 11043 11068 4738
f 11048 11043 4738
f 11048 4738 4739
f 4739 4738 11069
f 4738 11070 11069
f 4738 11068 11070
f 11051 11048 4739
f 11051 4739 11071
f 4739 11069 11072
f 11071 4739 11072
f 11068 11073 11070
f 11068 4737 11073
f 11072 11069 11074
f 11069 11075 11074
f 11069 11070 11075
f 11070 11073 4740
f 11070 4740 11075
f 11052 11051 11071
f 11052 11071 4741
f 11071 11072 11076
f 4741 11071 11076
f 11076 11072 11077
f 11072 11074 11077
f 4742 11074 11075
f 11077 11074 4742
f 4742 11075 11078
f 11078 11075 4740
f 11079 11073 4737
f 11080 11073 11079
f 11080 4740 11073
f 11081 11078 4740
f 11081 4740 11080
f 11079 4737 11063
f 11082 11077 4742
f 11076 11077 11082
f 4741 11076 11083
f 11083 11076 11082
f 11084 4742 11078
f 11082 4742 11084
f 11084 11078 11081
f 11055 11052 4741
f 11055 4741 4730
f 4730 4741 11083
f 11085 11082 11084
f 11083 11082 11085
f 11011 11079 11063
f 4683 11079 11011
f 4683 11080 11079
f 11086 11081 11080
f 11086 11080 4683
f 4743 11084 11081
f 4743 11081 11086
f 11085 11084 4743
f 4730 11083 824
f 824 11083 11085
f 10931 11085 4743
f 824 11085 10931
f 1887 4743 11086
f 10931 4743 1887
f 1887 11086 11007
f 11007 11086 4683
f 10930 10931 1887
f 4674 1887 11007
f 10930 1887 4674
f 4744 4745 4746
f 4744 4746 4747
f 11087 4744 4747
f 4746 4748 4747
f 4746 4749 4748
f 11087 4747 11088
f 4747 11089 11088
f 4747 4748 11089
f 4748 4749 11090
f 11089 4748 11091
f 4748 11090 11091
f 4750 11087 11088
f 4751 11088 11089
f 4751 4750 11088
f 4750 4752 11087
f 11092 4751 11089
f 11089 11091 11093
f 11092 11089 11093
f 11091 11094 11093
f 11091 4753 11094
f 11090 4753 11091
f 11090 4754 4753
f 4755 11092 11093
f 4755 11093 11094
f 4753 4754 11095
f 11094 4753 11096
f 4753 11095 11096
f 11097 4755 11094
f 11094 11096 11098
f 11097 11094 11098
f 11096 11099 11098
f 11096 4756 11099
f 11095 4756 11096
f 4757 11097 11098
f 4757 11098 11099
f 11095 4758 4756
f 4758 11100 4756
f 11100 11099 4756
f 11101 4757 11099
f 11100 11102 11099
f 11101 11099 11102
f 4758 11103 11100
f 11100 11103 4759
f 11102 11100 4760
f 11100 4759 4760
f 4761 11101 11102
f 4761 11102 11104
f 11102 4760 11104
f 4760 11105 11104
f 4760 11106 11105
f 4759 11106 4760
f 11107 4761 11104
f 11107 11104 11105
f 4759 11108 11106
f 11106 11108 4762
f 11105 11106 4763
f 11106 4762 4763
f 4764 11107 11105
f 11105 4763 11109
f 4764 11105 11109
f 4763 11110 11109
f 4763 11111 11110
f 4762 11111 4763
f 11112 4764 11109
f 11112 11109 11110
f 4762 11113 11111
f 11114 11112 11110
f 11111 11115 11110
f 11114 11110 11115
f 11111 11116 11115
f 11113 11116 11111
f 11113 11117 11116
f 11118 11114 11115
f 11118 11115 11119
f 11115 11120 11119
f 11115 11116 11120
f 11116 11117 11121
f 11116 11121 11120
f 4765 11118 11119
f 4765 11119 11122
f 11120 11122 11119
f 11120 4766 11122
f 11121 4766 11120
f 11121 4767 4766
f 4767 4768 4766
f 4768 11122 4766
f 4769 4765 11122
f 4769 11122 11123
f 4768 11123 11122
f 4767 4770 4768
f 1888 1889 1890
f 1888 1890 1891
f 1888 1891 11124
f 1888 11124 11125
f 1890 1892 1891
f 1892 11124 1891
f 1890 1893 1892
f 1892 1893 11126
f 1894 11125 11124
f 1892 11127 11124
f 1895 11124 11127
f 1895 1894 11124
f 1894 1896 11125
f 1892 11126 11128
f 1892 11129 11127
f 1892 11128 11129
f 11130 1895 11127
f 11130 11127 11129
f 11126 1897 11128
f 1897 11129 11128
f 11126 1898 1897
f 1899 11130 11129
f 1897 11131 11129
f 1899 11129 11131
f 1897 1898 11132
f 1897 11132 11133
f 1897 11134 11131
f 1897 11133 11134
f 11135 1899 11131
f 11135 11131 11134
f 11132 1900 11133
f 1900 11134 11133
f 11132 1901 1900
f 1902 11135 11134
f 1900 11136 11134
f 1902 11134 11136
f 1901 11137 1900
f 1900 11138 11136
f 1900 11137 11138
f 11139 1902 11136
f 11139 11136 11138
f 1901 11140 11137
f 1903 11139 11138
f 11137 11141 11138
f 1903 11138 11141
f 11137 11140 1904
f 11137 1905 11141
f 11137 1904 1905
f 1904 11142 1905
f 11142 11141 1905
f 11143 1903 11141
f 11143 11141 11144
f 11142 11144 11141
f 1904 11145 11142
f 1906 11143 11144
f 1906 11144 11146
f 11142 11146 11144
f 11142 11145 1907
f 11142 1908 11146
f 11142 1907 1908
f 1907 11147 1908
f 11147 11146 1908
f 11148 1906 11146
f 11148 11146 11149
f 11147 11149 11146
f 1907 11150 11147
f 11151 11148 11149
f 11151 11149 11152
f 11147 11152 11149
f 11147 11150 11153
f 11147 11154 11152
f 11147 11153 11154
f 11155 11151 11152
f 11156 11152 11154
f 11155 11152 11156
f 11153 11157 11154
f 11156 11154 11157
f 11153 11158 11157
f 11158 1909 11157
f 1909 11156 11157
f 1910 11155 11156
f 1910 11156 11159
f 1909 11159 11156
f 11158 1911 1909
f 1911 11160 1909
f 1909 11161 11159
f 1909 11160 11161
f 11162 1910 11159
f 11162 11159 11161
f 1911 11163 11160
f 11163 1912 11160
f 11160 11164 11161
f 11160 1912 11164
f 1913 11162 11161
f 1913 11161 11164
f 11163 1914 1912
f 4771 11165 4772
f 4771 11166 11165
f 11167 11166 4771
f 11166 4773 11165
f 11167 11168 11166
f 11168 4774 11166
f 11166 4774 4773
f 11169 11168 11167
f 11169 11167 4775
f 11168 11170 4774
f 4776 11168 11169
f 4776 11170 11168
f 4774 11170 11171
f 4773 4774 4777
f 4774 11171 4777
f 4778 11171 11170
f 4778 11170 4776
f 4773 4777 4779
f 4777 11172 4779
f 4777 11173 11172
f 11171 11173 4777
f 11174 11171 4778
f 11174 11175 11171
f 11171 11175 11173
f 11173 11175 11176
f 11172 11173 4780
f 11173 11176 4780
f 4781 11176 11175
f 4781 11175 11174
f 11172 4780 4782
f 4780 11177 4782
f 4780 11178 11177
f 11176 11178 4780
f 11179 11176 4781
f 11179 11180 11176
f 11176 11180 11178
f 11178 11180 11181
f 11177 11178 4783
f 11178 11181 4783
f 4784 11181 11180
f 4784 11180 11179
f 11177 4783 4785
f 4783 11182 4785
f 4783 11183 11182
f 11181 11183 4783
f 11184 11181 4784
f 11184 11185 11181
f 11181 11185 11183
f 11183 11185 11186
f 11182 11183 4786
f 11183 11186 4786
f 4787 11186 11185
f 4787 11185 11184
f 11182 4786 4788
f 4786 11187 4788
f 4786 11188 11187
f 11186 11188 4786
f 11189 11186 4787
f 11189 11190 11186
f 11186 11190 11188
f 11188 11190 11191
f 11187 11188 4789
f 11188 11191 4789
f 4790 11191 11190
f 4790 11190 11189
f 11187 4789 4791
f 4789 11192 4791
f 4789 11193 11192
f 11191 11193 4789
f 11194 11191 4790
f 11194 11195 11191
f 11191 11195 11193
f 11193 11195 11196
f 11192 11193 4792
f 11193 11196 4792
f 4793 11196 11195
f 4793 11195 11194
f 11192 4792 4794
f 4792 11197 4794
f 4792 11198 11197
f 11196 11198 4792
f 11199 11196 4793
f 11199 11200 11196
f 11196 11200 11198
f 11198 11200 11201
f 11197 11198 4795
f 11198 11201 4795
f 4796 11201 11200
f 4796 11200 11199
f 11197 4795 4797
f 4797 4795 11202
f 11202 4795 11201
f 11203 11201 4796
f 11203 11204 11201
f 11202 11201 11204
f 4797 11202 11205
f 11205 11202 4798
f 4798 11202 11204
f 4799 11204 11203
f 4798 11204 11206
f 4799 11206 11204
f 11205 4798 4800
f 11207 1915 1916
f 11207 11208 1915
f 1917 11208 11207
f 1915 11208 11209
f 1915 11209 11210
f 11208 11211 11209
f 11208 1918 11211
f 1917 1918 11208
f 11212 1918 1917
f 11213 11211 1918
f 11212 11213 1918
f 1919 11210 11209
f 11214 11209 11211
f 1919 11209 11214
f 11213 11215 11211
f 1920 11211 11215
f 11214 11211 1920
f 1921 11213 11212
f 11216 11213 1921
f 11216 11215 11213
f 11217 11215 11216
f 1920 11215 11217
f 1921 11212 1922
f 11218 11216 1921
f 11219 1921 1922
f 11219 11218 1921
f 11217 11216 1923
f 11218 11220 11216
f 1923 11216 11220
f 1924 11218 11219
f 11221 11218 1924
f 11221 11220 11218
f 11222 11220 11221
f 1923 11220 11222
f 1924 11219 1925
f 11223 11221 1924
f 11224 1924 1925
f 11224 11223 1924
f 11222 11221 1926
f 11223 11225 11221
f 1926 11221 11225
f 1927 11223 11224
f 11226 11223 1927
f 11226 11225 11223
f 11227 11225 11226
f 1926 11225 11227
f 1927 11224 1928
f 11228 11226 1927
f 11229 1927 1928
f 11229 11228 1927
f 11227 11226 1929
f 11228 11230 11226
f 1929 11226 11230
f 1930 11228 11229
f 11231 11228 1930
f 11231 11230 11228
f 11232 11230 11231
f 1929 11230 11232
f 1930 11229 1931
f 11233 11231 1930
f 11234 1930 1931
f 11234 11233 1930
f 11232 11231 1932
f 11233 11235 11231
f 1932 11231 11235
f 1933 11233 11234
f 11236 11233 1933
f 11236 11235 11233
f 11237 11235 11236
f 1932 11235 11237
f 1933 11234 1934
f 11238 11236 1933
f 11239 1933 1934
f 11239 11238 1933
f 11237 11236 1935
f 11238 11240 11236
f 1935 11236 11240
f 1936 11238 11239
f 11241 11238 1936
f 11241 11240 11238
f 11242 11240 11241
f 1935 11240 11242
f 1936 11239 1937
f 1938 11241 1936
f 1939 1936 1937
f 1939 1938 1936
f 11242 11241 1940
f 1938 11243 11241
f 1940 11241 11243
f 11244 1938 1939
f 11245 1938 11244
f 11245 11243 1938
f 1941 11243 11245
f 1940 11243 1941
f 11244 1939 11246
f 11247 11245 11244
f 1942 11244 11246
f 11247 11244 1942
f 1941 11245 11248
f 11248 11245 11247
f 1942 11246 1943
f 11248 11247 1944
f 11249 11250 11251
f 11249 11251 11252
f 11252 11251 11253
f 11252 11253 11254
f 11254 11253 11255
f 11254 11255 11256
f 11257 11258 11259
f 11257 11259 11260
f 11260 11259 11261
f 11260 11261 11262
f 11262 11261 11263
f 11262 11263 11264
f 11265 11266 11267
f 11265 11267 11268
f 11268 11267 11269
f 11268 11269 11270
f 11270 11269 11271
f 11270 11271 11272
f 11273 11274 11275
f 11273 11275 11276
f 11276 11275 11277
f 11276 11277 11278
f 11278 11277 11279
f 11278 11279 11280
f 11281 11282 11283
f 11281 11283 11284
f 11284 11283 11285
f 11284 11285 11286
f 11286 11285 11287
f 11286 11287 11288
f 11289 11290 11291
f 11289 11291 11292
f 11292 11291 11293
f 11292 11293 11294
f 11294 11293 11295
f 11294 11295 11296
f 11297 11298 11299
f 11297 11299 11300
f 11300 11299 11301
f 11300 11301 11302
f 11302 11301 11303
f 11302 11303 11304
f 11305 11306 11307
f 11305 11307 11308
f 11308 11307 11309
f 11308 11309 11310
f 11310 11309 11311
f 11310 11311 11312
f 11313 11314 11315
f 11313 11315 11316
f 11316 11315 11317
f 11316 11317 11318
f 11318 11317 11319
f 11318 11319 11320
f 4801 4802 4803
f 4801 4804 4802
f 11321 4804 4801
f 4802 4804 4805
f 4802 4805 4806
f 11321 11322 4804
f 4804 11323 4805
f 4804 11322 11323
f 4805 11324 4806
f 4805 11325 11324
f 11323 11325 4805
f 4807 11322 11321
f 4808 11322 4807
f 4808 11323 11322
f 4807 11321 4809
f 11326 11323 4808
f 11326 11327 11323
f 11323 11327 11325
f 11325 11327 11328
f 11324 11325 4810
f 11325 11328 4810
f 11324 4810 4811
f 4812 11328 11327
f 4812 11327 11326
f 4810 4813 4811
f 4810 4814 4813
f 11328 4814 4810
f 4815 11328 4812
f 4815 11329 11328
f 11328 11329 4814
f 4814 11329 11330
f 4813 4814 4816
f 4814 11330 4816
f 4817 11330 11329
f 4817 11329 4815
f 4813 4816 4818
f 4818 4816 4819
f 4819 4816 11330
f 4820 11330 4817
f 4820 11331 11330
f 4819 11330 11331
f 4818 4819 4821
f 4819 4822 4821
f 4819 4823 4822
f 11331 4823 4819
f 4824 11331 4820
f 4824 11332 11331
f 11331 11332 4823
f 4823 11332 11333
f 4822 4823 4825
f 4823 11333 4825
f 4826 11333 11332
f 4826 11332 4824
f 4822 4825 4827
f 4825 4828 4827
f 4825 4829 4828
f 11333 4829 4825
f 4830 11333 4826
f 4830 11334 11333
f 11333 11334 4829
f 4829 11334 11335
f 4828 4829 4831
f 4829 11335 4831
f 4832 11335 11334
f 4832 11334 4830
f 4828 4831 4833
f 11336 11335 4832
f 11336 11337 11335
f 4831 11335 11337
f 4831 11337 11338
f 4833 4831 11338
f 4833 11338 11339
f 11340 11337 11336
f 11340 11341 11337
f 11337 11342 11338
f 11337 11341 11342
f 11338 11342 11343
f 11338 11343 11339
f 4834 11341 11340
f 4834 11344 11341
f 11342 11341 11344
f 11342 11344 4835
f 11343 11342 4835
f 11343 4835 4836
f 4836 4835 4837
f 4837 4835 11344
f 4838 11344 4834
f 4838 11345 11344
f 4837 11344 11345
f 4836 4837 4839
f 1945 1946 1947
f 1945 1948 1946
f 1945 11346 1948
f 1945 11347 11346
f 1946 1948 1949
f 1949 1948 11346
f 1946 1949 1950
f 1949 11348 1950
f 1951 11346 11347
f 1949 11346 11349
f 1952 11346 1951
f 1952 11349 11346
f 1951 11347 1953
f 1949 11350 11348
f 1949 11351 11350
f 1949 11349 11351
f 11352 11351 11349
f 11352 11349 1952
f 11348 11350 1954
f 1954 11350 11351
f 11348 1954 1955
f 1956 11351 11352
f 1956 11353 11351
f 1954 11351 11353
f 1954 1957 1955
f 1954 1958 1957
f 1954 11354 1958
f 1954 11353 11354
f 1959 11354 11353
f 1959 11353 1956
f 1957 1958 1960
f 1960 1958 11354
f 1957 1960 1961
f 1962 11354 1959
f 1962 11355 11354
f 1960 11354 11355
f 1961 1960 1963
f 1960 11356 1963
f 1960 11355 11356
f 1964 11356 11355
f 1964 11355 1962
f 1961 1963 1965
f 1966 11356 1964
f 1966 11357 11356
f 1963 11356 11357
f 1963 1967 1965
f 1963 1968 1967
f 1963 11357 1968
f 1967 1968 1969
f 1969 1968 11357
f 1970 11357 1966
f 1970 11358 11357
f 1969 11357 11358
f 1967 1969 1971
f 1972 11358 1970
f 1972 11359 11358
f 1969 11358 11359
f 1969 1973 1971
f 1969 1974 1973
f 1969 11359 1974
f 1973 1974 1975
f 1975 1974 11359
f 1976 11359 1972
f 1976 11360 11359
f 1975 11359 11360
f 1973 1975 1977
f 11361 11360 1976
f 11361 11362 11360
f 1975 11360 11362
f 1975 11363 1977
f 1975 11364 11363
f 1975 11362 11364
f 11365 11362 11361
f 11366 11364 11362
f 11365 11366 11362
f 11363 11364 11367
f 11366 11367 11364
f 11363 11367 11368
f 11368 11367 1978
f 1978 11367 11366
f 1979 11366 11365
f 1979 11369 11366
f 1978 11366 11369
f 11368 1978 1980
f 1980 1978 11370
f 1978 11371 11370
f 1978 11369 11371
f 11372 11371 11369
f 11372 11369 1979
f 1980 11370 11373
f 11373 11370 1981
f 11370 11374 1981
f 11370 11371 11374
f 1982 11374 11371
f 1982 11371 11372
f 11373 1981 1983
f 4840 4841 11375
f 4840 11375 11376
f 11377 4840 11376
f 11376 11375 4842
f 11377 11376 11378
f 11378 11376 4843
f 11376 4842 4843
f 11379 11377 11378
f 11379 4844 11377
f 11378 4843 11380
f 4845 11378 11380
f 4845 11379 11378
f 4843 11381 11380
f 4843 4846 11381
f 4842 4846 4843
f 4847 4845 11380
f 4847 11380 11381
f 4842 4848 4846
f 4846 4848 11382
f 11381 4846 11383
f 4846 11382 11383
f 11384 4847 11381
f 11381 11383 11385
f 11384 11381 11385
f 11383 11386 11385
f 11383 4849 11386
f 11382 4849 11383
f 4850 11384 11385
f 4850 11385 11386
f 11382 4851 4849
f 4849 4851 11387
f 11386 4849 11388
f 4849 11387 11388
f 11389 4850 11386
f 11386 11388 11390
f 11389 11386 11390
f 11388 11391 11390
f 11388 4852 11391
f 11387 4852 11388
f 4853 11389 11390
f 4853 11390 11391
f 11387 4854 4852
f 4852 4854 11392
f 11391 4852 11393
f 4852 11392 11393
f 11394 4853 11391
f 11391 11393 11395
f 11394 11391 11395
f 11393 11396 11395
f 11393 4855 11396
f 11392 4855 11393
f 4856 11394 11395
f 4856 11395 11396
f 11392 4857 4855
f 4855 4857 11397
f 11396 4855 11398
f 4855 11397 11398
f 11399 4856 11396
f 11396 11398 11400
f 11399 11396 11400
f 11398 11401 11400
f 11398 4858 11401
f 11397 4858 11398
f 4859 11399 11400
f 4859 11400 11401
f 11397 4860 4858
f 4858 4860 11402
f 11401 4858 11403
f 4858 11402 11403
f 11404 4859 11401
f 11401 11403 11405
f 11404 11401 11405
f 11403 11406 11405
f 11403 4861 11406
f 11402 4861 11403
f 4862 11404 11405
f 4862 11405 11406
f 11402 4863 4861
f 4861 4863 11407
f 11406 4861 11408
f 4861 11407 11408
f 11409 4862 11406
f 11406 11408 11410
f 11409 11406 11410
f 11408 11411 11410
f 11408 4864 11411
f 11407 4864 11408
f 4865 11409 11410
f 4865 11410 11411
f 11407 4866 4864
f 4866 11412 4864
f 11412 11411 4864
f 11413 4865 11411
f 11412 11414 11411
f 11413 11411 11414
f 4866 11415 11412
f 11415 4867 11412
f 4867 11414 11412
f 4868 11413 11414
f 4867 11416 11414
f 4868 11414 11416
f 11415 4869 4867
f 11417 1984 1985
f 11417 1985 11418
f 1986 11417 11418
f 1985 11419 11418
f 1985 11420 11419
f 11418 11419 11421
f 1986 11418 1987
f 11418 11421 1987
f 11422 1986 1987
f 11423 1987 11421
f 11422 1987 11423
f 1988 11419 11420
f 1988 11424 11419
f 11424 11421 11419
f 11423 11421 11425
f 1989 11425 11421
f 11424 1989 11421
f 1990 11422 11423
f 11426 11423 11425
f 11426 1990 11423
f 11427 11426 11425
f 1989 11427 11425
f 1990 1991 11422
f 11428 1990 11426
f 11429 1990 11428
f 11429 1991 1990
f 11427 1992 11426
f 11428 11426 11430
f 1992 11430 11426
f 1993 11429 11428
f 11431 11428 11430
f 11431 1993 11428
f 11432 11431 11430
f 1992 11432 11430
f 1993 1994 11429
f 11433 1993 11431
f 11434 1993 11433
f 11434 1994 1993
f 11432 1995 11431
f 11433 11431 11435
f 1995 11435 11431
f 1996 11434 11433
f 11436 11433 11435
f 11436 1996 11433
f 11437 11436 11435
f 1995 11437 11435
f 1996 1997 11434
f 11438 1996 11436
f 11439 1996 11438
f 11439 1997 1996
f 11437 1998 11436
f 11438 11436 11440
f 1998 11440 11436
f 1999 11439 11438
f 11441 11438 11440
f 11441 1999 11438
f 11442 11441 11440
f 1998 11442 11440
f 1999 2000 11439
f 11443 1999 11441
f 11444 1999 11443
f 11444 2000 1999
f 11442 2001 11441
f 11443 11441 11445
f 2001 11445 11441
f 2002 11444 11443
f 11446 11443 11445
f 11446 2002 11443
f 11447 11446 11445
f 2001 11447 11445
f 2002 2003 11444
f 11448 2002 11446
f 11449 2002 11448
f 11449 2003 2002
f 11447 2004 11446
f 11448 11446 11450
f 2004 11450 11446
f 2005 11449 11448
f 11451 11448 11450
f 11451 2005 11448
f 11452 11451 11450
f 2004 11452 11450
f 2005 2006 11449
f 2007 2005 11451
f 2008 2005 2007
f 2008 2006 2005
f 11452 2009 11451
f 2007 11451 11453
f 2009 11453 11451
f 11454 2008 2007
f 11455 2007 11453
f 11455 11454 2007
f 2010 11455 11453
f 2009 2010 11453
f 11454 11456 2008
f 11457 11454 11455
f 11457 2011 11454
f 2011 11456 11454
f 2010 11458 11455
f 11458 11457 11455
f 2011 2012 11456
f 11458 2013 11457
f 11459 11460 11461
f 11459 11462 11460
f 11462 11463 11460
f 11462 11464 11463
f 11464 11465 11463
f 11464 11466 11465
f 11467 11468 11469
f 11467 11470 11468
f 11470 11471 11468
f 11470 11472 11471
f 11472 11473 11471
f 11472 11474 11473
f 11475 11476 11477
f 11475 11478 11476
f 11478 11479 11476
f 11478 11480 11479
f 11480 11481 11479
f 11480 11482 11481
f 11483 11484 11485
f 11483 11486 11484
f 11486 11487 11484
f 11486 11488 11487
f 11488 11489 11487
f 11488 11490 11489
f 11491 11492 11493
f 11491 11494 11492
f 11494 11495 11492
f 11494 11496 11495
f 11496 11497 11495
f 11496 11498 11497
f 11499 11500 11501
f 11499 11502 11500
f 11502 11503 11500
f 11502 11504 11503
f 11504 11505 11503
f 11504 11506 11505
f 11507 11508 11509
f 11507 11510 11508
f 11510 11511 11508
f 11510 11512 11511
f 11512 11513 11511
f 11512 11514 11513
f 11515 11516 11517
f 11515 11518 11516
f 11518 11519 11516
f 11518 11520 11519
f 11520 11521 11519
f 11520 11522 11521
f 11523 11524 11525
f 11523 11526 11524
f 11526 11527 11524
f 11526 11528 11527
f 11528 11529 11527
f 11528 11530 11529
f 826 827 4870
f 826 4870 11531
f 11531 4870 4871
f 4871 4870 828
f 4871 828 4872
f 4872 828 829
f 829 828 4873
f 4870 11532 828
f 828 11532 4873
f 11533 11532 4870
f 829 4873 4874
f 4874 4873 11534
f 4873 11532 830
f 11534 4873 830
f 11535 11532 11533
f 11534 830 2014
f 2014 830 831
f 830 11532 2015
f 831 830 2015
f 832 11532 11535
f 831 2015 2016
f 2016 2015 11536
f 11536 2015 833
f 2015 11532 833
f 11536 833 834
f 834 833 11537
f 11537 833 4875
f 833 11532 4875
f 11537 4875 4876
f 4876 4875 835
f 4875 11532 836
f 835 4875 836
f 835 836 2017
f 2017 836 4877
f 836 11532 4878
f 4877 836 4878
f 4877 4878 837
f 837 4878 11538
f 11538 4878 11539
f 11539 4878 838
f 4878 11532 838
f 11539 838 4879
f 4879 838 2018
f 2018 838 11540
f 838 11532 4880
f 11540 838 4880
f 11540 4880 4881
f 4881 4880 839
f 839 4880 840
f 4880 11532 840
f 839 840 11541
f 11541 840 841
f 841 840 842
f 840 11532 842
f 841 842 11542
f 11542 842 4882
f 4882 842 4883
f 842 11532 4883
f 4882 4883 843
f 843 4883 4884
f 4883 11532 844
f 4884 4883 844
f 4884 844 2019
f 2019 844 845
f 844 11532 2020
f 845 844 2020
f 845 2020 2021
f 2021 2020 4885
f 4885 2020 846
f 2020 11532 846
f 4885 846 847
f 847 846 2022
f 846 11532 832
f 2022 846 832
f 2022 832 4886
f 4886 832 848
f 849 11543 850
f 11543 849 2023
f 11543 2023 4887
f 2023 2024 4887
f 2024 2023 851
f 2024 851 4888
f 4888 851 11544
f 851 852 11544
f 853 854 855
f 853 11545 854
f 11545 4889 854
f 4889 11546 854
f 4889 11547 11546
f 854 11546 11548
f 11549 854 11548
f 11547 856 11546
f 11546 4890 11548
f 856 4890 11546
f 11550 11549 11548
f 856 4891 4890
f 4891 11551 4890
f 4890 857 11548
f 11551 857 4890
f 858 11550 11548
f 11551 2025 857
f 2025 859 857
f 857 2026 11548
f 859 2026 857
f 859 2027 2026
f 2027 11552 2026
f 11552 860 2026
f 2026 860 11548
f 11552 861 860
f 861 11553 860
f 11553 4892 860
f 860 4892 11548
f 11553 4893 4892
f 4893 862 4892
f 4892 863 11548
f 862 863 4892
f 862 2028 863
f 2028 11554 863
f 863 4894 11548
f 11554 4894 863
f 11554 864 4894
f 864 4895 4894
f 4895 11555 4894
f 11555 865 4894
f 4894 865 11548
f 11555 4896 865
f 4896 2029 865
f 2029 11556 865
f 11556 4897 865
f 865 4897 11548
f 11556 4898 4897
f 4898 866 4897
f 4897 867 11548
f 866 867 4897
f 866 11557 867
f 11557 868 867
f 868 869 867
f 867 869 11548
f 868 11558 869
f 11558 4899 869
f 4899 4900 869
f 869 4900 11548
f 4899 870 4900
f 870 4901 4900
f 4900 871 11548
f 4901 871 4900
f 4901 2030 871
f 2030 872 871
f 872 2031 871
f 871 2031 11548
f 872 2032 2031
f 2032 4902 2031
f 2031 873 11548
f 4902 873 2031
f 873 858 11548
f 4902 874 873
f 874 2033 873
f 2033 858 873
f 2033 4903 858
f 4903 875 858
f 876 877 11559
f 11559 2034 876
f 11559 4904 2034
f 2034 4904 2035
f 2035 878 2034
f 2035 4905 878
f 4905 11560 878
f 878 11560 879
