# verts=11560 tris=31810
v -8.236464 67.969413 3.652057
v -8.266209 68.530993 2.908249
v -7.980609 69.118595 3.774370
v -8.373265 65.729294 3.497416
v -7.447491 68.664567 2.810322
v -7.455478 69.877765 4.104092
v -7.584810 71.941444 2.358151
v -7.394554 69.842708 4.813859
v -7.433282 71.951224 5.197094
v -7.428929 70.999412 5.157824
v -7.065707 74.590292 4.294048
v -6.887879 75.239250 1.697428
v -6.826474 71.884400 7.281989
v -7.055347 69.334041 6.316344
v -6.511191 72.338865 8.273776
v 1.146445 69.197937 13.323744
v 1.496958 68.445047 13.511238
v 2.621148 68.064779 12.969272
v 1.780048 67.275669 13.739441
v 1.974055 65.940383 14.363847
v -8.659025 69.434212 2.581458
v 7.005800 69.393172 6.372136
v 7.487561 70.952248 5.206034
v 6.903892 71.885969 7.360909
v 6.552575 72.361813 8.363421
v 5.756268 74.030156 10.109202
v 1.124099 65.977133 15.923660
v 0.184059 66.129021 16.566514
v 0.200001 65.103135 15.864416
v 0.127477 64.905815 14.891357
v 4.003772 75.635412 11.815707
v 2.454427 77.883485 10.664881
v 0.035031 79.490686 7.610295
v 0.012340 79.816199 3.146534
v 3.941860 78.271962 0.686237
v 0.003821 78.588356 -0.910896
v 5.627882 77.503627 5.019248
v 1.570419 76.122208 -3.053826
v -1.545764 65.866686 14.344847
v -0.743246 66.001903 15.906267
v -0.795929 67.145680 14.932123
v 4.863753 72.212479 -2.996359
v 0.006024 71.322182 -4.319423
v 2.582806 69.382607 -4.068201
v 0.048368 68.132957 -3.845064
v 3.311709 67.743568 -3.539567
v 6.390555 68.586128 -1.390689
v 0.065727 66.826225 -3.444716
v 3.684234 66.386642 -2.841128
v 0.071209 65.621918 -2.837248
v 3.374215 65.345085 -2.351712
v 0.046221 63.321831 -2.442798
v 0.017687 61.395283 -2.607885
v 4.056516 61.187500 -0.866652
v 0.001356 59.484745 -2.729818
v 0.057382 67.726940 15.563467
v 0.079791 69.143563 14.564810
v 0.935800 68.557029 14.166084
v 0.680362 69.518000 14.067323
v 0.958992 69.827174 13.977550
v 4.894649 59.057211 -1.318383
v 6.175789 58.311155 2.367904
v 3.140325 69.773347 13.079754
v 6.107413 60.678127 2.631751
v 4.472983 57.036926 6.165297
v 4.248888 59.200762 7.038097
v 6.075786 63.038293 5.630468
v 2.635642 59.177894 10.191465
v 4.512160 60.329896 8.991680
v 1.866339 59.386280 12.259924
v 5.225745 69.244591 11.452576
v 6.020881 69.772279 10.059389
v 4.937110 68.392762 11.632397
v 5.212005 67.456314 11.902446
v 3.629578 67.525867 12.855369
v 3.997621 65.946490 12.840786
v 1.343953 59.965197 13.999291
v 0.052870 60.035315 14.435096
v 0.070017 59.282311 13.426282
v 0.077432 59.075378 12.389101
v -1.760654 59.547514 12.370191
v -2.467484 59.460065 10.346949
v -4.234086 59.465718 7.123483
v -4.459960 57.234829 6.215144
v 3.743774 63.657838 12.770994
v 2.290310 64.906071 13.648566
v 2.350101 63.096062 13.253330
v 0.089330 55.704842 9.176992
v 1.875761 61.832232 13.639354
v -2.097801 63.145095 13.195846
v 0.001356 59.484745 -2.729818
v 0.017687 61.395283 -2.607885
v 0.046221 63.321831 -2.442798
v -3.251754 65.361702 -1.814572
v -3.550405 66.402748 -2.159885
v -3.190205 67.758186 -2.933198
v 0.071209 65.621918 -2.837248
v 0.065727 66.826225 -3.444716
v -2.511555 69.390633 -3.729828
v -4.818593 72.223389 -2.801412
v -6.274052 68.614937 -0.686699
v 0.048368 68.132957 -3.845064
v 0.006024 71.322182 -4.319423
v -1.564050 76.122124 -3.054115
v -3.864942 78.292387 0.677321
v -5.478806 77.554881 4.978767
v 0.003821 78.588356 -0.910896
v -6.055403 75.808621 7.463216
v 0.012340 79.816199 3.146534
v -5.756244 74.070026 10.010054
v 0.035031 79.490686 7.610295
v -6.076400 71.461717 9.519525
v -6.320149 69.791689 9.085959
v -6.525715 70.065216 8.280578
v -6.839422 68.120408 7.732438
v -6.831276 67.497714 8.317160
v -6.117550 68.435427 10.326269
v -6.279145 67.342947 10.551434
v -6.624542 66.056371 9.667397
v -0.008474 63.472602 14.113606
v -5.305310 67.353932 11.844318
v -6.404642 63.681394 9.219305
v -5.326522 64.973289 11.659996
v -5.585357 62.778617 10.615771
v -3.880325 63.814592 12.664134
v -3.721383 62.391252 12.365556
v 4.387263 69.221012 12.163157
v -1.856994 61.910501 13.756987
v -3.079827 61.254330 12.786030
v 7.266242 74.510261 4.339262
v 7.923626 71.860519 2.307239
v 7.084902 75.184357 1.720894
v 7.552546 68.689335 2.614385
v 7.210493 67.861568 1.562136
v 6.298900 65.524021 1.313950
v 3.975557 67.937612 12.496223
v 6.643214 65.006617 3.838386
v 7.775033 64.962789 5.067863
v 7.825056 66.019674 4.593166
v 8.434685 65.714932 3.446638
v 3.114726 68.941851 12.974655
v 1.671690 69.217218 12.617020
v 3.864465 70.951229 13.459879
v 6.570891 64.412110 5.708172
v 6.080294 62.808235 2.866091
v 3.964939 62.928015 -0.836322
v 3.830068 72.136191 13.402500
v 2.457568 71.610225 14.271907
v 3.333286 73.376668 13.412585
v 2.761517 73.693027 13.619749
v 4.698018 55.031472 5.862332
v -2.412662 77.919093 10.625376
v -3.993712 75.537997 11.705405
v -5.532767 72.604618 10.842757
v -4.869182 71.220031 12.162930
v -3.828829 72.015358 13.247417
v -5.433305 70.697329 11.130197
v 0.052566 64.365448 14.872776
v -3.794518 70.752668 13.347884
v -1.920225 70.273230 13.954071
v -2.958832 69.569420 12.986843
v -1.492065 69.131063 12.567068
v -2.167356 64.946117 13.599952
v -4.211189 65.942371 12.880798
v -2.471785 67.958013 12.930767
v -3.587637 67.449942 12.887481
v -1.342974 68.374514 13.461551
v -0.781773 68.507870 14.156166
v -1.502047 67.234718 13.704611
v -3.897719 67.778625 12.510735
v -4.942959 68.245256 11.526910
v -6.077088 69.802797 9.913854
v -5.218324 69.065209 11.340355
v -5.054141 70.118150 12.027248
v -7.113387 67.845649 1.928313
v -6.193810 65.542018 1.649059
v -5.757660 66.420180 -0.040800
v -6.587322 65.013009 3.864460
v -6.093756 62.805104 2.868727
v -4.272727 69.002151 12.053288
v -6.152071 60.657842 2.585142
v -6.281851 58.170149 2.226028
v -4.890640 59.050598 -1.343558
v -4.051747 61.194402 -0.904281
v -2.938943 68.751580 12.887467
v 5.095755 70.323088 12.142385
v 5.434869 70.805408 11.248351
v 4.881560 71.350301 12.279588
v 6.067770 71.596690 9.639087
v 6.380030 70.048523 8.761303
v 6.491734 70.215091 8.365849
v -3.929025 62.947837 -0.680491
v -5.765589 67.272484 -0.756834
v 0.006292 75.964906 13.252562
v -7.341826 67.412831 4.772832
v 6.763748 68.169186 7.810585
v 6.659032 67.429399 8.420795
v 6.894295 67.587047 6.805304
v 6.561891 65.951348 8.155733
v 7.186091 66.994608 5.737820
v 0.078383 70.143829 14.279986
v 0.096451 69.805985 14.153506
v -0.481630 69.453658 13.992709
v -0.964432 69.149010 13.260581
v -0.780230 69.745065 13.872394
v 7.375853 67.419528 4.771340
v 8.297531 67.982973 3.573788
v 8.352275 68.523348 2.759504
v 8.766875 69.419690 2.454039
v 0.007685 71.876493 14.443128
v 5.877987 67.247971 -1.545737
v 5.857677 66.413536 -0.728296
v 7.533013 69.845536 4.096239
v 7.400650 69.817577 4.846542
v 7.585223 71.997071 5.247001
v 8.042979 69.103699 3.720256
v 6.119824 75.781018 7.529547
v 5.524565 72.554379 10.962047
v 0.078654 58.573519 10.495906
v 2.042907 70.410616 14.023444
v 0.002611 73.748770 13.926256
v 0.002620 74.178073 13.857005
v 0.077787 58.878625 11.529796
v 1.065327 67.216756 14.942366
v 5.980167 68.539080 10.432133
v 6.029088 67.395065 10.653664
v 6.285654 66.060413 9.766431
v 5.062924 64.911417 11.683060
v 6.132319 63.572867 9.337097
v 6.410875 63.407649 7.687316
v 5.222511 62.709013 10.727287
v -2.413739 71.471540 14.159720
v -2.756277 73.565773 13.403609
v -3.327981 73.246431 13.198111
v 3.520597 62.260535 12.421976
v 2.982742 61.078768 12.786505
v 0.026373 61.892414 14.248675
v 0.041045 60.933402 14.470322
v -1.244989 60.065064 14.132644
v -7.709078 65.006492 5.085525
v -7.746624 66.066889 4.633973
v -4.488120 60.752140 9.052860
v -6.140337 62.999993 5.605761
v -6.517707 63.529650 7.585197
v -6.778834 65.928916 8.075360
v -6.533881 64.544969 5.672085
v -6.940387 67.509485 6.761245
v -7.143976 66.989102 5.748508
v 1.682732 69.284287 12.671706
v 0.196576 65.902954 16.557243
v 0.028210 79.703163 5.891846
v 5.551717 77.403733 1.247212
v 0.006562 73.072449 -4.333338
v 6.389958 72.076042 -1.738137
v 0.001131 58.335396 -3.050115
v 5.245059 58.640827 -1.445955
v 8.578832 56.298734 -1.625953
v 3.146317 69.813052 13.139046
v 5.216049 55.329793 5.287466
v 5.747580 61.453947 4.915221
v 3.777038 60.378772 11.068318
v 2.921314 65.975276 13.356802
v 0.056178 59.734425 14.290161
v -2.810882 58.773924 8.801707
v 3.037274 63.135830 13.098586
v 0.006508 62.775741 14.812173
v -8.825636 55.999657 -1.990598
v 0.001131 58.335396 -3.050115
v -5.241113 58.637355 -1.453454
v -6.301628 72.100838 -1.480154
v 0.006562 73.072449 -4.333338
v -5.418471 77.439375 1.231069
v 0.028210 79.703163 5.891846
v -6.794080 66.388135 8.961320
v -2.938639 63.265562 13.004686
v 4.385458 69.236869 12.193839
v 7.987730 65.287139 4.533780
v 6.125788 62.575434 6.910118
v 4.406880 62.876959 -0.452906
v 3.025856 58.392501 8.639091
v 0.024041 78.068102 11.203938
v -4.017851 77.535980 9.739889
v -4.884598 72.582097 11.891157
v -2.970705 69.609759 13.046086
v -1.504311 69.196318 12.618082
v -2.856141 65.998220 13.418732
v -4.270001 69.016857 12.083792
v -5.889729 61.555996 4.887343
v -5.297700 55.257916 5.203137
v -4.376225 62.895365 -0.294202
v 0.085945 70.029502 14.219769
v 4.058053 77.488747 9.799764
v 4.880004 72.689853 12.005253
v 0.083446 58.461325 10.209877
v 0.002703 73.027812 14.072458
v 6.482600 66.433406 9.049598
v -7.915692 65.311334 4.552899
v -3.836763 60.616245 11.112744
v -6.226818 62.723907 6.846616
v -8.693221 67.411321 2.547730
v -8.117782 65.574197 3.264174
v -7.672839 69.739999 2.706958
v -7.476448 70.262066 4.608593
v -6.443604 75.904096 5.382264
v -7.083109 68.985714 6.083054
v 1.411464 68.791277 13.167538
v 2.006349 67.182888 13.629386
v -7.997813 70.054280 4.366135
v 7.030845 68.996577 6.133983
v 1.847829 65.622942 14.693942
v 0.901633 65.595938 16.161662
v 0.203890 65.661517 16.475524
v 3.352433 76.963593 11.262301
v 3.369812 78.096545 9.376735
v 0.020773 79.808029 4.577678
v 4.347467 78.588925 4.725201
v 0.003395 79.240970 0.391521
v 4.818686 77.868108 0.933611
v 0.003022 76.263680 -3.087055
v -0.849863 65.035679 14.456328
v -1.687340 65.342404 13.750792
v -1.437337 65.537730 14.658854
v 4.977262 75.217751 -2.028701
v 6.949466 74.915268 0.662835
v 4.659565 70.598068 -3.321509
v 3.100347 62.478165 -1.598249
v 3.357669 58.650181 -2.695350
v -0.540172 68.262309 14.799068
v 0.051333 68.469417 15.146237
v 0.663932 68.287953 14.780728
v 0.934669 69.542659 13.731263
v 5.178115 57.486744 -3.156271
v 8.577003 55.759266 -4.180682
v 8.137686 55.596916 0.080719
v 6.370784 57.660719 0.395737
v 4.550935 56.378287 6.070289
v 3.900941 59.235613 8.106415
v 5.731743 61.784807 5.263194
v 4.834997 61.333351 10.372905
v 2.880423 59.972010 12.123345
v 5.138935 70.053930 12.003547
v 0.064868 59.374034 13.773510
v -3.779587 59.647080 8.229674
v -1.731758 58.919885 9.904592
v -4.559500 56.437048 6.089650
v 1.925802 65.351600 13.776851
v 3.523154 63.569388 12.928526
v 2.508414 63.462749 13.420513
v 2.723465 63.163702 13.187023
v 2.682208 62.851721 13.099481
v 2.588521 62.550628 13.166326
v 2.408352 63.168018 13.240002
v 2.040394 62.283001 13.599150
v 1.134362 62.229797 14.092705
v 1.346461 63.095707 14.220930
v 0.021180 62.199196 14.334936
v -1.086885 62.256346 14.244251
v -1.946373 62.336431 13.664943
v -8.286471 55.377993 -0.124315
v -8.694670 55.605453 -4.396924
v -5.171551 57.482384 -3.160121
v -2.027619 63.250138 13.225705
v -3.355162 58.653225 -2.725244
v -3.063325 62.500568 -1.558242
v -4.593804 70.612923 -2.911867
v -4.943732 75.228798 -2.028633
v -6.800382 74.965790 0.657699
v 1.133631 63.824884 14.530322
v 2.044640 63.551640 13.754102
v -4.712804 77.895364 0.921672
v 0.003022 76.263680 -3.087055
v 0.003395 79.240970 0.391521
v 0.020773 79.808029 4.577678
v -5.904518 71.774585 10.028080
v 0.027610 78.361455 10.734755
v -6.631558 69.434526 8.173329
v -3.978819 62.305570 12.157762
v -3.591136 63.722884 12.820348
v -2.538631 63.258285 13.108551
v -2.246237 63.465692 13.333985
v -1.254718 63.094038 14.266951
v 0.001888 63.022215 14.766891
v -2.512577 62.940060 13.035177
v -2.462725 62.631545 13.120971
v -2.746388 61.008774 13.138406
v 6.615919 75.851585 5.434588
v 7.819767 69.711696 2.543867
v 6.916869 68.447121 -0.283604
v 6.633350 65.890369 1.921838
v 3.667047 67.914030 12.653909
v 6.625569 64.737040 4.450570
v 8.190584 65.553206 3.186792
v 3.120990 68.876457 13.010358
v 3.614790 70.589202 13.240186
v 5.644268 63.085480 1.136553
v 4.164596 72.401436 12.980386
v 0.014027 77.149468 12.361471
v 1.939870 58.637468 9.758934
v -3.315815 78.150152 9.330180
v -4.222266 78.644917 4.693959
v -5.435877 76.376431 8.634639
v -4.172789 72.306002 12.827432
v 1.059886 65.123434 14.469851
v 0.538741 63.816754 14.836452
v 0.007105 63.768764 14.931569
v -0.528752 63.826127 14.853977
v -3.499801 70.376227 13.137098
v -1.095340 63.823460 14.523743
v -1.829049 63.592790 13.683636
v -1.249610 68.715669 13.118901
v -3.568361 67.791571 12.681295
v -1.731659 67.150624 13.601611
v -5.837226 69.256847 10.585399
v -5.097722 69.850815 11.888344
v -6.806569 68.475151 0.310887
v -6.536459 65.944810 2.195045
v -6.584399 64.741768 4.434363
v -5.592794 63.103976 1.218621
v -5.863720 61.899160 5.237546
v -6.450834 57.471874 0.241771
v -2.946692 68.689720 12.926279
v 5.902793 71.939858 10.125027
v 6.580442 69.571198 8.254979
v 6.851384 66.343074 6.282961
v 0.092007 69.919047 14.173642
v -0.741697 69.476692 13.638232
v 8.744917 67.393653 2.377203
v -1.200337 72.353361 14.212405
v 0.003631 72.443635 14.279203
v 1.211290 72.426238 14.286122
v 8.069892 70.026209 4.389463
v 7.531604 70.225225 4.640821
v 5.486337 76.341410 8.708424
v 0.946479 66.223105 16.121234
v 0.168657 66.349844 16.518768
v -0.563014 66.232869 16.100695
v -0.520924 65.640890 16.147602
v -3.328722 76.989638 11.199077
v 5.790121 69.323669 10.703795
v 2.551180 61.103600 13.205367
v -2.874429 60.181032 12.190130
v -5.029717 61.532867 10.302786
v -6.857367 66.329841 6.281229
v -7.531747 66.278934 4.853628
v -8.341324 68.049763 3.328201
v 1.960844 69.380333 12.663151
v 1.731507 69.272789 12.604115
v 2.313425 69.536958 12.836159
v 1.823672 69.447499 12.761271
v 1.635207 69.209051 12.671865
v 2.237962 69.623896 12.974550
v 1.486315 69.238863 12.802540
v 1.648846 68.926776 12.818131
v -8.606504 67.850302 2.250874
v -8.549541 66.499238 2.826899
v -8.153997 67.806347 2.267272
v -8.131729 69.681265 2.705414
v -7.924415 66.109395 3.040663
v -7.586779 69.135920 3.173698
v -7.568583 70.367800 3.977572
v -7.614469 71.167572 1.445270
v 1.196983 68.833021 13.553503
v 2.035446 68.124197 13.292415
v 1.833168 67.512308 13.673590
v -7.248061 69.387282 5.582970
v -8.099861 69.935541 4.388005
v -8.638498 69.734045 2.834013
v 1.895265 65.714975 14.698324
v 0.575414 65.217010 15.418864
v -0.188076 65.221850 15.425207
v 3.389696 78.300438 8.734262
v 2.528506 79.352018 4.570435
v 2.821351 78.669799 0.543225
v 5.021206 78.106415 4.854358
v 2.972911 75.815903 -2.877538
v -1.467793 65.628298 14.663753
v 6.269866 74.779587 -0.800773
v 6.810828 70.384552 -1.247683
v 2.709186 63.109695 -1.882497
v 2.892489 60.170425 -2.216001
v 0.004737 60.089676 -2.662206
v 0.851378 69.765609 13.983898
v 0.800744 70.909186 14.504619
v 3.895505 57.718323 -3.192550
v 0.001618 57.209759 -3.531330
v 8.019484 56.695469 -2.440514
v 9.713722 55.636996 -1.946972
v 7.699813 56.844584 -1.279564
v 7.904014 55.052859 0.809168
v 7.203295 55.806672 0.885564
v 7.403104 56.277895 0.201044
v 6.370821 57.462616 1.040329
v 5.934906 55.664774 3.859126
v 2.112258 69.871657 12.999818
v 2.835193 70.317816 13.093830
v 2.775862 69.809676 13.122757
v 3.591270 70.283931 12.947413
v 3.353416 69.853450 13.061680
v 2.788989 69.710888 13.011605
v 3.922426 69.693742 12.766442
v 3.306240 69.752067 12.961028
v 3.790113 69.604867 12.661319
v 4.212257 69.444076 12.484314
v 4.098749 69.406150 12.341760
v 4.373248 69.656262 12.228079
v 4.151670 69.995489 12.497569
v 5.937633 58.690170 4.051271
v 4.039091 59.604891 8.236538
v 2.306284 59.211211 10.848596
v 4.864971 68.950437 11.588737
v 5.890991 69.724039 10.433183
v 5.013703 68.100150 11.762949
v 3.460805 67.814561 12.796942
v 3.206037 66.357362 13.242298
v -2.168873 59.436109 10.987705
v -3.942055 60.022389 8.346108
v -3.861557 56.710590 6.778842
v 2.225757 65.479099 13.583997
v 2.647982 63.420267 13.333134
v 2.518259 63.283812 13.318634
v 2.440115 63.122137 13.219624
v 1.731765 62.410484 13.815748
v 1.612453 62.934714 13.984018
v 0.019469 62.306065 14.389391
v -1.632207 62.442484 13.927926
v -1.464020 62.934762 14.021512
v -9.793620 55.546021 -2.054970
v -7.972219 56.486629 -1.719170
v -7.575575 55.943718 -0.061685
v -8.329292 56.307957 -2.965388
v -6.567987 57.545836 -1.119417
v -3.889287 57.715706 -3.195390
v 0.001618 57.209759 -3.531330
v -2.199762 63.183060 13.156555
v -2.143366 63.382804 12.932175
v -2.348459 63.274026 12.389753
v -2.192476 63.258284 13.044178
v -0.956565 63.338695 13.779513
v -0.858522 63.547795 13.118111
v -0.012557 63.572331 13.094901
v -2.892595 60.184914 -2.275354
v 0.004737 60.089676 -2.662206
v -2.646635 63.130516 -1.785747
v -6.694298 70.416336 -0.760103
v -6.181433 74.809952 -0.802011
v -2.966482 75.815903 -2.877871
v -0.007614 63.313258 13.801440
v 0.956174 63.561707 13.138096
v 1.053445 63.360372 13.766163
v 1.154671 63.705149 14.444579
v 2.423363 63.195442 13.109995
v -2.772136 78.685427 0.537252
v -4.882018 78.158824 4.819901
v -2.445523 79.402464 4.556966
v -5.799629 72.438078 10.302824
v 0.035120 78.990792 9.335534
v 2.522837 63.269528 12.517745
v 2.466141 63.193325 12.472460
v 2.361813 63.321869 13.005613
v 1.525362 63.336334 13.698369
v 1.369319 63.301553 13.064531
v -0.010379 63.446839 13.199206
v -1.342579 63.325472 13.669679
v -1.198683 63.291057 13.033787
v -2.458844 63.513041 13.251992
v -2.291193 63.360049 13.245486
v 1.645762 69.587312 12.911452
v 4.380832 69.206077 12.149965
v -2.440068 61.514570 13.349452
v 7.714770 70.321821 3.979470
v 7.808142 71.119904 1.266105
v 7.144347 68.008301 0.796940
v 7.680192 69.115077 3.032211
v 7.266160 66.935504 3.201408
v 4.214471 69.248771 12.137861
v 4.220514 69.110600 12.360946
v 4.139221 68.628136 12.247047
v 3.084323 68.438608 12.766126
v 2.314858 68.666103 12.855381
v 7.127203 65.582565 4.211991
v 7.999249 66.087153 2.909258
v 7.821218 65.297888 3.546851
v 7.675697 64.653070 4.373000
v 7.314266 64.477602 4.948960
v 7.696355 64.566402 5.121488
v 7.635374 66.261568 4.827450
v 8.305164 65.348229 3.783685
v 8.231873 67.804270 2.018824
v 6.748288 65.096777 5.920187
v 2.293159 68.989837 12.939579
v 1.929244 69.108333 12.734773
v 2.318852 69.090844 12.805867
v 3.104814 68.988677 12.927862
v 3.815349 68.937462 12.727826
v 3.727267 69.061413 12.642565
v 4.093394 69.195793 12.308079
v 1.983483 69.162102 12.600328
v 3.772218 70.794813 13.405741
v 6.641482 64.596301 4.950275
v 5.636579 58.483082 -0.837874
v 6.486292 57.684122 -0.956586
v 5.727400 59.821787 1.069869
v 0.035120 78.990792 9.335534
v 3.939388 73.029378 13.050452
v 0.077968 59.020179 12.079327
v 3.929891 56.613506 6.692156
v -3.323365 78.359504 8.691047
v -3.477854 77.706372 10.132898
v 1.442468 65.559559 14.468088
v -3.945818 72.984820 12.861726
v 1.033706 64.331742 14.661324
v 0.002427 63.676681 14.858024
v -0.956108 64.298253 14.643555
v -3.685321 70.590575 13.297613
v -1.990805 70.496934 14.124556
v -3.447364 70.057634 12.846118
v -2.676655 70.125192 13.005387
v -1.937835 69.736383 12.929641
v -2.596240 69.629151 13.036620
v -3.183379 69.636262 12.964427
v -2.055255 69.485418 12.902337
v -2.601387 69.529205 12.924981
v -2.120114 69.392456 12.759425
v -1.780120 69.269481 12.600521
v -1.551175 69.180761 12.552109
v -1.458776 69.125914 12.617532
v -1.113008 63.710876 14.438835
v -2.019193 65.495402 13.587386
v -3.221370 66.360828 13.296427
v -1.309601 69.179792 12.750305
v -1.746477 69.022546 12.670557
v -1.475021 68.858417 12.761442
v -2.136202 68.562956 12.786524
v -1.877413 68.050217 13.231645
v -3.362887 67.712165 12.825065
v -1.033867 68.764823 13.508347
v -1.605576 67.464558 13.629131
v -5.040877 67.970143 11.667741
v -5.938666 69.653959 10.317578
v -4.830605 68.769515 11.477957
v -5.126840 70.286135 11.900668
v -2.397079 63.360488 12.441857
v -3.125359 69.536423 12.865874
v -4.256587 69.430059 12.117652
v -7.041777 68.003096 1.267170
v -7.178933 66.916023 3.341208
v -6.600600 64.644476 4.935007
v -4.024288 69.762896 12.388538
v -3.770033 69.463427 12.660283
v -4.078312 69.211946 12.376998
v -3.623660 69.373483 12.559270
v -3.953631 69.170170 12.232674
v -4.265809 68.987680 12.040229
v -4.083797 69.022240 12.029191
v -4.088691 68.889344 12.255074
v -4.016754 68.431843 12.168779
v -6.025796 58.742488 4.011465
v -6.088642 55.390406 3.679564
v -6.506185 57.125776 0.799043
v -7.412897 55.410638 0.590462
v -5.727208 59.808893 1.048947
v -5.633431 58.477118 -0.842990
v -2.917627 68.296215 12.720977
v -2.108440 68.879630 12.867120
v -2.136963 68.952937 12.733281
v -2.928760 68.796035 12.838533
v -1.784643 69.053750 12.566090
v -3.566206 68.840786 12.540132
v -3.660195 68.722666 12.633957
v -3.952347 68.968521 12.199327
v 5.157550 70.487412 12.014048
v 5.800480 72.488308 10.410733
v 6.929671 66.762332 6.178396
v 0.033697 70.875492 14.449460
v -0.662818 69.692180 13.883965
v 8.405681 68.037541 3.223077
v 8.601156 66.483027 2.694639
v 8.675862 67.840263 2.036150
v 8.264474 69.653561 2.569093
v 8.761911 69.721815 2.741752
v -0.728959 70.836602 14.454139
v -1.261722 72.653474 14.090021
v -1.473488 69.495079 12.853522
v -1.645217 69.345033 12.699724
v 8.161361 69.911273 4.410638
v 7.209548 69.393389 5.631962
v 3.515552 77.662056 10.186720
v 2.095723 70.638038 14.197411
v 1.267731 72.727285 14.175614
v 0.966859 65.975579 16.169153
v -0.575706 66.000825 16.150409
v -1.092865 65.469258 14.451520
v 2.393216 61.391519 13.282683
v 0.037193 61.195408 14.403604
v -7.061797 65.600537 4.238272
v -7.275257 64.517711 4.921476
v -7.750878 65.316452 3.597040
v -7.635350 64.660808 4.364273
v -7.652053 64.608149 5.120628
v -8.246042 65.362958 3.811432
v -6.715038 65.075011 5.913440
v -6.927196 66.730558 6.201407
v 2.562590 70.041789 12.802587
v 4.099909 68.656751 11.945895
v 2.679353 69.672610 12.991987
v 2.677982 69.148502 12.978418
v 2.392670 68.576885 12.585503
v 1.841085 70.188819 12.205685
v 1.642488 69.789159 12.215485
v 1.640686 68.947805 12.194055
v 1.838968 68.598950 12.165791
v 3.643180 68.623899 12.463297
v 4.103302 70.237211 11.977312
v 4.287982 69.859381 11.951357
v 4.285361 69.026859 11.935756
v 3.511733 70.075612 12.705948
v 3.429314 69.180724 12.903921
v 3.431544 69.705230 12.916464
v -3.350794 69.846258 12.606758
v -1.676374 68.512407 12.105333
v -3.257433 69.482968 12.817820
v -3.252122 68.969373 12.805251
v -3.487230 68.422290 12.404249
v -3.996015 70.006499 11.873396
v -4.179362 69.627274 11.844914
v -4.173604 68.815883 11.831694
v -3.985376 68.462658 11.858679
v -2.215726 68.464130 12.518040
v -1.686580 70.066787 12.144515
v -1.479045 69.690288 12.160032
v -1.474019 68.863232 12.138969
v -2.385578 69.865737 12.722239
v -2.490745 68.984226 12.896034
v -2.494507 69.499554 12.908484
v 0.720819 63.527675 13.395372
v -0.008094 63.554964 13.494713
v -0.011810 63.951758 13.467297
v -0.277045 64.652581 13.685721
v -0.753345 64.701216 13.468366
v -0.659575 63.511877 13.390461
v -0.664670 63.950327 13.337059
v -1.146164 64.772839 13.214775
v 2.224887 63.673258 12.037784
v -1.137784 63.563363 13.063855
v -1.129174 63.971907 13.033754
v -1.466606 63.597962 12.655932
v -1.510022 63.996278 12.589327
v -2.465562 64.342218 11.900711
v -2.759428 65.240441 11.488726
v -2.145268 63.759683 11.952746
v 2.753201 64.694729 11.612979
v 3.097491 64.075918 9.205259
v 3.304321 64.723602 8.957305
v 2.686558 65.190464 11.543555
v 3.153768 65.199887 8.814049
v 1.913534 64.872219 12.824142
v 1.733560 63.971110 12.730033
v 1.731563 63.575940 12.676287
v 1.220880 64.746719 13.289262
v 0.782165 64.713063 13.511821
v 1.289212 63.982200 13.148619
v 0.702239 63.981737 13.449605
v -3.089897 64.145388 9.157233
v -3.184666 64.594028 9.100920
v -3.102914 65.263205 8.763300
v -1.468119 64.855621 13.001050
v -1.876427 64.970206 12.736244
v 1.270734 63.543083 13.089727
v 2.523287 63.996274 10.884744
v 3.255860 63.092871 9.225749
v 2.663528 62.862751 11.105172
v 2.268776 62.662373 11.915211
v 2.799990 64.088009 9.266382
v -2.613797 63.979725 11.155106
v -3.311633 63.202112 9.198006
v -2.770748 62.944411 11.079619
v -2.928448 64.092303 9.296433
v -2.298826 62.736228 11.885787
v 0.379743 62.518484 13.270816
v 0.529704 63.625338 13.232620
v -0.501467 63.614582 13.225861
v -1.038447 62.526762 13.082700
v -1.699091 62.568072 12.537679
v -1.172431 63.640862 12.895312
v -1.631165 63.645121 12.240758
v 1.770376 63.590574 12.301999
v 1.488560 62.496051 12.785671
v 1.401373 63.575944 12.785617
v -0.356533 62.524514 13.312016
v -1.721474 62.904539 8.342374
v -1.736436 63.873669 8.845226
v -1.636623 64.049341 10.979193
v -0.004190 64.283101 8.913605
v -0.003827 64.282980 10.819577
v 1.636136 63.981870 11.017492
v 1.687754 62.831727 8.312466
v 1.729909 63.818779 8.860638
v -0.015200 62.967015 7.388505
v -1.063467 63.551989 12.412213
v -0.007430 63.625361 12.953922
v 1.161224 63.533394 12.441879
v 2.963708 60.687233 8.604797
v 2.639712 64.975948 8.435907
v 2.522837 63.269525 12.517745
v 2.466141 63.193322 12.472460
v 1.369319 63.301559 13.064532
v -0.010379 63.446846 13.199207
v -1.198683 63.291057 13.033788
v -2.836706 62.544637 11.673213
v -2.348460 63.274026 12.389754
v -2.842591 64.404515 11.994011
v -2.619831 65.031129 8.401666
v -0.858522 63.547794 13.118112
v -0.012557 63.572335 13.094900
v -0.019255 64.770196 13.085208
v 0.956174 63.561707 13.138096
v 2.787106 64.310821 12.082508
v 0.000975 65.699461 8.710444
v -0.004294 64.276169 6.624284
v 2.718334 62.465232 11.687209
v -0.027592 61.969055 6.665310
v 0.067446 60.003046 9.104537
v 0.014639 62.204667 12.808383
v -2.865766 60.982242 8.734097
v -2.397079 63.360488 12.441857
v -1.797823 69.050948 12.545451
v -2.211756 69.104341 12.337933
v -2.440242 69.034635 12.427140
v -2.136962 68.952937 12.733281
v -2.833138 68.959549 12.479832
v -2.928760 68.796035 12.838532
v -2.232055 69.210969 12.368100
v -3.291104 68.983371 12.296044
v -3.566206 68.840786 12.540132
v -3.952347 68.968521 12.199327
v -3.531055 69.048933 12.086993
v -4.083797 69.022240 12.029190
v -3.604494 69.085679 12.047823
v -3.953631 69.170170 12.232674
v -3.336504 69.230889 12.292431
v -3.623660 69.373476 12.559270
v -3.148028 69.307678 12.427019
v -3.125359 69.536423 12.865874
v -2.766891 69.345081 12.536222
v -2.601387 69.529205 12.924981
v -2.399931 69.261553 12.434241
v -2.120114 69.392456 12.759425
v -1.795449 69.260904 12.568120
v -2.232055 69.210969 12.368100
v -1.795449 69.260904 12.568120
v -2.211756 69.104341 12.337933
v -1.797823 69.050948 12.545451
v 1.998399 69.160685 12.577384
v 2.510109 69.228095 12.452478
v 2.410166 69.252381 12.399384
v 2.318852 69.090844 12.805867
v 3.020321 69.153951 12.570308
v 2.422742 69.362739 12.443961
v 3.104814 68.988677 12.927862
v 3.468924 69.203643 12.396035
v 3.727267 69.061413 12.642565
v 4.093394 69.195793 12.308079
v 3.699257 69.277099 12.189834
v 4.214471 69.248771 12.137861
v 3.768972 69.315533 12.151091
v 4.098749 69.406150 12.341760
v 3.516379 69.459936 12.392788
v 3.790113 69.604867 12.661319
v 3.332885 69.529734 12.524632
v 3.306240 69.752067 12.961028
v 2.960513 69.540407 12.626033
v 2.788989 69.710888 13.011605
v 2.593431 69.427209 12.515867
v 2.313425 69.536958 12.836159
v 1.974141 69.376946 12.636802
v 2.422742 69.362739 12.443961
v 1.974141 69.376946 12.636802
v 2.410166 69.252381 12.399384
v 1.998399 69.160685 12.577384
v -7.060452 68.354068 6.029015
v -7.237516 67.924879 5.442142
v -8.146130 67.798995 3.810410
v -8.181862 69.280072 3.496275
v -1.797823 69.050948 12.545451
v -1.757614 69.162451 12.522959
v -1.693759 69.153414 12.562549
v -1.587063 69.068157 12.546544
v -1.507979 69.132878 12.542429
v -1.551175 69.180761 12.552109
v -1.795449 69.260911 12.568121
v 1.998399 69.160685 12.577384
v 1.949775 69.273372 12.566887
v 1.878514 69.255861 12.615904
v 1.770092 69.160474 12.594878
v 1.688092 69.220815 12.591753
v 1.731507 69.272789 12.604115
v 1.974141 69.376946 12.636803
v 1.974141 69.376946 12.636803
v 2.150483 69.461911 12.748634
v 1.877580 69.408569 12.720626
v 2.063387 69.522250 12.892618
v 2.627407 69.676348 12.964924
v 2.607272 69.747563 13.088811
v 1.431268 69.255511 12.849907
v 1.169587 69.360826 13.204163
v -8.626712 68.483293 2.373854
v -8.688887 66.991034 2.732590
v -8.111617 69.265789 2.511232
v -8.118006 68.265337 2.267062
v -7.816414 65.671634 3.285857
v -7.812020 70.078049 3.843954
v -7.515474 69.756160 3.689204
v -7.425611 69.875262 4.518205
v -7.356089 72.201279 0.588527
v -7.377071 73.351708 4.324487
v -7.435182 73.064575 1.937712
v -7.370431 69.794410 5.114219
v -7.093967 72.797334 6.150251
v -6.713603 75.742818 4.165520
v -7.154138 69.839078 6.018278
v -6.853117 69.802762 7.292993
v -6.532990 71.278544 8.210435
v -6.883004 68.882452 7.304898
v 1.351299 68.798078 13.273547
v 2.191790 68.209932 13.053709
v 2.097413 67.831001 13.428973
v 1.378016 68.022942 13.881524
v 2.553585 67.420829 13.332643
v 2.067661 66.731474 13.604218
v 1.523095 66.991297 14.110452
v 2.474120 66.475834 13.468439
v 1.992028 66.177837 13.841071
v 2.178934 65.865826 13.510440
v 2.010410 65.885419 14.106573
v -7.343938 69.401580 5.357697
v -7.671460 68.909358 5.147394
v -8.245828 70.019452 3.996627
v 7.107849 69.833634 6.073133
v 7.192960 72.741310 6.215021
v 6.548146 71.303406 8.301053
v 6.432757 73.461322 8.483057
v 6.459095 75.300556 6.792569
v 4.733437 74.353262 11.647614
v 1.811034 66.008239 14.852398
v 2.055382 65.619709 13.645973
v 1.904896 65.545721 14.355178
v 1.736117 65.643472 14.886266
v 0.822063 65.475243 16.114176
v 0.202021 65.420473 16.314841
v 0.537315 65.116821 15.121380
v 0.181478 64.967768 15.365332
v -0.198826 65.096474 15.132598
v 2.506030 77.026760 11.744303
v 3.051701 74.464031 13.251431
v 2.328216 78.619906 9.077143
v 4.321609 77.821066 8.467989
v 2.374396 79.148470 6.733513
v 0.032321 79.623846 6.829702
v 2.628966 79.335485 3.197360
v 5.222196 78.015064 3.629763
v 0.002988 77.607285 -2.107680
v 2.982779 77.007996 -1.854930
v -0.984865 64.841265 14.464370
v -1.613803 65.160296 13.839014
v -1.583344 65.424559 13.800710
v -1.532697 65.471760 14.326072
v -1.786675 65.619356 13.648470
v -1.616413 65.832447 14.101496
v -1.319419 65.559104 14.856672
v -1.630120 66.176543 13.846460
v -1.356346 65.922232 14.823469
v -0.536597 66.753324 15.854134
v -0.537647 67.398837 15.372472
v 5.649498 75.957954 -0.675092
v 0.004633 74.751480 -3.797825
v 2.949988 74.307541 -3.515113
v 5.692358 73.677109 -1.979230
v 2.762977 70.948334 -4.118913
v 7.498252 72.158394 0.442180
v 5.447042 70.495895 -2.790963
v 2.402422 67.904114 -3.786283
v 5.275612 67.413902 -2.315858
v 2.017687 65.508499 -2.745642
v 4.504077 65.339333 -1.652036
v 0.054559 63.922539 -2.364894
v 1.663493 63.857372 -2.276946
v 0.036941 62.712650 -2.527821
v 1.472333 62.667007 -2.383366
v 0.010032 60.730339 -2.629218
v 1.431768 60.731689 -2.505088
v 4.211580 60.609911 -0.958086
v 1.632022 58.978413 -2.756355
v 0.001017 58.905823 -2.861556
v 0.058073 68.717441 14.955024
v 0.656152 68.536702 14.620403
v 0.678448 69.350986 14.105367
v 0.628404 69.924603 14.194365
v 1.162771 69.735838 13.600690
v 0.616870 70.401294 14.440011
v 1.452401 70.022296 13.887477
v 1.894255 57.888145 -3.142618
v 0.001154 57.757687 -3.279066
v 4.381268 58.305916 -2.641251
v 2.304694 56.736961 -3.618252
v 0.001792 56.576328 -3.901362
v 7.385141 56.633965 -3.351301
v 10.791391 55.099319 -2.064031
v 8.968037 55.000518 0.008831
v 6.911793 55.269930 1.602849
v 6.679667 56.734875 1.011036
v 6.151220 58.094510 1.027393
v 6.136149 57.105841 3.064091
v 5.627649 55.901224 4.602640
v 1.826169 69.930904 13.246305
v 0.916809 71.243148 14.510521
v 1.556956 69.673802 13.039335
v 3.344791 69.809581 13.087037
v 2.960074 69.797303 13.155812
v 2.962512 69.734223 13.028470
v 3.894192 69.636549 12.797169
v 4.301300 69.368477 12.378056
v 4.471576 69.519861 12.103844
v 4.731445 69.053783 11.725825
v 6.144618 59.748219 3.335642
v 5.459270 58.672401 5.006580
v 3.832085 57.223999 6.872353
v 6.081576 61.503741 3.779080
v 5.252139 60.229036 5.508837
v 3.646917 58.718182 8.050772
v 5.332504 61.400288 6.269646
v 4.169261 59.899967 8.430948
v 6.022892 62.763356 5.170046
v 2.734936 59.292204 10.378833
v 5.320635 61.252161 7.690460
v 5.843066 62.044292 8.563625
v 3.290395 60.257396 11.726903
v 5.423483 70.175713 11.428952
v 5.796382 69.995610 10.602558
v 5.682965 68.325214 10.959758
v 4.888283 67.853923 12.016255
v 3.765780 67.805062 12.670555
v 5.633159 66.458381 11.453110
v 4.222257 66.783198 12.778478
v 3.391598 67.036320 13.080903
v 3.429630 65.936953 13.150827
v 3.072089 66.151591 13.299872
v 1.816191 59.574464 13.260980
v -1.061083 59.185876 11.835500
v -2.585487 59.560397 10.530174
v -4.091562 60.316528 8.526506
v -2.310998 59.228685 9.790965
v -3.490352 59.114039 8.192170
v -3.734235 57.461482 6.983309
v -5.399461 60.415584 5.469021
v 4.280766 64.894818 12.505351
v 2.348449 65.548518 13.511420
v 2.607160 65.347027 13.443796
v 3.364851 64.337559 13.111222
v 2.284092 65.261832 13.609991
v 2.996032 64.263959 13.299660
v 1.831928 65.179579 13.885476
v 2.603459 63.694865 13.429285
v 2.803060 63.146622 13.167053
v 2.471238 63.389107 13.409367
v 2.612487 63.191323 13.215539
v 2.947660 62.479764 12.921697
v 2.417565 61.998099 13.268534
v 1.972751 62.996514 13.596659
v 1.163973 62.047022 14.055989
v 1.109439 62.917384 14.420802
v 0.023441 62.063512 14.292606
v -1.116758 62.080614 14.204783
v -1.070075 62.927641 14.514523
v -1.734492 63.005899 13.568345
v -1.605650 63.212235 13.596695
v -10.791550 55.099258 -2.064069
v -7.203089 57.019844 -1.379206
v -7.600689 56.338123 -3.777084
v -4.376950 58.304195 -2.652442
v -2.314885 56.673584 -3.707147
v -1.889968 57.884960 -3.148949
v 0.001792 56.576328 -3.901362
v 0.001154 57.757687 -3.279066
v -2.195944 63.288017 13.135130
v -2.175770 63.377972 12.691315
v -2.304792 63.320303 12.662772
v -2.178687 63.277226 12.452788
v -2.264112 63.259163 13.152021
v -2.245143 63.268036 12.999776
v -2.501243 63.235918 12.369650
v -2.114356 63.350570 12.803764
v -2.113568 63.268476 13.231679
v -2.092800 63.260242 13.087075
v -2.033236 63.495120 12.616937
v -1.405775 63.282409 13.275629
v -1.373437 63.448310 13.010870
v -1.563760 63.314396 13.724573
v -1.479151 63.238110 13.545763
v -0.890510 63.380292 13.429877
v -0.011138 63.396243 13.361330
v -1.631311 58.981918 -2.790611
v 0.001017 58.905823 -2.861556
v -1.416083 60.747234 -2.554559
v -6.056861 58.032897 -0.942818
v 0.010032 60.730339 -2.629218
v -1.409413 62.682858 -2.397265
v 0.036941 62.712650 -2.527821
v -1.565450 63.874912 -2.177284
v 0.054559 63.922539 -2.364894
v -1.878825 65.518806 -2.399070
v -2.287296 67.913651 -3.355327
v -5.155181 67.438072 -1.479524
v -5.361887 70.516991 -2.312734
v -2.731383 70.952682 -3.941519
v -5.640440 73.692909 -1.918848
v -7.193912 70.171829 0.198661
v -2.940490 74.306526 -3.515982
v -5.564806 75.987633 -0.675889
v -0.005049 63.387525 14.350951
v 0.993770 63.402973 13.433254
v 1.127027 63.434825 14.070375
v 1.623824 63.288434 13.314876
v 1.698058 63.243925 13.580591
v 1.776639 63.311038 13.766843
v 1.859601 63.552287 13.911730
v 2.337637 63.207738 13.149037
v 2.047409 64.198215 13.848781
v 2.365655 63.213476 13.295486
v 2.465176 63.199431 13.069408
v 2.324919 63.288672 12.872428
v 0.004633 74.751480 -3.797825
v -2.967967 77.013176 -1.854986
v -5.072157 78.053340 3.600238
v 0.002988 77.607285 -2.107680
v -2.555113 79.373538 3.188755
v -6.378366 75.337799 6.728237
v -6.412306 73.460044 8.396344
v 0.032321 79.623846 6.829702
v -6.293434 70.353946 8.920846
v -6.719957 68.765833 8.163946
v -6.644796 67.382306 9.638692
v -5.844696 66.429833 11.413333
v 2.472516 63.239536 12.741968
v 2.221888 63.432405 12.688390
v 2.592592 63.138947 12.448459
v 1.579637 63.443865 13.056790
v 2.361093 63.310912 12.771037
v 2.328826 63.208171 12.529804
v 1.632186 63.341011 13.302905
v 1.594572 63.286605 12.964743
v 1.681670 63.330479 13.442321
v 0.762181 63.402020 13.215116
v 0.786991 63.483965 13.663869
v 0.819544 63.490732 13.837765
v -0.010157 63.508634 13.917286
v -0.011125 63.517645 13.701329
v -0.769712 63.472576 13.850580
v -0.731575 63.463825 13.672085
v -0.695240 63.384953 13.213486
v -1.459040 63.327999 13.397447
v -1.413360 63.338056 13.259016
v -1.392318 63.290501 12.926351
v -6.440641 64.433101 9.585910
v -5.086654 63.799550 11.603458
v -4.284348 63.610662 12.318544
v -3.016230 64.387318 13.219323
v -2.448254 63.794373 13.342332
v -2.638218 63.250414 13.085029
v -2.402503 63.272724 13.141267
v -0.941473 63.363102 14.287932
v -0.003727 63.355123 14.475700
v 0.982127 63.367855 14.255751
v 1.838135 63.210398 13.637213
v 2.431870 63.225484 13.203603
v 2.495858 63.189547 13.220942
v 1.788823 69.655795 12.927253
v 4.377698 69.255783 12.231390
v 4.203692 69.275660 12.166264
v -2.939258 62.596121 12.860340
v -2.415501 62.098804 13.284763
v -2.918363 61.480992 12.941315
v 7.627850 73.248720 4.371020
v 7.716416 72.988777 1.925587
v 6.938601 75.683548 4.209074
v 7.320294 70.136925 -0.238927
v 6.795835 67.037766 0.706558
v 7.318550 67.383302 3.028102
v 6.376103 65.027358 2.609082
v 4.301985 69.144875 12.253531
v 4.732807 68.762770 11.669961
v 4.157941 69.217509 12.223698
v 3.352227 68.463932 12.693264
v 2.647047 68.470793 12.836069
v 2.915130 67.902373 12.958711
v 7.894333 65.650842 3.194248
v 7.760431 64.953959 3.940105
v 8.170108 65.020503 4.152694
v 7.103392 64.911757 5.654375
v 7.438754 66.026660 5.123342
v 8.038583 66.303372 4.121739
v 8.150623 66.962439 2.399203
v 2.844321 68.894946 13.031173
v 3.383107 68.891362 12.925693
v 2.841571 68.998520 12.940208
v 3.340412 69.001856 12.852617
v 1.745515 69.141210 12.686688
v 1.770092 69.160474 12.594878
v 1.998399 69.160685 12.577384
v 1.688092 69.220815 12.591753
v 4.100553 70.743362 13.219384
v 2.720886 70.652704 13.896422
v 4.993583 70.583981 12.329536
v 6.779607 64.738138 5.022347
v 6.387653 64.209169 5.116628
v 6.218026 63.549320 4.868277
v 6.629482 64.420925 6.238796
v 6.086022 63.644692 2.733633
v 6.451538 63.646867 6.064416
v 5.695234 63.820281 0.999221
v 5.608633 62.361917 1.181687
v 5.665240 60.409666 1.107842
v 4.112382 63.564335 -0.978206
v 3.903891 62.349305 -0.789561
v 6.035626 58.078911 -0.889444
v 7.019396 57.290697 -1.052992
v 3.103919 71.664433 13.994826
v 4.390654 71.798656 12.894662
v 3.263565 72.448395 13.742722
v 4.472025 72.396437 12.606416
v 1.199826 59.079066 11.751570
v 1.436827 58.857891 10.550441
v 2.519088 58.898855 9.626552
v 1.534813 58.632336 10.011880
v 1.662015 57.527962 9.095082
v 0.092437 57.733646 9.639863
v 0.020552 77.771726 11.622790
v -2.265093 78.667539 9.046821
v -2.289969 79.204938 6.714013
v -4.712432 78.152038 5.933590
v -4.251841 77.881395 8.413686
v -4.512462 76.681525 10.098751
v -4.726857 74.286259 11.531714
v -3.047584 74.329047 13.040872
v -4.479957 72.321096 12.467753
v -5.171252 71.522181 11.524560
v -4.388219 71.681725 12.766495
v -5.884452 70.970452 10.077383
v 1.160110 64.912733 14.493859
v -4.023548 70.528113 13.111756
v -2.606854 70.476575 13.804622
v -2.423681 69.578952 13.006213
v -3.173992 69.593858 12.989959
v -2.780998 69.606320 13.065974
v -1.881196 69.399575 12.825009
v -2.439307 69.506137 12.881450
v -1.966296 69.334244 12.679386
v -2.773609 69.542335 12.938529
v -1.697491 69.303673 12.657635
v -1.795449 69.260911 12.568121
v -1.507979 69.132878 12.542429
v -1.047990 63.425985 14.078496
v -1.668113 63.579276 13.850442
v -1.895149 64.237382 13.761485
v -2.124993 65.286936 13.597324
v 0.106607 64.793192 14.836921
v -2.530998 65.400314 13.454680
v -2.161912 65.577123 13.527829
v -3.485044 64.464370 13.032260
v -1.915018 65.886377 13.531923
v -4.518581 64.920606 12.496309
v -3.052254 66.165654 13.362012
v -3.546202 65.966250 13.201763
v -2.236039 66.489432 13.497356
v -1.587063 69.068157 12.546544
v -1.565232 69.066185 12.629641
v -1.254705 69.199717 12.798639
v -2.473554 68.355219 12.773145
v -2.035211 68.117977 12.994565
v -2.776094 67.825391 12.945679
v -3.688569 67.691140 12.701799
v -3.404583 66.996731 13.101895
v -4.349289 66.738689 12.788668
v -2.395275 67.370919 13.308548
v -1.928720 67.773050 13.371042
v -1.190303 68.724193 13.225525
v -1.209569 67.963922 13.840303
v -0.521715 68.508546 14.638690
v 0.098131 69.524103 14.254616
v -1.174382 66.938560 14.084084
v -1.750924 66.732584 13.598166
v -4.907875 67.726115 11.949454
v -5.804909 68.212328 10.850633
v -6.016682 69.072664 10.279854
v -5.829395 69.909997 10.485982
v -4.671984 68.857166 11.614660
v -5.415969 70.060749 11.307316
v -4.952889 70.374383 12.216184
v 1.855280 65.447998 13.823632
v -4.689211 68.584260 11.561728
v -4.364207 69.290956 11.992673
v -6.707097 67.036899 1.195452
v -5.785528 65.565881 0.780146
v -7.230836 67.348017 3.193262
v -6.289329 65.041143 2.745932
v -6.059391 63.646646 2.771629
v -5.623702 63.878978 1.188408
v -6.239925 63.407016 4.870182
v -3.738849 69.408754 12.691474
v -4.174876 69.140627 12.269718
v -4.260476 69.033979 12.121055
v -4.070882 69.047612 12.058255
v -4.177817 68.924259 12.146322
v -4.022239 68.990273 12.115440
v -5.577746 62.363927 1.196813
v -6.178340 61.569807 3.754138
v -6.095965 62.819353 5.140928
v -5.458742 61.472022 6.234400
v -6.221084 59.794265 3.286865
v -5.557084 58.834202 4.967976
v -5.735268 55.787311 4.501347
v -6.276600 56.771571 2.871584
v -6.228398 57.933633 0.892309
v -6.868205 56.224073 0.695021
v -5.661350 60.395634 1.091174
v -4.211890 60.618931 -1.008388
v -3.194844 68.280839 12.654230
v -2.666388 68.722479 12.951385
v -2.664747 68.825367 12.858066
v -3.170541 68.796814 12.757335
v -3.214094 68.689395 12.838632
v -1.797823 69.050948 12.545451
v 5.169839 71.604959 11.641333
v 5.860354 71.042348 10.184371
v 6.262313 70.550566 9.009386
v -3.883171 62.354044 -0.719965
v -4.057815 63.591747 -0.700429
v -4.398146 65.358093 -1.013408
v 6.660216 68.817633 8.254787
v 6.805424 69.808341 7.373215
v 6.825721 68.999312 7.372041
v 6.824966 67.569130 7.207426
v 6.748919 66.163887 6.839553
v 6.724423 65.319644 6.543141
v 6.982682 66.339411 5.886161
v 0.020491 71.214896 14.454454
v 0.059932 70.420725 14.400021
v -0.446314 69.861294 14.110244
v -0.482353 69.293060 14.042288
v -0.986418 69.309978 13.137778
v -0.987501 69.661598 13.507900
v -1.307611 69.906977 13.800364
v 7.229976 67.947349 5.467188
v 8.198643 67.787477 3.741935
v 8.734529 66.975136 2.587330
v 8.713699 68.481904 2.191483
v 8.230173 69.278210 2.343636
v 8.210345 68.268278 2.025639
v -1.663645 69.818131 13.182964
v -0.865149 71.174697 14.474624
v -0.490935 70.333671 14.368601
v -1.388273 69.586395 12.980019
v -1.615648 69.551114 12.865029
v 5.882680 65.551522 0.288777
v 7.935479 70.036023 3.832247
v 7.621975 69.729738 3.630585
v 8.351449 69.994713 4.003692
v 7.462439 69.846578 4.537472
v 7.312036 69.397716 5.401128
v 7.350543 69.772959 5.155699
v 7.016926 68.371488 6.069382
v 7.661510 68.921791 5.176032
v 8.264308 69.263798 3.422827
v 4.835022 78.089990 5.976811
v 4.538086 76.648578 10.170717
v 6.288896 62.849002 7.316540
v 5.637936 61.796081 7.027098
v 0.077087 58.726940 11.022641
v -1.431732 57.835430 9.204625
v -1.274387 59.014680 10.668915
v 1.299884 74.536589 13.749314
v 0.002783 74.605157 13.776112
v -1.294335 74.475371 13.651362
v -1.342600 58.858151 10.136497
v 0.719597 67.430849 15.367498
v 0.841991 66.778362 15.869695
v 0.071332 67.503908 15.728006
v 0.129039 66.811256 16.287270
v -0.441971 65.519773 16.103125
v -2.480319 77.045043 11.689426
v 5.944990 69.117853 10.395777
v 6.372652 67.443756 9.739619
v 6.460676 64.973697 8.503136
v 6.126110 64.347504 9.698692
v 4.772810 63.742594 11.696557
v -3.266495 72.333113 13.570521
v -3.069827 71.502341 13.864986
v -6.735814 64.781734 5.006963
v 4.068311 63.459580 12.423821
v 3.744710 62.186521 12.216458
v 2.820719 61.321184 12.934260
v 1.506324 61.010718 13.981108
v -1.448959 61.091383 14.115771
v -1.710546 59.730587 13.389121
v -7.048329 64.967996 5.649822
v -8.086760 66.983464 2.603598
v -7.705149 64.967779 3.953866
v -8.120719 65.033638 4.163193
v -7.316211 66.017660 5.158170
v -6.935915 66.359224 5.929028
v -7.960079 66.319181 4.158895
v -3.335640 60.464566 11.781847
v -5.432512 61.535063 7.636775
v -5.761242 61.974926 6.973544
v -6.039058 62.221316 8.458355
v -6.391280 63.038167 7.242942
v -6.451437 63.848568 6.008007
v -6.604919 64.597890 6.186677
v -6.680188 65.016887 8.406806
v -6.369375 64.035469 5.114997
v -6.722520 65.445128 6.479302
v -6.793012 66.104565 6.798471
v -6.893650 67.478007 7.153473
v 2.592512 69.729957 12.932637
v 2.411948 69.391446 12.884858
v 2.774301 69.416741 13.068573
v 2.777177 69.079304 12.976928
v 2.387918 68.935183 12.791442
v 3.334738 69.105793 12.922022
v 1.752370 70.241784 11.975342
v 1.536419 69.815688 11.986977
v 1.464714 69.361158 11.982989
v 1.535278 68.925999 11.964515
v 1.750755 68.556852 11.934096
v 2.509490 70.776766 11.916424
v 2.510079 68.089599 11.848656
v 3.425103 68.105677 11.760965
v 4.148956 68.606278 11.701627
v 3.672506 68.992106 12.664911
v 3.660782 69.446203 12.761149
v 4.151727 70.282177 11.733769
v 4.354473 69.875417 11.705814
v 3.424255 70.771219 11.822364
v 4.423346 69.441124 11.691498
v 4.353380 68.998225 11.690090
v 3.357452 69.440631 13.010081
v 3.502191 69.768201 12.841224
v -3.330789 69.541289 12.741361
v -3.489812 69.220680 12.658161
v -3.179532 69.230005 12.912386
v -3.155682 68.897971 12.826229
v -3.505096 68.773700 12.570891
v -2.591424 68.909579 12.893575
v -4.059747 70.058636 11.630664
v -4.264687 69.656742 11.600299
v -4.332802 69.226305 11.583383
v -4.262279 68.796517 11.584453
v -4.055250 68.419968 11.609009
v -3.327068 70.610354 11.726061
v -3.309409 67.941193 11.706071
v -2.373832 67.977699 11.779525
v -1.597707 68.470565 11.876043
v -2.203536 68.796553 12.717474
v -2.223863 69.244093 12.808370
v -1.608376 70.123734 11.917489
v -1.380514 69.721459 11.934169
v -2.391991 70.653080 11.835773
v -1.301923 69.281915 11.932456
v -1.375895 68.845118 11.912344
v -2.588098 69.239852 12.983338
v -2.407825 69.561167 12.851070
v 0.574394 64.200422 13.664952
v 0.715197 63.550598 13.449946
v 0.539469 63.538011 13.533306
v 0.528986 63.499271 13.470482
v 0.219554 63.530989 13.592482
v 0.210922 63.494536 13.535185
v 0.019056 63.597850 13.549573
v 0.151900 64.173580 13.742117
v 0.004946 63.973499 13.532131
v -0.011095 63.949016 13.465123
v 0.280328 64.351972 13.794903
v -0.029441 63.974571 13.531929
v -0.012445 63.949058 13.465114
v -0.180128 64.174822 13.738833
v -0.305824 64.346640 13.785876
v -0.571777 64.192507 13.646557
v -0.642705 64.359208 13.638703
v -0.225098 63.531458 13.597331
v -0.033317 63.599227 13.549986
v -0.509866 63.525629 13.538056
v -0.215833 63.494638 13.540496
v -0.005421 63.554926 13.494690
v -0.498524 63.486650 13.476112
v -0.656875 63.534788 13.445681
v -0.667940 63.947523 13.355887
v -0.669051 63.976748 13.427673
v -0.691555 63.974295 13.389491
v -0.930807 64.363916 13.494589
v -0.836355 64.150254 13.486681
v -1.191672 64.404529 13.279731
v -1.136230 64.189376 13.296268
v -0.712918 63.599844 13.407259
v -0.843427 63.524894 13.394241
v -0.679251 63.587829 13.379380
v -1.032242 63.504213 13.276784
v -1.286008 64.002682 12.732145
v -1.376895 64.122861 12.446856
v -0.995855 64.365371 12.572781
v -1.081634 64.102326 12.823571
v -0.883938 63.951248 13.087082
v -0.574579 64.389505 12.703907
v -1.116204 63.968544 13.018221
v -1.129174 63.971907 13.033754
v -1.137784 63.563363 13.063855
v -1.014268 63.443729 13.220436
v -0.821706 63.458859 13.353301
v -1.109629 63.540138 13.047742
v -1.272861 63.424194 12.974591
v -1.466606 63.597962 12.655932
v -0.679251 63.587829 13.379380
v -0.664670 63.950327 13.337059
v -0.667940 63.947523 13.355887
v -0.351139 64.014918 13.280131
v -0.054636 63.963137 13.405939
v -0.010351 64.374699 12.791726
v -0.659575 63.511877 13.390461
v -0.498524 63.486650 13.476112
v -0.215833 63.494638 13.540496
v -0.012445 63.949058 13.465114
v -0.005421 63.554926 13.494690
v -0.011095 63.949016 13.465123
v 0.031164 63.960501 13.406654
v 0.571793 64.359464 12.732893
v 0.343279 64.013740 13.289392
v -0.008094 63.554964 13.494713
v 0.210922 63.494536 13.535185
v 0.528986 63.499271 13.470482
v 0.720819 63.527675 13.395372
v 0.705454 63.952081 13.378429
v 0.965171 63.943822 13.129745
v 1.039092 64.324351 12.627413
v 0.701999 63.954659 13.359896
v 0.741965 63.602761 13.390254
v 0.920234 63.477501 13.365274
v 1.159331 63.458414 13.249409
v 1.176113 64.070320 12.883715
v 1.419321 63.959060 12.801753
v 1.484306 64.062903 12.520127
v 1.237487 63.944978 13.078555
v 1.304080 63.564916 13.108623
v 1.252353 63.947817 13.095101
v 1.270734 63.543083 13.089727
v 1.468637 63.420570 13.018816
v 1.657627 63.564246 12.715440
v 1.654678 63.935883 12.668573
v -1.510022 63.996278 12.589327
v 1.654678 63.935883 12.668573
v 1.419321 63.959060 12.801753
v 1.484306 64.062903 12.520127
v 1.667653 63.940466 12.678173
v 1.686101 63.604414 12.632796
v 1.593725 63.733423 12.416027
v 1.039092 64.324351 12.627413
v 1.301087 64.494224 12.043083
v 1.717212 64.216403 11.900077
v 1.841898 63.825546 11.886128
v 2.459410 64.247369 12.000605
v 2.613530 64.128003 9.201622
v -0.821706 63.458859 13.353301
v -1.014268 63.443729 13.220436
v -1.137211 63.570560 13.138816
v -1.152149 64.004842 13.098139
v -1.171762 64.007542 13.058474
v -1.116204 63.968544 13.018221
v -1.350946 64.218708 13.094646
v -1.481366 64.442540 13.077604
v -1.652826 64.169295 12.740859
v -1.145884 63.529794 13.073826
v -1.109629 63.540138 13.047742
v -1.302735 63.448346 13.026969
v -1.272861 63.424194 12.974591
v -1.522510 64.001817 12.597883
v -1.792145 64.106395 12.595393
v -1.504495 63.644621 12.570773
v -1.950181 64.501478 12.699078
v -1.666609 63.543577 12.536545
v -2.830151 64.772848 11.535145
v -1.772003 63.900294 11.818382
v -1.673630 64.286089 11.827096
v -1.279137 64.552549 11.982749
v -2.588929 64.188104 9.161264
v 3.215516 64.526535 9.153242
v 2.023250 64.402438 12.796124
v 1.923179 64.029745 12.688718
v 1.783106 64.097288 12.834319
v 1.848266 64.382783 12.951495
v 1.759679 63.948692 12.714301
v 1.590377 64.389935 13.168928
v 1.547004 64.790646 13.089481
v 1.667653 63.940466 12.678173
v 1.859674 63.497281 12.600150
v 1.285626 64.388664 13.355222
v 0.987431 64.374001 13.546369
v 0.652025 64.373718 13.666608
v 0.257200 64.667607 13.698966
v 1.654678 63.935883 12.668573
v 1.474357 64.179268 13.176974
v 1.657627 63.564246 12.715440
v 1.700868 63.553508 12.772727
v 1.297638 63.979595 13.123767
v 1.237867 64.178246 13.362794
v 1.237487 63.944978 13.078555
v 1.275318 63.979616 13.162092
v 1.252353 63.947817 13.095101
v 1.304047 63.573755 13.183745
v 1.304080 63.564916 13.108623
v 1.159331 63.458414 13.249409
v 1.178784 63.517718 13.309900
v 0.943437 63.542384 13.411333
v 0.920234 63.477501 13.365274
v 0.781175 63.615362 13.419835
v 0.741965 63.602761 13.390254
v 0.885934 64.157341 13.525390
v 0.729859 63.978423 13.413763
v 0.701999 63.954659 13.359896
v 0.705454 63.952081 13.378429
v -2.355617 64.805934 9.000899
v -2.445354 64.543957 9.150204
v -3.255188 64.829082 8.905115
v -1.751919 64.469230 12.854699
v 1.468637 63.420570 13.018816
v 1.506302 63.443629 13.074153
v 1.315913 63.532330 13.117388
v -1.376895 64.122861 12.446856
v -1.286008 64.002682 12.732145
v -1.510022 63.996278 12.589327
v -1.522510 64.001817 12.597883
v -0.995855 64.365371 12.572781
v -1.453604 63.781942 12.354656
v -2.355617 64.805934 9.000899
v -1.728146 65.325988 8.850861
v 0.005792 65.532546 8.843990
v 1.734650 65.312556 8.881928
v -1.279137 64.552549 11.982749
v -0.774062 64.880902 12.040682
v 2.387442 64.771753 9.041164
v -0.995855 64.365371 12.572781
v -0.005764 64.967643 12.082611
v 0.763769 64.837034 12.077054
v 1.301087 64.494224 12.043083
v -0.574579 64.389505 12.703907
v -0.010351 64.374699 12.791726
v 1.039092 64.324351 12.627413
v 0.571793 64.359464 12.732893
v 2.387442 64.771753 9.041164
v 2.478056 64.495446 9.192361
v 1.210179 63.318843 12.197980
v 1.112311 62.838564 11.990184
v 2.065237 63.702511 10.301746
v 1.873211 63.111579 10.151012
v 2.042274 63.137865 9.192967
v 2.294107 63.976577 10.819939
v 3.184594 63.570323 9.209965
v 2.681295 63.238362 11.169739
v 2.141899 62.935361 12.139028
v 2.597954 64.112559 9.214343
v 2.178447 63.787270 9.048856
v -1.138660 63.349209 12.178702
v -1.100660 62.886295 11.990036
v -1.424136 62.997994 11.482992
v -1.490021 63.521226 11.662799
v -2.062512 63.776160 10.271869
v -1.882739 63.179028 10.156614
v -2.057046 63.216202 9.205819
v -2.074473 64.028871 10.875881
v -2.005717 63.757726 11.948643
v -3.220179 63.641316 9.169025
v -2.761761 63.328641 11.125879
v -2.822444 64.113964 9.779653
v -2.077237 62.997743 12.094444
v -2.390003 64.202324 9.703203
v 0.736231 63.573213 13.296396
v 0.722165 63.645223 13.252992
v 0.530103 63.624661 13.234958
v 0.515450 63.339271 13.146121
v 0.668380 63.081100 13.300112
v 0.514908 63.336253 13.145741
v 0.510036 62.818195 13.380923
v 0.443702 63.084267 13.342800
v 0.226671 62.807717 13.437789
v 0.101362 63.069198 13.390111
v 0.404237 63.618828 13.344913
v 0.402464 63.671106 13.307279
v 0.115080 63.624817 13.388470
v 0.112787 63.676451 13.341846
v -0.009608 63.626078 13.310709
v -0.005345 63.340243 13.212022
v -0.006557 63.340265 13.212036
v -0.102990 63.072705 13.399435
v -0.214747 62.810299 13.465597
v -0.422090 63.078867 13.376955
v -0.482502 62.815468 13.435478
v -0.008377 63.626055 13.310708
v -0.130347 63.627292 13.389182
v -0.393832 63.609283 13.343935
v -0.128865 63.675608 13.342523
v -0.393170 63.662514 13.304502
v -0.485120 63.329417 13.152452
v -0.485584 63.332443 13.152578
v -0.617809 63.069173 13.342100
v -0.735308 62.817740 13.353430
v -2.781843 64.154735 9.222867
v -2.381005 64.203966 9.190540
v -2.150624 63.869147 9.344126
v -2.172870 63.868487 9.024209
v -0.829187 62.806243 12.327088
v -1.100660 62.886295 11.990036
v -1.138660 63.349209 12.178702
v -1.031000 63.285989 12.429821
v -1.107734 63.349977 12.377072
v -0.994115 63.290879 12.735369
v -0.498879 62.768616 12.551403
v -1.218462 63.333920 12.653746
v -1.219741 63.331853 12.651095
v -1.172431 63.640862 12.895312
v -1.058811 63.630574 13.002021
v -0.901323 63.554323 13.057608
v -0.879263 63.274564 13.006722
v -0.847613 63.298859 12.945476
v -0.882751 63.270394 13.012671
v -0.796202 63.276140 12.823878
v -0.633007 63.261894 12.928633
v -0.917930 63.553857 13.085322
v -0.239725 63.254653 13.037047
v 0.003422 62.754379 12.613493
v -0.800802 63.615481 13.183197
v -0.663870 63.633047 13.237695
v -0.485584 63.332443 13.152578
v -0.501815 63.613853 13.228246
v -0.485120 63.329417 13.152452
v -0.501467 63.614582 13.225861
v -0.393170 63.662514 13.304502
v -0.128865 63.675608 13.342523
v -0.008377 63.626055 13.310708
v -0.006557 63.340265 13.212036
v 0.238781 63.251060 13.032214
v 0.506022 62.752447 12.531941
v -0.005345 63.340243 13.212022
v -0.009608 63.626078 13.310709
v 0.112787 63.676451 13.341846
v 0.682498 63.266612 12.925536
v 0.872243 63.278316 12.830848
v 0.843286 62.774723 12.310992
v 1.105356 63.287144 12.754823
v 1.034192 63.563863 13.115719
v 0.889113 63.627735 13.207227
v 0.987717 63.279710 13.021166
v 0.983319 63.283660 13.015568
v 1.013403 63.563804 13.087017
v 1.200364 63.630513 13.044813
v 1.401373 63.575944 12.785617
v 1.370752 63.326252 12.683268
v 1.115273 63.270537 12.444915
v 1.369657 63.328432 12.686019
v 1.210179 63.318843 12.197980
v 1.202041 63.330015 12.398368
v 1.112311 62.838564 11.990184
v 0.402464 63.671106 13.307279
v 0.529704 63.625338 13.232620
v 0.514908 63.336253 13.145741
v 0.515450 63.339271 13.146121
v 0.722165 63.645223 13.252992
v -0.501815 63.613853 13.228246
v -0.673843 63.558288 13.284726
v -0.663870 63.633047 13.237695
v -0.816618 63.537376 13.221164
v -0.800802 63.615481 13.183197
v -0.917930 63.553857 13.085322
v -0.882751 63.270394 13.012671
v -0.879263 63.274564 13.006722
v -0.870451 63.035063 13.239868
v -1.079257 62.774949 13.182980
v -1.081362 63.027461 13.097512
v -0.896621 62.803993 13.273398
v -1.282138 63.053412 12.895853
v -1.368818 62.774986 12.938444
v -1.416175 62.525048 12.830818
v -0.765964 62.527889 13.232641
v -1.076763 63.569265 13.037170
v -0.901323 63.554323 13.057608
v -1.058811 63.630574 13.002021
v -1.200817 63.581418 12.921291
v -1.219741 63.331853 12.651095
v -1.218462 63.333920 12.653746
v -1.462805 63.085686 12.693095
v -1.569717 62.832376 12.674282
v -1.472065 63.495037 12.667735
v -1.428198 63.665755 12.611640
v -1.258822 63.537509 12.698437
v -1.218462 63.333920 12.653746
v -1.561230 63.684398 12.174378
v -1.239895 63.633531 12.435044
v 0.530103 63.624661 13.234958
v 1.369657 63.328432 12.686019
v 1.424288 63.523144 12.745079
v 1.202041 63.330015 12.398368
v 1.368030 63.606300 12.479658
v 1.603146 63.630207 12.672131
v 1.684913 63.631981 12.231987
v 1.637770 63.067723 12.723720
v 1.706989 62.805775 12.690242
v 1.759792 62.518414 12.533085
v 1.505034 62.767801 12.919929
v 1.448415 63.051537 12.911462
v 1.185007 62.780972 13.121307
v 1.097073 62.508706 13.007069
v 1.217865 63.038148 13.084167
v 0.977398 62.812640 13.203946
v 0.807117 62.518604 13.157646
v 1.226569 63.572578 13.078407
v 1.200364 63.630513 13.044813
v 1.013403 63.563804 13.087017
v 0.983319 63.283660 13.015568
v 0.987717 63.279710 13.021166
v 0.966078 63.051160 13.202796
v 0.793082 62.825185 13.284060
v 0.911176 63.552364 13.241957
v 1.034192 63.563863 13.115719
v 0.889113 63.627735 13.207227
v -1.107734 63.349977 12.377072
v -1.437327 63.501507 12.060134
v 1.370752 63.326252 12.683268
v 1.369657 63.328432 12.686019
v 0.006185 63.246214 10.262440
v 0.008561 62.870039 9.998288
v 0.000403 63.549250 10.824661
v -1.444710 62.915600 9.036268
v -1.003714 63.635136 10.737119
v -1.544812 63.422082 9.262644
v -0.003058 63.569683 11.939911
v -0.004543 64.013701 12.076308
v 1.010430 63.590179 10.748629
v 0.000403 63.549250 10.824661
v -0.003058 63.569683 11.939911
v 0.006185 63.246214 10.262440
v 0.008561 62.870039 9.998288
v 1.426665 62.867404 9.007096
v 1.535113 63.377430 9.255096
v -0.005781 63.374802 13.025203
v -0.005781 63.374802 13.025203
v -3.106185 61.633480 10.613320
v 3.688408 62.774892 10.376865
v 3.524367 62.637190 8.343576
v 3.138006 65.027796 10.550469
v 1.579637 63.443872 13.056792
v 2.221888 63.432405 12.688390
v 2.592592 63.138947 12.448458
v 2.328826 63.208171 12.529803
v 1.594572 63.286605 12.964742
v 0.762181 63.402020 13.215116
v -0.695240 63.384953 13.213487
v -1.255088 62.672814 12.918159
v -2.531493 62.777065 12.039785
v -1.392318 63.290498 12.926351
v -3.421121 63.218343 11.344806
v -3.869673 62.852752 10.355189
v -2.178687 63.277222 12.452788
v -3.110231 63.286586 11.674231
v -3.147368 65.059070 10.500363
v -2.501244 63.235918 12.369650
v -0.014474 64.143569 13.140668
v -1.141829 64.152463 12.935165
v -1.373437 63.448310 13.010870
v 1.235771 64.118061 12.999351
v -0.006472 65.763851 11.222125
v 2.450204 63.930345 12.427567
v 3.027300 63.195016 11.737613
v 3.267780 63.138917 11.391195
v -0.026099 62.935281 6.309405
v 2.513841 62.707696 12.077391
v 1.349811 62.661756 12.871315
v 0.003577 62.739499 13.132959
v 0.046785 61.101733 11.466442
v 3.054966 61.492788 10.528471
v -2.381399 64.021206 12.333886
v -2.033236 63.495123 12.616937
v -3.593160 62.791414 8.337746
v -4.470394 68.829684 12.060035
v -4.573030 68.697391 12.020865
v -4.424307 68.641988 12.333863
v -4.333182 68.774079 12.335365
v -4.180528 68.704790 12.531012
v -4.259900 68.576403 12.554768
v -4.088690 68.889344 12.255074
v -3.976645 68.836614 12.376576
v -4.177817 68.924259 12.146322
v -3.846530 68.582309 12.822659
v -3.910053 68.458338 12.874698
v -3.660195 68.722666 12.633957
v -3.283441 68.508845 13.052430
v -3.311352 68.399736 13.112074
v -3.214094 68.689395 12.838631
v -2.666388 68.722479 12.951385
v -2.596532 68.467079 13.189708
v -2.617223 68.572055 13.148308
v -2.259448 68.814623 12.902889
v -2.113224 68.626076 13.099867
v -2.153390 68.708878 13.067389
v -1.770602 68.947057 12.956928
v -1.889455 68.952554 12.778340
v -1.737975 68.931950 13.022128
v -1.647978 69.075637 12.871139
v -1.746477 69.022546 12.670557
v -1.638655 69.058130 12.917882
v -1.415790 69.199322 12.796005
v -1.265176 69.287802 12.860224
v -1.467741 69.373344 13.165547
v -1.592732 69.280437 13.057584
v -1.697491 69.303673 12.657635
v -1.881196 69.399561 12.825007
v -2.157184 69.545425 13.362941
v -2.112988 69.675514 13.515526
v -2.241487 69.532631 12.957092
v -2.620770 69.665202 13.485284
v -2.630874 69.839529 13.645375
v -2.600759 69.600193 13.051306
v -3.122005 69.703132 13.485236
v -3.184958 69.910027 13.603435
v -2.970705 69.609759 13.046086
v -3.605066 69.648753 13.314238
v -3.717966 69.856247 13.415741
v -3.357992 69.546603 12.906339
v -4.077030 69.509536 13.085126
v -4.219069 69.670947 13.146627
v -3.738849 69.408747 12.691474
v -4.393293 69.264964 12.695112
v -4.546331 69.412778 12.726819
v -4.511711 69.154722 12.484320
v -4.696280 69.279986 12.470370
v -4.078312 69.211946 12.376998
v -4.174875 69.140627 12.269720
v -4.635392 69.016609 12.141039
v -4.851209 69.145057 12.169537
v -4.260475 69.033979 12.121055
v 4.655777 69.148314 12.130358
v 4.613636 68.906546 12.418535
v 4.791790 69.050176 12.080088
v 4.499460 69.032132 12.423038
v 4.337187 68.941492 12.621181
v 4.425265 68.810032 12.643794
v 4.220514 69.110600 12.360946
v 4.117106 69.058115 12.479239
v 4.301985 69.144875 12.253531
v 3.984289 68.783772 12.912243
v 4.039034 68.649922 12.952841
v 3.815349 68.937462 12.727826
v 3.773456 68.599566 13.081010
v 3.729726 68.727984 13.040229
v 3.608797 68.905590 12.837114
v 3.433011 68.691861 13.129130
v 3.451957 68.574469 13.177667
v 3.383107 68.891362 12.925693
v 3.109004 68.679312 13.214507
v 3.120990 68.876457 13.010357
v 3.101759 68.562649 13.258939
v 2.844321 68.894946 13.031173
v 2.763824 68.586236 13.258999
v 2.788872 68.701319 13.221549
v 2.533782 68.747994 13.173883
v 2.624025 68.922903 12.997153
v 2.498596 68.639184 13.204044
v 2.440713 68.955877 12.977636
v 2.285199 68.724883 13.166526
v 2.329339 68.814969 13.136683
v 2.170377 68.879760 13.080357
v 2.293159 68.989837 12.939579
v 2.118029 68.814698 13.120595
v 1.939902 69.042504 13.015274
v 2.074127 69.050273 12.845685
v 1.900871 69.027538 13.078183
v 1.815043 69.166186 12.925524
v 1.929244 69.108333 12.734773
v 1.802131 69.149270 12.971478
v 1.441809 69.340060 12.911045
v 1.591030 69.277510 12.849787
v 1.636656 69.465357 13.224407
v 1.766032 69.377632 13.116256
v 1.877580 69.408569 12.720625
v 2.063387 69.522234 12.892616
v 2.329417 69.692047 13.437454
v 2.276390 69.820644 13.588431
v 2.426996 69.687395 13.035193
v 2.784551 69.842884 13.570638
v 2.781882 70.015268 13.730361
v 2.781933 69.780669 13.137534
v 3.274142 69.901286 13.580402
v 3.322134 70.106846 13.699325
v 3.146317 69.813052 13.139046
v 3.741670 69.863090 13.418808
v 3.835982 70.065980 13.521668
v 3.523361 69.770192 13.007503
v 4.197714 69.726700 13.194177
v 4.323284 69.883613 13.257008
v 3.894192 69.636549 12.797168
v 4.500616 69.483068 12.804947
v 4.640218 69.626801 12.837482
v 4.612388 69.367557 12.595427
v 4.782470 69.489008 12.581792
v 4.212257 69.444076 12.484314
v 4.301300 69.368477 12.378059
v 4.721174 69.221555 12.254706
v 4.921948 69.347294 12.282996
v 4.377697 69.255783 12.231390
v -2.664747 68.825367 12.858066
v -3.082655 68.957497 12.409245
v -3.170540 68.796814 12.757336
v -4.022239 68.990273 12.115440
v -4.070882 69.047612 12.058255
v -2.773609 69.542335 12.938529
v -2.582638 69.316781 12.499084
v -2.439307 69.506129 12.881449
v -1.966296 69.334244 12.679386
v -2.225526 69.157901 12.336487
v -1.757614 69.162444 12.522959
v 2.841571 68.998520 12.940208
v 3.265009 69.164491 12.506412
v 3.340412 69.001856 12.852617
v 4.157941 69.217509 12.223697
v 4.203692 69.275660 12.166264
v 2.962512 69.734223 13.028470
v 2.776820 69.497408 12.585429
v 2.627407 69.676348 12.964924
v 2.150483 69.461911 12.748634
v 2.419376 69.308853 12.406351
v 1.949775 69.273372 12.566887
v -7.020855 68.150554 6.277376
v -7.033234 68.059341 6.091616
v -7.239279 67.189528 5.500477
v -7.247884 66.623474 5.570296
v -7.315822 67.074015 5.285375
v -7.137449 67.491274 5.583027
v -7.102044 67.903645 5.688927
v -7.329340 66.638536 5.281413
v -7.248957 67.737410 5.263930
v -7.375093 68.082897 5.303250
v -7.253896 68.295857 5.581004
v -7.008943 67.093746 5.209632
v -7.067332 67.519742 5.178480
v -7.367439 68.541208 5.512614
v -6.664926 66.809776 5.024540
v -6.921089 66.536829 5.290703
v -7.060015 66.405320 5.403399
v -7.001844 66.405745 4.782062
v -6.961560 66.155016 5.163779
v -6.855555 66.347321 5.071368
v -7.530125 66.734515 4.025265
v -7.138754 66.161320 5.041997
v -7.406519 66.375677 4.787063
v -8.276268 66.877822 3.818912
v -8.053203 67.434678 3.841539
v -8.229759 66.267317 3.803178
v -8.452890 66.860047 3.472207
v -7.348869 67.603107 4.141763
v -8.500503 66.753111 3.233853
v -7.992729 68.051246 3.973245
v -8.439010 67.580668 3.323527
v -7.945507 68.696417 3.806732
v -8.289052 68.517707 3.281252
v -8.232607 68.978164 3.346384
v -8.247919 69.033353 2.972448
v -8.246524 69.400664 3.129632
v -8.484222 68.533018 2.640605
v -8.565739 67.502208 2.788196
v -8.490359 69.034910 2.679726
v -8.115405 69.729821 3.851612
v -1.771280 69.123937 12.521321
v -1.753492 69.049571 12.572106
v -1.704696 69.114200 12.552949
v -1.757609 69.206235 12.530664
v -1.697830 69.191563 12.564583
v -1.747710 69.271356 12.600548
v 1.968714 69.234507 12.557355
v 1.947018 69.155111 12.614026
v 1.892936 69.216513 12.600872
v 1.938612 69.319107 12.593199
v 1.876249 69.296241 12.628942
v 1.929740 69.380396 12.661155
v 2.017835 69.399676 12.684556
v 1.929740 69.380396 12.661155
v 1.918237 69.389979 12.673798
v 2.115578 69.485777 12.806877
v 1.721996 69.275611 12.619862
v 2.069743 69.547505 12.893700
v 2.452400 69.638704 12.957308
v 2.426996 69.687395 13.035193
v 2.472780 69.612224 12.897196
v 1.625302 69.303826 12.722492
v 1.586836 69.213853 12.720495
v 2.417874 69.702459 13.028961
v 1.528286 69.352900 12.802343
v 2.390529 69.785817 13.035458
v 1.579840 69.035160 12.792434
v 1.379012 69.272165 12.900469
v 1.424756 69.411297 12.898515
v 1.476236 68.975958 12.878300
v 1.277667 69.310104 13.023898
v 1.378588 68.967486 13.005425
v 1.755588 68.807320 12.842520
v 1.315307 69.472879 13.015685
v 1.823265 68.942078 12.790412
v 1.511107 68.814979 12.976185
v 1.907463 68.753703 12.836678
v 1.198805 69.538459 13.194543
v 1.946152 68.904700 12.805658
v 1.688158 68.678098 12.945340
v 1.277275 68.984916 13.199313
v -8.628665 66.572571 2.967222
v -8.639989 69.028329 2.432293
v -8.361400 68.925392 2.222762
v -8.376132 68.353888 2.161473
v -8.425838 67.328423 2.280564
v -8.400083 69.422425 2.407561
v -8.356868 66.463491 2.716306
v -8.403151 69.803560 2.674220
v -7.678767 68.475754 2.964191
v -8.013636 65.230714 3.614016
v -7.713228 69.057054 3.106317
v -7.557100 67.897098 3.072195
v -7.486000 68.488774 3.052190
v -7.556659 69.500546 3.453252
v -7.652467 70.183695 3.345906
v -7.469418 68.854480 2.490250
v -7.609079 72.172778 3.432476
v -7.489259 69.639091 1.217694
v -7.578271 72.187953 4.382401
v -7.205607 74.200508 1.758740
v -7.186218 74.449568 3.045187
v -7.267083 71.716201 5.886755
v -6.861671 75.515473 2.914088
v -7.323290 69.730692 5.357289
v -7.269021 70.109600 5.656703
v -7.110942 71.377871 6.454000
v -6.775367 73.792598 6.599041
v -7.157408 69.398408 5.876601
v -6.953792 71.005602 6.961387
v -6.716887 73.233571 7.224522
v -6.799145 70.710166 7.434673
v -6.632084 72.682600 7.736757
v -7.117256 68.736486 5.883422
v -7.192692 68.893437 5.705009
v 1.866324 68.596800 12.924401
v 1.217886 69.007635 13.309895
v 1.119681 69.391765 13.322883
v 1.596525 68.621459 13.123113
v 1.545919 68.605046 13.221965
v 1.799802 68.490436 13.074293
v 1.768080 68.450592 13.156827
v 2.179081 68.410669 12.901662
v 1.002079 69.481140 13.584167
v 1.474330 68.552974 13.420573
v 1.743715 68.362974 13.309058
v 2.180007 68.267732 13.000340
v 2.244803 68.095976 13.164651
v 1.816128 68.130787 13.453800
v 1.285731 68.463338 13.739434
v 2.313280 67.881204 13.281746
v 2.715917 67.920196 13.055171
v 2.790967 67.669182 13.145144
v 2.291336 67.312305 13.478685
v 1.391052 67.778740 13.975821
v 1.725094 67.068312 13.811199
v 2.255141 66.610843 13.534099
v 2.080141 66.364474 13.537755
v 1.686021 66.766860 13.970386
v 2.233400 66.207011 13.496570
v 2.130681 66.125795 13.484578
v 1.735760 66.544522 14.148730
v 2.008161 66.190471 13.581451
v 2.466851 66.032642 13.469843
v 2.036102 65.955477 13.766293
v 1.867195 66.137116 14.513564
v 2.130136 65.719350 13.576075
v -7.402667 69.338332 5.377763
v -7.616178 69.082165 5.304899
v -7.487575 68.370195 5.305005
v -7.842999 69.574177 4.965899
v -7.612484 69.745847 4.941040
v -7.886512 69.408383 4.867523
v -7.844782 70.082769 4.301149
v -8.122902 69.774505 4.355759
v -7.969029 70.164938 3.902538
v -8.267680 69.866989 3.993394
v -8.323215 70.121826 3.529403
v -8.417075 70.011489 3.574505
v -8.127147 70.165439 3.469066
v -8.562547 69.908510 3.177091
v -8.416436 69.875437 3.606167
v -8.315461 70.069554 3.037276
v -8.446633 69.719714 3.297321
v -8.493795 69.592791 3.035732
v -8.499765 69.378823 2.826922
v 7.109673 69.410228 5.927907
v 7.234727 70.095741 5.709009
v 7.333778 71.682508 5.948263
v 7.157840 71.370508 6.521825
v 6.982748 71.018088 7.035565
v 6.802678 70.729575 7.514924
v 6.861814 73.743318 6.667752
v 6.799052 73.209063 7.301250
v 6.702429 72.691214 7.819954
v 6.462652 71.944277 8.619103
v 6.245667 73.931968 8.871837
v 6.233980 74.628596 8.353516
v 6.208044 73.302603 9.268636
v 6.162815 75.210758 8.011339
v 6.132729 72.758780 9.598991
v 5.775356 74.380658 9.906907
v 5.753886 75.108674 9.408780
v 5.739159 73.757082 10.278727
v 5.110875 74.633946 10.957412
v 5.679667 73.229429 10.570220
v 5.072655 75.353537 10.507038
v 5.104309 73.978882 11.299413
v 1.987062 65.693156 14.007243
v 1.914705 65.835860 14.678357
v 1.662599 66.165023 15.023340
v 1.675232 65.875425 15.127005
v 1.860411 65.492785 14.196231
v 1.573086 65.653640 15.118488
v 1.286956 65.848217 15.683763
v 1.289860 66.156953 15.578615
v 1.740291 65.417015 14.281050
v 1.158613 65.611386 15.684292
v 1.437537 65.615256 15.052114
v 0.952755 65.763362 16.178680
v 0.968896 65.576812 15.533450
v 0.750276 65.451722 15.626636
v 0.612489 65.819424 16.462794
v 0.553397 65.404900 16.272894
v 0.655574 65.319836 15.777271
v 0.439186 65.134804 15.855084
v -0.151691 65.427425 16.265636
v 0.370499 65.000240 15.274790
v -0.038990 65.153945 15.853884
v -0.267475 65.351775 15.775291
v -0.017066 64.997159 15.278152
v -0.374398 65.478851 15.626742
v 4.335763 75.539766 11.447557
v 4.341721 74.737310 11.938888
v 5.045815 73.321866 11.641488
v 4.286789 76.367165 10.821341
v 3.689349 75.667766 12.118745
v 3.672491 76.545543 11.404762
v 3.092795 76.637967 11.815593
v 3.091710 75.741426 12.568268
v 3.042351 77.313314 11.087835
v 2.521508 76.653934 12.138587
v 2.485269 77.354289 11.369638
v 3.019988 77.577653 10.758759
v 2.516095 75.754702 12.877602
v 2.738396 78.041207 10.192796
v 2.494433 74.889110 13.366330
v 3.058913 74.887916 13.082038
v 3.384864 77.862696 9.928868
v 2.870802 78.473035 8.916193
v 3.875070 78.086111 8.579224
v 1.198847 78.861061 9.283985
v 1.233443 79.324406 7.507922
v 2.886546 78.864181 7.353623
v 4.081503 78.383657 6.992033
v 4.718573 77.506435 8.407842
v 1.252967 79.485880 6.263355
v 1.318230 79.640931 4.588340
v 1.366310 79.645590 3.159945
v 0.005791 79.616229 1.748579
v 1.413888 79.447463 1.781214
v 2.720483 79.123035 1.857703
v 4.491349 78.488786 3.473555
v 1.475273 79.037024 0.443205
v 4.663737 78.240027 2.225396
v 1.540637 78.371315 -0.845154
v 2.929596 77.962463 -0.714539
v 5.894666 77.411598 3.813601
v 1.579548 77.399002 -2.037785
v 4.920918 77.199959 -0.180312
v 6.080453 77.156998 2.623779
v 6.160368 76.826626 1.500484
v 4.984155 76.282684 -1.135628
v 7.096045 75.453611 2.947426
v -0.280542 65.329153 14.920595
v -0.072717 64.906820 14.873937
v -0.344384 64.933883 14.878652
v -0.668582 64.999517 14.640253
v -0.300328 64.785916 14.886320
v -0.372505 65.352021 14.669419
v -0.612625 65.417289 14.525064
v -0.766685 64.809101 14.668975
v -1.064573 65.087206 14.215789
v -1.026850 65.175466 14.272937
v -1.284467 65.172019 14.002902
v -0.777491 65.429609 14.448178
v -1.271369 65.244469 14.039330
v -1.494271 65.261534 13.859036
v -1.137090 65.344293 14.369771
v -1.445213 65.334467 13.904452
v -1.410679 65.347196 14.246783
v -1.518689 65.428374 14.169322
v -1.694531 65.519490 13.717556
v -1.629846 65.645287 14.000533
v -1.863145 65.420091 13.667843
v -1.374212 65.473227 14.650416
v -1.692284 65.947294 13.777432
v -1.472842 65.747068 14.646199
v -1.162459 65.588314 15.099364
v -1.238953 65.804670 15.102081
v -1.425482 66.065368 14.489685
v -1.211089 66.085316 14.998737
v -0.918889 65.868493 15.669989
v -0.889321 66.139999 15.561372
v -0.811388 66.526409 15.333863
v -1.061652 66.569220 14.660493
v -0.220610 67.479974 15.641357
v -0.829504 67.547744 14.649447
v -0.539862 67.784041 15.085921
v -0.247041 67.909701 15.351238
v 6.165402 76.314898 0.551539
v 1.549911 74.612724 -3.774048
v 6.190961 75.653435 -0.230863
v 4.926692 73.826797 -2.563080
v 1.524434 72.940063 -4.218730
v 2.896090 72.635338 -3.906217
v 6.686661 74.748230 -0.141075
v 6.358941 73.591118 -1.268252
v 6.880093 73.627571 -0.454622
v 1.457743 71.209274 -4.287580
v 3.801877 70.734566 -3.758001
v 6.994529 72.108833 -0.862751
v 7.232862 73.822319 0.558016
v 0.024092 69.649361 -4.073961
v 1.376098 69.561317 -4.147756
v 6.181744 70.452858 -2.101948
v 4.334378 69.045815 -3.431582
v 1.286552 68.060028 -3.904589
v 5.775242 68.680832 -2.251146
v 3.996000 67.623543 -3.250677
v 1.189535 66.750832 -3.449253
v 2.220614 66.590569 -3.292259
v 4.884586 66.364326 -2.056854
v 2.861038 63.717293 -1.888755
v 1.551131 63.250610 -2.308477
v 0.027014 62.064938 -2.581589
v 1.425586 62.037075 -2.445769
v 2.643447 61.959358 -1.997053
v 2.776793 60.746422 -2.136230
v 3.030617 59.637543 -2.326963
v 1.543718 59.532074 -2.623399
v 4.606943 59.528310 -1.187580
v 1.745002 58.436073 -2.932760
v 0.049788 67.957318 15.433062
v -0.253557 68.415364 15.066335
v 0.351562 67.916714 15.338096
v 0.358376 68.425684 15.051383
v 0.673279 67.805945 15.070932
v 0.391408 69.099465 14.492151
v 1.029114 67.602117 14.656669
v 0.999014 68.065159 14.375482
v 0.659439 68.973621 14.309505
v 0.914078 68.775493 14.062474
v 1.385504 67.317520 14.215033
v 0.887192 69.148074 13.878968
v 0.876263 69.318754 13.831631
v 0.655022 69.791968 14.117787
v 1.066326 69.102492 13.562783
v 0.859310 69.621302 13.881614
v 1.026187 69.631505 13.663373
v 0.592013 70.220453 14.370125
v 0.855635 70.078133 14.257617
v 1.147159 69.909592 13.965255
v 1.148494 69.566559 13.332568
v 0.688569 70.624356 14.484669
v 1.065678 70.524585 14.451201
v 1.370048 69.839118 13.501653
v 1.440802 69.801164 13.277738
v 1.719250 70.220974 13.986717
v 1.247535 70.842450 14.488810
v 2.083434 57.333870 -3.365822
v 5.499141 57.999001 -2.359948
v 6.089514 57.916882 -1.678467
v 4.760797 56.752094 -3.817920
v 2.592283 55.993046 -4.062276
v 0.001049 55.712227 -4.514549
v 6.601463 57.222633 -2.835530
v 5.491235 56.043869 -4.442505
v 2.959746 55.057713 -4.858995
v 7.220946 57.191017 -2.025660
v 7.710041 55.427711 -4.947947
v 9.227759 55.932606 -3.060573
v 10.001196 55.064621 -4.637116
v 10.524877 55.264774 -3.258804
v 9.909816 55.121341 -0.951643
v 6.569572 56.140854 1.654673
v 6.400694 55.697154 2.389058
v 6.243365 55.259136 3.096793
v 6.813527 56.999359 0.310821
v 6.204747 57.903273 1.688332
v 5.931917 56.583366 3.842013
v 1.792122 70.006380 13.463359
v 1.764246 70.089771 13.733075
v 1.864828 69.863280 13.099370
v 1.008628 71.567198 14.501160
v 1.536952 71.555813 14.488371
v 2.279294 70.153419 13.267613
v 1.942163 69.744513 12.951049
v 2.315253 70.029626 13.073373
v 1.729388 72.132124 14.358920
v 2.901100 70.433424 13.257363
v 2.793144 69.967578 13.097095
v 3.366344 70.347167 13.023682
v 3.222612 70.049656 13.048704
v 3.498579 70.451556 13.117311
v 3.155029 69.861066 13.117412
v 2.781932 69.780684 13.137531
v 3.611572 69.965717 12.902070
v 3.537599 69.817821 12.976224
v 2.785643 69.736152 13.077662
v 3.523361 69.770192 13.007503
v 3.133854 69.753528 13.010928
v 3.487775 69.735517 12.954640
v 3.457904 69.723441 12.889967
v 3.829906 69.609212 12.722329
v 4.000366 69.826651 12.654483
v 4.136551 69.414079 12.413344
v 4.249105 69.487129 12.456948
v 4.325069 69.591936 12.315901
v 4.444660 69.708366 12.163584
v 4.495300 69.371073 12.085925
v 4.592028 69.373926 11.939576
v 4.377910 70.053701 12.491409
v 4.668157 69.769135 12.127671
v 4.771305 69.393789 11.836774
v 4.665496 69.086117 11.798132
v 6.055238 58.210936 0.405014
v 6.032569 59.152698 1.693315
v 6.160650 58.571060 3.121848
v 5.958229 58.069491 3.936746
v 5.577945 57.493226 4.763352
v 5.900429 59.274019 4.193860
v 4.375880 57.598080 6.295109
v 6.081545 60.933473 3.620266
v 5.781370 60.390755 4.510937
v 5.285908 59.730652 5.331147
v 4.232106 58.686174 6.754662
v 5.258473 60.678420 5.720084
v 4.341038 59.699421 7.246480
v 3.701033 58.300224 7.488818
v 6.091361 62.306149 3.990300
v 4.563504 60.301937 7.685492
v 5.732736 62.048656 5.630409
v 2.946739 59.129110 9.544347
v 3.212089 59.403832 9.809408
v 5.937904 62.362642 6.458264
v 4.959712 60.768764 8.344319
v 3.470579 59.731897 10.252362
v 2.504776 59.470571 11.290259
v 5.205523 61.049394 8.780439
v 4.835502 60.997177 9.850689
v 3.715767 60.148635 10.783067
v 5.442683 61.684005 9.399776
v 2.727075 59.729256 11.721614
v 2.817057 59.855091 11.924351
v 1.747032 59.288979 12.020143
v 1.985674 59.479376 12.482467
v 3.707971 60.823157 11.597825
v 2.914418 60.096927 12.322113
v 3.521984 61.102350 12.083805
v 2.889038 60.393537 12.732283
v 2.234628 59.789008 13.079812
v 2.238333 60.151870 13.453155
v 4.988722 69.934258 12.073135
v 5.155864 69.594801 11.715822
v 4.834091 69.060619 11.647403
v 5.334645 69.742614 11.587772
v 5.435395 69.386468 11.281246
v 4.877724 68.863352 11.555322
v 5.221217 68.933170 11.324742
v 4.870185 68.789470 11.550267
v 5.422150 69.006413 11.159372
v 5.189195 68.796566 11.320900
v 5.546626 70.014926 11.158419
v 5.746908 69.579799 10.780263
v 5.375103 68.826246 11.174304
v 5.660623 70.224210 10.855963
v 5.058839 68.525935 11.471214
v 5.729026 68.870677 10.773728
v 5.208661 68.482457 11.375575
v 5.516726 68.391184 11.130139
v 5.074920 68.316893 11.567403
v 5.370363 68.184070 11.400303
v 4.744720 68.271316 11.843855
v 4.875642 68.177259 11.805314
v 5.165708 68.004799 11.707698
v 5.856762 68.207397 10.746975
v 5.495090 67.651717 11.518545
v 5.701717 67.910021 11.117794
v 4.292977 67.988554 12.297122
v 4.557726 67.740270 12.288653
v 4.863110 67.331695 12.244253
v 4.082198 67.283722 12.747985
v 3.869850 67.666892 12.689813
v 5.199851 66.342533 11.977872
v 3.246846 67.736989 12.923223
v 4.210352 66.535622 12.771903
v 3.353363 67.457170 12.996512
v 3.369447 66.816024 13.125776
v 3.580073 66.163222 13.072031
v 2.755344 67.086081 13.324302
v 1.295650 60.252057 14.116799
v 1.366393 59.712044 13.831728
v 0.048905 60.353514 14.510819
v 1.291487 59.396392 13.378540
v 1.196924 59.312764 13.101751
v -1.167464 59.507699 13.494201
v -1.064062 59.416283 13.209663
v 0.076169 59.136496 12.722222
v -1.887660 59.648410 12.595505
v -0.844149 59.264679 12.585703
v -1.634057 59.436191 12.126500
v -0.692311 59.111135 11.982102
v -1.425527 59.249258 11.625014
v -2.412075 59.665405 11.417662
v -1.300700 59.117104 11.142361
v -3.052347 59.741194 9.956611
v -1.993244 59.273389 10.593443
v -2.751345 59.482565 9.711108
v -2.556782 59.340915 9.696931
v -2.156418 59.270305 10.061865
v -2.140696 58.982709 9.634513
v -4.341515 59.941382 7.322942
v -3.568220 58.662614 7.623495
v -4.207129 59.028177 6.839797
v -2.399239 58.213008 8.789548
v -1.885703 58.261885 9.194698
v -5.424236 59.910763 5.290859
v -4.349039 57.876550 6.367133
v -5.403817 60.868767 5.682405
v -2.572291 56.880264 8.053004
v -2.038350 56.692362 8.502353
v -5.933034 60.479820 4.467936
v -3.973737 55.927572 6.619498
v -2.803533 55.222315 7.515833
v -6.184239 60.982663 3.572641
v -2.234938 55.065836 7.919433
v -0.953276 56.891011 9.193213
v 2.763694 65.831037 13.405978
v 3.084515 65.598899 13.301904
v 3.410458 65.320592 13.151153
v 3.032634 65.113199 13.293525
v 2.471458 65.634035 13.463421
v 4.046766 64.702447 12.683542
v 4.524508 65.113772 12.306376
v 3.580331 64.405623 12.987101
v 2.699758 65.039605 13.427765
v 3.170384 64.314366 13.218463
v 2.089675 65.416642 13.677612
v 3.971134 63.767277 12.579947
v 2.849271 64.162083 13.364165
v 3.615450 63.293804 12.794065
v 3.134967 63.418266 13.140858
v 2.662569 63.848393 13.427120
v 2.264965 64.329438 13.681667
v 1.664570 64.981221 14.068208
v 3.199518 63.168809 13.025486
v 2.868386 63.323098 13.225056
v 2.905914 63.133427 13.140699
v 3.209380 62.989536 12.941831
v 2.551622 63.563643 13.426260
v 2.251213 63.833060 13.658767
v 2.704242 63.281649 13.252809
v 2.902454 62.997676 13.082565
v 2.600730 63.253736 13.263397
v 2.709749 63.070668 13.146580
v 2.784926 62.778479 13.054232
v 3.067502 62.651185 12.892857
v 2.437799 63.331504 13.391126
v 2.562821 63.239117 13.261940
v 2.600938 62.926378 13.137041
v 2.694293 62.667107 13.087018
v 2.594427 63.142053 13.190256
v 2.481280 63.064340 13.194664
v 2.518482 62.860625 13.163659
v 2.393683 63.029407 13.223182
v 0.093591 56.794731 9.399276
v 2.452970 62.443733 13.283727
v 2.634735 62.141931 13.111430
v 2.159059 62.953630 13.398309
v 2.296572 62.730785 13.349859
v 2.315361 63.155546 13.276367
v 2.163058 61.893040 13.448378
v 2.074350 63.108976 13.453473
v 1.845910 62.865772 13.755347
v 1.931240 62.613336 13.664595
v 1.471772 62.228461 13.952394
v 1.420578 62.529463 14.007610
v 1.560690 61.811703 13.836372
v 1.753905 63.055673 13.811212
v 1.395453 62.786256 14.135424
v 0.766536 62.226740 14.197677
v 0.771335 62.478188 14.295458
v 0.798175 62.695824 14.522412
v 0.823581 61.844210 14.137794
v 0.741502 63.063912 14.588737
v 0.010152 62.623277 14.737652
v 0.017222 62.411095 14.460994
v -0.736585 62.491014 14.412088
v -0.721531 62.237817 14.315511
v -0.776440 62.709452 14.623990
v -1.413757 62.268113 14.104837
v -1.340790 62.548662 14.144744
v -1.306166 62.795163 14.234563
v -0.767467 61.870817 14.245597
v -1.526796 61.874822 13.980678
v -1.766940 62.637589 13.702151
v -1.649273 62.872760 13.763997
v -1.554509 63.054110 13.801362
v -2.086746 62.771744 13.315303
v -1.813563 63.126150 13.408280
v -1.907033 62.977529 13.359006
v -9.922962 55.106013 -0.966315
v -10.527561 55.261826 -3.262595
v -9.384866 55.748978 -3.302396
v -7.457341 56.876297 -2.460901
v -9.999768 55.064758 -4.637508
v -6.738065 57.022224 -3.129902
v -7.803099 55.292274 -5.140507
v -6.111235 57.876258 -1.736941
v -5.575318 55.862068 -4.706235
v -4.785902 56.672691 -3.931743
v -5.493781 57.996407 -2.362928
v -2.627820 55.835823 -4.282887
v -2.079085 57.328915 -3.367787
v 0.001049 55.712227 -4.514549
v -1.742600 58.435844 -2.952307
v -1.450940 63.219688 13.789787
v -2.311938 62.926509 13.109232
v -1.751834 63.243460 13.431879
v -1.714694 63.290915 13.403881
v -2.058891 63.201511 13.217075
v -2.149505 63.080254 13.168004
v -2.163682 63.226075 13.175620
v -1.997465 63.293735 13.211087
v -1.962147 63.338835 13.158815
v -1.903691 63.404944 12.965015
v -2.073585 63.341373 13.094929
v -2.107216 63.296363 13.162551
v -2.033898 63.409012 12.884482
v -1.898198 63.398381 12.839238
v -2.046562 63.389800 12.760439
v -2.232631 63.303096 13.045686
v -2.230271 63.376135 12.772890
v -2.269180 63.356004 12.645354
v -2.264627 63.271358 13.069025
v -2.253907 63.252415 13.103592
v -2.252294 63.304339 12.838753
v -2.291754 63.315420 12.696502
v -2.470544 63.303088 12.320980
v -2.091746 63.300560 12.950436
v -2.101546 63.251978 13.176547
v -1.794903 63.269792 13.144599
v -1.782352 63.337618 13.009391
v -1.802843 63.511155 12.753018
v -1.837799 63.240841 13.357542
v -1.440232 63.234957 13.422337
v -1.519508 63.269677 13.643729
v -1.092041 63.319986 13.580008
v -1.054706 63.359825 13.411307
v -0.918968 63.339378 13.609372
v -1.180473 63.344011 13.856877
v -1.001085 63.376315 13.933156
v -0.520276 63.336136 13.605985
v -0.513853 63.396173 13.401100
v -0.501349 63.578988 13.099051
v -0.569932 63.355588 14.075057
v -0.009435 63.332810 13.570855
v -1.542315 59.540009 -2.663947
v -3.033139 59.645439 -2.388188
v -2.771495 60.762951 -2.192870
v -1.379082 62.056614 -2.480504
v -2.615528 61.981255 -2.026363
v 0.027014 62.064938 -2.581589
v -1.471323 63.270168 -2.280422
v -2.779370 63.736893 -1.682972
v -3.872046 67.642029 -2.528850
v -2.079682 66.599297 -2.855441
v -4.239172 69.063637 -2.798675
v -1.052549 66.755058 -3.216569
v -5.659793 68.707649 -1.498230
v -6.078462 70.479996 -1.597551
v -1.181800 68.064453 -3.686125
v -3.754158 70.743942 -3.448574
v -1.318519 69.564568 -3.992828
v -6.279196 73.616760 -1.199673
v -4.898353 73.834229 -2.527116
v -6.887450 72.140938 -0.633567
v 0.024092 69.649361 -4.073961
v -1.438959 71.209259 -4.235461
v -2.880794 72.635056 -3.870762
v -6.772826 73.663132 -0.405882
v -6.571342 74.787872 -0.142924
v -6.082819 75.691101 -0.232799
v -1.503233 72.935654 -4.219880
v -4.926095 76.303047 -1.135745
v -6.033677 76.356247 0.538578
v -1.538258 74.611458 -3.774529
v -4.838109 77.227547 -0.182139
v -6.006216 76.871049 1.480765
v -0.006213 63.332591 14.082593
v 0.539312 63.407563 13.387947
v 0.543442 63.348127 13.578382
v 0.537129 63.590437 13.101637
v -0.003197 63.486037 14.563838
v 0.581707 63.364428 14.036721
v 0.295438 63.476132 14.529123
v 1.090287 63.390751 13.921186
v 1.020209 63.363097 13.601583
v 1.196615 63.381528 13.427573
v 0.603516 63.489725 14.441679
v 1.313212 63.356880 13.862760
v 1.233115 63.339649 13.587402
v 1.150051 63.505599 14.204295
v 1.660324 63.243382 13.457151
v 1.399345 63.471890 14.093253
v 1.736074 63.271526 13.681725
v 1.433981 63.676099 14.282361
v 1.822054 63.367709 13.841312
v 2.053526 63.247296 13.198205
v 2.030424 63.311566 13.066123
v 2.101829 63.213194 13.411158
v 1.403226 63.795478 14.328043
v 1.850492 63.658419 13.926878
v 2.187431 63.424540 13.589634
v 1.335595 64.103938 14.409048
v 1.055027 64.121948 14.603336
v 1.831970 64.023381 13.999790
v 2.207240 63.499007 13.612219
v 1.783142 64.524208 14.065073
v 2.143441 63.283983 13.528313
v 2.383563 63.242661 13.335287
v 2.352315 63.198880 13.238794
v 2.483008 63.184015 13.171970
v 2.323056 63.245397 13.014614
v 2.452084 63.231965 12.912563
v 2.467403 63.235716 12.772291
v -5.909390 77.201386 2.596815
v -1.572624 77.400452 -2.037921
v -2.896634 77.974472 -0.715263
v -4.540321 78.267080 2.206812
v -5.724871 77.451758 3.778973
v -1.525723 78.377045 -0.845625
v -4.363235 78.526716 3.449016
v -1.453068 79.047143 0.441261
v -2.659028 79.148203 1.850220
v -1.383837 79.466356 1.778391
v 0.005791 79.616229 1.748579
v -1.322969 79.673155 3.157023
v -6.127276 75.222478 7.959864
v -1.260420 79.675351 4.583059
v -6.218441 74.634399 8.274711
v -1.182504 79.521666 6.255993
v -6.241629 73.923485 8.808068
v -5.732450 75.113228 9.320822
v -5.764398 74.371693 9.810521
v -6.216257 73.341750 9.199606
v -6.128381 72.732865 9.496942
v -6.439612 71.916447 8.526318
v -5.739720 73.793674 10.176869
v -5.997143 72.167057 9.811206
v -6.298155 71.418912 8.883919
v -5.795040 71.462039 10.289760
v -6.423600 69.884910 8.673382
v -6.605510 68.797132 8.646248
v -6.670741 68.399693 8.785342
v -6.175647 69.115085 9.928670
v -6.705776 67.891464 9.088040
v -6.172597 68.778219 10.085323
v -6.832109 66.647478 8.229923
v -6.015349 68.105029 10.639815
v -6.455080 66.959967 10.277859
v -5.856337 67.813333 11.008717
v -6.192552 66.675759 10.824344
v -6.379419 65.723520 10.240199
v -6.589607 64.758339 9.024818
v -5.617170 67.557592 11.424914
v 2.488171 63.201732 13.139022
v 2.420776 63.304272 12.852563
v 2.019406 63.464505 12.817463
v 2.437239 63.279771 12.727327
v 2.558838 63.211426 12.407049
v 2.254840 63.334180 12.833434
v 2.125235 63.356355 12.905396
v 2.256094 63.356119 12.955585
v 2.141478 63.364888 13.032177
v 1.799433 63.303304 12.838253
v 1.817575 63.354234 13.140986
v 2.214480 63.298100 13.222816
v 2.315066 63.290091 13.162790
v 1.861484 63.344263 13.277193
v 1.968730 63.276866 13.456530
v 1.411017 63.375681 13.446199
v 1.461665 63.367938 13.592246
v 2.253283 63.251624 13.273614
v 2.353165 63.242723 13.228860
v 1.588097 63.289702 13.773975
v 1.004005 63.473010 13.625294
v 1.641128 63.227260 13.811836
v 1.163782 63.402844 14.025883
v 1.048575 63.476828 13.784556
v 1.234804 63.333999 14.119813
v 0.960855 63.372358 13.187656
v 0.559773 63.427332 13.215234
v 0.540726 63.493010 13.683075
v 0.557645 63.491869 13.870874
v 0.620918 63.432796 14.200698
v -0.006109 63.424161 14.305901
v -0.544988 63.480893 13.890433
v -0.521949 63.479589 13.697140
v -0.510092 63.421930 13.216711
v -0.615464 63.428449 14.232390
v -0.956549 63.456479 13.782059
v -0.909006 63.451116 13.620058
v -0.862071 63.352998 13.177596
v -1.073927 63.391440 14.033524
v -1.281426 63.354281 13.561446
v -1.231612 63.361007 13.413678
v -1.143365 63.326448 14.133524
v -1.402252 63.281196 13.748120
v -6.094319 65.411365 10.800572
v -5.387837 66.301806 11.989404
v -6.184786 64.183861 10.101595
v -5.708355 65.181046 11.295148
v -4.939367 67.221038 12.218405
v -5.886019 64.031955 10.569833
v -6.276805 62.913552 8.843903
v -6.059023 62.738783 9.506978
v -4.116941 67.207332 12.760532
v -5.637802 61.877887 9.302591
v -5.345692 63.884202 11.306865
v -5.828546 62.737320 10.123519
v -5.518812 62.084541 10.105072
v -5.387910 63.316538 11.123827
v -4.821627 63.735881 11.863941
v -4.858734 63.332451 11.720477
v -4.661092 62.524745 11.622437
v -4.708019 64.116213 12.074807
v -4.418733 62.128102 11.670489
v -4.327391 63.293134 12.211646
v -4.166594 62.642683 12.125541
v -4.169423 63.913275 12.480481
v -3.702851 63.452089 12.683198
v -3.742685 63.203246 12.583044
v -3.406257 61.579573 12.479502
v -3.592984 62.718426 12.514330
v -3.442743 62.465960 12.552778
v -3.242258 64.440848 13.138856
v -3.152501 63.306318 12.924422
v -3.074793 63.552778 13.041179
v -2.818693 64.281631 13.280691
v -3.177475 63.130330 12.844389
v -2.544816 63.957686 13.337634
v -2.768900 63.248566 13.053593
v -2.724382 63.432269 13.137852
v -2.772526 63.110807 12.999944
v -2.516455 63.376038 13.172694
v -2.364785 63.653351 13.343472
v -2.136624 64.394275 13.599041
v -2.073008 63.900578 13.570864
v -2.525007 63.162424 13.071812
v -2.388287 63.335478 13.188146
v -2.201713 63.401059 13.319095
v -2.342315 63.315644 13.188419
v -2.356537 63.274413 13.151214
v -2.381719 63.220082 13.118581
v -2.133691 63.301074 13.269316
v -2.280475 63.275925 13.172739
v -2.335387 63.240852 13.135938
v -1.884924 63.319059 13.469232
v -1.615347 63.355426 13.223689
v -1.578328 63.367270 13.089202
v -1.582654 63.324533 12.792987
v -0.736616 63.076505 14.657213
v -0.663876 63.368586 14.396754
v 0.667226 63.369109 14.357255
v 2.009183 63.228436 13.482779
v 2.456435 63.236482 13.116371
v 2.505953 63.192412 13.218850
v 2.524206 63.193017 13.222805
v 2.556144 63.167265 13.206975
v 2.574365 63.197677 13.224176
v 2.510661 63.203759 13.242969
v 2.038807 69.608408 12.904016
v 1.734972 69.512078 12.830304
v 4.161170 69.336479 12.242817
v 4.245605 69.293732 12.240653
v 4.356875 69.298041 12.287077
v 4.406464 69.326072 12.238098
v 4.465790 69.235677 12.116195
v 4.276426 69.246141 12.174173
v 4.214471 69.248771 12.137861
v 4.573743 69.180950 11.950603
v 4.459717 69.176397 12.062134
v 4.582889 69.050974 11.893010
v 4.283937 69.230721 12.155412
v 4.214471 69.248771 12.137861
v 4.563236 69.007414 11.893843
v 4.433939 69.148850 12.065957
v 4.362762 69.188297 12.150234
v 4.277826 69.219811 12.164200
v -2.297773 63.266431 13.152168
v -2.277122 63.263227 13.148860
v -2.249439 63.129767 13.132516
v -2.402798 63.004098 13.074424
v -2.653097 62.879187 12.986913
v -2.563271 62.755367 13.030309
v -3.048620 62.778070 12.817017
v -2.333340 62.514741 13.255635
v -2.634092 62.252188 13.088820
v -3.020926 61.945922 12.820021
v -2.156107 61.982456 13.519364
v -3.676572 61.275359 12.063525
v 7.830007 72.093139 4.427683
v 7.981748 72.075763 3.463892
v 7.444133 74.373636 3.079768
v 7.415022 74.141729 1.780159
v 7.831800 70.137811 3.272783
v 7.618233 69.604523 0.851686
v 7.585450 68.870928 2.256524
v 7.572114 68.471455 2.871206
v 7.287061 67.937878 2.070725
v 7.767783 68.465684 2.783588
v 7.081688 67.182462 1.904079
v 6.534715 66.409127 0.705531
v 6.928135 66.645524 1.912233
v 7.637744 67.889936 2.888357
v 6.837295 66.055342 2.494786
v 4.696714 68.925975 11.730111
v 4.684405 68.867401 11.727035
v 4.454256 68.934261 11.982980
v 4.336223 69.080008 12.167546
v 4.222540 69.188393 12.251400
v 4.593702 68.787603 11.811524
v 4.347430 68.894453 12.084038
v 4.264786 69.034375 12.281257
v 4.779841 68.643649 11.651899
v 4.494217 68.760055 11.916201
v 4.209878 68.844369 12.228241
v 4.141765 68.983769 12.407896
v 4.340575 68.714952 12.067722
v 4.675284 68.579522 11.774280
v 4.498766 68.506599 11.945574
v 3.861361 68.739836 12.571511
v 3.899536 68.556971 12.426221
v 3.998298 68.312070 12.339377
v 4.182499 68.079225 12.303156
v 3.358280 68.675521 12.820774
v 3.424121 68.229333 12.641176
v 2.847247 68.450612 12.810787
v 3.575135 68.010991 12.641670
v 2.832701 68.672681 12.895683
v 2.911771 68.222167 12.798525
v 2.475321 68.506920 12.849004
v 3.032469 68.021408 12.833639
v 2.456238 68.724268 12.892780
v 2.513939 68.283223 12.870593
v 2.322305 68.559945 12.847833
v 2.582666 68.099976 12.932717
v 3.103503 67.938155 12.860387
v 2.182281 68.627589 12.840054
v 2.179512 68.830757 12.853305
v 2.174431 68.971748 12.884975
v 7.207745 66.217407 3.619251
v 7.795369 66.748688 3.013755
v 6.408662 64.682785 3.542339
v 7.690434 65.951474 3.449983
v 7.620651 65.572574 3.718200
v 7.301680 65.074097 4.490545
v 7.531281 65.186404 4.015426
v 8.078756 65.214814 3.575214
v 7.961532 64.886832 3.988494
v 7.833534 64.610331 4.422042
v 7.950248 64.661817 4.476815
v 7.711044 64.476532 4.780106
v 7.828563 64.554348 4.833221
v 8.048327 64.788623 4.513815
v 7.583625 64.456522 5.061916
v 7.452691 64.425131 4.986798
v 7.930507 64.705196 4.850727
v 7.758334 64.754841 5.113553
v 7.401248 64.842882 5.521010
v 7.304275 64.647201 5.487315
v 8.091066 65.479871 4.239204
v 7.733628 65.245650 5.039261
v 7.877249 65.662080 4.549383
v 7.460335 65.140635 5.443478
v 7.255207 65.122054 5.661474
v 7.621677 65.570033 4.995399
v 7.336138 65.869276 5.353398
v 6.985962 65.370817 5.854836
v 7.294014 66.188753 5.006650
v 7.090003 66.154603 5.100198
v 6.982567 66.337134 4.967028
v 7.515013 66.368429 4.762074
v 7.898371 66.238920 4.374386
v 7.725668 66.340001 4.368548
v 8.009352 65.793756 4.274648
v 8.289061 66.252397 3.752119
v 8.210838 65.750209 3.914036
v 7.600747 66.721324 3.959969
v 8.324843 66.865922 3.759918
v 8.414560 66.442647 2.557167
v 8.486953 67.315639 2.053587
v 6.837010 65.073485 5.690275
v 2.176270 69.018931 12.898042
v 2.442518 68.898592 12.947639
v 1.992831 69.033725 12.773595
v 1.895216 69.055376 12.750112
v 2.202598 69.082381 12.822801
v 2.440713 68.955877 12.977637
v 2.835982 68.833131 12.985759
v 1.996549 69.079828 12.786098
v 2.218129 69.112477 12.759994
v 2.446416 69.023736 12.907455
v 2.026644 69.124915 12.726759
v 1.951508 69.144484 12.678301
v 2.454449 69.063936 12.844899
v 2.843333 68.954090 12.990965
v 3.366074 68.824581 12.892452
v 2.025119 69.147378 12.647231
v 3.363511 68.955617 12.897222
v 3.823866 68.875553 12.687408
v 3.766561 69.012004 12.687571
v 4.117106 69.058115 12.479239
v 4.011395 69.161398 12.415236
v 4.060596 69.115245 12.459957
v 4.148697 69.157893 12.346812
v 1.688142 69.093092 12.724606
v 1.765110 69.156507 12.631652
v 1.947018 69.155111 12.614026
v 3.797472 70.198599 12.818169
v 3.986793 70.267467 12.857704
v 4.176065 70.438025 12.910111
v 4.646690 70.211515 12.478560
v 3.686033 70.678495 13.323979
v 4.293567 70.539454 12.950615
v 3.001380 70.628420 13.612309
v 2.954045 70.556151 13.477027
v 4.790123 70.314918 12.458150
v 4.514179 70.788094 12.972752
v 4.587658 70.965315 12.921467
v 3.170003 70.888666 13.841462
v 3.952287 71.156286 13.473151
v 3.270520 71.107509 13.889734
v 6.800138 64.827860 5.376300
v 6.970844 64.689264 5.031626
v 7.159833 64.578011 4.986319
v 7.204729 64.541048 5.277148
v 6.673689 64.674199 5.389597
v 6.473986 64.333176 4.841361
v 6.520686 64.313665 5.283431
v 6.160196 63.404667 3.634580
v 5.927494 63.828588 1.804586
v 5.897204 63.046609 1.929738
v 6.212962 63.019038 6.126204
v 5.352498 63.657807 0.335438
v 5.294896 62.987593 0.482458
v 5.915150 61.571636 1.904394
v 5.225243 61.658942 0.563266
v 5.314000 60.414403 0.519123
v 3.938822 61.770586 -0.803366
v 5.578533 59.271613 0.439853
v 5.941002 60.309968 1.772807
v 0.689889 78.300532 10.757502
v 0.682171 78.033753 11.176236
v 1.298379 78.233457 10.659152
v 1.300607 77.981912 11.057544
v 1.299618 77.698971 11.444089
v 3.301624 62.329738 12.611300
v 3.462165 62.571226 12.589889
v 3.927670 62.521979 12.196207
v 3.636218 63.050247 12.687072
v 4.096215 63.150034 12.312378
v 4.079294 71.660843 13.345524
v 3.428269 71.684341 13.816910
v 2.781067 71.640262 14.143879
v 4.127383 72.114784 13.106137
v 3.525716 72.194035 13.640886
v 2.912228 72.187793 13.999062
v 2.133827 71.574934 14.370265
v 3.593729 72.690887 13.422015
v 2.321176 72.164669 14.246123
v 3.005591 72.714302 13.813561
v 4.215698 72.715369 12.853166
v 2.444378 72.721789 14.054227
v 3.644448 73.398508 13.194908
v 3.039299 73.356445 13.585771
v 2.485367 73.333063 13.823670
v 4.321696 73.368931 12.571757
v 3.652244 74.081399 12.965248
v 3.049190 74.076947 13.376218
v 2.486507 74.070673 13.635041
v 4.342550 73.999432 12.271667
v 1.919671 74.091146 13.779146
v 3.662930 74.850535 12.651615
v 1.912256 74.909901 13.537824
v 1.295714 74.961424 13.613346
v 1.928669 75.781365 13.077783
v 1.308171 75.848467 13.187468
v 1.312358 76.640421 12.565078
v 0.661378 75.924962 13.237164
v 0.666234 76.704944 12.655368
v 1.933031 76.601810 12.396429
v 1.302193 77.388711 11.822463
v 0.668965 77.437210 11.959469
v 1.909202 77.366081 11.620030
v 0.017178 77.467360 12.009019
v 1.896981 77.668720 11.248618
v 2.092217 59.571091 12.688322
v 0.988676 59.179020 12.500101
v 0.840740 59.036224 11.919823
v 1.551283 59.122469 11.518598
v 0.764666 58.912396 11.389343
v 1.443186 58.988971 11.029670
v 0.750586 58.770737 10.884540
v 2.159244 59.040012 10.446379
v 2.352187 58.973892 9.900209
v 2.762086 58.992828 9.529645
v 0.791225 58.573764 10.357219
v 2.359692 58.650991 9.473443
v 2.115009 57.947164 9.054079
v 2.622138 57.900118 8.636823
v 0.890702 58.150017 9.798778
v 2.246249 56.769855 8.368080
v 1.166298 56.807470 9.111054
v 2.772640 56.785757 7.905382
v 2.409520 55.258901 7.792371
v 1.285000 55.132394 8.528988
v 2.955926 55.347683 7.385134
v 4.030631 55.914961 6.539548
v 0.673332 77.743837 11.577665
v 1.889059 77.934842 10.878878
v 2.466526 77.639474 11.014893
v -0.634722 77.445292 11.946650
v -0.632463 77.753116 11.565625
v -0.634687 78.044213 11.164714
v -1.268483 77.404626 11.798054
v -1.259481 77.717139 11.421250
v -0.636093 78.312299 10.746563
v -1.254296 78.002245 11.036085
v -1.246310 78.255784 10.638982
v -1.844604 77.963629 10.847865
v -1.858090 77.694727 11.215627
v -1.876348 77.388816 11.584517
v -1.132557 78.887953 9.269102
v -2.429553 77.671915 10.973090
v -2.453667 77.382683 11.324715
v -2.693573 78.083416 10.151296
v -1.160286 79.358692 7.498286
v -2.985885 77.614706 10.709211
v -2.806736 78.527619 8.879120
v -3.341356 77.910084 9.878390
v -3.726083 77.815984 9.592267
v -2.801100 78.925959 7.324407
v -3.981066 78.449763 6.949862
v -3.806484 78.146939 8.530267
v -4.649411 77.563979 8.348473
v -5.054863 77.592621 6.939617
v -4.307084 77.489049 9.336313
v -5.246794 76.797276 8.447963
v -5.840826 76.443320 7.158212
v -4.684867 76.953257 9.478627
v 1.769478 65.558022 14.683854
v 1.677505 65.538074 14.675605
v 1.269126 65.706689 14.968825
v 1.454242 65.429068 14.394944
v 1.327578 65.657193 14.463318
v 1.342057 65.529100 14.405481
v 0.693935 65.594963 15.172640
v -5.570704 75.955914 8.860632
v -4.934034 76.201258 9.900966
v -4.129217 77.090890 10.205594
v -3.792593 77.428416 10.203711
v -4.269796 76.390151 10.745921
v -5.061756 75.360418 10.418784
v -3.654309 76.559948 11.326541
v -4.325886 75.532952 11.345357
v -5.103475 74.625110 10.858854
v -3.679479 75.605770 11.997755
v -4.335104 74.663361 11.807606
v -5.103113 73.938476 11.194556
v -3.657458 74.752788 12.473913
v -4.345046 73.999576 12.111271
v -5.047846 73.358950 11.522034
v -5.669207 73.199944 10.463456
v -3.647055 73.915677 12.765605
v -3.054631 74.793070 12.886758
v -4.324248 73.285732 12.410926
v -4.221854 72.636332 12.691158
v -5.271942 71.786763 11.312043
v -4.701233 71.936237 12.221151
v -4.129871 72.000680 12.960872
v -5.095423 71.182748 11.736189
v -5.548456 70.980022 10.853439
v -4.630549 71.299827 12.558801
v -4.062907 71.484619 13.218960
v -5.340372 70.419801 11.383523
v -5.939269 70.488988 9.995944
v -3.900096 70.954496 13.357580
v -3.400321 71.516918 13.683596
v 1.068590 65.523017 14.445276
v 0.894285 65.506880 14.512301
v 0.655754 65.423798 14.645267
v 0.612113 65.380202 14.896170
v 0.883788 65.077801 14.641136
v 1.286788 65.164638 14.249735
v 1.273325 65.260478 14.298847
v 0.591420 64.973980 14.871567
v 1.524928 65.222617 14.049683
v 0.516677 64.817966 14.883598
v 0.943721 64.871605 14.682455
v 0.321443 64.927706 14.867722
v 0.299483 64.803200 14.859400
v 1.005739 64.540048 14.706992
v 1.276926 64.554623 14.509449
v 0.496309 64.535940 14.912458
v 0.275200 64.558187 14.878713
v 0.260278 64.110498 14.927815
v 0.508135 64.115574 14.907454
v 0.078632 64.579219 14.842607
v 0.025853 64.107628 14.925313
v 0.264612 63.783288 14.918196
v -0.118372 64.545217 14.883130
v -0.205746 64.110204 14.935299
v -0.250697 63.790482 14.929760
v 0.267985 63.687571 14.818853
v 0.560176 63.701904 14.727509
v -0.346114 64.518155 14.914701
v -0.453690 64.116835 14.917173
v -0.265987 63.692915 14.831759
v -0.564240 63.714184 14.747589
v -1.002829 64.099226 14.591704
v -0.894359 64.499141 14.685541
v -0.303688 63.480602 14.545313
v -0.608325 63.496156 14.467698
v -4.545800 70.758167 12.810403
v -3.201427 70.930682 13.776601
v -4.458968 70.574572 12.861981
v -3.079519 70.701125 13.735878
v -2.492967 70.853557 14.094128
v -3.583809 70.468896 13.218776
v -4.210300 70.325150 12.840552
v -2.360993 70.598620 14.038516
v -2.879327 70.437411 13.514896
v -4.078309 70.219203 12.801319
v -2.821710 70.364065 13.382098
v -2.192146 70.233509 13.727426
v -2.145271 70.132794 13.522572
v -3.865107 70.042911 12.750761
v -3.364978 70.233207 13.017275
v -2.753934 70.240220 13.166095
v -3.218448 70.128126 12.926269
v -2.118391 70.004080 13.193983
v -2.144344 69.875636 12.998115
v -3.056116 69.837645 12.952827
v -2.618325 69.780440 13.009505
v -1.767418 69.626525 12.884757
v -2.210339 69.633183 12.957371
v -2.234755 69.549192 12.951259
v -2.982005 69.656026 13.023892
v -1.858960 69.485442 12.835390
v -2.600759 69.600208 13.051302
v -2.241487 69.532631 12.957092
v -1.887691 69.423726 12.825788
v -2.601066 69.555310 12.991255
v -2.263781 69.481928 12.877744
v -1.931489 69.360000 12.737934
v -2.282065 69.453895 12.816760
v -2.946280 69.548968 12.918828
v -1.737002 69.282319 12.610021
v -1.830713 69.285611 12.630162
v -1.747710 69.271356 12.600548
v -1.541922 69.184562 12.567319
v -1.449393 69.219537 12.667310
v -1.409252 69.148655 12.666186
v -1.085060 63.503718 14.206207
v -1.283288 63.470704 14.074309
v -1.341080 63.685606 14.251431
v -1.318544 63.799835 14.294783
v -1.614372 63.380460 13.792468
v -1.668897 63.687379 13.860661
v -1.253919 64.079454 14.372014
v -1.945474 63.472729 13.520490
v -1.678554 64.042221 13.919156
v -1.977021 63.554423 13.538139
v -1.154535 64.502171 14.465652
v -1.631517 64.507951 13.986845
v -1.465682 64.942650 14.004964
v -0.082286 64.785830 14.862847
v -2.678792 65.116548 13.406643
v -3.106926 65.197370 13.286425
v -1.865006 65.731657 13.589340
v -2.304677 65.667050 13.492719
v -3.747772 64.526526 12.915616
v -3.124643 65.643899 13.344919
v -2.656498 65.861825 13.459677
v -3.568809 65.387730 13.168142
v -4.280156 64.770533 12.651758
v -1.846224 66.153402 13.504777
v -2.243347 66.053581 13.511583
v -1.953868 66.232658 13.521551
v -4.764426 65.119701 12.318315
v -3.720358 66.175142 13.117604
v -1.772716 66.389142 13.547961
v -5.027086 64.768189 11.927896
v -1.584441 69.064543 12.578871
v -1.510536 69.023590 12.667435
v -1.353712 69.274615 12.748877
v -1.404815 68.973980 12.737746
v -1.753492 69.049571 12.572106
v -1.767590 69.038206 12.618754
v -1.713062 68.968491 12.686840
v -1.202209 69.219732 12.848443
v -1.250908 69.338955 12.844929
v -1.303123 68.922402 12.826867
v -1.812056 68.986158 12.720326
v -1.808839 68.941241 12.707497
v -1.646035 68.862055 12.728634
v -1.766906 68.818031 12.740435
v -1.583844 68.734605 12.783017
v -1.210109 68.895835 12.956869
v -1.991438 68.915658 12.828189
v -1.989010 68.869836 12.814533
v -1.733495 68.673539 12.772657
v -1.347257 68.732558 12.924627
v -1.997547 68.730820 12.783210
v -1.521904 68.615096 12.888620
v -1.698511 68.527806 12.862854
v -1.107628 68.916373 13.148289
v -2.006413 68.534956 12.772940
v -2.146713 68.460505 12.781481
v -1.438534 68.541028 13.069806
v -2.274725 68.610456 12.821593
v -2.300452 68.399492 12.783535
v -2.010922 68.332019 12.839038
v -1.641250 68.406155 13.015918
v -1.611334 68.369277 13.099039
v -1.389308 68.526845 13.169791
v -2.021478 68.171666 12.941029
v -2.089340 68.013650 13.106555
v -2.424663 68.022987 12.888172
v -2.348328 68.193371 12.813969
v -2.971016 67.842315 12.861324
v -2.575911 67.822310 13.026714
v -2.156480 67.811739 13.228958
v -2.889563 67.920253 12.824745
v -2.752863 68.107624 12.766199
v -3.144511 67.658013 12.940949
v -3.458861 67.881285 12.661326
v -3.399629 66.787149 13.155104
v -2.621082 67.055181 13.331024
v -4.384683 66.479024 12.791141
v -2.665097 67.594019 13.127506
v -3.311014 67.372700 13.021159
v -1.657071 68.061828 13.396330
v -1.587477 68.286940 13.252321
v -1.319246 68.479648 13.370941
v -1.131813 68.400039 13.701893
v -1.046969 68.939716 13.257209
v -0.750620 68.722181 14.037806
v -1.192350 67.718949 13.934313
v -0.843414 68.019214 14.368755
v -0.489315 68.932076 14.280756
v -0.224347 69.075739 14.474382
v -0.204806 69.447475 14.196476
v -1.097870 67.254211 14.179988
v -1.034547 66.874489 14.423011
v -1.401374 67.031984 13.784053
v -1.322422 66.739793 13.952184
v -2.079503 67.272857 13.451415
v -1.966430 66.619484 13.542441
v -3.278844 68.084623 12.634428
v -3.821897 67.564226 12.719609
v -4.233064 67.832569 12.278800
v -4.102905 67.914376 12.285407
v -3.882121 68.130802 12.307657
v -4.552594 67.606730 12.264687
v -4.878685 68.036959 11.713645
v -5.219620 67.882279 11.610040
v -4.723250 68.118355 11.754718
v -5.106881 68.181035 11.460278
v -3.760186 68.358134 12.368327
v -5.251744 68.341657 11.267085
v -5.453001 68.065108 11.290157
v -5.077581 68.379376 11.362281
v -5.609274 68.270356 11.020880
v -5.412526 68.680797 11.064223
v -5.803549 68.740837 10.665684
v -5.207447 68.641227 11.210795
v -5.450912 68.851088 11.049538
v -5.842879 68.998629 10.589073
v -5.233013 68.774836 11.214078
v -4.846142 68.615724 11.440531
v -4.850498 68.687832 11.445157
v -5.782754 69.498929 10.661828
v -4.789190 68.872951 11.535807
v -5.678271 70.124453 10.738549
v -5.552765 69.906263 11.037745
v -5.275989 70.183840 11.599090
v -6.154680 70.766263 9.302837
v -5.318793 69.549547 11.473541
v -5.005911 70.577103 12.092120
v -5.124006 69.393727 11.601713
v -4.933113 69.724894 11.958388
v -4.725100 70.099026 12.343934
v -4.567004 69.989946 12.365333
v -4.702519 69.184828 11.723226
v -1.349196 66.510797 14.132863
v -1.690405 66.212988 13.591853
v 1.535592 65.302005 14.080582
v 1.716534 65.371771 13.940047
v 1.738379 65.287720 13.899856
v 1.966280 65.530509 13.727228
v -3.290138 69.499332 12.786500
v -4.749008 68.474114 11.544563
v -4.627902 68.682282 11.618329
v -4.638756 68.735451 11.620927
v -4.594756 68.884187 11.687386
v -4.502129 69.155545 11.827460
v -4.391353 69.146778 11.974717
v -4.336323 69.484244 12.052126
v -4.581597 69.554618 12.013655
v -5.444663 69.214340 11.169170
v -4.270692 69.829787 12.379368
v -7.086967 73.870201 0.573012
v -7.189683 67.912541 2.364085
v -6.443159 66.414346 1.177282
v -6.117365 67.352463 -0.265976
v -6.991925 67.167107 2.223337
v -6.836377 66.639427 2.218454
v -6.743792 66.098592 2.700963
v -5.404215 65.520105 0.189108
v -6.361398 64.687922 3.577321
v -5.862115 63.844982 1.913050
v -6.173044 63.397360 3.637021
v -5.284038 63.680089 0.583472
v -5.865005 63.052763 1.965748
v -6.165031 62.396383 3.973571
v -6.442309 64.379881 4.807982
v -5.252856 63.040700 0.605785
v -3.658065 69.968461 12.713739
v -3.856565 69.591359 12.547960
v -3.452718 69.739932 12.799638
v -4.200845 69.359850 12.206000
v -3.371253 69.593161 12.875979
v -3.357992 69.546603 12.906340
v -3.667709 69.378615 12.618722
v -4.115124 69.255289 12.347083
v -3.320834 69.511583 12.852342
v -3.993513 69.179662 12.304090
v -4.290030 69.102740 12.127057
v -4.022401 69.104828 12.134826
v -4.235545 69.074912 12.177869
v -4.114341 69.066383 12.132463
v -4.485165 68.968700 11.840105
v -4.359912 69.019434 12.005348
v -4.150278 69.021886 12.064680
v -4.083797 69.022240 12.029191
v -4.500772 68.848580 11.783593
v -4.355953 68.962962 11.952069
v -4.158972 69.008106 12.046137
v -4.083797 69.022240 12.029191
v -4.480420 68.806191 11.785436
v -4.327975 68.935381 11.956752
v -4.152107 68.996936 12.055472
v -4.245646 68.969821 12.040912
v -4.359218 68.731796 11.878297
v -4.091498 68.964530 12.143732
v -4.218276 68.863529 12.061802
v -4.526832 68.601205 11.706052
v -4.239233 68.688760 11.983156
v -4.138777 68.816934 12.178202
v -4.412874 68.569511 11.814355
v -4.086230 68.637082 12.132516
v -4.005040 68.767731 12.308142
v -4.238732 68.519924 11.972917
v -4.629710 68.406844 11.671861
v -3.712275 68.530985 12.495169
v -4.429577 68.330535 11.855181
v -5.921390 61.564297 1.897596
v -5.853957 62.062193 5.603666
v -5.205268 61.656594 0.547096
v -6.012634 59.347033 4.152419
v -6.050708 58.063197 3.874458
v -6.229657 58.550747 3.060156
v -5.663706 57.563348 4.709416
v -6.048789 59.155332 1.669378
v -6.085528 56.241413 3.662826
v -6.302287 57.729692 1.543926
v -6.394394 55.009332 2.909299
v -6.597599 55.302551 2.114682
v -6.735823 55.732580 1.393776
v -6.952724 56.687877 0.079768
v -6.082936 58.154451 0.354193
v -5.576681 59.261339 0.426611
v -5.305839 60.401569 0.505175
v -4.605852 59.528881 -1.223529
v -3.928412 61.786467 -0.800521
v -3.192820 68.482670 12.756050
v -2.657247 68.509257 12.825417
v -2.676154 68.323384 12.754617
v -2.656139 68.663495 12.907652
v -2.256309 68.779792 12.873111
v -2.259448 68.814623 12.902890
v -2.264206 68.878925 12.832054
v -2.665939 68.784260 12.909773
v -2.272801 68.916105 12.769497
v -2.019518 68.954591 12.752899
v -2.034420 68.981977 12.689843
v -1.843126 69.009953 12.660308
v -1.841011 69.039470 12.582322
v -3.193329 68.752821 12.804940
v -3.195791 68.625651 12.812054
v -3.607092 68.793148 12.588745
v -3.668953 68.663002 12.599189
v -3.976645 68.836614 12.376577
v -3.863753 68.935301 12.307456
v -3.915886 68.891203 12.354522
v -4.010979 68.932877 12.239695
v 5.295840 70.310297 11.720420
v 5.350180 70.539637 11.502651
v 5.036205 70.782757 12.204582
v 5.102585 71.290067 11.854153
v 5.542450 71.066553 10.971334
v 5.907204 70.577608 10.103485
v 5.268157 71.906125 11.422090
v 5.783464 71.565817 10.395936
v 6.125229 70.954167 9.392758
v 5.995430 72.213435 9.916178
v 6.295544 71.445459 8.981391
v -4.764682 66.385475 -1.271950
v -5.952156 60.293525 1.739145
v -1.291277 76.631901 12.529272
v -0.644272 76.703894 12.640527
v -0.649126 75.916853 13.214709
v 0.011129 76.744745 12.688930
v 0.656676 75.020547 13.649536
v -7.662171 69.253648 4.516531
v -7.513322 68.531858 4.809549
v -7.317542 68.261947 4.802590
v -7.204892 67.955909 4.800746
v -7.330420 67.202869 4.563045
v -7.288443 67.427484 4.977869
v 6.536777 68.884732 8.739868
v 6.555320 68.351271 8.901253
v 6.513197 67.824655 9.206334
v 6.853267 68.279854 7.368500
v 6.615987 66.561495 8.329987
v 6.975260 68.169036 6.322178
v 6.967359 67.425318 6.260918
v 6.998175 67.629035 6.097591
v 6.901479 66.329429 6.070105
v 7.042610 67.079234 5.977043
v 6.999915 65.944432 5.815065
v 7.135318 67.511628 5.616731
v 7.259377 67.203760 5.515935
v 7.317127 66.609430 5.534669
v 7.201115 66.389986 5.598258
v 7.324430 67.089458 5.301753
v 7.166024 66.173216 5.584018
v 7.300960 66.636276 5.266331
v 7.312567 65.412323 5.543404
v 7.007124 66.367579 5.371558
v 6.878794 66.510952 5.265138
v 6.711934 66.794836 4.967280
v 6.972894 67.105160 5.230756
v 7.141323 66.406751 4.726181
v 7.078652 67.533428 5.204591
v 7.311489 67.432261 4.984759
v 0.400426 70.904617 14.480385
v 0.353010 70.635769 14.470089
v 0.501647 71.574864 14.484181
v 0.322213 70.267713 14.377177
v 0.046973 70.609360 14.437291
v 0.569519 72.159006 14.381297
v 0.069731 70.268968 14.343207
v 0.353053 70.010539 14.245684
v -0.255524 70.590483 14.434213
v -0.177089 70.233258 14.337683
v 0.372331 69.898697 14.193661
v -0.174458 69.976906 14.200080
v -0.443862 70.154658 14.294496
v -0.182477 69.859394 14.145586
v 0.400305 69.644606 14.177215
v -0.462745 69.731542 14.032827
v 0.098947 69.678454 14.174168
v 0.404569 69.484111 14.236489
v -0.664258 69.553612 13.786485
v -0.198531 69.606617 14.131346
v -0.684180 69.249801 13.756271
v -0.701573 69.085726 13.817935
v -0.888997 69.035597 13.504017
v -0.812297 69.418646 13.496878
v -0.840853 69.562598 13.567475
v -0.934967 69.337628 13.250438
v -0.966487 69.508631 13.254109
v -1.018057 69.484754 13.123924
v -0.984413 69.818766 13.861500
v -0.696399 69.991067 14.157241
v -1.207477 69.742781 13.419357
v -1.275858 69.710664 13.206440
v -1.588604 70.096869 13.913875
v 7.250591 67.754575 5.291002
v 7.084432 67.932148 5.714395
v 7.378131 67.197673 4.538050
v 7.371122 68.103185 5.320539
v 7.220274 67.985360 4.806641
v 7.325520 68.274094 4.808436
v 7.521735 68.539013 4.817093
v 7.398578 67.606575 4.081198
v 8.045021 68.067586 3.916023
v 8.105332 67.418255 3.771550
v 8.004480 68.688343 3.738774
v 8.494915 67.576403 3.229692
v 8.500088 66.847987 3.397886
v 8.365587 68.510894 3.174395
v 8.314515 68.966035 3.253283
v 8.546289 66.742348 3.137365
v 8.343876 69.020311 2.843183
v 8.621293 67.502884 2.637763
v 8.675169 66.561507 2.854245
v 8.573825 68.541693 2.480749
v 8.589193 69.023053 2.534477
v 8.742279 69.033052 2.276657
v 8.467151 68.928569 2.015619
v 8.464691 68.350077 1.925903
v 8.517728 69.433295 2.250493
v 8.538930 69.785397 2.556237
v 8.696281 69.889467 3.117172
v 8.476143 70.036053 2.961042
v 8.287934 70.129378 3.434530
v 7.805478 69.032156 2.963110
v -1.530464 70.314504 14.159708
v -0.959799 70.413693 14.373010
v -1.637260 69.891065 13.397582
v -1.620174 69.969477 13.662403
v -1.756794 70.733131 14.300062
v -1.164348 70.736021 14.431568
v -2.090452 71.478532 14.271635
v -1.489553 71.462070 14.419525
v -0.970618 71.500449 14.458200
v -1.705107 72.029675 14.262950
v -0.474762 71.538931 14.465291
v -1.130387 72.072874 14.317414
v -0.559607 72.126693 14.351630
v -0.628496 72.695411 14.124441
v 0.004737 72.164914 14.376958
v 0.003046 72.727391 14.170850
v 0.632899 72.733181 14.166145
v 1.148732 72.137286 14.381252
v 0.011432 71.562295 14.465515
v -0.330847 70.865136 14.448411
v -0.589905 70.538339 14.419961
v -1.696935 69.750606 13.034893
v -1.137278 69.418481 12.955781
v -1.098133 69.260890 12.966723
v -1.559881 69.415372 12.770258
v 6.223358 67.328392 -0.990774
v 5.498583 65.504979 -0.398529
v 8.470929 70.089495 3.505230
v 8.097928 70.126007 3.902363
v 7.655761 69.473546 3.355272
v 7.923287 70.048463 4.319453
v 7.605857 69.730392 4.977695
v 7.837275 69.563634 5.002761
v 7.370504 69.336103 5.420377
v 7.289603 69.712292 5.401723
v 7.594337 69.081526 5.342109
v 7.157652 68.940430 5.749982
v 7.071726 68.745683 5.929642
v 7.347054 68.564564 5.544151
v 7.233371 68.321581 5.607949
v 7.483924 68.402832 5.321190
v 6.995929 68.079190 6.128764
v 7.887732 69.397831 4.899197
v 7.681854 69.241598 4.526028
v 8.176293 69.755836 4.373503
v 8.359042 69.845628 3.996061
v 8.207407 69.707277 3.828373
v 8.549140 69.988842 3.552799
v 8.533331 69.855405 3.581309
v 8.350272 69.384124 3.029079
v 8.564045 69.701433 3.234153
v 8.607977 69.577717 2.947658
v 5.158469 77.532473 6.993411
v 5.926961 76.400088 7.223217
v 5.306501 76.752911 8.516876
v 5.610577 75.930865 8.939306
v 4.723311 76.911711 9.547770
v 4.353769 77.438859 9.397907
v 4.957501 76.175703 9.979368
v 4.158041 77.052816 10.271195
v 3.772042 77.765233 9.646573
v 3.825614 77.386577 10.263275
v 3.555069 77.462466 10.459412
v 3.595881 77.212556 10.748873
v 4.698653 72.046679 12.341875
v 4.644538 71.427500 12.678255
v 6.095065 62.439312 7.892650
v 6.256426 63.072373 8.317574
v 5.874275 62.026682 7.465717
v 0.088485 58.205696 9.922826
v -0.694365 58.342988 9.864983
v -0.623980 58.680615 10.424765
v -0.598007 58.844113 10.948318
v -0.614607 58.980701 11.447565
v 8.605499 69.363561 2.710602
v 2.291586 70.288840 13.598075
v 2.326119 70.392096 13.804817
v 2.461334 70.755723 14.124927
v 2.573578 71.007931 14.189828
v 1.844188 70.860483 14.366791
v 1.643202 70.438206 14.229505
v 1.872275 72.713729 14.157307
v 1.940268 73.363728 13.941017
v 1.340003 73.390867 13.977969
v 0.677690 73.388544 13.998219
v 1.312620 74.131750 13.843490
v 0.661069 74.166757 13.865419
v 0.002575 73.365474 13.993971
v 0.003368 75.047533 13.658971
v -0.655654 74.133215 13.818864
v -0.672746 73.353299 13.948176
v -1.334496 73.310162 13.871676
v -0.649979 75.016083 13.613531
v -1.306888 74.058513 13.738482
v -1.289477 74.960461 13.520652
v -1.914250 73.992347 13.616830
v -1.296945 75.822046 13.131160
v -1.907042 74.884571 13.391155
v -1.918747 75.734218 12.982441
v -2.481684 73.945493 13.432415
v -2.490100 74.816345 13.183810
v 1.391601 66.949548 14.449952
v 1.462646 66.651127 14.682804
v 1.197056 66.588342 15.354329
v 0.371898 67.488611 15.636581
v 0.468504 66.810454 16.189968
v 0.565465 66.317954 16.433731
v -0.200952 66.811659 16.180426
v -0.215844 66.336694 16.420552
v -0.210179 65.846042 16.450740
v -0.566345 65.801913 16.162206
v -0.812192 65.650628 15.674737
v -0.611202 65.598512 15.532171
v -1.036832 65.545388 15.040740
v -1.291385 65.450761 14.646729
v -2.507123 75.689526 12.754410
v -1.912879 76.585444 12.339028
v -3.044521 73.953202 13.154650
v -3.082660 75.671202 12.437140
v -2.501956 76.655430 12.066350
v -3.073719 76.644439 11.737434
v -3.012731 77.345982 11.035295
v -3.522570 77.502795 10.402964
v -3.568511 77.248133 10.689357
v 6.094126 69.075071 10.074895
v 6.066957 68.801357 10.199648
v 5.783520 69.133672 10.697215
v 5.936390 66.700451 10.909711
v 6.165077 67.023704 10.380720
v 6.075369 65.688646 10.344088
v 5.806149 65.399116 10.859175
v 5.431521 65.149643 11.333084
v 6.321188 64.674054 9.131798
v 5.839175 64.097252 10.220209
v 6.551874 65.176567 7.836977
v 5.521641 63.958799 10.688989
v 6.039676 62.776004 8.961233
v 6.502913 63.637487 7.111349
v 5.765365 62.623581 9.623729
v 6.404693 63.173635 6.963292
v 5.490003 62.639276 10.239096
v 5.251226 61.954689 10.202832
v 5.001549 63.834048 11.401835
v 5.024132 63.263434 11.234585
v 4.820416 62.259871 11.095387
v 4.547820 61.764465 11.168870
v 4.541437 63.659758 11.958812
v 4.565301 63.264140 11.816757
v 4.378310 62.445356 11.697573
v 4.447870 64.032189 12.153977
v 4.762013 64.742025 11.955087
v -0.868893 65.632341 14.970369
v -0.314024 65.566359 15.194109
v -0.973745 65.569711 14.457794
v -1.018053 65.438753 14.391644
v -1.863777 72.606920 14.028872
v -1.934491 73.246228 13.784052
v -2.435816 72.587302 13.891705
v -2.297521 72.037249 14.118735
v -2.479673 73.211047 13.627490
v -3.006443 72.598899 13.628768
v -2.903498 72.076178 13.846434
v -3.033890 73.230448 13.369808
v -2.741751 71.485298 14.021622
v -3.602775 72.615306 13.234812
v -3.639218 73.287233 12.986665
v -3.520121 72.030774 13.484620
v -6.755328 64.876427 5.360666
v -6.928268 64.732933 5.016154
v 4.158370 62.022030 11.733932
v 3.251792 61.425333 12.511059
v 2.903153 61.807746 12.844797
v 2.703691 60.830563 13.093354
v 2.044696 60.686855 13.685999
v 1.765502 61.255318 13.764166
v 1.142869 60.813553 14.196094
v 0.966508 61.323857 14.162672
v 0.034168 61.437032 14.289728
v -0.899787 61.367263 14.269834
v -1.067222 60.870939 14.318685
v -1.205244 60.337131 14.253609
v -2.004905 60.820756 13.816497
v -1.735741 61.349156 13.893572
v -2.182307 60.325971 13.569217
v -1.258894 59.823477 13.959263
v -2.160203 59.976748 13.190688
v -2.922226 60.309516 12.375652
v -2.916889 60.601320 12.769945
v -2.001776 59.747279 12.801901
v -7.248910 65.083551 4.480410
v -7.118191 64.622898 4.971621
v -6.793270 65.061040 5.689154
v -7.124532 66.233162 3.698588
v -7.162909 64.589825 5.262246
v -7.257295 64.700489 5.477567
v -7.547720 65.593524 3.767265
v -7.469200 65.202695 4.032639
v -7.415665 64.464376 4.962222
v -7.341451 64.897311 5.524166
v -7.545819 64.497812 5.054723
v -7.613921 65.975464 3.533257
v -7.723244 66.764135 3.159975
v -7.911837 64.898275 3.998302
v -7.797521 64.615907 4.415780
v -7.914287 64.668698 4.474041
v -7.791120 64.586841 4.824077
v -7.676860 64.482405 4.769315
v -8.006961 64.799806 4.516414
v -7.882465 64.720812 4.859738
v -7.700664 64.796390 5.120172
v -8.020701 65.502046 4.264705
v -7.655256 65.285625 5.067903
v -7.801339 65.703461 4.588969
v -7.383392 65.197793 5.466055
v -7.541783 65.615966 5.035730
v -7.181431 65.181458 5.674404
v -7.225628 65.470933 5.575334
v -7.260459 65.912060 5.397925
v -6.928501 65.416127 5.871169
v -7.120970 66.192166 5.635197
v -6.935947 65.986363 5.850982
v -7.149627 66.405663 5.633293
v -6.882638 66.330634 6.102132
v -7.818782 66.269344 4.411620
v -7.937073 65.819239 4.306671
v -7.634613 66.366574 4.406834
v -8.143564 65.768833 3.950598
v -2.794082 60.057444 12.007112
v -2.683538 59.925480 11.820848
v -3.848962 60.972364 11.609934
v -3.722326 60.411562 10.855289
v -3.377035 60.037981 10.373169
v -4.814767 61.897866 11.091545
v -4.945588 61.260695 9.809587
v -5.136791 62.347193 11.002810
v -5.294895 61.397877 8.740062
v -5.006716 61.130276 8.338318
v -6.008645 62.233674 7.394490
v -4.583333 60.658391 7.728155
v -6.039153 62.494812 6.410463
v -6.249828 62.650935 7.811327
v -6.428262 63.218045 8.202782
v -6.267775 63.132315 6.082800
v -6.471316 63.344116 6.893022
v -6.552831 63.805643 7.042755
v -6.694690 65.214003 7.750742
v -6.485613 64.379744 5.263632
v -6.629824 64.732078 5.371239
v -6.914165 68.172799 7.307617
v -6.986378 67.408688 6.230788
v -7.021744 67.069998 5.982304
v -7.020200 67.611768 6.056963
v 2.849364 70.006778 12.856489
v 2.531089 69.766688 12.882868
v 3.241532 70.020954 12.816855
v 2.913677 69.815964 12.993700
v 2.616133 69.407731 13.009005
v 2.926255 69.424335 13.099352
v 2.911221 69.032636 12.973888
v 3.218331 69.436564 13.069984
v 2.529031 69.040787 12.864159
v 3.205003 69.048042 12.945091
v 2.846463 68.840398 12.827484
v 3.238227 68.856920 12.789077
v 1.577338 69.360123 12.211279
v 2.932420 70.968257 11.377540
v 2.015749 70.653844 11.464706
v 1.664779 70.317984 11.490078
v 1.359188 69.369653 11.501051
v 1.658802 68.526107 11.450953
v 2.011269 68.231886 11.410087
v 2.929071 67.980316 11.315510
v 3.827088 68.247662 11.235889
v 3.547986 69.088200 12.763456
v 4.162458 70.256929 11.247959
v 4.451716 69.434021 11.199019
v 3.825409 70.598501 11.285790
v 4.161783 68.566027 11.210276
v 4.347535 69.444936 11.937611
v 3.647211 70.278146 12.499957
v 2.395129 70.242296 12.627368
v 3.495265 69.443979 12.921552
v 3.550475 69.808441 12.780413
v 3.206986 69.826681 12.964088
v -3.070342 69.804319 12.721978
v -3.381250 69.578905 12.679758
v -2.671962 69.812180 12.769621
v -3.030979 69.616307 12.869600
v -3.319925 69.226538 12.820914
v -3.038166 69.232870 12.975227
v -3.024212 68.848444 12.853281
v -2.742052 69.237912 13.010792
v -3.373813 68.870414 12.665873
v -2.727534 68.856020 12.888949
v -3.060996 68.661218 12.706870
v -2.664452 68.669571 12.749421
v -4.236488 69.219254 11.828703
v -2.847720 70.800940 11.294402
v -3.760382 70.454035 11.185805
v -4.098603 70.104196 11.141403
v -4.396332 69.231677 11.094859
v -4.107521 68.398661 11.110728
v -3.762053 68.093273 11.146050
v -2.831892 67.842726 11.240488
v -1.889267 68.132144 11.346436
v -2.341805 68.889125 12.785855
v -1.536922 70.166695 11.436264
v -1.217365 69.290379 11.453059
v -1.900610 70.503700 11.400522
v -1.528714 68.443904 11.395531
v -1.407752 69.275054 12.157584
v -2.228763 70.080544 12.551893
v -3.503014 70.047047 12.399395
v -2.428286 69.241779 12.927466
v -2.346680 69.598784 12.803139
v -2.733062 69.621900 12.905241
v -1.841011 69.039470 12.582321
v -1.831730 69.038616 12.606597
v -2.037774 68.992902 12.715265
v -2.034420 68.981977 12.689843
v -1.853367 69.019211 12.656090
v -2.020123 68.953925 12.754416
v -2.275457 68.919120 12.824632
v -2.264205 68.878925 12.832054
v -2.272801 68.916105 12.769497
v -2.679163 68.842991 12.930691
v -2.665939 68.784260 12.909773
v -2.664747 68.825367 12.858066
v -3.176480 68.831189 12.780497
v -3.170540 68.796814 12.757336
v -3.193329 68.752821 12.804940
v -3.587045 68.870592 12.597208
v -3.566206 68.840786 12.540132
v -3.607092 68.793148 12.588745
v -3.915886 68.891203 12.354522
v -3.866052 68.954481 12.329301
v -3.863752 68.935301 12.307456
v -4.010979 68.932877 12.239695
v -3.954186 68.976219 12.227622
v -3.952347 68.968521 12.199327
v -4.052211 68.988308 12.154222
v -4.091498 68.964530 12.143732
v -4.022239 68.990273 12.115440
v -4.119719 69.008327 12.055442
v -4.152107 68.996936 12.055472
v -4.079356 69.012479 12.034661
v -4.125473 69.011765 12.047418
v -4.158972 69.008106 12.046137
v -4.086963 69.019637 12.023006
v -4.078479 69.026471 12.047037
v -4.150278 69.021886 12.064680
v -4.081809 69.032377 12.035168
v -4.056661 69.067409 12.085851
v -4.114341 69.066383 12.132463
v -4.088908 69.060717 12.120981
v -3.953631 69.170170 12.232674
v -1.801807 69.071819 12.575795
v -1.797823 69.050948 12.545451
v -1.841011 69.039470 12.582321
v -1.844319 69.044506 12.595130
v -1.753492 69.049571 12.572106
v -1.853367 69.019211 12.656090
v -1.792410 69.271570 12.613243
v -1.747710 69.271356 12.600548
v -1.835411 69.291055 12.633684
v -1.842409 69.288676 12.636705
v -1.966296 69.334244 12.679386
v -1.830713 69.285611 12.630162
v -1.795449 69.260904 12.568120
v -1.791084 69.071202 12.538888
v -1.797823 69.050948 12.545451
v -1.801807 69.071819 12.575795
v -1.783249 69.083990 12.528585
v -1.748598 69.085600 12.607159
v -1.779304 69.105447 12.579924
v -1.771280 69.123937 12.521321
v -1.773327 69.141486 12.587908
v -1.641713 69.094613 12.613302
v -1.757614 69.162444 12.522959
v -1.768597 69.177401 12.592056
v -1.601511 69.147635 12.618802
v -1.607934 69.117896 12.617038
v -1.560893 69.105398 12.598109
v -1.603546 69.077504 12.592916
v -1.759549 69.215930 12.586945
v -1.757608 69.206235 12.530664
v -1.607261 69.171716 12.618033
v -1.552564 69.139648 12.604721
v -1.507979 69.132878 12.542429
v -1.523020 69.092569 12.545340
v -1.572720 69.170548 12.605113
v -1.772831 69.242442 12.544417
v -1.763258 69.235618 12.583307
v -1.551175 69.180761 12.552109
v -1.747710 69.271356 12.600548
v -1.792410 69.271570 12.613243
v -1.795449 69.260904 12.568120
v -1.587063 69.068157 12.546543
v -1.753492 69.049571 12.572106
v 2.025119 69.147378 12.647231
v 2.015526 69.145545 12.671184
v 2.221443 69.123698 12.785485
v 2.218129 69.112477 12.759994
v 2.009489 69.135600 12.676046
v 2.202598 69.082381 12.822801
v 2.446416 69.023736 12.907455
v 2.461806 69.077473 12.861560
v 2.454449 69.063936 12.844899
v 2.855981 69.015668 13.013644
v 2.843333 68.954090 12.990965
v 2.841571 68.998520 12.940208
v 3.346594 69.037481 12.877604
v 3.340412 69.001856 12.852617
v 3.363511 68.955617 12.897222
v 3.748166 69.091562 12.700268
v 3.727267 69.061413 12.642565
v 3.766561 69.012004 12.687570
v 4.060596 69.115245 12.459957
v 4.013937 69.181199 12.437673
v 4.011395 69.161398 12.415236
v 4.113555 69.206533 12.356306
v 4.148697 69.157893 12.346812
v 4.093394 69.195793 12.308079
v 4.186692 69.214983 12.262364
v 4.222540 69.188393 12.251400
v 4.157941 69.217509 12.223697
v 4.277826 69.219811 12.164200
v 4.210450 69.238777 12.142909
v 4.214711 69.242252 12.151269
v 4.253114 69.233891 12.162035
v 4.283937 69.230713 12.155412
v 4.217130 69.245429 12.131783
v 4.210153 69.253936 12.155647
v 4.276426 69.246141 12.174172
v 4.212927 69.259840 12.143908
v 4.191487 69.296390 12.193420
v 4.187611 69.288961 12.207339
v 4.245605 69.293732 12.240653
v 4.098749 69.406150 12.341760
v 1.998039 69.181213 12.616787
v 2.025119 69.147378 12.647231
v 1.998399 69.160685 12.577384
v 2.028532 69.152718 12.660125
v 1.947018 69.155111 12.614026
v 2.009489 69.135600 12.676046
v 2.017835 69.399676 12.684556
v 1.929740 69.380396 12.661155
v 2.023302 69.399645 12.691838
v 1.979928 69.377933 12.661651
v 2.150483 69.461911 12.748634
v 2.017835 69.399676 12.684556
v 1.974141 69.376946 12.636802
v 1.991705 69.180741 12.570737
v 1.998039 69.181213 12.616787
v 1.998399 69.160685 12.577384
v 1.984494 69.194002 12.558409
v 1.941812 69.191535 12.649366
v 1.976371 69.214917 12.617343
v 1.968714 69.234507 12.557355
v 1.967429 69.251461 12.629699
v 1.827396 69.192204 12.660569
v 1.949775 69.273372 12.566887
v 1.958351 69.288388 12.640842
v 1.784164 69.242117 12.669144
v 1.791615 69.213132 12.665544
v 1.742960 69.196401 12.646447
v 1.787496 69.171380 12.640504
v 1.942875 69.327415 12.646132
v 1.938612 69.319101 12.593198
v 1.789529 69.267119 12.669754
v 1.733851 69.230613 12.654366
v 1.688092 69.220815 12.591753
v 1.704006 69.180654 12.593526
v 1.753945 69.263317 12.656509
v 1.950165 69.357326 12.614125
v 1.944074 69.347633 12.646772
v 1.731507 69.272789 12.604115
v 1.929740 69.380396 12.661155
v 1.979928 69.377933 12.661651
v 1.974141 69.376946 12.636802
v 1.770092 69.160474 12.594878
v 1.947018 69.155111 12.614026
v 0.717216 63.871306 13.474754
v 0.543167 63.981340 13.679739
v 0.724569 63.852187 13.367319
v 0.725371 63.625247 13.461225
v 0.749414 63.618793 13.383146
v 0.542798 63.647179 13.600228
v 0.231939 63.644436 13.645617
v 0.018047 63.673126 13.561755
v -0.008721 63.681144 13.487771
v -0.011164 63.826451 13.476430
v 0.011238 63.880022 13.558039
v 0.216868 63.965872 13.723088
v -0.012203 63.968763 13.545598
v -0.014419 64.142888 13.736671
v -0.015572 64.333704 13.810532
v -0.238552 63.969864 13.722151
v -0.032887 63.881036 13.557933
v -0.008881 63.826398 13.476435
v -0.007946 63.681129 13.487765
v -0.537567 63.974843 13.671735
v -0.239920 63.642541 13.649650
v -0.034283 63.674102 13.562025
v -0.518490 63.633954 13.601509
v -0.675252 63.863046 13.456972
v -0.668259 63.610373 13.452175
v -0.676825 63.844338 13.347247
v -0.685830 63.604296 13.370804
v -0.666841 63.961076 13.356188
v -0.688437 63.977701 13.427240
v -0.713576 64.156401 13.565331
v -0.715317 63.752062 13.409010
v -0.673246 63.756266 13.352434
v -0.864441 63.764604 13.447635
v -1.061313 63.772232 13.330178
v -1.128106 63.979573 13.026555
v -1.105327 63.866751 13.030448
v -1.138176 63.762292 13.058647
v -1.107302 63.647946 13.052261
v -1.408031 63.467929 12.796489
v -1.487483 63.713338 12.615002
v -1.504977 63.913751 12.594423
v -0.672870 63.768161 13.291014
v -0.673246 63.756266 13.352434
v -0.679003 63.950438 13.281720
v -0.648493 63.974099 13.281990
v -0.666841 63.961076 13.356188
v -0.618226 63.940448 13.292889
v -0.622625 63.807486 13.297353
v -0.676825 63.844338 13.347247
v -0.685830 63.604296 13.370804
v -0.045211 63.841356 13.398967
v -0.011809 63.972045 13.394736
v -0.008881 63.826398 13.476435
v -0.007946 63.681129 13.487765
v -0.011810 63.951758 13.467297
v 0.025073 63.839743 13.399285
v -0.011164 63.826451 13.476430
v -0.008721 63.681144 13.487771
v 0.664602 63.816467 13.314046
v 0.650089 63.945117 13.313422
v 0.749414 63.618793 13.383146
v 0.724569 63.852187 13.367319
v 0.682763 63.977471 13.305653
v 0.703040 63.965262 13.379085
v 0.720348 63.954027 13.306623
v 0.727192 63.776589 13.310195
v 0.726710 63.765826 13.369875
v 1.250062 63.954914 13.088071
v 1.287944 63.750528 13.112705
v 1.237201 63.850024 13.086495
v 1.261406 63.646165 13.099119
v 1.612453 63.450942 12.847792
v 1.667247 63.669485 12.680765
v 1.661127 63.858409 12.669951
v 1.497859 63.961068 12.438547
v 1.657993 63.841206 12.679398
v 1.653626 63.703355 12.664573
v 1.511447 63.807190 12.423296
v 1.643440 64.185364 12.042212
v 1.585309 64.011852 12.122547
v 1.685167 63.663728 12.425994
v 1.615275 63.785299 12.157715
v 1.741806 63.720082 12.194746
v 1.758379 63.851831 12.040320
v 1.978212 63.590736 12.254307
v 2.072480 63.753857 12.162747
v 2.061349 63.681829 12.310366
v 2.221936 64.003078 11.003713
v 2.297645 63.790759 12.095412
v 2.849145 64.044732 11.197498
v 2.699060 63.910658 11.127313
v 2.898335 64.416533 11.212818
v -1.154194 63.756443 13.137270
v -1.138176 63.762292 13.058647
v -1.128106 63.979573 13.026555
v -1.164525 64.008863 13.083735
v -1.235028 64.186057 13.196827
v -1.105327 63.866751 13.030448
v -1.171395 63.876831 13.080275
v -1.360235 63.994675 13.074111
v -1.156824 63.608900 13.094990
v -1.107302 63.647946 13.052261
v -1.568552 63.995230 12.813178
v -1.326995 63.583888 13.071543
v -1.455228 63.491041 12.832862
v -1.491691 63.625068 12.843855
v -1.408031 63.467929 12.796489
v -1.487483 63.713338 12.615002
v -1.504977 63.913751 12.594423
v -1.498895 63.894993 12.604804
v -1.479413 63.746951 12.597842
v -1.719738 63.653769 12.580392
v -1.779919 63.902998 12.596409
v -1.620579 63.564677 12.475132
v -2.264957 64.585859 12.338450
v -2.251070 65.086631 12.374599
v -2.006702 63.971814 12.278249
v -2.114645 64.273990 12.262445
v -1.929651 63.756010 12.230205
v -1.844355 63.658493 12.182736
v -1.969404 63.833191 12.080251
v -2.028108 63.928702 12.096415
v -2.226873 63.876845 12.002535
v -1.750998 63.669012 12.196790
v -1.820487 63.820283 12.030029
v -1.669361 63.921608 11.972643
v -1.898783 64.751646 10.773272
v -2.023854 64.458984 10.897775
v -2.226145 64.076544 10.949713
v -2.732860 64.007163 11.058591
v 3.215405 64.184480 9.186650
v 2.272455 64.487094 12.434552
v 2.214587 64.983459 12.453859
v 2.174557 64.185942 12.360252
v 2.117876 63.888271 12.368846
v 1.943401 63.830912 12.682524
v 1.758718 63.826473 12.721406
v 1.911776 63.600068 12.651984
v 1.730280 63.654043 12.716382
v 1.802049 63.521707 12.536218
v 1.653626 63.703355 12.664573
v 1.657993 63.841206 12.679398
v 2.120920 63.846015 12.185162
v -0.013389 64.644804 13.737119
v 1.661127 63.858409 12.669951
v 0.740515 64.164426 13.593644
v 1.729575 63.938381 12.898168
v 1.725031 63.884486 12.752899
v 1.667247 63.669485 12.680765
v 1.514045 63.956063 13.150013
v 1.700726 63.592787 12.908100
v 1.720513 63.637700 12.763473
v 1.351059 64.161524 13.270637
v 1.669184 63.470894 12.887874
v 1.612453 63.450942 12.847792
v 1.314217 63.856920 13.140939
v 1.250062 63.954914 13.088071
v 1.237201 63.850024 13.086495
v 1.308003 63.745829 13.191985
v 1.287944 63.750528 13.112705
v 1.191678 63.770261 13.377156
v 0.951205 63.773358 13.476441
v 0.775221 63.762832 13.427599
v 0.726710 63.765826 13.369875
v 0.724817 63.982641 13.450517
v 0.703040 63.965262 13.379085
v -3.205689 64.260140 9.135741
v -2.898462 64.143438 11.119360
v -2.954777 64.501518 11.134712
v 1.528482 63.571974 13.127765
v 1.324664 63.607742 13.142972
v 1.261406 63.646165 13.099119
v -1.383781 64.017467 12.370914
v -1.498895 63.894993 12.604804
v -1.479413 63.746951 12.597842
v -1.383016 63.856602 12.362348
v -1.583686 64.253610 11.970390
v -1.502570 64.077754 12.056833
v -1.510139 63.843190 12.098197
v -1.533147 63.714338 12.363379
v -1.623249 63.779725 12.130869
v -1.898783 64.751646 10.773272
v -1.243467 65.329360 10.583601
v -0.001794 65.531100 10.545810
v 1.249426 65.301682 10.613274
v 1.913323 64.689572 10.826058
v 1.913323 64.689572 10.826058
v 2.031823 64.384902 10.955159
v 1.417340 62.931223 11.490531
v 1.527576 63.467927 11.694252
v 1.765400 63.605537 11.550167
v 1.776486 63.816065 11.615241
v 1.627590 63.781655 11.801421
v 2.120482 63.765172 10.571188
v 1.940294 63.923393 11.435520
v 2.090891 63.677984 12.026784
v 2.210742 63.926914 11.536042
v 2.184729 63.723890 11.705063
v 2.674981 63.732666 10.896473
v 2.758379 63.555775 10.913699
v 2.476205 63.419868 11.536059
v 2.704445 64.090173 10.274577
v 2.840808 63.799603 10.014759
v 2.941323 63.675937 10.237909
v 2.985888 63.788670 9.280639
v 2.836103 64.030260 9.825697
v 2.429415 64.091804 10.216555
v 2.753196 64.109594 9.840578
v 2.938584 64.024522 9.341930
v 2.418745 64.124216 9.742609
v 2.318270 64.084442 10.089457
v 2.342237 63.892851 9.942421
v 2.207950 63.838521 10.109834
v 2.293653 64.098845 9.621606
v 2.238613 63.868938 9.725693
v 2.405480 64.128204 9.226629
v 2.160968 63.784627 9.371848
v 2.431273 63.910067 9.084381
v -1.847595 63.671004 11.015463
v -1.713856 63.097655 10.897739
v -1.912650 63.748628 11.056109
v -1.738645 63.670450 11.505737
v -1.742121 63.887240 11.559322
v -1.572188 63.847568 11.749408
v -2.121930 63.838923 10.536860
v -1.926854 63.999868 11.374120
v -2.200158 64.008390 11.460534
v -2.150024 63.808398 11.630370
v -2.387158 64.089543 11.015459
v -2.698056 63.791896 11.110244
v -2.815055 63.642462 10.865127
v -2.490998 63.510194 11.473658
v -2.818919 64.075565 10.169656
v -2.688952 64.171900 10.227165
v -2.850829 63.882093 9.972189
v -2.978176 63.760806 10.193314
v -2.995076 63.857049 9.239273
v -2.409435 64.167648 10.174451
v -2.730496 64.193815 9.794782
v -2.766865 64.196006 9.426571
v -2.296171 64.158698 10.050234
v 0.741892 63.410983 13.319711
v 0.723912 63.235906 13.317457
v 0.560513 63.570319 13.280443
v 0.568059 63.467003 13.278359
v 0.566561 63.349972 13.243413
v 0.515133 63.396094 13.164954
v 0.516633 63.515851 13.193380
v 0.549383 63.281757 13.224375
v 0.519740 63.287775 13.226727
v 0.398938 63.250080 13.359365
v 0.519099 63.392496 13.163351
v 0.511939 63.356918 13.237578
v 0.392592 63.451552 13.362971
v 0.519078 63.518320 13.191701
v 0.519261 63.491037 13.265161
v 0.144589 63.231296 13.396474
v 0.530531 63.602833 13.275234
v 0.140658 63.446652 13.405676
v 0.010932 63.356049 13.296241
v -0.000996 63.495242 13.324128
v -0.002703 63.605989 13.340589
v -0.008124 63.525280 13.248879
v -0.006690 63.402280 13.217977
v 0.009838 63.279986 13.289631
v -0.020215 63.280405 13.290265
v -0.006565 63.402277 13.217976
v -0.023193 63.356557 13.296692
v -0.149891 63.235089 13.405986
v -0.007631 63.525250 13.248875
v -0.014268 63.495459 13.324248
v -0.151062 63.447586 13.409334
v -0.383155 63.243778 13.380675
v -0.014873 63.606218 13.340624
v -0.380612 63.445181 13.369289
v -0.482314 63.348571 13.246156
v -0.502097 63.591135 13.269928
v -0.489669 63.479567 13.264399
v -0.489850 63.509311 13.187416
v -0.488784 63.386059 13.165730
v -0.488852 63.279179 13.241365
v -0.514297 63.272451 13.239629
v -0.528907 63.340243 13.252445
v -0.485400 63.389753 13.167149
v -0.531314 63.458408 13.277875
v -0.661884 63.221221 13.341916
v -2.196079 63.923042 10.075799
v -2.222074 63.954349 9.692693
v -2.417261 63.986063 9.052953
v -1.170549 63.352888 12.590613
v -1.159937 63.345926 12.625016
v -1.233323 63.373651 12.655150
v -1.183943 63.480857 12.654696
v -1.258015 63.526996 12.682234
v -1.189638 63.589775 12.732475
v -1.238100 63.591382 12.736928
v -1.129356 63.649276 12.853070
v -1.024143 63.640043 12.944866
v -0.920335 63.557530 12.983172
v -0.885271 63.470833 13.048729
v -0.879011 63.435207 12.958256
v -0.878431 63.323649 13.009105
v -0.869809 63.300144 12.936556
v -0.885135 63.302050 13.013737
v -0.800366 63.359147 12.949132
v -0.845632 63.323805 12.970247
v -0.874171 63.463178 13.015125
v -0.905298 63.434090 13.054288
v -0.516234 63.323908 13.060165
v -0.533744 63.393645 13.081135
v -0.485400 63.389753 13.167149
v -0.487732 63.506807 13.189311
v -0.423219 63.328210 13.079267
v -0.421431 63.465188 13.120225
v -0.488784 63.386059 13.165730
v -0.489850 63.509311 13.187416
v -0.061535 63.480781 13.161187
v -0.059973 63.343052 13.127511
v -0.007631 63.525250 13.248875
v -0.006565 63.402277 13.217976
v 0.048535 63.341358 13.126587
v 0.047514 63.479261 13.160666
v -0.006690 63.402280 13.217977
v -0.008124 63.525280 13.248879
v 0.942457 63.305570 12.955890
v 0.886717 63.365460 12.962050
v 0.980840 63.474439 13.038396
v 0.942028 63.331191 12.982549
v 0.991779 63.311071 13.025785
v 1.020371 63.446839 13.077606
v 0.969146 63.306412 12.948628
v 0.984771 63.445000 12.980342
v 0.983952 63.332309 13.022923
v 0.995318 63.482854 13.073000
v 1.034694 63.564221 13.013922
v 1.155966 63.639171 12.985582
v 1.331908 63.631807 12.944497
v 1.277599 63.640510 12.899724
v 1.343712 63.576690 12.778356
v 1.331676 63.469101 12.693726
v 1.421902 63.512514 12.728063
v 1.388983 63.366621 12.690568
v 1.296816 63.340941 12.654201
v 1.305453 63.346048 12.620056
v 0.440161 63.467110 13.122764
v 0.519078 63.518320 13.191701
v 0.519099 63.392496 13.163351
v 0.442878 63.331864 13.074448
v 0.550086 63.329435 13.056385
v 0.571163 63.399193 13.082802
v 0.515133 63.396094 13.164954
v 0.516633 63.515851 13.193380
v -0.487732 63.506807 13.189311
v -0.675969 63.392874 13.321632
v -0.526729 63.556323 13.275570
v -0.841257 63.203641 13.253663
v -0.831960 63.376102 13.243692
v -0.911471 63.402027 13.115068
v -0.894835 63.289166 13.092601
v -0.913748 63.510874 13.122542
v -0.885135 63.302050 13.013737
v -0.905298 63.434090 13.054288
v -0.895605 63.215029 13.081054
v -0.916080 63.227726 13.050063
v -0.923453 63.278989 13.059988
v -0.878431 63.323649 13.009105
v -1.102855 63.146327 13.088833
v -0.936904 63.439931 13.095286
v -0.885271 63.470833 13.048729
v -1.094418 63.431491 13.064676
v -0.939672 63.517584 13.089176
v -1.232853 63.452614 12.932357
v -1.259254 63.564134 12.768559
v -1.282023 63.495500 12.749221
v -1.238100 63.591382 12.736928
v -1.258015 63.526996 12.682234
v -1.273170 63.320723 12.728976
v -1.233323 63.373651 12.655150
v -1.263357 63.171603 12.920081
v -1.261590 63.272647 12.722657
v -1.282325 63.273545 12.701781
v -1.226301 63.420080 12.673591
v -1.291628 63.368973 12.714578
v -1.483928 63.261541 12.672106
v -1.308670 63.496499 12.729054
v -1.799129 63.195811 12.264990
v -1.663413 63.343238 12.396924
v -1.632237 63.552722 12.426042
v -1.376340 63.686112 12.541822
v -1.677553 63.415672 12.248128
v -1.227837 63.573507 12.618729
v -1.226301 63.420080 12.673591
v -1.574554 63.716940 12.366679
v -2.108111 63.287162 11.958440
v -2.090462 63.499274 11.965845
v -1.509877 63.734638 12.336028
v -1.191340 63.447080 12.595389
v -2.238000 63.670953 11.609535
v 1.383849 63.412784 12.711564
v 1.305453 63.346048 12.620056
v 1.333375 63.433768 12.631906
v 1.378001 63.555234 12.664088
v 1.259344 63.495242 12.413753
v 1.535202 63.649608 12.599297
v 1.387164 63.405898 12.149330
v 1.387363 63.556703 12.197226
v 1.475424 63.656897 12.308995
v 1.532166 63.460534 12.098953
v 1.652646 63.685318 12.397578
v 1.726502 63.665345 12.430830
v 1.804698 63.508846 12.486139
v 1.830819 63.303444 12.448145
v 1.820293 63.368511 12.301160
v 1.932842 63.146706 12.312831
v 2.177808 63.420324 12.037020
v 1.677497 63.244027 12.713528
v 2.181845 63.216333 12.018164
v 2.265540 63.583343 11.680286
v 1.255292 63.156840 13.096810
v 1.441166 63.170311 12.946868
v 1.425925 63.267646 12.754585
v 1.040134 63.289605 13.071333
v 1.415033 63.449176 12.975691
v 1.253466 63.440122 13.099969
v 1.442987 63.314509 12.764525
v 1.457936 63.483473 12.795653
v 1.430566 63.550996 12.817501
v 1.370967 63.574589 12.969473
v 1.421902 63.512514 12.728063
v 1.060245 63.453404 13.120675
v 1.331908 63.631807 12.944497
v 1.062010 63.528752 13.119348
v 0.995318 63.482854 13.073000
v 0.983952 63.332309 13.022923
v 1.028568 63.238539 13.054940
v 1.004041 63.226954 13.081763
v 0.991779 63.311071 13.025785
v 1.006337 63.300953 13.102027
v 0.940903 63.220432 13.241068
v 1.029522 63.417110 13.135669
v 1.020371 63.446839 13.077606
v 0.932842 63.394857 13.252608
v 1.030827 63.523663 13.150322
v -1.151159 63.516861 12.381520
v -1.170549 63.352888 12.590613
v -1.357076 63.695673 12.260111
v -1.290608 63.593494 12.159779
v -1.298927 63.438124 12.119697
v -1.494776 63.733667 12.037990
v 1.388983 63.366621 12.690568
v 1.448011 63.266962 12.734483
v 1.464769 63.360149 12.753670
v 1.383849 63.412784 12.711564
v 1.487164 63.482275 12.776627
v 1.667616 63.469740 12.721596
v -0.990225 62.900569 9.540967
v -0.913572 63.257275 9.837360
v -1.323812 63.538203 9.741431
v -0.002334 63.609689 11.585194
v -0.804358 63.594980 11.594234
v -1.764756 64.049739 9.537849
v -0.003313 63.483635 12.311893
v -1.262350 63.716689 7.993879
v -1.145346 64.159062 8.898607
v -1.075802 64.294593 9.539164
v -0.929187 64.260733 10.901859
v -0.002690 64.336652 9.594927
v -0.828390 64.175161 11.532918
v 1.076289 64.263811 9.557225
v -0.004139 64.206957 11.412708
v 0.930310 64.227327 10.920995
v 0.825464 64.138089 11.551337
v 1.775710 63.980734 9.563187
v 1.451692 63.788388 11.755795
v 0.805684 63.557075 11.603850
v 1.326467 63.497826 9.740992
v 0.715013 63.509155 11.940775
v -0.002334 63.609689 11.585194
v 0.422438 63.468103 12.260096
v -0.003313 63.483635 12.311893
v 0.919872 63.219030 9.827656
v 0.992458 62.865773 9.516024
v 1.242940 63.676997 7.995310
v 1.144144 64.118610 8.913365
v -0.004481 63.902026 7.945088
v -1.409109 63.847751 11.713857
v -0.706260 63.542162 11.932602
v -0.637824 63.933270 12.217672
v -0.420241 63.488649 12.256794
v -0.538495 63.394399 12.937294
v -0.430661 63.651059 12.820121
v -0.007018 63.787303 12.696251
v 0.446140 63.652573 12.827457
v 0.651592 63.912648 12.233192
v 0.574167 63.396711 12.941720
v 2.661434 60.687074 9.924241
v 3.488115 62.966253 10.964811
v 3.764017 62.629120 9.416991
v 2.935743 62.716842 7.652224
v 3.445850 64.239742 11.163032
v 3.227767 64.336964 8.360912
v 2.583462 64.201616 7.654812
v 3.600653 64.470045 9.474754
v 1.682736 63.758550 6.818404
v 2.425929 65.033266 11.716803
v 2.037579 65.370510 8.542585
v 1.603110 64.974725 7.762896
v 1.007578 64.106181 6.693838
v 2.318989 65.509849 9.701609
v 0.912621 62.941594 6.426837
v 1.051518 62.110529 6.692515
v 1.878827 60.533339 7.920295
v 2.403371 60.300735 8.771389
v 1.897865 63.003513 6.858162
v 1.112670 63.786825 12.971320
v 1.710725 63.682100 12.834654
v 2.019406 63.464505 12.817463
v 2.300612 63.593934 12.569820
v 2.734704 63.451095 12.332785
v 2.558838 63.211430 12.407050
v 2.706344 63.087344 12.174286
v 2.422485 62.975056 12.339784
v 1.869602 63.104237 12.617859
v 1.799432 63.303301 12.838254
v 1.143311 63.214132 12.869729
v 0.960854 63.372358 13.187656
v 0.549787 63.344064 12.981192
v 0.559773 63.427335 13.215234
v -0.009018 63.359447 13.029426
v -0.503303 63.342957 12.982526
v -0.571856 62.731388 13.139115
v -0.510092 63.421931 13.216709
v -1.028572 63.210013 12.856135
v -0.862071 63.352998 13.177597
v -0.650417 62.228962 12.792792
v -2.291792 62.401044 11.981044
v -1.967843 62.718188 12.401205
v -1.691117 63.134192 12.579528
v -2.508848 61.875946 11.320234
v -1.582655 63.324533 12.792986
v -2.344030 63.047449 12.271324
v -3.672420 63.025774 10.933628
v -2.695942 63.182334 12.091623
v -3.860955 62.773454 9.404743
v -3.570587 64.302300 11.098331
v -2.823261 63.320969 12.001707
v -3.282208 64.067729 11.533229
v -3.605952 64.538214 9.426247
v -3.221811 64.442359 8.321846
v -2.470544 63.303088 12.320980
v -2.863607 63.838258 11.851931
v -2.498763 65.098334 11.648344
v -2.628356 64.225471 7.629744
v -2.299409 65.515479 9.658732
v -2.034333 65.382295 8.514450
v -1.614922 65.006853 7.744555
v -0.508794 63.827083 12.976393
v -0.501349 63.578988 13.099051
v -1.003088 63.792234 12.930589
v -0.012009 63.796112 12.955606
v -0.571915 64.160704 13.088628
v 0.525699 63.831267 12.986533
v 0.578177 64.149724 13.112846
v -0.652374 64.815870 12.971244
v 0.537129 63.590440 13.101638
v 0.643803 64.786627 13.008630
v -1.328678 64.820885 12.683633
v -0.691281 65.414194 12.142582
v 1.362468 64.739091 12.767951
v 0.676193 65.365538 12.175896
v 1.919494 64.009694 12.798103
v 2.220601 64.596715 12.457764
v 0.726066 65.762741 9.874167
v -0.732567 65.776501 9.860092
v 0.632086 65.676318 8.715626
v -0.640567 65.647899 8.704372
v 2.843305 63.738956 11.945637
v 3.178085 63.969193 11.615353
v 0.525119 65.327846 7.916603
v -0.530180 65.290870 7.908224
v 0.295973 64.319100 6.637868
v -0.295052 64.270314 6.635159
v 0.225032 62.889519 6.314315
v -0.273807 62.921905 6.317847
v 2.055438 62.651778 12.429117
v 2.246092 62.303003 11.991815
v 0.271323 61.952405 6.660859
v -0.323510 61.951612 6.670326
v 2.445934 61.766902 11.274522
v 0.600961 62.727930 13.088392
v 0.673516 62.191675 12.744784
v 0.566859 60.080889 8.145295
v -0.457720 60.171354 8.176695
v 0.775153 61.583701 12.165248
v 0.702024 59.985565 9.052008
v -0.566195 60.086544 9.105495
v -0.720532 61.622499 12.234379
v 0.761832 60.649178 10.348009
v -0.672673 60.692948 10.410055
v -2.259726 60.579557 8.909307
v -2.565078 60.912556 10.060395
v -2.225082 64.696254 12.367565
v -1.783052 64.084352 12.707576
v -2.153258 63.673197 12.489346
v -1.523821 63.722515 12.768318
v -1.802843 63.511152 12.753018
v -1.027925 64.141101 6.688920
v -0.954592 62.960615 6.441108
v -1.102641 62.158244 6.717576
v -1.746235 63.786973 6.811298
v -1.805329 60.752208 8.013922
v -1.991236 63.053333 6.869985
v -3.024212 62.888824 7.684761
v -4.325258 68.765265 12.087909
v -4.390685 68.593836 12.064441
v -4.325305 68.562506 12.223750
v -4.254234 68.723673 12.241698
v -4.140266 68.672280 12.387126
v -4.207049 68.511398 12.384833
v -4.088690 68.889344 12.255074
v -3.976644 68.836614 12.376576
v -4.182538 68.926933 12.144751
v -3.826032 68.555560 12.681393
v -3.889209 68.397645 12.702830
v -3.660195 68.722652 12.633957
v -3.290087 68.489155 12.922589
v -3.214218 68.689400 12.838626
v -3.320652 68.323985 12.950413
v -2.642505 68.390853 13.039810
v -2.651567 68.533319 13.025443
v -2.666873 68.722470 12.951527
v -2.149140 68.526086 13.001267
v -2.181956 68.652934 12.981779
v -2.259449 68.814608 12.902883
v -1.889451 68.952540 12.778341
v -1.748476 68.918771 12.888622
v -1.685653 68.888461 12.965411
v -1.649273 69.051426 12.795026
v -1.746558 69.022815 12.670503
v -1.602961 69.035581 12.865912
v -4.616204 69.147073 12.136113
v -4.744518 69.257304 12.135018
v -4.600187 69.385613 12.430217
v -4.488590 69.270665 12.419145
v -4.260476 69.033979 12.121055
v -4.174876 69.140627 12.269718
v -4.350963 69.366245 12.608530
v -4.078319 69.211773 12.377006
v -4.459467 69.486458 12.642627
v -3.981656 69.593029 13.035842
v -3.738850 69.408565 12.691466
v -4.085110 69.724291 13.108226
v -3.568971 69.738226 13.277252
v -3.357992 69.546603 12.906339
v -3.658153 69.885379 13.383487
v -3.105915 69.807031 13.459266
v -2.970705 69.609759 13.046087
v -3.157460 69.976847 13.585572
v -2.658326 69.772947 13.477257
v -2.600759 69.600208 13.051302
v -2.661342 69.941397 13.629112
v -2.209902 69.630745 13.364430
v -2.241487 69.532631 12.957092
v -2.154879 69.769243 13.511961
v -1.714258 69.418738 13.148614
v -1.881196 69.399575 12.825009
v -1.637024 69.540912 13.293495
v -1.493217 69.309860 12.878933
v -1.697490 69.303595 12.657615
v -1.413062 69.420168 12.981955
v 4.533380 69.044842 12.148736
v 4.494597 68.782278 12.372279
v 4.644609 68.905214 12.094689
v 4.435422 68.969603 12.323968
v 4.316792 68.903098 12.470934
v 4.416938 68.752345 12.444858
v 4.220514 69.110600 12.360946
v 4.117106 69.058115 12.479239
v 4.306414 69.147865 12.251744
v 3.970680 68.756243 12.763904
v 4.030176 68.585152 12.767143
v 3.815347 68.937449 12.727825
v 3.768856 68.529041 12.898729
v 3.730193 68.706060 12.892860
v 3.610946 68.902172 12.839249
v 3.444200 68.678374 12.991433
v 3.383232 68.891354 12.925686
v 3.462812 68.506493 12.997087
v 3.128568 68.656506 13.073421
v 3.121340 68.876460 13.010364
v 3.134332 68.492729 13.079847
v 2.812603 68.512046 13.102198
v 2.826331 68.666248 13.096121
v 2.844798 68.894979 13.031332
v 2.566969 68.703368 13.067381
v 2.624096 68.922909 12.997168
v 2.543708 68.557085 13.078343
v 2.321200 68.621951 13.066371
v 2.359150 68.759329 13.050623
v 2.440715 68.955869 12.977631
v 2.209422 68.819409 13.016988
v 2.293159 68.989837 12.939578
v 2.169114 68.691651 13.042676
v 2.074123 69.050259 12.845688
v 1.932894 68.994253 12.941628
v 1.860391 68.963853 13.014150
v 1.820012 69.139311 12.850320
v 1.929337 69.108612 12.734721
v 1.765959 69.124687 12.917886
v 4.705567 69.360494 12.248905
v 4.824374 69.468308 12.247062
v 4.693306 69.604480 12.540140
v 4.590966 69.488780 12.529638
v 4.377698 69.255783 12.231390
v 4.301300 69.368477 12.378056
v 4.461866 69.588747 12.718064
v 4.212265 69.443896 12.484322
v 4.560068 69.710357 12.751770
v 4.107781 69.809090 13.143758
v 3.894196 69.636339 12.797161
v 4.197565 69.935923 13.217095
v 3.706284 69.954081 13.381480
v 3.523361 69.770192 13.007503
v 3.780143 70.096997 13.488703
v 3.256577 70.006513 13.554164
v 3.146318 69.813052 13.139046
v 3.293684 70.175590 13.680505
v 2.818843 69.952666 13.563432
v 2.781932 69.780677 13.137531
v 2.809303 70.119315 13.714854
v 2.380915 69.782527 13.440410
v 2.426996 69.687395 13.035193
v 2.316569 69.918575 13.586216
v 1.886100 69.529344 13.210462
v 2.063387 69.522250 12.892618
v 1.801824 69.650117 13.354686
v 1.667817 69.397822 12.935170
v 1.877579 69.408481 12.720606
v 1.584468 69.505044 13.037606
v -2.316250 69.068359 12.376915
v -1.941625 69.009258 12.639451
v -2.034420 68.981977 12.689843
v -2.603305 68.994744 12.468312
v -2.272801 68.916105 12.769497
v -3.437000 69.023784 12.179208
v -3.863752 68.935301 12.307456
v -4.061830 69.002685 12.063316
v -3.615162 69.061431 12.027805
v -4.083797 69.022240 12.029190
v -3.490837 69.143168 12.146358
v -4.022401 69.104828 12.134826
v -3.290138 69.499332 12.786500
v -2.959323 69.346192 12.513292
v -2.946280 69.548968 12.918828
v -2.282065 69.453895 12.816759
v -1.830713 69.285611 12.630162
v -1.757608 69.206235 12.530664
v -1.771280 69.123937 12.521321
v 2.125918 69.132911 12.707859
v 2.793016 69.175029 12.553091
v 2.454449 69.063936 12.844899
v 3.609554 69.249385 12.281640
v 4.011395 69.161398 12.415236
v 3.778383 69.290583 12.131330
v 4.214471 69.248771 12.137861
v 4.214471 69.248771 12.137861
v 3.662823 69.374205 12.248608
v 4.161170 69.336479 12.242817
v 3.457904 69.723441 12.889966
v 3.150927 69.558600 12.606548
v 3.133854 69.753528 13.010928
v 2.472780 69.612224 12.897196
v 2.017835 69.399676 12.684556
v 1.938612 69.319101 12.593198
v 1.968714 69.234507 12.557355
v -7.056186 67.978630 5.898869
v -7.376128 66.807243 5.315096
v -7.304195 66.869716 5.494652
v -7.352942 66.607140 5.404481
v -7.199902 67.380611 5.353343
v -7.084943 67.727070 5.660047
v -7.127478 67.631898 5.445857
v -7.153995 67.798114 5.481647
v -7.096483 68.212638 5.852314
v -7.167845 68.087311 5.656275
v -7.328948 66.812481 5.200523
v -7.241943 67.047577 5.182272
v -7.126473 67.289096 5.217580
v -7.087476 67.491928 5.287337
v -7.155465 67.644465 5.310775
v -7.159712 68.473916 5.756621
v -7.191511 66.710689 5.224472
v -7.145805 66.887888 5.191663
v -6.918418 67.416777 5.221464
v -6.911000 67.266215 5.221631
v -6.917305 66.726439 5.229765
v -6.814508 66.983715 5.218427
v -6.688557 67.167980 5.182951
v -6.715185 67.339482 5.110148
v -6.930035 67.403665 5.017453
v -7.158490 66.582061 5.286864
v -6.602373 66.988673 4.937595
v -6.703072 67.152003 4.854643
v -6.905415 67.236809 4.815273
v -6.746737 66.621289 5.119190
v -7.231877 66.503931 5.388057
v -6.781946 66.647891 4.781907
v -6.732602 66.772354 4.660283
v -6.814726 66.920914 4.597132
v -6.956619 67.015758 4.572796
v -7.263776 67.264274 4.839351
v -7.001389 66.659141 4.346365
v -6.992812 66.546271 4.457983
v -6.777643 66.433448 5.209777
v -6.830749 66.511925 4.931650
v -6.895788 66.261449 5.298800
v -6.999950 66.485196 4.615500
v -7.090046 66.784133 4.307163
v -7.226691 67.065085 4.605178
v -7.403060 66.576109 4.082501
v -7.315074 66.442879 4.186075
v -7.306388 66.411940 4.392008
v -7.020181 66.295333 4.913311
v -7.232841 66.398623 4.742704
v -7.277638 66.428565 4.582638
v -7.263323 66.900071 4.323199
v -7.862922 66.510210 4.001314
v -7.947194 66.663519 3.924362
v -7.738241 66.367099 4.148331
v -7.178809 66.329482 4.851002
v -7.513943 66.410529 4.622177
v -7.295156 66.272376 4.927895
v -7.617744 66.879610 3.968240
v -8.009784 66.827218 3.866849
v -8.236765 66.692043 3.878662
v -8.125107 66.495117 3.988491
v -7.666102 66.318608 4.650702
v -8.378238 66.662901 3.753978
v -8.058235 67.108242 3.832124
v -7.690867 67.154062 3.928617
v -8.279350 67.166255 3.781728
v -8.425312 66.895953 3.679242
v -7.349883 67.263445 4.184637
v -7.709935 67.465989 3.940275
v -8.366936 66.576891 3.603649
v -8.235688 66.405932 3.904256
v -8.413485 67.221310 3.631924
v -8.228303 67.502479 3.771144
v -8.341953 67.576676 3.612411
v -7.797158 67.818286 3.984937
v -8.027023 67.679586 3.870188
v -8.486231 67.210760 3.378358
v -7.527155 67.992510 4.192780
v -8.096299 68.229522 3.877645
v -8.540294 67.185159 2.986197
v -7.805008 68.199201 4.229177
v -8.441452 67.568797 2.984609
v -8.144967 68.309874 3.762263
v -8.197673 68.448427 3.603271
v -7.931694 68.395587 4.142624
v -7.950811 68.536414 4.002405
v -8.352056 67.990108 2.934614
v -8.491438 67.539157 2.855450
v -8.086124 68.854284 3.643794
v -7.764758 68.899676 4.022618
v -7.781044 68.726742 4.272372
v -7.767731 68.533926 4.428997
v -8.427236 67.954105 2.782168
v -8.359477 68.520507 2.747333
v -8.348001 69.023700 2.783483
v -7.851207 69.340859 3.998289
v -7.656642 69.108479 4.295885
v -8.086185 69.504189 3.723345
v -8.538963 67.939381 2.690330
v -7.788067 69.472073 4.274039
v -7.970440 69.619971 3.992830
v -8.204372 69.621736 3.410889
v -8.130517 69.714105 3.662591
v -8.646677 67.923720 2.561498
v -8.670862 67.455493 2.677060
v -8.589976 68.525001 2.524249
v -8.657930 67.072208 2.847574
v -7.973755 69.637745 4.157244
v -8.229631 69.739255 3.584251
v -1.783250 69.083990 12.528585
v -1.784643 69.053750 12.566090
v -1.764068 69.081479 12.558172
v -1.730846 69.081617 12.558794
v -1.745616 69.124128 12.551114
v -1.668204 69.079539 12.555527
v -1.656168 69.102253 12.549173
v -1.669830 69.058729 12.562160
v -1.611489 69.085637 12.545646
v -1.635512 69.135713 12.562182
v -1.732763 69.162273 12.554686
v -1.523020 69.092569 12.545340
v -1.559579 69.108734 12.542896
v -1.632888 69.169238 12.569142
v -1.550001 69.140313 12.548160
v -1.734840 69.205518 12.555431
v -1.752875 69.244808 12.570417
v -1.772831 69.242442 12.544417
v -1.570251 69.170024 12.556348
v -1.640100 69.208873 12.568754
v -1.716055 69.239725 12.574935
v -1.645559 69.241302 12.571741
v -1.780120 69.269481 12.600521
v 1.984494 69.194002 12.558410
v 1.983483 69.162102 12.600328
v 1.961803 69.189488 12.593105
v 1.922825 69.184564 12.601781
v 1.939886 69.229361 12.590649
v 1.855338 69.177936 12.602534
v 1.842296 69.200384 12.597316
v 1.856260 69.156570 12.610319
v 1.795455 69.179911 12.594267
v 1.819122 69.232856 12.613421
v 1.921765 69.268001 12.602352
v 1.704006 69.180654 12.593526
v 1.741093 69.199994 12.592485
v 1.814073 69.267296 12.624612
v 1.730168 69.231176 12.599915
v 1.913104 69.313426 12.621167
v 1.928934 69.354808 12.640694
v 1.950165 69.357326 12.614125
v 1.750750 69.263215 12.609060
v 1.821686 69.308974 12.624145
v 1.893539 69.347037 12.642140
v 1.827823 69.342560 12.626464
v 1.960844 69.380333 12.663151
v 1.827823 69.342560 12.626464
v 1.999888 69.428161 12.733766
v 1.947989 69.455373 12.794915
v 1.820099 69.345926 12.635564
v 1.948274 69.488792 12.795700
v 2.282491 69.563237 12.897839
v 1.781223 69.358739 12.684897
v 1.712106 69.388482 12.736572
v 1.916960 69.520011 12.832317
v 2.243363 69.606359 12.978638
v 1.778820 69.479750 12.797759
v 1.661784 69.418045 12.774095
v 2.066604 69.571903 12.888398
v 2.617451 69.701511 13.030291
v 1.613448 69.448289 12.811202
v 1.579149 69.326293 12.761520
v 1.540701 69.224121 12.759538
v 1.610244 69.139353 12.722669
v 1.559686 69.131666 12.759339
v 2.408248 69.729561 13.027314
v 2.229828 69.646249 12.968874
v 2.591424 69.810029 13.081002
v 2.596897 69.768619 13.076049
v 1.501731 69.125443 12.802053
v 1.636529 69.065067 12.755110
v 1.475984 69.381568 12.847828
v 1.445826 69.121107 12.848001
v 2.208792 69.686229 12.968510
v 1.524763 69.003593 12.834175
v 1.396465 69.119230 12.895918
v 1.329004 69.289804 12.957167
v 1.372871 69.440382 12.954598
v 1.519517 69.515177 12.901508
v 1.429842 68.954601 12.932912
v 1.350456 69.121433 12.952461
v 1.604809 68.874573 12.856050
v 1.303082 69.129644 13.023867
v 1.696831 68.976888 12.784446
v 1.786787 68.873116 12.813856
v 1.561325 68.826889 12.906310
v 1.472143 69.550526 12.957743
v 1.253235 69.145020 13.111329
v 1.223170 69.333967 13.104769
v 1.255460 69.506744 13.091726
v 1.924391 68.826451 12.816687
v 1.329560 68.970154 13.096268
v 1.724102 68.741309 12.884243
v 1.201578 69.168033 13.212400
v 1.356966 69.646067 13.094795
v 2.052628 68.781520 12.824964
v 1.463113 68.794409 13.066200
v -8.680706 67.891766 2.408045
v -8.601861 69.040785 2.575353
v -8.209476 69.748465 3.958340
v -8.598366 66.654234 3.078446
v -8.564541 68.418901 2.235502
v -8.574937 68.987220 2.310524
v -8.616780 66.920528 2.580202
v -8.612002 67.350587 2.395756
v -8.493109 66.257682 3.341468
v -8.515828 66.143874 3.232540
v -8.424755 67.812208 2.176392
v -8.596149 69.445862 2.464195
v -8.425964 66.052252 3.095210
v -8.424433 66.889412 2.479323
v -8.293957 65.624425 3.372837
v -8.088217 68.751742 2.379646
v -8.232021 66.011413 2.988548
v -8.015268 66.556596 2.814537
v -7.982324 68.136302 2.485988
v -7.850314 68.382104 2.691229
v -8.169741 65.262913 3.707019
v -7.897478 68.937850 2.771462
v -7.928063 69.367250 2.901588
v -8.070225 69.950997 3.015726
v -7.905287 69.641160 3.107896
v -7.742770 67.855563 2.796227
v -7.717167 69.326295 3.229636
v -7.664947 69.533810 3.460688
v -7.810254 69.809764 3.443870
v -7.935614 70.059872 3.433944
v -7.333543 67.903433 3.064929
v -7.570857 69.672875 3.756020
v -7.587666 69.345633 3.003730
v -7.570563 69.680806 3.355577
v -7.687939 69.883625 3.823925
v -7.260372 67.950153 2.741231
v -7.478317 69.740691 4.144285
v -7.585345 69.856832 4.180716
v -7.705460 70.008622 4.229106
v -7.709526 71.059143 2.861856
v -7.722974 70.322588 2.181880
v -7.527221 69.135232 2.018704
v -7.600603 69.880468 4.585482
v -7.484394 69.781637 4.544635
v -7.424745 69.754961 4.534890
v -7.654662 71.119374 3.733094
v -7.493759 69.728171 4.894929
v -7.400648 69.679430 4.862333
v -7.364930 69.688042 4.847455
v -7.558327 71.104918 4.494084
v -7.383379 70.169748 5.194726
v -7.416185 73.317857 3.197442
v -7.357068 69.562072 5.133663
v -7.337666 69.609409 5.125443
v -7.247542 73.170861 5.343693
v -6.805009 74.593579 5.682681
v -7.289453 70.821577 5.731952
v -6.952589 72.286338 6.770326
v -7.247349 69.636156 5.626008
v -6.275438 76.684082 3.976573
v -6.485579 76.144380 1.624067
v -6.432974 76.451138 2.763805
v -7.152881 70.508084 6.214293
v -7.009576 69.939382 6.721267
v -7.182629 69.113798 5.739149
v -6.692786 71.534206 7.731395
v -6.966241 68.921972 6.849462
v -7.024381 68.727415 6.478049
v -7.049496 68.539910 6.221647
v -6.999478 68.108100 6.469374
v -7.247967 68.706594 5.637400
v -7.271894 69.281547 5.530589
v 1.889225 68.677468 12.871141
v 2.046766 68.697114 12.836048
v 1.642227 68.653229 13.026592
v 2.061864 68.869566 12.826770
v 2.180336 68.727144 12.841279
v 2.025530 68.505555 12.912266
v 1.832429 68.549268 12.993806
v 2.038098 68.605014 12.865896
v 1.065998 69.430991 13.451363
v 1.081068 69.257000 13.438925
v 1.150631 69.040135 13.428974
v 1.286990 68.810107 13.390236
v 1.497639 68.590433 13.318081
v 2.005284 68.445043 12.970043
v 1.990765 68.376453 13.034993
v 1.745268 68.414939 13.233992
v 1.982429 68.322517 13.100261
v 1.010304 69.313038 13.559396
v 2.174462 68.344817 12.948587
v 1.985270 68.275702 13.164366
v 2.002967 68.216315 13.228128
v 2.213736 68.158424 13.108244
v 2.403208 68.128675 13.011222
v 2.374955 68.187831 12.967425
v 1.236699 68.650337 13.658799
v 1.772601 68.268156 13.381242
v 2.439048 68.071078 13.058383
v 2.071509 67.995583 13.359562
v 1.548135 68.288109 13.585990
v 2.280930 68.004681 13.222293
v 2.479240 68.002604 13.108466
v 2.669032 67.999133 13.010599
v 1.597340 68.100175 13.655215
v 1.851704 67.955474 13.528952
v 2.332124 67.722030 13.344273
v 2.518433 67.906106 13.159704
v 2.549061 67.774973 13.212064
v 2.759224 67.810646 13.099773
v 1.338181 68.253016 13.809098
v 1.617550 67.877794 13.726726
v 1.860421 67.744865 13.602606
v 2.098771 67.634434 13.499598
v 2.563341 67.613375 13.268999
v 2.327537 67.529486 13.410424
v 3.016990 67.717168 13.035364
v 3.054132 67.560374 13.075768
v 2.066810 67.409849 13.568954
v 1.604025 67.634299 13.807161
v 2.804123 67.497698 13.196603
v 2.512941 67.205906 13.396866
v 3.070899 67.375185 13.120958
v 2.225863 67.092052 13.537445
v 1.572078 67.393237 13.895804
v 2.793219 67.302411 13.259311
v 3.065742 67.171222 13.176312
v 1.154710 68.170549 14.063369
v 1.936153 66.985212 13.673104
v 2.145150 66.894456 13.578795
v 2.350872 66.785452 13.498357
v 2.442603 66.987451 13.453335
v 1.542659 67.178664 14.001019
v 1.879379 66.826299 13.710913
v 2.587019 66.661513 13.426858
v 2.004373 66.603043 13.616608
v 1.114791 68.413345 13.987429
v 1.689113 66.898452 13.890817
v 1.850136 66.700885 13.751377
v 2.160512 66.469283 13.547837
v 1.963534 66.499856 13.630016
v 2.352730 66.322558 13.498174
v 1.524423 66.838414 14.211979
v 1.844704 66.594499 13.803433
v 1.951219 66.405046 13.668272
v 1.857503 66.493062 13.876005
v 2.611465 66.166044 13.439862
v 2.027166 66.279284 13.540272
v 1.964610 66.302315 13.739345
v 1.556131 66.713573 14.314516
v 1.707173 66.655301 14.052525
v 1.881566 66.377652 13.973100
v 2.328489 65.938629 13.477198
v 1.610146 66.599475 14.425751
v 1.770022 66.423328 14.261246
v 2.054213 66.059680 13.503488
v 1.814815 66.286089 14.388157
v 1.911158 66.239402 14.096553
v 2.020779 66.083366 13.658051
v 2.033057 65.976126 13.554572
v 2.010391 66.036564 13.967958
v 1.721841 66.323895 14.662828
v 1.667876 66.473208 14.544630
v 1.943706 66.089462 14.234079
v 2.031273 65.849881 13.640402
v 2.008548 65.729828 13.737370
v 2.022530 65.817443 13.889878
v 1.907058 65.981763 14.617811
v -7.296023 69.125064 5.543841
v -7.496279 68.790733 5.427850
v -7.388593 68.965581 5.525572
v -7.318295 69.434728 5.355483
v -7.305283 69.514794 5.368969
v -7.506815 69.236212 5.373025
v -7.593162 68.631011 5.254086
v -7.411439 69.566170 5.150596
v -7.727878 69.338914 5.150703
v -7.587571 68.560069 5.069918
v -7.649852 68.849910 5.000767
v -7.612838 69.473714 5.185041
v -7.498649 69.545364 5.173064
v -7.774464 69.174866 5.026846
v -7.729178 69.096457 4.890882
v -7.737259 69.699318 4.979663
v -7.733466 69.930428 4.649534
v -7.828349 69.319876 4.737432
v -7.989174 69.612090 4.651009
v -7.966397 69.777599 4.714565
v -7.870487 69.898274 4.707187
v -7.925396 69.509733 4.545116
v -8.141024 70.137462 3.965080
v -8.059752 69.662573 4.272887
v -8.497720 69.999124 3.107445
v -8.342522 69.764116 3.619031
v -8.538701 69.808764 3.245426
v -8.570835 69.784506 2.740001
v -8.599376 69.656778 2.950308
v -8.615235 69.407432 2.723143
v -8.310875 69.673247 3.310718
v -8.351730 69.359854 2.907283
v -8.347200 69.534151 3.079078
v 6.997536 68.549037 6.269418
v 7.138709 70.504010 6.275564
v 7.293427 70.798049 5.788328
v 7.205048 69.626045 5.675562
v 7.369879 70.143477 5.239539
v 7.049749 72.268930 6.842949
v 6.739112 71.551214 7.815732
v 6.458492 74.026030 7.972273
v 6.395878 72.962743 8.773042
v 6.499751 74.569917 7.316334
v 6.917534 74.522360 5.740651
v 6.349516 72.695006 8.977384
v 6.224046 73.602295 9.083292
v 6.247917 74.270062 8.621625
v 6.176239 73.028988 9.447343
v 6.017357 73.829231 9.598628
v 6.039693 74.520090 9.122553
v 6.038104 74.179691 9.379939
v 5.973906 73.296963 9.933753
v 5.999164 73.556383 9.780356
v 5.961208 75.338132 8.629999
v 6.020228 74.911426 8.852569
v 5.774623 74.720754 9.667573
v 5.714985 73.494030 10.425892
v 5.937804 73.038776 10.070685
v 5.459935 74.872407 10.213231
v 5.464318 74.533803 10.428990
v 5.449027 74.179100 10.614883
v 5.436461 75.252800 9.969801
v 5.698627 75.521727 9.167442
v 5.410152 73.621199 10.936128
v 5.433824 73.895115 10.779481
v 5.107937 74.276656 11.136247
v 5.097995 74.974431 10.749825
v 5.383319 75.662473 9.719077
v 4.708809 75.054365 11.259342
v 4.721594 74.669775 11.469837
v 5.373578 73.338992 11.101775
v 5.085747 73.693438 11.460856
v 4.694224 75.442470 11.005693
v 4.732628 74.035369 11.807677
v 4.666813 75.856719 10.720130
v 5.028300 75.763040 10.242228
v 4.339235 75.139414 11.717394
v 1.775287 66.164042 14.769467
v 1.615000 66.336078 14.933501
v 1.958318 65.621315 13.835964
v 1.998470 65.751326 14.221708
v 1.978322 65.798494 14.453035
v 1.815963 65.862309 14.897844
v 1.685084 66.014690 15.087961
v 1.954086 65.682405 14.497714
v 1.968205 65.640535 14.298993
v 1.938220 65.587848 14.106555
v 1.791001 65.738467 14.905902
v 1.900363 65.589983 14.519425
v 1.492415 65.871972 15.396123
v 1.637285 65.753499 15.137015
v 1.510760 66.004904 15.355003
v 1.494337 66.154433 15.293478
v 1.442001 65.751916 15.410287
v 1.814060 65.525026 14.535082
v 1.804144 65.475290 14.404079
v 1.304451 65.994336 15.643081
v 1.369644 65.648154 15.394495
v 1.236664 65.715974 15.699644
v 1.661251 65.583900 14.860041
v 1.501396 65.605508 15.085366
v 1.108040 65.799625 15.953994
v 1.591677 65.388253 14.351796
v 1.676442 65.446882 14.445567
v 1.290185 65.613508 15.354576
v 1.056105 65.651654 15.960246
v 1.222969 65.634304 15.307576
v 1.063183 65.570280 15.630712
v 0.975457 65.541018 15.935613
v 0.877677 65.479959 15.850493
v 1.171870 65.653037 15.260211
v 0.757413 65.574854 16.300873
v 0.796293 65.770250 16.348515
v 0.688018 65.430514 16.216632
v 0.737875 65.391287 16.004678
v 0.906988 65.594810 15.426737
v 0.597383 65.594033 16.394252
v 0.616077 65.318717 16.078914
v 0.406551 65.877615 16.533846
v 0.599371 66.066684 16.476037
v 0.406876 65.635644 16.453453
v 0.498130 65.258319 16.099481
v 0.386746 65.408247 16.302179
v 0.557881 65.210983 15.837156
v 0.623772 65.300414 15.304800
v 0.389250 66.110899 16.543856
v 0.356550 65.238658 16.102855
v 0.316897 65.108303 15.861744
v 0.507013 65.116567 15.501437
v 0.602011 65.185361 15.037672
v -0.010558 65.893639 16.527288
v 0.001499 65.650022 16.447686
v 0.016817 65.420767 16.298071
v 0.200071 65.238775 16.104845
v 0.043507 65.249155 16.100827
v 0.294796 65.018786 15.585456
v 0.404748 65.050547 15.555189
v 0.457294 65.051467 15.201280
v 0.634375 65.134205 14.892836
v 0.542917 65.063717 14.955043
v -0.188683 65.617894 16.384175
v -0.100112 65.280298 16.095489
v 0.083554 65.116953 15.861391
v 0.194142 65.012618 15.602541
v 0.093323 65.023540 15.585866
v 0.277004 64.974198 15.333470
v 0.430795 65.016677 15.001335
v 0.574521 65.023342 14.888066
v -0.222638 65.350088 16.072828
v -0.293048 65.463809 16.207007
v -0.161427 65.238763 15.835219
v 0.082339 64.972976 15.334671
v -0.015551 65.059956 15.555895
v -0.117319 65.126488 15.503601
v 0.249945 64.958773 15.135614
v 0.164664 64.948982 15.170213
v 0.337652 64.981111 15.068633
v 0.433863 64.984422 14.900534
v -0.356153 65.431212 15.997397
v 0.073399 64.952709 15.138155
v -0.110808 65.041630 15.208254
v 0.144391 64.933490 14.999495
v 0.227511 64.943198 14.974734
v 0.318898 64.962115 14.927157
v -0.243985 65.294822 15.316813
v -0.271186 65.151939 15.052557
v -0.133092 64.994846 15.010598
v -0.026875 64.968743 15.074269
v 0.055885 64.935500 14.978126
v -0.252414 65.030094 14.966623
v -0.346955 65.087339 14.906160
v 0.225248 64.915428 14.882422
v 0.027645 64.905398 14.886136
v -0.295993 65.218761 14.977999
v -0.260020 65.340199 15.205114
v -0.046729 64.943648 14.933861
v -0.169135 64.956126 14.909889
v -0.311013 64.983763 14.897880
v -0.367557 65.180967 14.843000
v -0.451436 65.053919 14.804683
v 4.321965 75.959303 11.136830
v 4.718923 73.662042 11.974327
v 5.312463 73.052809 11.289183
v 3.998337 75.182866 12.106918
v 3.998130 76.059439 11.483008
v 3.992276 74.801963 12.338179
v 3.973508 76.464013 11.141234
v 4.689270 73.357934 12.141141
v 4.980989 73.015347 11.825490
v 3.676401 75.247234 12.420230
v 3.690346 76.141821 11.767697
v 3.929869 76.827519 10.821762
v 3.392387 76.197486 12.003334
v 3.386224 75.716736 12.364918
v 4.631100 73.048370 12.308636
v 3.638412 76.905353 11.061031
v 3.380131 76.603988 11.625269
v 3.100759 76.177036 12.204582
v 3.070170 77.000750 11.437937
v 2.788990 77.020264 11.597145
v 2.807600 76.651820 11.985280
v 2.812723 76.186659 12.378562
v 3.318817 77.271637 10.929756
v 2.765055 77.339922 11.232611
v 2.218042 77.027526 11.880700
v 2.803021 75.750494 12.737648
v 2.525039 76.187671 12.530542
v 2.230922 76.654202 12.276094
v 2.744749 77.614705 10.889225
v 3.012108 77.794382 10.430120
v 3.289728 77.525626 10.620750
v 2.233614 76.188962 12.659397
v 2.225725 75.763556 12.989958
v 2.503666 75.326805 13.152296
v 2.788010 75.320712 13.021817
v 3.074248 75.310543 12.861528
v 2.734142 77.846584 10.548599
v 3.010796 77.981008 10.076780
v 3.281196 77.723324 10.321004
v 2.214696 75.336286 13.255161
v 2.775980 74.886576 13.239207
v 2.443158 78.092787 10.309186
v 2.178971 78.130079 10.404750
v 2.315230 78.322035 9.897195
v 2.868867 78.203699 9.687880
v 2.769960 74.465594 13.402505
v 1.752066 78.418589 10.058348
v 1.771384 78.748516 9.198760
v 3.800878 77.933898 9.177161
v 1.791610 78.992692 8.351069
v 2.343925 78.845967 8.265821
v 2.888212 78.683928 8.138774
v 1.219479 79.127386 8.407272
v 1.170500 78.503003 10.176451
v 1.608405 78.198284 10.582108
v 3.975777 78.232058 7.857215
v 3.434708 78.487018 7.985432
v 4.186080 77.728130 9.035877
v 1.822657 79.171551 7.516765
v 2.358552 79.020886 7.472738
v 0.614453 78.948532 9.329787
v 0.631307 79.231560 8.451875
v 0.622964 79.441813 7.583187
v 4.483011 77.908515 7.781134
v 3.455727 78.670915 7.137714
v 4.520002 77.478653 8.961184
v 1.891544 79.267503 6.863224
v 0.567184 79.570794 6.914345
v 2.833665 79.000389 6.746218
v 0.036715 79.276719 8.468442
v 2.415922 79.260856 5.830056
v 4.192672 78.531916 5.937022
v 3.310141 78.920472 6.060176
v 3.542408 79.004492 4.633930
v 3.675669 78.935555 3.303190
v 3.809698 78.706126 2.012714
v 4.067328 77.570320 -0.505609
v 5.421616 77.761406 2.431999
v 4.128592 76.628479 -1.545045
v 6.637410 76.396576 2.794061
v 6.479324 76.635534 4.015647
v 5.596566 76.790260 0.216599
v 4.104253 75.497383 -2.501742
v 6.660573 76.092706 1.645872
v -0.054221 64.862620 14.861441
v -0.206120 64.914879 14.883069
v -0.505158 64.963045 14.791901
v -0.320860 65.325224 14.776821
v -0.438402 65.193985 14.743945
v -0.606304 65.096778 14.650487
v -0.289461 64.874600 14.876602
v -0.524676 64.885683 14.800143
v -0.254309 65.518141 14.700617
v -0.464234 65.383380 14.599175
v -0.533926 65.226497 14.642864
v -0.774741 65.126027 14.495059
v -0.718835 64.911412 14.643785
v -0.540033 64.791749 14.822996
v -0.912174 64.950228 14.448867
v -0.680103 65.249204 14.545379
v -0.426123 65.554906 14.513174
v -0.315463 65.539317 14.583175
v -1.125358 65.004278 14.210873
v -0.865676 65.263712 14.436653
v -1.211793 64.888365 14.224840
v -1.359187 65.082566 14.000291
v -0.573154 65.578488 14.430858
v -1.335329 65.297005 14.125457
v -1.172149 65.250716 14.252579
v -0.910785 65.415557 14.403541
v -1.023583 65.294209 14.364793
v -0.719123 65.588715 14.364588
v -1.473706 65.385587 14.016557
v -1.272817 65.309756 14.317933
v -1.573497 65.485528 13.918919
v -1.586522 65.530479 14.089602
v -1.445161 65.397787 14.370372
v -1.581573 65.568280 14.276517
v -1.644487 65.593687 13.829586
v -1.504740 65.507681 14.486259
v -1.327800 65.366493 14.412345
v -1.433015 65.442572 14.500612
v -1.541603 65.599411 14.467660
v -1.602182 65.683857 14.207404
v -1.668005 65.786732 13.893372
v -1.695368 65.715810 13.740823
v -1.334408 65.411847 14.519659
v -1.552480 65.716829 14.427413
v -1.630386 66.009823 13.971264
v -1.359124 65.653044 14.874927
v -1.369107 65.777252 14.866894
v -1.256841 65.498402 14.833992
v -1.457911 65.897532 14.588870
v -1.528930 66.040363 14.221268
v -1.517113 66.212947 14.088020
v -1.214164 65.687256 15.114444
v -1.392431 66.227960 14.369035
v -1.504816 66.366259 13.965939
v -1.092110 65.844448 15.379402
v -1.056548 65.734764 15.396019
v -1.236552 65.936858 15.062584
v -1.323965 66.082266 14.743454
v -1.284004 66.244631 14.639462
v -1.367950 66.379158 14.244992
v -1.173081 66.251150 14.910164
v -1.248612 66.401734 14.523450
v -1.094656 65.963490 15.336745
v -1.065603 66.099991 15.274804
v -0.919792 65.996295 15.627475
v -1.019197 66.262841 15.184867
v -1.122852 66.424581 14.792268
v -0.843765 66.311981 15.463436
v -0.716794 66.184693 15.844806
v -0.965364 66.446616 15.059455
v -0.925406 66.632152 14.925946
v -0.799861 66.750408 15.201109
v -0.679977 66.650239 15.609922
v -0.685678 66.397670 15.745235
v -0.679579 66.890437 15.462275
v -0.916487 66.819157 14.801403
v -0.796186 66.958214 15.067897
v -0.678643 67.103731 15.313810
v -0.536947 66.992375 15.693195
v -0.540137 67.210671 15.531567
v -0.923591 67.005618 14.675120
v -0.674994 67.290971 15.167934
v -0.372214 67.036708 15.879548
v -0.376752 67.255250 15.703788
v -0.376862 67.449140 15.530011
v -0.677064 67.477137 15.023920
v -0.809155 67.339028 14.792919
v -0.535501 67.580010 15.222457
v -0.382947 67.641647 15.374847
v -0.213493 67.269596 15.823142
v -0.232547 67.684778 15.481268
v -0.685905 67.682273 14.883530
v -0.394803 67.856920 15.242863
v -0.086403 67.714679 15.543750
v -0.072451 67.498158 15.707394
v -0.693481 67.910509 14.742882
v 4.058525 74.025124 -3.047811
v 5.692575 74.965187 -1.449153
v 6.531309 75.416214 0.087836
v 6.611574 75.727425 0.691657
v 3.984624 72.372452 -3.468055
v 5.659546 72.112953 -2.439580
v 3.561263 69.203392 -3.797606
v 5.005324 68.690796 -2.935894
v 4.480167 67.474510 -2.946422
v 4.858063 67.435234 -2.670534
v 3.062063 66.455490 -3.069834
v 4.150284 66.351105 -2.609694
v 4.538043 66.349945 -2.356863
v 5.826880 67.905319 -1.993607
v 5.590478 67.269043 -1.941799
v 1.086691 65.596832 -2.867283
v 2.792121 65.416962 -2.555067
v 4.181981 65.311455 -1.921802
v 3.823790 65.309868 -2.146942
v 0.063196 64.614670 -2.395661
v 0.985161 64.597992 -2.411645
v 1.825587 64.566887 -2.350243
v 2.533941 64.515747 -2.212836
v 3.089250 64.460159 -2.022903
v 3.532715 64.412498 -1.799898
v 3.926188 64.377808 -1.541069
v 0.893322 63.902370 -2.353382
v 2.323774 63.787354 -2.114138
v 3.303124 63.660149 -1.620774
v 0.829181 63.295818 -2.399821
v 2.180617 63.180538 -2.130887
v 0.773890 62.694725 -2.489450
v 2.642508 62.543343 -1.936404
v 2.101246 62.605156 -2.193844
v 3.151943 63.047478 -1.573740
v 0.736155 62.053341 -2.544936
v 2.071472 62.004253 -2.260849
v 0.718580 61.387547 -2.569885
v 1.411104 61.380188 -2.478749
v 2.080651 61.371918 -2.314289
v 2.689440 61.352665 -2.065483
v 3.130588 61.906784 -1.656643
v 3.501542 62.402084 -1.204206
v 0.721560 60.727837 -2.591997
v 2.133871 60.742809 -2.361470
v 3.213121 61.317780 -1.733506
v 3.663240 61.260710 -1.324568
v 3.550359 61.844581 -1.248847
v 3.332275 60.730312 -1.821175
v 0.738845 60.093231 -2.620939
v 1.476513 60.114143 -2.545203
v 2.217240 60.145039 -2.418907
v 3.807277 60.681854 -1.416446
v 3.477309 60.174069 -1.920394
v 3.977230 60.135732 -1.522836
v 2.319827 59.585697 -2.514332
v 0.771445 59.493893 -2.690885
v 3.644120 59.656010 -2.041230
v 4.170297 59.621921 -1.647644
v 4.393538 60.058522 -1.056380
v 2.436210 59.058887 -2.659180
v 3.181471 59.139069 -2.486826
v 0.817085 58.919754 -2.821622
v 3.846555 59.180504 -2.204844
v 4.419237 59.153668 -1.805810
v 0.882304 58.356171 -3.003761
v 2.571781 58.539249 -2.849667
v -0.544199 68.014815 14.948884
v -0.401171 68.097154 15.111520
v -0.253874 68.157615 15.223247
v -0.103314 68.196807 15.286393
v -0.098334 67.943949 15.414122
v 0.048877 68.211312 15.304640
v -0.399202 68.350256 14.956218
v -0.102305 68.455024 15.128771
v 0.198162 67.947051 15.407067
v 0.202560 67.716957 15.539028
v 0.200355 68.200939 15.278431
v -0.246735 68.659809 14.876676
v -0.390353 68.594881 14.777005
v -0.094961 68.701770 14.936949
v 0.202848 68.459420 15.120710
v 0.355369 68.167665 15.208426
v -0.236027 68.878117 14.670719
v 0.066901 68.943533 14.760317
v -0.084870 68.924275 14.736145
v 0.208502 68.706335 14.930090
v 0.509665 67.870671 15.226559
v 0.510746 68.113374 15.092537
v 0.220923 68.931784 14.737112
v -0.071241 69.121815 14.537647
v 0.364387 68.669899 14.863215
v 0.376968 68.894449 14.672112
v 0.512878 68.367860 14.937079
v 0.234741 69.134382 14.546886
v 0.092019 69.338553 14.391374
v 0.515889 68.612537 14.758969
v 0.667045 68.036749 14.931382
v 0.521891 68.839221 14.578304
v 0.245317 69.330886 14.382262
v 0.837698 67.943483 14.732756
v 0.847565 67.718574 14.876540
v 0.824018 68.189204 14.589213
v 0.534117 69.046423 14.411446
v 0.402462 69.296917 14.344239
v 0.652718 68.765200 14.459819
v 0.799763 68.438071 14.451332
v 0.783861 68.672511 14.321364
v 1.020024 67.823906 14.511731
v 0.546638 69.242742 14.278695
v 0.964032 68.315096 14.261449
v 0.779770 68.883733 14.191957
v 0.669722 69.167758 14.187558
v 1.208206 67.684142 14.293588
v 1.217097 67.464841 14.433687
v 1.190442 67.922040 14.165440
v 0.780336 69.077080 14.078531
v 0.551968 69.427255 14.187574
v 1.388478 67.536724 14.089886
v 0.898923 68.969935 13.961157
v 1.077220 68.637385 13.911800
v 0.785008 69.257437 13.997812
v 0.549752 69.592153 14.142290
v 1.043356 68.834911 13.824968
v 0.786530 69.425524 13.958722
v 0.539031 69.733925 14.141969
v 0.672424 69.666562 14.073412
v 1.007639 69.019880 13.745394
v 0.779984 69.579113 13.965361
v 0.967094 69.205650 13.699950
v 0.863965 69.480778 13.830072
v 0.519423 69.860332 14.176677
v 0.767804 69.711209 14.016325
v 0.937171 69.389032 13.689858
v 0.495463 69.977551 14.238116
v 0.746283 69.851838 14.109041
v 0.724120 69.998805 14.224080
v 0.943795 69.687469 13.830164
v 0.471540 70.108554 14.311548
v 0.602145 70.064941 14.285006
v 0.842633 69.913083 14.121945
v 0.721246 70.162922 14.331056
v 1.000933 69.984441 14.137094
v 1.069107 69.765535 13.800868
v 1.095592 69.594549 13.495949
v 0.763344 70.354477 14.417603
v 1.112939 70.187982 14.272528
v 1.308742 70.105475 14.112863
v 0.924197 70.276875 14.368300
v 1.274236 69.866679 13.746312
v 1.234839 69.719933 13.393268
v 0.864902 70.587338 14.477474
v 1.309369 70.467002 14.375829
v 1.297209 69.690883 13.216116
v 1.544617 69.950370 13.621714
v 1.010519 70.881647 14.506726
v 1.603817 69.895979 13.357306
v 1.522101 70.823175 14.433237
v 1.501050 69.739297 13.129326
v 4.087009 58.731201 -2.410739
v 4.724432 58.737238 -1.982417
v 3.589205 58.176083 -2.933701
v 0.966089 57.783478 -3.224194
v 2.759048 58.022560 -3.072974
v 5.089255 58.356911 -2.164648
v 1.059279 57.221413 -3.461458
v 3.011142 57.514122 -3.314893
v 4.741117 57.902489 -2.884598
v 5.646484 58.269390 -1.556231
v 4.272677 57.250420 -3.477603
v 1.162805 56.618271 -3.732401
v 3.341368 57.003292 -3.587471
v 5.992100 57.632442 -2.571029
v 1.303531 55.853149 -4.177542
v 3.765552 56.337151 -4.053603
v 5.734913 57.030590 -3.473499
v 6.607370 57.561667 -1.815681
v 4.308751 55.539116 -4.729042
v 6.533145 56.392689 -4.004220
v 8.928863 55.675342 -0.783637
v 8.062154 56.262704 -0.595246
v 6.263530 56.707965 2.390489
v 6.351929 57.122149 1.676144
v 6.162621 56.103808 3.072581
v 6.199473 57.587817 2.378962
v 6.110247 58.555312 1.684223
v 5.647873 55.152608 4.591792
v 6.142858 57.899852 3.087441
v 5.948934 57.389840 3.876454
v 1.658021 69.823800 13.177078
v 1.153218 71.221077 14.514803
v 1.707198 69.754692 13.067366
v 1.694777 71.199366 14.461173
v 1.409673 71.201841 14.504306
v 2.020218 70.142035 13.563291
v 2.025139 70.070173 13.346706
v 2.043855 70.005738 13.168395
v 1.266448 71.559576 14.504150
v 2.280253 70.214467 13.423758
v 1.746065 69.705608 12.985881
v 1.897406 69.812222 13.005650
v 2.066375 69.957252 13.054845
v 1.823932 71.549007 14.443342
v 2.284972 70.116101 13.139450
v 1.357231 71.852155 14.456506
v 1.638702 71.854910 14.434281
v 2.576755 70.293676 13.314701
v 2.566602 70.251555 13.201956
v 2.555682 70.190764 13.115933
v 2.169049 69.761035 12.977610
v 1.931836 71.868009 14.392528
v 2.871205 70.377620 13.168016
v 2.575154 70.020650 13.086686
v 2.361053 69.887615 13.044575
v 3.173214 70.441315 13.131487
v 2.586043 69.887685 13.084122
v 2.813158 70.134420 13.083101
v 3.117736 70.367789 13.068964
v 3.058822 70.207109 13.054048
v 3.009961 70.028393 13.083074
v 2.781053 69.863751 13.103895
v 3.220247 70.498433 13.194703
v 3.439074 70.403260 13.071067
v 3.286144 70.220983 13.006926
v 2.977049 69.908946 13.101298
v 3.177410 69.931397 13.073779
v 3.490537 70.183271 12.935604
v 3.422461 70.022245 12.991652
v 3.378679 69.920550 13.028538
v 3.679919 70.320807 12.978735
v 3.679729 70.107348 12.834330
v 2.961039 69.840971 13.138203
v 3.571566 69.882383 12.951865
v 3.803040 69.906083 12.790603
v 3.760766 69.831650 12.844831
v 3.725346 69.770097 12.884562
v 3.324134 69.769202 13.029189
v 2.961697 69.756557 13.095622
v 3.697626 69.712642 12.909037
v 3.959175 69.754996 12.718107
v 3.644658 69.681215 12.839883
v 3.607728 69.673261 12.777928
v 4.103984 69.588434 12.605502
v 4.137471 69.643288 12.549415
v 4.071637 69.534660 12.620992
v 4.009070 69.505949 12.558591
v 4.286119 69.532768 12.396166
v 4.174232 69.706447 12.475811
v 4.047206 69.918555 12.557940
v 4.228816 69.791708 12.387806
v 3.971832 69.501394 12.494751
v 4.344766 69.398959 12.333630
v 4.386456 69.434136 12.269191
v 4.425571 69.480032 12.185864
v 4.312719 69.865029 12.315050
v 3.867549 70.026658 12.711964
v 3.980675 70.108055 12.665011
v 4.453541 69.351991 12.170086
v 4.539086 69.378824 12.005906
v 4.534541 69.545662 12.040739
v 4.264630 70.014939 12.491734
v 4.421475 69.884381 12.303748
v 4.543570 69.733826 12.138788
v 4.621052 69.561695 12.000074
v 4.585596 69.246993 11.928560
v 4.544075 69.270674 12.008108
v 4.663010 69.369548 11.886011
v 4.545477 69.921022 12.303745
v 4.738767 69.593082 11.969314
v 4.617307 69.134337 11.871321
v 4.631408 69.214353 11.858826
v 4.694803 69.191130 11.795118
v 4.686288 69.988582 12.294738
v 4.821143 69.841805 12.109705
v 4.900849 69.663711 11.937533
v 5.974096 58.688165 1.032579
v 5.795205 58.737512 0.419841
v 6.160752 58.927900 2.377051
v 5.830755 59.253764 1.047569
v 5.607831 56.772667 4.679504
v 5.975725 59.724135 1.717706
v 6.149542 59.506440 2.426269
v 6.163283 59.165825 3.213702
v 5.089739 56.861064 5.491287
v 5.157813 56.066672 5.385047
v 5.528763 58.099491 4.871144
v 6.128161 60.084499 2.519154
v 5.012266 57.502288 5.588469
v 4.925749 58.073857 5.702836
v 6.111077 60.332507 3.477855
v 5.369230 59.216142 5.163435
v 5.839993 59.837055 4.352794
v 4.823503 58.606331 5.857309
v 6.094992 61.313735 2.739286
v 4.286373 58.147052 6.491562
v 4.749146 59.123366 6.049893
v 5.758072 60.945670 4.674983
v 4.741916 59.626439 6.258295
v 3.756451 57.766585 7.126244
v 4.783865 60.096671 6.470870
v 5.285280 61.060103 5.976158
v 4.440887 60.145256 7.441241
v 4.840784 60.521528 6.698882
v 4.931095 60.898551 6.963230
v 3.571555 59.395569 8.990133
v 3.409638 59.140316 8.903040
v 6.038403 62.608971 4.678639
v 5.444176 61.702452 6.616074
v 4.735624 60.559597 7.981817
v 6.099554 62.019213 2.824600
v 5.787620 62.306780 6.022923
v 3.707228 59.609881 9.156912
v 3.088294 59.249346 9.642856
v 4.327480 60.128060 8.687042
v 3.851547 59.775709 9.371105
v 2.535321 59.077075 10.044132
v 3.337931 59.563470 10.016843
v 4.006766 59.984196 9.633356
v 2.226093 59.116086 10.637078
v 4.700525 60.623438 9.370429
v 2.841652 59.421127 10.591311
v 2.957936 59.567952 10.815171
v 2.397318 59.344445 11.066171
v 4.158866 60.222757 9.940000
v 3.603974 59.930241 10.508089
v 3.076570 59.728693 11.045031
v 2.619139 59.600914 11.509346
v 4.277572 60.513600 10.291124
v 1.915600 59.165351 11.220064
v 2.004101 59.266564 11.456431
v 2.109924 59.372826 11.689050
v 3.181122 59.889813 11.278357
v 5.585814 61.551487 8.121609
v 2.226623 59.477174 11.912213
v 4.322942 60.808910 10.667243
v 3.252092 60.091819 11.499666
v 2.341217 59.580714 12.121572
v 2.440206 59.683861 12.318008
v 4.720135 61.597613 10.811573
v 4.277977 61.067359 11.024439
v 3.770914 60.591127 11.348348
v 1.503187 59.309050 12.556712
v 4.159670 61.263654 11.337256
v 3.293590 60.409262 11.950995
v 2.565714 59.906898 12.696139
v 2.515980 59.790605 12.506386
v 4.004982 61.455405 11.597574
v 3.264402 60.551966 12.170900
v 3.623236 60.970479 11.844167
v 2.918259 60.233417 12.525164
v 2.589111 60.042250 12.895615
v 3.204332 60.702448 12.389035
v 2.576342 60.211743 13.095454
v 2.176959 59.669681 12.885561
v 2.260604 59.943460 13.272919
v 1.865690 59.916343 13.649653
v 1.818972 60.172285 13.800798
v 1.863062 59.718911 13.463033
v 4.798244 69.207405 11.729748
v 4.947388 69.469766 11.791750
v 5.089959 69.772857 11.885397
v 4.979441 69.284578 11.667747
v 5.199030 69.416031 11.569329
v 4.761458 68.955306 11.676535
v 4.689955 68.994549 11.755275
v 5.251559 69.906460 11.789082
v 5.008096 69.126457 11.567323
v 5.027073 68.993662 11.494259
v 5.397421 69.569518 11.414226
v 4.772577 68.882339 11.647524
v 5.234351 69.082307 11.370792
v 5.443165 69.195483 11.195688
v 5.453717 69.902234 11.398605
v 5.353766 70.061817 11.633360
v 5.028436 68.880451 11.450479
v 5.608186 69.520527 11.056448
v 5.543133 69.721700 11.200563
v 5.632869 69.301755 10.973852
v 5.013512 68.780666 11.443124
v 5.659782 69.812281 10.934949
v 5.137684 68.663566 11.367313
v 4.977234 68.682239 11.477834
v 5.555740 68.852964 10.994700
v 5.614186 69.075124 10.953508
v 5.504989 70.400755 11.163856
v 5.304133 68.652399 11.244231
v 5.468274 68.638736 11.098063
v 4.911646 68.579579 11.562515
v 5.633846 68.620756 10.918680
v 5.359461 68.437686 11.265960
v 5.921491 70.160858 10.202188
v 4.800334 68.483043 11.701479
v 5.804554 68.594173 10.698359
v 5.217536 68.253309 11.493766
v 4.616339 68.387561 11.890859
v 5.532292 68.073194 11.278093
v 5.327996 67.855792 11.630543
v 4.480088 68.170560 12.079711
v 4.603436 68.074376 12.059954
v 4.738310 67.978391 12.041445
v 5.048834 67.681604 11.973012
v 4.418038 67.883312 12.294367
v 5.658663 67.392644 11.361013
v 5.370563 67.184622 11.795211
v 5.870791 67.681689 10.910879
v 4.709391 67.559089 12.274778
v 4.210781 67.680921 12.513221
v 4.087854 67.826332 12.504121
v 4.342412 67.496478 12.524595
v 4.477454 67.280444 12.532477
v 5.514730 66.857941 11.646810
v 5.810674 67.078530 11.156850
v 5.005889 67.063444 12.187411
v 4.596564 67.026374 12.522539
v 3.976808 67.491193 12.715381
v 5.122694 66.740874 12.097320
v 4.677226 66.729481 12.486491
v 4.171998 67.049605 12.774375
v 3.704197 67.331967 12.895900
v 3.546518 67.686155 12.824032
v 4.702795 66.386244 12.443434
v 3.761984 67.109910 12.938379
v 3.384712 67.256232 13.039413
v 3.310649 67.592209 12.957946
v 3.781092 66.919947 12.964186
v 4.139975 66.234276 12.784287
v 4.638437 66.001820 12.440410
v 3.761641 66.671111 12.980025
v 3.695084 66.412749 13.011228
v 3.308447 66.582500 13.182706
v 4.440344 65.698938 12.525736
v 3.811704 65.689393 12.940181
v 3.036722 66.955329 13.239295
v 2.972232 66.732418 13.301365
v 2.872621 66.523598 13.351015
v 2.684603 66.867482 13.381294
v 2.749505 66.334010 13.395433
v 3.259962 65.748407 13.232292
v 3.610161 65.481208 13.050737
v 1.733906 60.457181 13.900303
v 1.226916 60.540093 14.179829
v 0.700354 60.315818 14.380752
v 1.350876 59.522667 13.621284
v 0.755963 59.715691 14.138346
v 0.735502 60.004772 14.295042
v 0.657888 60.615139 14.405583
v 0.044929 60.655620 14.513618
v 1.734927 59.469229 13.046063
v 0.755732 59.503162 13.918919
v 0.059874 59.509481 14.072469
v 0.722658 59.363999 13.641525
v -0.631486 60.053401 14.382783
v -0.644735 59.773629 14.221910
v -0.593710 59.423198 13.714629
v -0.636094 59.562337 13.997867
v 0.665613 59.275096 13.319013
v -1.234735 59.638986 13.743085
v -0.526777 59.330773 13.384277
v 0.073837 59.205428 13.071744
v 0.605193 59.204163 12.983784
v -1.621622 59.619739 13.171813
v -0.458843 59.254945 13.040690
v -1.506618 59.530185 12.932832
v -0.949360 59.341209 12.900549
v -1.376555 59.442849 12.670470
v -0.397298 59.186286 12.699489
v 0.547952 59.138407 12.650945
v -1.252658 59.353348 12.391827
v -0.757932 59.184341 12.276369
v -0.346475 59.119957 12.371244
v -1.145909 59.263869 12.109953
v -0.309667 59.056806 12.063652
v -2.012423 59.541503 11.802882
v -1.893559 59.428537 11.577849
v -1.520340 59.337512 11.875023
v -0.644427 59.045739 11.707462
v -0.997722 59.116052 11.574685
v -1.791389 59.326136 11.347592
v -2.281713 59.543917 11.203686
v -1.351486 59.174431 11.380430
v -0.956382 59.055877 11.322934
v -1.708160 59.242800 11.119912
v -2.716245 59.676460 10.734343
v -2.073951 59.338451 10.782556
v -1.645807 59.186276 10.901846
v -1.610412 59.139846 10.688094
v -1.274109 59.066214 10.908585
v -3.206140 59.886984 10.153465
v -2.352691 59.367758 10.200733
v -1.935958 59.222177 10.419825
v -2.908734 59.635489 9.813188
v -1.927415 59.178653 10.234058
v -1.611545 59.097201 10.462509
v -2.240785 59.290582 10.100594
v -3.738867 60.202247 9.500111
v -3.567800 60.007508 9.292542
v -3.408302 59.798667 9.135586
v -1.656401 59.055308 10.213443
v -2.004288 59.141096 9.984949
v -2.945987 59.266155 9.115257
v -3.224087 59.540216 9.057348
v -2.556655 59.077083 9.348648
v -2.285462 58.690233 9.221485
v -4.456296 60.344797 7.505404
v -1.812942 58.679320 9.558035
v -2.950481 58.336134 8.287017
v -3.636195 58.097973 7.254032
v -4.877481 60.277738 6.479444
v -4.827891 59.899080 6.272944
v -4.825131 59.388381 6.065380
v -4.258427 58.463446 6.571065
v -3.044160 57.790497 7.866353
v -2.481759 57.635816 8.393954
v -3.145532 57.089436 7.538218
v -4.884179 58.859497 5.865868
v -3.261215 56.304513 7.304791
v -1.953865 57.644309 8.829531
v -5.489268 59.393722 5.124011
v -5.909431 61.038143 4.641232
v -5.065469 57.676771 5.560406
v -2.688544 55.954469 7.777221
v -2.136379 55.758134 8.215192
v -1.488070 56.866556 8.898989
v -3.380164 55.543890 7.098076
v -5.977162 59.925081 4.310838
v -1.577822 55.756277 8.617010
v -1.024493 55.752486 8.929850
v 3.965769 65.195995 12.812809
v 2.610516 65.721665 13.434879
v 2.914178 65.488784 13.347990
v 3.215264 65.196653 13.231484
v 3.739690 65.010626 12.946810
v 3.519929 64.859796 13.064770
v 4.199271 65.420503 12.663035
v 2.755411 65.408741 13.385943
v 3.810164 64.533602 12.844498
v 3.311873 64.757340 13.161390
v 2.866326 65.066971 13.359964
v 4.518534 64.554258 12.191886
v 4.824880 65.336138 12.098439
v 4.283790 64.382974 12.400144
v 4.043709 64.217794 12.592754
v 3.122453 64.711839 13.250993
v 2.943626 64.697938 13.329428
v 2.451671 65.301150 13.512161
v 3.805805 64.077649 12.776589
v 4.207285 63.896362 12.371993
v 3.580878 63.974582 12.942517
v 2.771180 64.654495 13.399789
v 2.520695 64.998666 13.512167
v 3.369191 63.908390 13.081116
v 2.622181 64.537070 13.470917
v 2.078231 65.218824 13.734654
v 3.842479 63.368105 12.627664
v 3.180476 63.847874 13.187249
v 3.018036 63.765679 13.257578
v 2.738798 64.012671 13.407103
v 2.533117 64.338275 13.518076
v 2.273945 64.588594 13.674373
v 1.997470 64.722545 13.868624
v 1.939701 64.983554 13.871926
v 3.315528 63.487236 13.051686
v 2.887447 63.665847 13.299611
v 2.486698 64.122417 13.540512
v 2.027088 64.456438 13.862211
v 1.734225 64.769925 14.074694
v 3.394238 63.228094 12.920389
v 2.986181 63.360307 13.195588
v 2.261597 64.078549 13.678555
v 2.787511 63.568083 13.320062
v 2.709796 63.484373 13.329090
v 2.454098 63.905386 13.543545
v 2.776242 63.299019 13.241796
v 2.417563 63.703324 13.533072
v 3.041203 62.980861 13.030080
v 2.381510 63.549057 13.519156
v 2.597864 63.367226 13.333761
v 2.647196 63.267390 13.260070
v 2.996292 62.846642 12.996700
v 3.161563 62.822739 12.900388
v 2.793470 63.031136 13.117646
v 2.661399 63.179544 13.203010
v 2.858934 62.886853 13.056152
v 2.555077 63.320573 13.329193
v 2.750875 62.938620 13.097947
v 2.913066 62.709657 12.991092
v 2.644799 63.108992 13.170426
v 2.601341 63.051620 13.161156
v 2.667282 62.994800 13.132884
v 2.809988 62.570092 13.021350
v 2.487507 63.251062 13.302114
v 2.549671 63.103238 13.185070
v 2.534814 62.999249 13.167851
v 2.449782 62.951348 13.192846
v 2.599164 62.764398 13.130967
v 2.501752 62.673303 13.210248
v 2.689452 62.427392 13.097136
v 2.807064 62.307345 12.994608
v 2.510181 63.142317 13.206701
v 2.287028 62.990508 13.286540
v 2.347502 62.898878 13.256859
v 2.421900 62.792836 13.235603
v 2.374408 62.589368 13.326154
v -0.474559 55.709737 9.123882
v -0.428511 56.865396 9.356207
v -4.076992 55.230701 6.459141
v 0.660735 55.811923 9.075350
v 0.690166 55.053165 8.787120
v 2.537519 62.294805 13.212559
v 2.243291 63.068391 13.320874
v 2.221401 62.852559 13.370671
v 2.270620 62.352071 13.429854
v 2.202699 62.516248 13.470388
v 2.338796 62.182069 13.361592
v 2.116534 63.036132 13.432721
v 2.206427 63.136403 13.346900
v 2.015080 62.912890 13.563294
v 2.064927 62.805587 13.523135
v 2.132489 62.672495 13.496421
v 1.986070 62.455371 13.637056
v 2.096105 62.099231 13.535681
v 1.879184 62.754070 13.699062
v 1.772490 62.241474 13.780293
v 1.817715 62.053780 13.718788
v 1.693889 62.561877 13.840274
v 1.657729 62.695608 13.874475
v 1.805668 62.961588 13.791455
v 1.919746 63.072095 13.608044
v 1.639769 62.810945 13.937252
v 1.444331 62.389183 13.985604
v 1.403342 62.655482 14.049349
v 1.508154 62.038052 13.900338
v 1.112878 62.512259 14.158517
v 1.119000 62.381380 14.124211
v 1.118224 62.628117 14.227573
v 1.124160 62.753056 14.336923
v 1.209573 61.815470 14.014044
v 1.378344 62.938961 14.204721
v 1.567046 63.071197 14.006285
v 0.788513 62.589387 14.393233
v 0.763628 62.357487 14.241249
v 0.773759 62.850083 14.590086
v 1.083041 63.098399 14.435606
v 0.785549 62.058238 14.164295
v 0.412752 62.545177 14.506039
v 0.401900 62.432901 14.400855
v 0.393172 62.321633 14.331807
v 0.391760 62.205557 14.280069
v 0.400859 62.060760 14.241901
v 0.385271 62.789980 14.733308
v 0.410727 62.642320 14.666536
v 0.014054 62.520297 14.569258
v 0.365887 63.029448 14.696091
v -0.367663 62.437131 14.469322
v -0.384870 62.550986 14.572756
v -0.390667 62.651354 14.725180
v -0.353879 62.326570 14.399454
v -0.348101 62.214264 14.346154
v -0.723960 62.370365 14.358966
v -0.758894 62.601210 14.504899
v -0.372335 62.798360 14.782797
v -1.069968 62.399518 14.274630
v -1.062258 62.525374 14.302699
v -1.078262 62.764862 14.454034
v -0.760698 62.863293 14.677778
v -1.067583 62.638709 14.361300
v -0.735040 62.075054 14.278335
v -1.374829 62.417101 14.134076
v -1.316202 62.667173 14.169517
v -1.462674 62.090944 14.050306
v -1.160294 61.863116 14.154982
v -1.697287 62.290522 13.901864
v -1.770177 62.114514 13.841243
v -1.573607 62.582201 13.935909
v -1.522119 62.708486 13.950023
v -1.496190 62.819215 13.993494
v -1.288352 62.942907 14.277442
v -1.232232 61.605659 14.126661
v -1.615972 61.621276 13.925960
v -1.853183 62.492026 13.689894
v -1.692621 62.764847 13.721718
v -1.605674 62.963908 13.790421
v -1.417263 63.066619 14.024146
v -1.936193 62.699249 13.487719
v -2.045443 62.563419 13.469331
v -1.843650 62.823814 13.506670
v -1.781150 62.925418 13.539819
v -1.680951 63.076830 13.575868
v -1.984616 62.884051 13.334076
v -1.499764 63.142533 13.804080
v -1.635960 63.147797 13.586220
v -2.210484 62.847257 13.189881
v -2.204911 62.645730 13.294651
v -1.857709 63.056176 13.390353
v -1.779767 63.189057 13.425101
v -2.110285 62.944509 13.210520
v -9.059501 55.508428 -0.955883
v -8.272187 55.960285 -0.903704
v -7.494673 56.540138 -0.704634
v -6.815035 57.197568 -0.466248
v -6.710958 57.411583 -2.028514
v -6.643752 56.206676 -4.275455
v -5.772114 56.951775 -3.589061
v -6.019462 57.582474 -2.645669
v -4.350796 55.412750 -4.907392
v -4.735310 57.899368 -2.887839
v -4.264833 57.245693 -3.480352
v -3.349452 56.950504 -3.667975
v -3.776559 56.277493 -4.140260
v -3.004274 57.514359 -3.315315
v -1.317848 55.701172 -4.391304
v -2.754612 58.024048 -3.082466
v -3.584781 58.175629 -2.946217
v -1.164246 56.560257 -3.816541
v -2.569418 58.543869 -2.876146
v -1.053381 57.219585 -3.462228
v -0.959932 57.781807 -3.225286
v -0.877928 58.356148 -3.012158
v -2.327921 62.740648 13.165056
v -1.982036 63.101534 13.270767
v -1.942087 63.166977 13.294335
v -1.908989 63.224849 13.306165
v -2.034088 63.028316 13.238659
v -2.220461 63.007061 13.138353
v -1.568141 63.264806 13.573778
v -1.877280 63.276260 13.298312
v -1.840582 63.320990 13.258673
v -1.799566 63.359723 13.182418
v -1.665313 63.328198 13.332192
v -2.135194 63.261535 13.182968
v -1.926667 63.380269 13.071137
v -1.761767 63.386810 13.074960
v -2.043876 63.389224 12.991826
v -2.221318 63.263453 13.160277
v -2.166034 63.330043 13.055364
v -2.147059 63.403228 12.816343
v -1.738484 63.392006 12.945810
v -2.255747 63.274659 13.124022
v -2.216994 63.350752 12.909149
v -1.918691 63.360397 12.699609
v -1.740599 63.370151 12.804361
v -2.090445 63.337116 12.616104
v -2.280208 63.262654 13.131256
v -2.253202 63.301336 12.945184
v -2.263219 63.330761 12.793231
v -2.377637 63.289000 12.518941
v -2.341346 63.312957 12.500874
v -2.237795 63.325644 12.546961
v -1.961931 63.318524 12.554429
v -2.361105 63.305800 12.552967
v -2.195359 63.298513 12.890732
v -2.227760 63.331359 12.739569
v -2.207895 63.263160 13.183298
v -2.198721 63.248838 13.136629
v -2.158378 63.390574 12.663993
v -2.288814 63.344667 12.596532
v -1.953571 63.293138 13.031275
v -1.961153 63.354925 12.894082
v -1.993026 63.268237 13.308526
v -1.975980 63.249008 13.245731
v -1.961756 63.255452 13.153988
v -2.238691 63.439646 12.514626
v -1.983657 63.421568 12.756996
v -1.783569 63.422421 12.873082
v -1.859881 63.267452 13.424250
v -1.814905 63.238019 13.263943
v -1.619627 63.247460 13.280837
v -1.593165 63.305809 13.143057
v -1.583241 63.479926 12.890352
v -1.578602 63.395974 13.000123
v -1.719404 63.284074 13.571775
v -1.686235 63.248148 13.498255
v -1.652241 63.231404 13.401393
v -1.380009 63.371667 13.118577
v -1.755201 63.342507 13.625527
v -1.264720 63.268826 13.523881
v -1.225204 63.312956 13.366411
v -1.193352 63.397897 13.194535
v -1.182042 63.471256 13.080702
v -1.350418 63.301555 13.765111
v -1.306438 63.268883 13.658155
v -1.134911 63.315380 13.730541
v -1.016842 63.513425 13.106911
v -1.026809 63.439528 13.228493
v -0.731803 63.340008 13.619013
v -0.869146 63.466793 13.242854
v -0.714266 63.387389 13.426719
v -0.759508 63.337936 13.810115
v -0.689932 63.569530 13.110679
v -0.699634 63.485342 13.235667
v -0.509191 63.496214 13.212919
v -0.280395 63.396899 13.374925
v -0.535113 63.327281 13.820194
v -0.279435 63.334035 13.585980
v -0.797953 63.372147 13.997602
v -0.280076 63.581735 13.091129
v -0.282464 63.500033 13.192464
v -0.012186 63.495319 13.186198
v -0.283008 63.319295 13.815235
v -0.298397 63.344143 14.106553
v -0.599936 63.412490 14.297654
v -2.436567 59.067200 -2.704465
v -0.816359 58.922951 -2.840572
v -2.320911 59.596672 -2.565910
v -3.181827 59.145706 -2.537715
v -3.846889 59.184093 -2.252270
v -4.084604 58.731823 -2.437685
v -3.646580 59.663109 -2.103650
v -0.767696 59.498844 -2.715127
v -2.214698 60.158810 -2.473876
v -1.470200 60.126328 -2.592335
v -3.479526 60.185177 -1.983078
v -4.719971 58.735142 -2.002423
v -4.415676 59.153341 -1.844252
v -5.084085 58.354179 -2.171719
v -4.168470 59.624461 -1.706811
v -2.123194 60.760052 -2.418146
v -0.730155 60.100266 -2.648312
v -3.330886 60.746047 -1.875802
v -3.975584 60.141251 -1.588831
v -2.058083 61.392155 -2.366831
v -5.642636 58.265831 -1.559412
v -0.702444 60.736362 -2.620361
v -1.381533 61.398087 -2.524599
v -2.674398 61.372894 -2.114609
v -3.203984 61.337711 -1.776912
v -2.034785 62.025291 -2.298810
v -0.684613 61.397148 -2.596099
v -3.109365 61.929043 -1.672537
v -2.048662 62.629822 -2.195511
v -2.600724 62.569004 -1.914902
v -0.684073 62.063408 -2.565175
v -2.109338 63.199821 -2.066820
v -3.097719 63.069126 -1.450854
v -3.473755 62.432157 -1.149051
v -0.702734 62.705162 -2.499783
v -2.233267 63.805485 -1.953529
v -3.229969 63.680763 -1.382373
v -3.510338 63.003838 -1.073788
v -0.740202 63.305359 -2.394660
v -2.422804 64.532135 -1.914609
v -2.986430 64.478195 -1.663936
v -3.437679 64.431618 -1.400825
v -3.643621 63.629826 -1.050426
v -3.839046 64.397339 -1.114172
v -0.786112 63.911449 -2.313847
v -1.706901 64.581276 -2.141451
v -2.661116 65.430893 -2.091575
v -3.707330 65.327606 -1.562492
v -4.070979 65.330002 -1.304822
v -4.020981 66.369293 -1.873437
v -0.858932 64.606117 -2.311843
v -2.923679 66.468475 -2.481871
v 0.063196 64.614670 -2.395661
v -0.943209 65.601868 -2.677221
v -4.355298 67.495575 -2.157910
v -4.413161 66.369843 -1.587168
v -4.734574 67.458023 -1.848118
v -4.896758 68.713333 -2.192528
v -3.476640 69.216644 -3.290722
v -5.592153 72.130768 -2.194632
v -3.959499 72.377190 -3.347708
v -4.045713 74.026657 -3.038927
v -5.632957 74.985481 -1.449242
v -4.090016 75.501129 -2.501879
v -6.408415 75.458824 0.084763
v -5.486352 76.827629 0.213235
v -4.095943 76.640015 -1.545018
v -6.467692 75.777321 0.685755
v 0.272955 63.401610 13.364748
v 0.272318 63.338244 13.567509
v 0.275266 63.502587 13.189563
v 0.274121 63.583242 13.090204
v 0.275358 63.321162 13.791267
v -0.307545 63.398575 14.356396
v 0.538167 63.509494 13.212492
v 0.554038 63.337362 13.784139
v 0.288424 63.341788 14.080543
v 0.296501 63.392394 14.335244
v 0.753196 63.582991 13.121334
v 0.764047 63.502686 13.241357
v 0.778653 63.408621 13.418165
v 0.815327 63.357998 13.779819
v 0.793124 63.361937 13.596638
v 0.602350 63.413917 14.264977
v 0.970308 63.485795 13.258012
v 0.845448 63.388045 13.966977
v 1.165006 63.456783 13.254156
v 0.876563 63.437437 14.155383
v 1.151309 63.525359 13.136582
v 1.369200 63.407675 13.229693
v 1.272781 63.332576 13.734347
v 1.406023 63.330348 13.393079
v 0.892468 63.507948 14.322236
v 1.358087 63.398989 13.982674
v 1.526166 63.310034 13.787404
v 1.485642 63.283372 13.676820
v 1.446413 63.286385 13.544275
v 1.353355 63.477716 13.118792
v 1.572321 63.355746 13.885123
v 0.882638 63.605056 14.459988
v 1.156232 63.599924 14.324676
v 1.902763 63.223884 13.447715
v 1.624965 63.423899 13.980327
v 1.429505 63.562909 14.198584
v 1.869266 63.240945 13.327360
v 1.837913 63.296601 13.192453
v 1.935638 63.237551 13.546137
v 2.078509 63.215760 13.316263
v 1.668739 63.517853 14.062709
v 1.665506 63.634051 14.098265
v 2.219664 63.216083 13.212220
v 2.202201 63.252134 13.091118
v 1.856474 63.459648 13.892057
v 1.637907 63.752127 14.117818
v 2.237733 63.208783 13.303935
v 2.022818 63.402882 13.718192
v 2.036069 63.478267 13.736972
v 1.613816 63.887807 14.151451
v 1.092877 63.954404 14.570806
v 1.365060 63.927389 14.361311
v 1.840497 63.811165 13.955189
v 2.166382 63.353800 13.563456
v 1.595245 64.073991 14.202063
v 2.049486 63.690027 13.777952
v 2.323322 63.377195 13.479224
v 1.572072 64.309611 14.253067
v 1.312623 64.328599 14.467681
v 2.228753 63.619117 13.633557
v 2.053629 63.935537 13.816979
v 1.815368 64.268648 14.041264
v 2.350798 63.448748 13.502084
v 1.533394 64.551404 14.283639
v 1.476994 64.773289 14.290208
v 2.297247 63.315483 13.450326
v 2.408043 63.282896 13.366401
v 2.273999 63.262408 13.414460
v 1.403204 64.951470 14.274891
v 2.254732 63.225566 13.368255
v 2.122272 63.236912 13.479849
v 1.997098 63.319267 13.680857
v 2.448092 63.198670 13.250262
v 2.463903 63.222142 13.279753
v 2.437162 63.185890 13.202580
v 1.965964 63.269235 13.622457
v 2.408819 63.232277 12.960477
v 2.465085 63.230972 13.017947
v 2.417758 63.257960 12.811990
v 2.454687 63.256287 12.870049
v 2.344949 63.320850 12.734936
v 2.193756 63.308442 12.958414
v -4.011786 77.589096 -0.506668
v -5.272233 77.796293 2.409280
v -3.716460 78.729741 1.997353
v -6.016221 76.814819 5.174929
v -5.260972 77.598486 6.037880
v -5.761424 76.941631 6.210069
v -6.150086 76.176267 6.400138
v -6.452691 74.599413 7.245055
v -2.329812 79.316103 5.813550
v -6.428753 74.038423 7.892839
v -5.928833 75.352914 8.548425
v -5.999053 74.917344 8.766672
v -6.239616 74.270075 8.538595
v -6.026351 74.519029 9.032293
v -0.499698 79.588020 6.911281
v -6.378089 72.937671 8.681572
v -6.231548 73.646695 9.016887
v -6.028863 74.174085 9.285694
v -6.019029 73.874524 9.501203
v -5.759622 74.717044 9.575246
v -0.551880 79.459867 7.579010
v -6.171525 72.988545 9.375130
v -6.336808 72.666093 8.883163
v -6.001086 73.597375 9.680200
v -5.975394 73.334311 9.831260
v -0.559280 79.248117 8.446316
v -6.287099 72.352947 9.039843
v -5.704550 73.465301 10.321460
v -5.927837 73.010414 9.965936
v -6.221240 72.068909 9.199416
v -6.374072 71.666998 8.703168
v -6.066206 72.459049 9.644877
v -5.872518 72.741294 10.113155
v 0.036715 79.276719 8.468442
v -0.545191 78.962180 9.322230
v -6.155724 71.806329 9.332125
v -6.384161 70.754645 8.613539
v -6.229696 71.058976 9.065386
v -0.512726 78.592928 10.220133
v -5.686720 72.016128 10.551886
v -5.990969 71.179811 9.765733
v -0.045310 78.663354 10.124192
v -0.335208 78.337125 10.761446
v -6.527645 69.364962 8.594988
v -6.412425 69.346147 9.039272
v -6.204652 69.814159 9.494591
v -6.467912 69.055209 9.117230
v -6.281165 69.494957 9.461671
v -6.736338 69.564347 7.748367
v -6.654482 70.447913 7.866175
v -6.507720 68.579781 9.343917
v -6.323023 69.090597 9.551776
v -6.805842 68.825179 7.737543
v -6.778383 68.111185 8.224908
v -6.525023 68.126816 9.623909
v -6.339796 68.697342 9.747098
v -6.319299 68.328448 10.015389
v -6.449788 67.689723 10.073655
v -6.767744 66.959542 9.206708
v -6.235318 67.945874 10.381315
v -6.583696 66.541955 9.966683
v -6.072823 67.606444 10.804482
v -6.750022 65.743900 8.744637
v -6.023572 67.035893 11.069552
v -6.307950 66.212151 10.552941
v -5.825492 67.329004 11.270596
v -6.613799 65.468673 9.368784
v -5.965524 65.963829 11.140379
v -5.689604 66.807581 11.603744
v -5.505175 67.112517 11.745200
v 2.426979 63.282586 12.984877
v 2.451134 63.262888 12.670793
v 2.507018 63.217222 12.629658
v 2.016109 63.384836 12.934205
v 2.196513 63.367848 12.824053
v 2.392832 63.360232 12.591083
v 2.581359 63.201752 12.477937
v 2.513606 63.200372 12.598969
v 1.807620 63.455329 12.946302
v 1.813400 63.378895 13.052971
v 2.477752 63.230118 12.583425
v 1.592386 63.372998 13.162250
v 2.395602 63.252178 12.627154
v 2.276770 63.275983 12.689238
v 2.129891 63.314267 12.764676
v 2.151065 63.265257 12.616519
v 1.967722 63.339219 12.860243
v 2.351977 63.339058 12.892801
v 1.972785 63.302632 12.721002
v 1.794970 63.335099 12.980654
v 1.978052 63.365949 13.004308
v 2.172939 63.340966 13.137350
v 2.276420 63.338118 13.062320
v 2.009933 63.361779 13.135299
v 2.054209 63.334621 13.241737
v 1.600293 63.325168 13.121023
v 2.099503 63.292370 13.317818
v 2.396560 63.269470 13.125215
v 1.916102 63.315929 13.385443
v 1.379315 63.350262 13.246077
v 2.139211 63.245566 13.356037
v 1.740124 63.305436 13.547425
v 1.796853 63.264207 13.616493
v 1.165099 63.395804 13.340433
v 1.199099 63.437058 13.555170
v 1.311264 63.401258 13.818717
v 1.249579 63.433784 13.704761
v 1.376921 63.352140 13.910018
v 2.284922 63.205999 13.286844
v 2.381913 63.205634 13.248479
v 1.153344 63.337490 13.138029
v 0.971732 63.429046 13.401474
v 1.438613 63.290012 13.967670
v 1.100974 63.449530 13.912632
v 0.766798 63.449768 13.432392
v 0.917000 63.435367 14.128017
v 0.861841 63.474644 13.987409
v 0.540790 63.471308 13.439061
v 0.583094 63.473644 14.038780
v 0.287558 63.444555 13.198168
v 0.274694 63.489656 13.432878
v 0.267936 63.509789 13.692753
v 0.274472 63.498823 13.899087
v 0.306115 63.422521 14.268703
v 0.287507 63.468744 14.086229
v -0.011160 63.492860 13.434050
v -0.279243 63.486822 13.438674
v -0.279590 63.508457 13.701534
v -0.288884 63.500173 13.911378
v -0.302314 63.472625 14.102543
v -0.319069 63.428299 14.288549
v -0.574787 63.465877 14.063868
v -0.282900 63.441426 13.200908
v -0.509359 63.457789 13.446411
v -0.703762 63.429627 13.434534
v -0.816095 63.459309 14.006238
v -1.010273 63.431567 13.915125
v -0.872714 63.406842 13.392531
v -0.874238 63.423192 14.152972
v -1.115004 63.416729 13.687773
v -1.063393 63.415491 13.535438
v -1.175656 63.386797 13.805244
v -1.019297 63.320626 13.117531
v -1.027869 63.375046 13.319201
v -1.238993 63.339883 13.900407
v -1.202124 63.335731 13.213474
v -1.388451 63.324769 13.079359
v -1.514380 63.303607 13.503575
v -1.296644 63.281092 13.961927
v -6.418010 65.130802 9.923966
v -6.156727 64.836675 10.438610
v -5.281286 66.676072 12.094299
v -5.125331 66.977547 12.171452
v -6.535695 63.980175 8.626372
v -5.830337 64.624624 10.903739
v -6.185968 63.482746 9.785326
v -4.885013 66.357313 12.467248
v -4.828697 66.651479 12.496283
v -4.704577 66.922075 12.520896
v -5.504570 64.509025 11.271639
v -4.742431 67.432848 12.247167
v -4.540059 67.162964 12.527528
v -5.907375 63.397659 10.307616
v -5.639213 63.349535 10.751609
v -5.613863 63.902116 10.974673
v -4.253610 66.985675 12.781272
v -4.360666 67.369699 12.526619
v -5.223040 64.357192 11.583040
v -5.354489 62.247218 10.609228
v -5.330609 62.817830 11.013802
v -3.966507 67.401842 12.737795
v -5.123594 63.353178 11.433904
v -5.071829 62.838293 11.350807
v -4.906018 62.409609 11.336561
v -4.803808 62.925810 11.641811
v -4.547913 62.947224 11.912126
v -4.595814 63.315813 11.979009
v -4.559295 63.678063 12.099361
v -4.417478 62.585060 11.886707
v -4.626512 61.992057 11.402232
v -4.287480 62.966005 12.149657
v -4.449075 64.015667 12.282787
v -4.072006 61.710652 11.805343
v -4.205295 62.213091 11.925057
v -4.001941 62.966607 12.355712
v -4.042097 63.252463 12.414846
v -3.998006 63.528027 12.517725
v -3.888054 62.684421 12.333785
v -3.986822 64.215462 12.689339
v -3.908341 61.814811 12.044959
v -3.719842 61.952375 12.264918
v -3.497879 62.083444 12.467427
v -3.701896 64.120483 12.847095
v -3.431327 64.050462 12.983325
v -3.410788 63.377033 12.813217
v -3.316061 63.635048 12.945915
v -3.186173 63.984434 13.090497
v -2.969240 63.895454 13.163242
v -2.766131 64.752516 13.344758
v -2.877674 63.481593 13.102485
v -2.789607 63.786264 13.208318
v -2.661746 64.126876 13.319471
v -2.449533 64.433004 13.439875
v -2.573247 64.633643 13.404632
v -2.650488 63.678439 13.232763
v -2.953791 63.108252 12.940621
v -2.607057 63.401873 13.158361
v -2.371970 64.214695 13.454734
v -2.155525 64.645648 13.602946
v -2.542976 63.584803 13.245251
v -2.307348 63.994995 13.453959
v -2.235239 63.786774 13.446790
v -2.113054 64.149748 13.589792
v -2.631806 63.132646 13.039795
v -2.445597 63.354801 13.182510
v -2.392297 63.452531 13.255509
v -2.462069 63.266797 13.127024
v -2.299235 63.547521 13.341289
v -2.169404 63.626480 13.438677
v -2.337507 63.402766 13.253598
v -2.443623 63.193035 13.097620
v -2.119960 63.516667 13.426795
v -2.253224 63.322080 13.231292
v -2.306284 63.295468 13.183510
v -2.080078 63.437062 13.408539
v -2.163676 63.346194 13.297556
v -2.044845 63.368092 13.384030
v -2.225328 63.289160 13.210996
v -2.015154 63.308909 13.351955
v -2.322175 63.271807 13.155744
v -2.301778 63.254527 13.147787
v -1.915039 63.394698 13.499258
v -1.565913 63.351092 12.932426
v -1.761677 63.340269 12.669082
v -1.361980 63.188142 14.013244
v -1.207990 63.226490 14.210555
v -1.045991 63.104359 14.503046
v -1.009076 63.261312 14.419274
v -0.710143 63.265266 14.557107
v -0.361838 63.034650 14.734416
v -0.353388 63.254113 14.613633
v -0.337416 63.363484 14.457413
v -0.001356 63.244862 14.633451
v 0.349553 63.249012 14.584945
v 0.328580 63.358147 14.433216
v 0.712481 63.262222 14.507214
v 1.047417 63.261342 14.375239
v 1.301238 63.230129 14.185379
v 1.507534 63.194215 14.009658
v 1.694696 63.147701 13.820804
v 1.872211 63.145317 13.622889
v 2.039539 63.172668 13.473614
v 2.172889 63.193206 13.361741
v 2.457484 63.198781 13.228643
v 2.484540 63.206318 13.193452
v 2.481134 63.174069 13.223583
v 2.507334 63.191646 13.200925
v 2.527804 63.180986 13.218274
v 2.545550 63.198791 13.227532
v 2.532744 63.219980 13.255331
v 1.996897 69.665079 12.921793
v 1.838597 69.600104 12.887839
v 1.881171 69.554914 12.859287
v 1.690928 69.547968 12.866472
v 1.566028 69.481143 12.852549
v 1.603047 69.625952 12.968543
v 1.417529 69.594408 13.017154
v 4.205285 69.344719 12.306208
v 4.191487 69.296390 12.193420
v 4.263586 69.262516 12.203520
v 4.444041 69.275518 12.169463
v 4.498925 69.280217 12.093754
v 4.525008 69.216632 12.035316
v 4.470843 69.203527 12.079389
v 4.532855 69.163509 11.996885
v 4.283125 69.239287 12.159343
v 4.586400 69.108936 11.912567
v 4.525368 69.121755 11.978468
v 4.214471 69.248771 12.137861
v 4.635554 69.049984 11.832056
v 4.502354 69.083734 11.983047
v 4.637305 68.986262 11.809775
v -2.247325 63.241388 13.155565
v -2.281262 63.212855 13.139109
v -2.328942 63.174759 13.117528
v -2.393077 63.129483 13.093241
v -2.316325 63.068892 13.105880
v -2.477290 63.080815 13.063687
v -2.586744 63.034503 13.026235
v -2.729414 62.994247 12.980363
v -2.912139 62.967861 12.915219
v -2.424988 62.841354 13.075903
v -2.830881 62.823619 12.919546
v -3.136635 62.958326 12.812519
v -2.734424 62.672912 12.962187
v -3.402997 62.958416 12.676890
v -3.304833 62.744336 12.676967
v -3.443408 63.163280 12.721089
v -2.621171 62.524454 13.051145
v -2.805522 62.417904 12.948412
v -3.175460 62.527218 12.721304
v -2.474639 62.389153 13.186947
v -3.699971 62.961220 12.526961
v -3.016131 62.311962 12.811578
v -2.815419 62.106576 12.962079
v -3.253354 62.206732 12.649065
v -2.160919 62.416215 13.437198
v -2.281782 62.263692 13.375442
v -2.570281 61.913214 13.180972
v -2.746651 61.711530 13.070471
v -3.227506 61.773644 12.658967
v -2.287317 61.765930 13.424109
v -2.044982 62.168979 13.608372
v -1.968794 61.668033 13.679286
v -2.598072 61.262349 13.262118
v -2.101379 61.402322 13.625264
v -2.252189 61.131425 13.576156
v -3.205949 61.066966 12.598021
v -3.556383 61.412445 12.280863
v -3.292356 60.900793 12.395017
v -3.772750 61.149888 11.835910
v -4.233564 61.559077 11.558729
v 7.387342 73.082722 5.400487
v 7.919218 71.047166 3.749257
v 7.765903 73.220656 3.233666
v 7.999497 70.988121 2.793276
v 7.929447 70.367653 2.003560
v 7.655437 69.143832 1.736214
v 7.692171 69.652901 3.255068
v 7.697811 69.323983 2.849902
v 7.356201 67.985088 2.510550
v 6.944299 67.024045 1.323569
v 6.570809 67.246109 -0.162114
v 7.416571 67.896482 2.870579
v 7.207035 67.372243 2.530347
v 6.764514 66.497860 1.275363
v 7.104254 66.806273 2.752089
v 7.828910 67.875662 2.594205
v 7.074804 66.260667 3.215812
v 7.571051 67.396919 3.082684
v 6.628717 65.383674 3.022694
v 6.839350 65.511889 3.512515
v 4.621481 68.932876 11.808318
v 4.523471 68.970668 11.921634
v 4.459362 69.048751 12.014554
v 4.391001 69.118587 12.098397
v 4.341122 69.168459 12.184880
v 4.194612 69.229546 12.171177
v 4.260578 69.207286 12.194077
v 4.585983 68.892768 11.833151
v 4.652228 68.821624 11.751193
v 4.388496 69.008194 12.078134
v 4.763118 68.817273 11.643641
v 4.522591 68.861667 11.892867
v 4.675528 68.715507 11.733870
v 4.289647 68.960907 12.181546
v 4.839050 68.712922 11.579914
v 4.420868 68.834163 11.993990
v 4.574354 68.673581 11.845617
v 4.168413 68.905332 12.326097
v 4.407117 68.616914 12.004466
v 4.275868 68.791901 12.139441
v 4.055257 68.780570 12.398943
v 4.023321 68.852444 12.482559
v 4.093755 68.715320 12.313751
v 4.187571 68.520773 12.189049
v 3.877982 68.661270 12.493124
v 4.264076 68.405287 12.143701
v 4.366170 68.285000 12.107908
v 3.934477 68.437858 12.372989
v 3.624306 68.707928 12.718708
v 3.835991 68.811857 12.634088
v 3.630130 68.625812 12.655179
v 3.656684 68.400227 12.536102
v 3.631728 68.521988 12.583316
v 4.083975 68.185986 12.317695
v 3.710193 68.270896 12.510167
v 3.375663 68.348347 12.657305
v 3.613345 68.777516 12.769474
v 3.351982 68.577575 12.754512
v 3.785188 68.144047 12.497024
v 3.874532 68.033561 12.492942
v 3.077358 68.555434 12.814661
v 3.109668 68.321528 12.741215
v 3.080944 68.661205 12.873534
v 3.492681 68.114411 12.636751
v 3.154610 68.206013 12.734449
v 2.871696 68.337496 12.795482
v 3.217774 68.099882 12.739545
v 2.835634 68.561043 12.848597
v 2.966616 68.114067 12.812407
v 2.668391 68.358149 12.830248
v 3.292911 68.004158 12.753074
v 2.627678 68.692594 12.899472
v 2.634331 68.581374 12.862692
v 2.491564 68.394879 12.851305
v 2.700606 68.249215 12.841540
v 2.744196 68.145787 12.863114
v 3.375341 67.914697 12.773073
v 2.463353 68.614697 12.864801
v 2.330120 68.447280 12.860276
v 2.544347 68.184594 12.898905
v 2.796732 68.056087 12.890560
v 3.176176 67.849423 12.890751
v 2.309814 68.777640 12.876219
v 2.340812 68.334874 12.888785
v 2.357341 68.235854 12.926364
v 2.855294 67.979953 12.922715
v 2.967142 67.841118 12.996176
v 2.180873 68.519205 12.863247
v 2.180545 68.914652 12.859581
v 2.305208 68.872482 12.889353
v 2.074368 68.949011 12.821610
v 2.450300 68.824761 12.914294
v 2.295504 68.937444 12.919899
v 1.969970 68.977445 12.792482
v 2.074659 69.003958 12.833133
v 7.527415 66.914176 3.251525
v 7.234581 66.527826 3.402364
v 7.499492 66.541542 3.425457
v 6.974833 65.572176 3.892487
v 6.842107 65.167090 4.176880
v 7.805647 67.287019 2.765644
v 7.760798 66.348123 3.210734
v 7.458669 66.192998 3.637324
v 7.164474 65.862759 3.943596
v 6.792952 64.860239 4.618585
v 7.035180 65.215497 4.479803
v 7.423297 65.836910 3.910984
v 7.390807 65.475885 4.203972
v 6.981308 64.889662 4.745842
v 7.471361 64.819222 4.381218
v 7.200638 64.759439 4.739381
v 8.230458 65.248312 3.676086
v 7.390217 64.582597 4.708191
v 8.088003 64.924192 4.075569
v 7.565854 64.475195 4.722943
v 8.177300 65.204495 4.205195
v 8.066873 64.993994 4.519274
v 7.447937 64.519116 5.299271
v 7.549376 64.668238 5.343349
v 7.337121 64.454478 5.149429
v 7.622816 64.952344 5.269568
v 7.939729 64.923246 4.812358
v 7.876763 65.224766 4.793485
v 7.586728 65.320274 5.221196
v 7.443097 65.469786 5.329288
v 7.752261 65.597420 4.790326
v 7.508219 65.608061 5.159147
v 7.425993 65.699450 5.273065
v 7.698823 65.980372 4.828687
v 7.585588 65.877510 5.011668
v 7.490340 65.836698 5.153745
v 7.408447 65.857525 5.262387
v 7.090210 65.529323 5.740854
v 7.532777 66.142821 5.001782
v 7.169840 66.080724 5.399210
v 7.304100 66.001952 5.235352
v 7.428087 66.290519 4.903053
v 6.910844 65.838234 5.968171
v 7.324337 66.347151 4.820813
v 7.183267 66.316505 4.866915
v 7.352192 66.399406 4.708231
v 7.756140 66.281197 4.617755
v 7.611101 66.385004 4.590207
v 7.381343 66.410082 4.540834
v 7.401453 66.391360 4.346015
v 7.821583 66.353897 4.103746
v 7.402275 66.428948 4.130897
v 7.971159 66.047058 4.322410
v 8.189093 66.481198 3.941194
v 7.935248 66.496656 3.948581
v 7.482504 66.561804 4.019555
v 8.295307 66.391355 3.861227
v 8.129833 66.174472 4.063330
v 8.152268 65.998488 3.991358
v 8.427238 66.649244 3.704470
v 8.289909 66.679530 3.825425
v 8.010974 66.649536 3.865794
v 8.066987 66.813087 3.802534
v 8.417956 66.563032 3.540770
v 8.470290 66.883881 3.622987
v 8.340380 66.053699 3.648684
v 8.297627 65.519213 3.858807
v 7.682483 66.866830 3.899048
v 8.466093 66.390510 3.393242
v 8.414925 65.867386 3.551505
v 8.360944 65.608376 3.312838
v 8.301128 65.992680 2.872037
v 8.081891 66.537306 2.643784
v 8.480242 66.872606 2.284161
v 8.666718 66.902223 2.411792
v 8.206258 67.386529 2.148209
v 8.668682 67.340895 2.199110
v 8.012334 67.521456 2.367294
v 8.037689 67.827917 2.267370
v 8.072429 68.146414 2.260931
v 6.847439 65.773284 6.130246
v 6.868939 65.303384 5.943853
v 2.621427 68.785817 12.934268
v 2.619587 68.860354 12.966017
v 2.074127 69.050273 12.845685
v 1.860333 69.005254 12.769452
v 2.832824 68.764818 12.943342
v 2.307041 69.056582 12.868716
v 2.624025 68.922903 12.997153
v 3.087260 68.748526 12.919581
v 2.106683 69.105593 12.773756
v 2.624884 68.984716 12.951190
v 3.100514 68.814772 12.966532
v 3.358263 68.756643 12.861211
v 2.125918 69.132911 12.707859
v 2.629107 69.025697 12.896997
v 3.607327 68.841977 12.804775
v 3.608797 68.905590 12.837114
v 3.572062 68.980791 12.792160
v 3.996188 68.996674 12.603682
v 4.004382 68.928426 12.546975
v 3.536798 69.028673 12.744620
v 3.933229 69.067485 12.562639
v 3.891335 69.114798 12.519315
v 1.744953 69.026718 12.755890
v 1.787924 69.067784 12.732701
v 1.838549 69.126847 12.703013
v 1.661372 69.157361 12.679242
v 1.856980 69.151913 12.651487
v 1.693068 69.173603 12.623926
v 1.856260 69.156570 12.610319
v 1.704006 69.180654 12.593526
v 3.903649 70.222566 12.840406
v 4.095187 70.127564 12.674921
v 3.750970 70.363940 13.009406
v 4.192903 70.169877 12.680067
v 3.554924 70.512097 13.172039
v 3.822100 70.429867 13.048219
v 4.074509 70.340455 12.880650
v 4.299489 70.237646 12.687129
v 3.902588 70.522216 13.097751
v 3.261383 70.557730 13.270022
v 3.303189 70.621532 13.360440
v 2.926385 70.492015 13.359969
v 4.423238 70.331254 12.695014
v 4.504793 70.120670 12.488474
v 3.998142 70.626484 13.161611
v 3.357799 70.688501 13.467224
v 4.557517 70.430150 12.704162
v 3.432252 70.783747 13.572317
v 4.681935 70.540271 12.695489
v 4.412483 70.649948 12.979499
v 3.076132 70.729755 13.743532
v 2.652480 70.521909 13.739274
v 3.523038 70.939592 13.653138
v 4.198068 70.890151 13.246172
v 4.779310 70.680990 12.653102
v 4.911976 70.434302 12.412819
v 3.614557 71.154035 13.690704
v 2.813712 70.826597 14.006065
v 4.280589 71.076526 13.227501
v 3.695658 71.414074 13.674129
v 4.839731 70.867800 12.569287
v 4.628049 71.200380 12.818957
v 4.026976 71.399617 13.433039
v 4.340317 71.306861 13.151748
v 7.020117 64.697019 5.354981
v 6.424299 64.452907 4.266283
v 6.280722 63.972840 4.206642
v 6.339216 63.917017 4.773456
v 6.187652 63.301940 4.342889
v 6.241775 64.133755 3.481016
v 6.330055 63.687080 5.440205
v 6.178172 64.391384 2.574737
v 6.030102 64.613390 1.583795
v 5.738621 64.581088 0.721582
v 5.904850 62.281349 1.948918
v 5.370101 64.531323 0.028524
v 5.615993 61.666610 1.172226
v 5.241766 62.319299 0.546864
v 4.860195 62.871219 -0.035790
v 4.956236 63.583428 -0.202503
v 5.632486 61.018108 1.141035
v 4.785946 61.669486 0.060537
v 5.252545 61.021741 0.547789
v 4.790102 62.211410 0.043995
v 5.925944 60.919035 1.840500
v 4.532491 63.551291 -0.618103
v 4.332331 62.266746 -0.375393
v 4.336972 61.671069 -0.369612
v 4.838890 61.047895 0.040741
v 4.435941 61.128144 -0.411957
v 4.944221 60.439031 0.000694
v 4.580150 60.527279 -0.480915
v 5.094090 59.870179 -0.067619
v 4.756790 59.949636 -0.573826
v 3.704269 63.609539 -1.317397
v 3.551507 62.983681 -1.221208
v 4.985207 59.409810 -0.681470
v 5.279172 58.920072 -0.777779
v 5.302308 59.317381 -0.140815
v 5.574713 58.805074 -0.186674
v 5.898452 58.330855 -0.211086
v 6.270358 57.870135 -0.232713
v 5.417750 59.831027 0.476447
v 6.716274 57.391806 -0.279185
v 7.311841 56.846761 -0.402117
v 0.573737 78.582078 10.228539
v -0.045310 78.663354 10.124192
v 1.014692 78.265467 10.715323
v 0.389663 78.330595 10.767362
v 0.360011 78.055815 11.201702
v 0.996318 78.008025 11.126707
v 0.990032 77.720764 11.520368
v 1.599122 77.957359 10.973484
v 2.946357 62.190256 12.856638
v 3.109785 62.401727 12.782563
v 3.249718 62.606670 12.754861
v 3.694001 62.544370 12.405687
v 3.356626 62.812300 12.768646
v 3.817241 62.822391 12.442577
v 3.581166 62.811070 12.617837
v 3.408868 63.016076 12.823225
v 4.051103 62.841163 12.234230
v 3.867366 63.093753 12.518505
v 4.284425 62.860134 11.996269
v 3.359874 71.383781 13.878198
v 2.922307 71.056113 14.057962
v 3.757978 71.692148 13.605939
v 4.374063 71.520795 13.036670
v 3.025995 71.348043 14.049583
v 3.800167 71.898189 13.515205
v 4.104886 71.861306 13.233813
v 3.482421 71.955533 13.736912
v 3.164008 71.948796 13.921049
v 2.690801 71.313842 14.189654
v 2.849897 71.930556 14.075251
v 3.215921 72.195966 13.835594
v 3.861198 72.401594 13.284405
v 2.540204 71.902341 14.210291
v 3.561185 72.406686 13.534781
v 4.418760 72.088352 12.749651
v 2.349349 71.271658 14.302049
v 2.966003 72.440903 13.912603
v 2.617763 72.195867 14.134578
v 3.899249 72.701014 13.167968
v 3.297103 72.687384 13.639407
v 2.237162 71.898014 14.321593
v 2.725705 72.737267 13.951914
v 2.675785 72.424305 14.053527
v 2.391644 72.435143 14.157395
v 3.619917 73.009580 13.309762
v 3.316229 72.996210 13.524260
v 3.030272 73.026805 13.697887
v 2.747821 73.039314 13.830850
v 2.473611 73.026989 13.932612
v 4.548018 72.725352 12.460497
v 4.274894 73.050308 12.719783
v 3.968716 73.364047 12.921156
v 2.757104 73.340868 13.720476
v 2.199403 73.022162 14.001952
v 3.650904 73.738189 13.078552
v 3.989487 73.746583 12.787048
v 3.044971 73.704706 13.480902
v 3.338128 73.719860 13.304180
v 2.486852 73.689165 13.728515
v 2.216129 73.336685 13.896612
v 2.213800 73.696881 13.807091
v 3.340313 74.082539 13.194764
v 2.765814 74.071279 13.520933
v 4.340581 73.680157 12.419349
v 3.991573 74.075720 12.660757
v 2.206057 74.076832 13.719982
v 1.934764 73.711249 13.859494
v 3.990739 74.437798 12.517058
v 3.655154 74.448779 12.830961
v 3.342470 74.460008 13.065298
v 2.488915 74.468351 13.522257
v 2.203272 74.476296 13.612215
v 1.911135 74.491794 13.678144
v 4.346708 74.402331 12.115192
v 3.351907 74.880320 12.890762
v 2.207464 74.900521 13.464151
v 1.610720 74.512091 13.722902
v 1.607939 74.933506 13.585862
v 3.368821 75.288503 12.666028
v 1.918193 75.359901 13.332785
v 1.613044 75.391741 13.387698
v 1.299530 75.429609 13.421599
v 1.623017 75.811366 13.143226
v 0.980579 75.454055 13.446864
v 1.313768 76.260001 12.902079
v 1.629218 76.226786 12.844773
v 0.990908 76.295869 12.939424
v 0.986540 75.887316 13.216398
v 1.626767 76.615711 12.492608
v 1.935557 76.202225 12.764189
v 0.664451 76.332850 12.964905
v 0.991311 76.671184 12.617025
v 0.989526 77.082031 12.265113
v 1.307246 77.055107 12.196538
v 0.336787 76.363737 12.982090
v 1.618822 77.037634 12.109929
v 0.667218 77.113145 12.317409
v 0.339184 76.733611 12.681660
v 0.341589 77.138654 12.351506
v 1.609520 77.373678 11.728685
v 0.988394 77.411555 11.900187
v 0.344658 77.458257 11.997920
v 1.922640 77.029478 12.003761
v 1.602109 77.681900 11.352617
v 1.626833 59.385367 12.811828
v 1.089242 59.247273 12.802820
v 1.384323 59.232109 12.288203
v 0.904905 59.105477 12.202846
v 1.281668 59.150083 12.018291
v 0.499420 59.076257 12.330192
v 0.463477 59.015963 12.029280
v 0.794351 58.973417 11.650764
v 1.639540 59.199989 11.770997
v 1.139008 59.015930 11.490689
v 1.485491 59.050151 11.270615
v 0.077980 58.953540 11.794058
v 0.438871 58.950605 11.750963
v 1.100437 58.957512 11.236482
v 1.846105 59.083750 10.987536
v 0.423317 58.879158 11.487580
v 1.083453 58.894302 10.988886
v 1.425663 58.927657 10.793005
v 0.749788 58.845053 11.135816
v 1.796295 59.016871 10.766665
v 1.773035 58.955799 10.551158
v 1.089016 58.820709 10.740168
v 1.788515 58.878529 10.327753
v 0.415506 58.804164 11.232209
v 2.113738 58.978919 10.271940
v 2.116178 58.917230 10.085370
v 1.846948 58.781429 10.063620
v 0.765115 58.684572 10.628548
v 1.114723 58.727606 10.482393
v 1.477168 58.750946 10.293445
v 0.414630 58.730954 10.979096
v 2.433103 58.995349 9.944927
v 2.206841 58.849257 9.827453
v 0.420516 58.655326 10.723100
v 1.153099 58.623981 10.214003
v 3.152969 58.877486 8.952457
v 2.775774 58.709174 9.182662
v 1.593879 58.390001 9.702025
v 0.434872 58.560562 10.452584
v 0.827639 58.428001 10.076610
v 1.194090 58.418304 9.927111
v 2.514853 58.329551 9.060316
v 2.036264 58.354524 9.412326
v 1.639547 58.020227 9.392215
v 1.217332 58.115206 9.659032
v 3.149498 58.064750 8.124322
v 0.459660 58.434712 10.169010
v 1.099111 57.711499 9.458789
v 3.224649 57.531861 7.719515
v 2.694382 57.455567 8.244017
v 2.177459 57.427234 8.701345
v 0.503030 58.163978 9.881778
v 1.714084 56.768447 8.780776
v 0.571108 57.666066 9.583568
v 3.306562 56.923101 7.400760
v 2.329265 55.946413 8.077545
v 1.785950 55.907586 8.489708
v 1.229015 55.855378 8.833986
v 0.623040 56.808696 9.317252
v 1.858797 55.198477 8.182173
v 3.402666 56.242098 7.170675
v 2.869003 56.011124 7.628350
v 3.490356 55.609504 6.984314
v 3.562598 55.020554 6.809749
v 4.111652 55.292999 6.403831
v 4.625426 55.660091 5.966894
v 0.349725 77.762858 11.613052
v 2.200722 77.361232 11.499289
v 2.184683 77.655650 11.135121
v -0.310328 77.462318 11.991425
v -0.313570 77.142138 12.344591
v 2.174567 77.911006 10.774924
v -0.308684 77.767511 11.606933
v -0.639331 77.120109 12.303760
v 1.880266 78.167020 10.502716
v -0.312137 78.061222 11.195840
v -0.954362 77.423497 11.881161
v -0.961906 77.092090 12.244626
v -0.949462 77.734420 11.502498
v -0.949347 78.023436 11.109828
v -0.961719 78.283040 10.699678
v -1.111690 78.525406 10.159533
v -1.562528 77.704127 11.324540
v -1.553648 77.982062 10.947098
v -1.279996 77.067213 12.168660
v -1.576209 77.393231 11.698640
v -1.557577 78.225519 10.557061
v -1.591960 77.050940 12.073778
v -1.696514 78.450844 10.032800
v -1.830757 78.198279 10.473497
v -2.131347 77.943432 10.739524
v -2.131209 78.165389 10.371090
v -2.146652 77.685106 11.097562
v -2.168422 77.386904 11.458778
v -1.896149 77.044005 11.960018
v -2.262826 78.363024 9.863648
v -1.707491 78.786860 9.175921
v -2.397046 78.131570 10.271756
v -1.148372 79.159008 8.395178
v -2.191921 77.043636 11.830662
v -2.694088 77.885083 10.505153
v -2.709075 77.649662 10.843439
v -2.817425 78.251758 9.646991
v -1.720212 79.036412 8.331814
v -2.734338 77.370741 11.183762
v -2.966654 78.026006 10.031665
v -2.973378 77.835370 10.382892
v -2.270984 78.898865 8.239252
v -1.746274 79.218553 7.500652
v -3.243484 77.765862 10.269733
v -3.256814 77.564384 10.567593
v -2.812309 78.743235 8.105166
v -2.278294 79.076651 7.450062
v -1.812882 79.316422 6.848704
v -3.745082 77.989736 9.125470
v -3.354685 78.550487 7.945679
v -2.743721 79.061952 6.721007
v -3.362707 78.736300 7.102095
v -3.209051 78.983621 6.032345
v -4.044952 77.670792 9.421906
v -3.749917 77.634432 9.929775
v -4.077045 78.595771 5.900197
v -3.891897 78.296826 7.811429
v -3.435330 79.060117 4.610824
v -4.397133 77.972062 7.729555
v -4.552423 78.066267 6.912390
v -3.572087 78.975492 3.287676
v -4.849683 77.581010 7.696652
v -4.129328 77.784159 8.979500
v -4.463849 77.532687 8.900383
v -4.743265 77.234130 8.903811
v -4.985298 77.198595 8.351044
v -5.235482 77.135680 7.717762
v -5.492681 77.047424 7.012154
v -4.965655 76.889758 8.999617
v -4.513371 77.253045 9.360665
v -4.206258 77.449273 9.604066
v -5.536599 76.652067 7.829556
v -4.294125 77.283472 9.709900
v -5.136057 76.508632 9.175400
v 1.585888 65.579512 14.838472
v 1.704904 65.496650 14.551676
v 1.510392 65.607936 14.822610
v 1.382130 65.641683 15.029446
v 1.585058 65.564990 14.665624
v 1.440533 65.641530 14.814156
v 1.331652 65.670497 15.009200
v 1.597119 65.523405 14.556319
v 1.553149 65.480297 14.464911
v 1.497271 65.607983 14.657256
v 1.355051 65.697453 14.803664
v 1.498927 65.581042 14.559892
v 1.396908 65.668170 14.606261
v 1.128172 65.672613 15.209728
v 1.180555 65.781003 14.847730
v 1.079834 65.706060 15.135700
v 1.213086 65.811561 14.571496
v 1.184393 65.777904 14.430201
v 0.870573 65.617186 15.336998
v 0.845719 65.666249 15.232685
v 0.877190 65.831670 14.858218
v 1.006380 65.779885 15.030846
v 1.239534 65.643494 14.382249
v 1.124822 65.744936 14.351542
v 1.049173 65.836701 14.412555
v 0.992236 65.870797 14.524266
v 0.832120 65.754862 15.087135
v 0.703443 65.526739 15.291029
v 0.992819 65.799837 14.362093
v 1.075634 65.714662 14.324391
v 0.832568 65.824768 14.442989
v -5.739001 76.160979 8.054596
v -5.265682 76.101507 9.397028
v -4.056471 77.347791 9.976132
v -4.407116 77.015566 9.879412
v -4.825193 76.598750 9.666460
v -5.850114 75.727729 8.339443
v -5.668654 75.536682 9.084075
v -5.360641 75.678202 9.635025
v -4.206228 76.769961 10.460973
v -4.596822 76.293674 10.357373
v -4.653840 75.871892 10.637508
v -5.012051 75.779172 10.158889
v -3.848645 77.173104 10.470390
v -3.907900 76.858008 10.754956
v -5.420727 75.258541 9.880915
v -4.309175 75.968480 11.049557
v -4.684796 75.445508 10.913547
v -3.956148 76.482839 11.064443
v -3.615759 76.933766 10.996078
v -3.984683 76.061031 11.389722
v -5.449029 74.869394 10.119997
v -5.089896 74.972623 10.656453
v -4.701016 75.045880 11.157383
v -3.676603 76.136283 11.669764
v -4.331448 75.039772 11.602755
v -3.361407 76.614181 11.546499
v -3.378618 76.186149 11.902896
v -4.714651 74.609725 11.361166
v -5.456093 74.525227 10.332054
v -3.990750 75.109418 11.972183
v -5.108737 74.233807 11.035281
v -5.450166 74.217720 10.514752
v -3.669366 75.164151 12.269171
v -3.376769 75.649666 12.237013
v -3.986080 74.714078 12.180888
v -4.340589 74.320380 11.970673
v -5.434455 73.855347 10.678531
v -4.731264 73.981967 11.685224
v -3.362459 75.200045 12.504460
v -5.409900 73.577741 10.832499
v -5.084185 73.650759 11.353121
v -3.650136 74.368785 12.630790
v -3.985050 74.349473 12.341808
v -4.721664 73.685842 11.838200
v -3.347165 74.777786 12.700745
v -3.338037 74.319748 12.859559
v -5.370095 73.291980 10.995297
v -3.335433 73.916089 12.982141
v -3.985873 73.944209 12.479553
v -4.342673 73.593880 12.263122
v -4.685788 73.261937 12.010838
v -5.311159 73.003905 11.180362
v -4.980693 72.933500 11.713680
v -3.983593 73.586173 12.605224
v -5.619952 72.901660 10.632657
v -4.631988 72.932865 12.176840
v -5.210339 72.562641 11.392692
v -4.282669 72.969256 12.559100
v -3.971236 73.266368 12.734641
v -4.553921 72.599695 12.327516
v -5.087564 72.202551 11.592887
v -5.402750 72.131780 11.086605
v -4.782523 72.245884 12.059092
v -4.976906 71.850665 11.786328
v -5.555560 71.665987 10.809934
v -4.422652 71.982175 12.616227
v -3.910717 72.642804 12.989739
v -4.910031 71.566305 11.973771
v -5.435293 71.370348 11.061656
v -5.674165 71.203358 10.574572
v -3.866965 72.291252 13.119880
v -4.657784 71.617982 12.391378
v -5.328633 71.106532 11.299762
v -4.099682 71.742339 13.095390
v -4.357369 71.390937 12.910275
v -5.040412 70.840580 11.930212
v -5.235171 70.786505 11.528521
v -5.754804 70.738409 10.417724
v -5.628199 70.549130 10.744427
v -6.057438 70.646528 9.606726
v -3.790940 71.776140 13.369212
v -5.176688 70.504858 11.733066
v -4.308368 71.105925 13.036006
v -4.599286 70.997492 12.707626
v -3.736618 71.520389 13.473648
v -3.993267 71.212022 13.311278
v -4.234130 70.871392 13.114938
v -3.656003 71.233006 13.550022
v 0.705925 65.720333 15.022775
v 1.138693 65.645024 14.357133
v 1.214152 65.508035 14.410693
v 0.617571 65.551689 15.007239
v 0.973655 65.734910 14.335404
v 1.020254 65.678152 14.358372
v 0.842374 65.749178 14.375409
v 0.864542 65.666381 14.417671
v 0.730446 65.762450 14.432338
v 0.676117 65.822919 14.643796
v 0.611193 65.716555 14.876220
v 0.716528 65.634774 14.492298
v 1.130678 65.359487 14.443648
v 0.629822 65.765747 14.524445
v 0.576280 65.750482 14.641228
v 0.937060 65.338959 14.538344
v 0.742604 65.464610 14.577898
v 0.608485 65.609901 14.557325
v 0.563940 65.581247 14.672110
v 0.564940 65.710176 14.774634
v 0.574557 65.559388 14.828963
v 0.711587 65.261261 14.726854
v 0.794993 65.305933 14.628066
v 0.622238 65.387519 14.751957
v 0.630647 65.427340 15.095935
v 0.659776 65.237046 14.824830
v 0.843870 65.177572 14.643927
v 0.708585 65.112680 14.794655
v 0.633148 65.360580 15.187736
v 0.623171 65.261683 14.958676
v 0.722430 65.494811 15.410009
v 1.004166 65.218753 14.498781
v 0.738005 65.021879 14.787562
v 0.740113 64.939706 14.799763
v 0.915604 64.984657 14.650844
v 1.106744 65.031199 14.469962
v 1.333625 65.075184 14.252284
v 0.524415 64.910329 14.870968
v 0.454763 64.945974 14.875013
v 0.736599 64.838129 14.826471
v 0.290100 64.880477 14.856808
v 1.582013 65.128316 14.054430
v 0.736254 64.703266 14.851809
v 0.972869 64.724134 14.712394
v 0.505127 64.698360 14.901706
v 1.221740 64.755216 14.516803
v 0.743503 64.527931 14.855158
v 0.289392 64.704391 14.867474
v 0.757432 64.325237 14.827735
v 0.497727 64.333489 14.915796
v 0.773850 64.115078 14.780210
v 0.263936 64.352296 14.897861
v 0.806828 63.948911 14.761671
v 0.095371 64.706742 14.835383
v 0.262906 63.915399 14.944936
v 0.525692 63.942980 14.903346
v 0.013091 63.903364 14.947562
v 0.837034 63.823362 14.695129
v -0.159037 64.348128 14.903089
v 0.861878 63.709385 14.588551
v -0.233811 63.920550 14.955225
v -0.399059 64.323383 14.921522
v -0.495659 63.950893 14.917490
v 0.585044 63.595231 14.592814
v 0.283148 63.588341 14.694823
v -0.000765 63.587158 14.741227
v -0.784660 63.952668 14.770996
v -0.730212 64.110238 14.784632
v -0.826314 63.829622 14.708130
v -0.614717 64.501260 14.848894
v -0.675694 64.306348 14.826382
v -0.287354 63.593399 14.709193
v -0.855449 63.714691 14.602930
v -0.594027 63.607014 14.614707
v -1.214103 64.288393 14.426074
v -0.870744 63.607812 14.475807
v -0.869774 63.505467 14.343006
v -0.840760 63.427866 14.181876
v -3.311724 71.206573 13.755880
v -4.136464 70.679700 13.136398
v -3.553459 70.956501 13.574853
v -2.972691 71.188836 13.932625
v -2.846619 70.890080 13.952434
v -3.442383 70.744883 13.542521
v -2.717649 70.657317 13.908539
v -2.632478 71.164166 14.081670
v -2.967803 70.540782 13.642570
v -3.333646 70.584522 13.466323
v -3.905848 70.413855 13.054499
v -4.343571 70.432338 12.869524
v -2.127944 70.798399 14.207460
v -2.286716 71.133900 14.205871
v -2.523620 70.346154 13.651324
v -3.245289 70.484606 13.364356
v -3.796024 70.304701 12.992314
v -2.261694 70.387438 13.913826
v -3.180294 70.414828 13.259845
v -2.468117 70.254185 13.486036
v -1.889715 70.111372 13.735277
v -3.963602 70.117904 12.772943
v -3.703298 70.209622 12.943970
v -3.429544 70.295765 13.070705
v -2.440001 70.179999 13.351602
v -2.785989 70.299203 13.266964
v -3.130005 70.349279 13.171442
v -3.622491 70.140559 12.906062
v -3.081570 70.288870 13.097927
v -1.869734 70.011053 13.495337
v -2.126115 70.064230 13.349567
v -2.421621 70.119488 13.232083
v -3.543781 70.095634 12.876180
v -3.773142 69.995177 12.734445
v -3.298490 70.184209 12.972186
v -3.027834 70.231981 13.036510
v -2.718095 70.184572 13.078356
v -2.406436 70.077767 13.119667
v -1.877871 69.877512 13.099793
v -1.865817 69.941211 13.278844
v -2.965176 70.159024 12.975369
v -2.119526 69.966659 13.065565
v -2.391260 70.022371 13.033770
v -3.128245 70.005165 12.910171
v -3.336336 69.957964 12.835727
v -2.896461 70.003056 12.961360
v -2.645165 69.944852 12.995153
v -2.402157 69.848608 13.004135
v -1.896424 69.826766 12.985979
v -3.259641 69.802524 12.892104
v -2.839349 69.827581 12.991115
v -2.184317 69.733642 12.967676
v -2.408058 69.716070 13.001442
v -1.990736 69.626044 12.905503
v -1.726198 69.698997 12.940311
v -2.410910 69.639391 12.998494
v -2.602720 69.679160 13.016899
v -3.005943 69.723395 12.978680
v -3.210691 69.700976 12.929799
v -2.802039 69.712065 13.010898
v -2.027988 69.548303 12.895480
v -1.819217 69.544925 12.854235
v -2.047517 69.508016 12.896816
v -2.226169 69.576529 12.948852
v -2.414881 69.600632 12.993875
v -2.784467 69.646665 13.048553
v -1.884864 69.447818 12.820516
v -2.057845 69.467273 12.905557
v -1.737856 69.408570 12.767336
v -2.431084 69.532263 12.947049
v -2.092622 69.421370 12.822687
v -1.767483 69.375874 12.730441
v -3.148362 69.553732 12.932950
v -2.777877 69.565233 13.005734
v -1.766824 69.343761 12.730236
v -1.817369 69.313180 12.668008
v -1.639705 69.245528 12.577097
v -1.645559 69.241302 12.571741
v -1.601937 69.261256 12.626770
v -1.535226 69.295604 12.678559
v -1.232260 63.391704 13.971810
v -1.104650 63.602429 14.321349
v -1.401226 63.352952 13.857023
v -1.325828 63.570842 14.172231
v -1.460906 63.428713 13.943981
v -1.514392 63.532856 14.017753
v -1.519601 63.651301 14.047793
v -1.051808 63.945764 14.562473
v -1.656137 63.480302 13.836533
v -1.501163 63.766635 14.063707
v -1.788465 63.433535 13.656931
v -1.285144 63.922762 14.326580
v -1.486459 63.896786 14.093428
v -1.810428 63.514575 13.670851
v -1.672131 63.838952 13.882350
v -1.473989 64.067994 14.139154
v -1.446844 64.283212 14.185416
v -1.851599 63.736632 13.699894
v -1.391191 64.507013 14.217875
v -1.669167 64.275375 13.957946
v -1.882230 63.981143 13.730011
v -2.018872 63.683552 13.552783
v -1.880016 64.481776 13.780492
v -1.073212 64.693972 14.478189
v -0.823666 64.673500 14.693131
v -0.566641 64.666624 14.845341
v -1.563776 64.741671 14.002887
v -1.841763 64.729177 13.796117
v -1.309080 64.717861 14.230765
v -0.314656 64.672884 14.902818
v -1.757110 64.979252 13.814335
v -1.881925 65.224461 13.705671
v -0.096029 64.688150 14.870820
v -2.450026 65.063521 13.481779
v -2.334306 65.343233 13.512093
v 0.116351 64.858820 14.849999
v -2.988410 64.802664 13.278672
v -2.893604 65.151718 13.345561
v -3.216408 64.822401 13.201461
v -2.719791 65.468560 13.407065
v -3.457310 64.867794 13.115695
v -2.469668 65.755289 13.476700
v -2.914418 65.536409 13.380898
v -4.020491 64.635990 12.789795
v -3.712218 64.960230 13.030338
v -3.336541 65.278775 13.234910
v -2.086295 65.960560 13.510136
v -3.959767 65.083790 12.933912
v -3.339059 65.785683 13.282533
v -4.270012 64.330935 12.521163
v -4.191791 65.229549 12.824739
v -3.796259 65.532693 13.079979
v -2.419469 66.184562 13.489043
v -4.019160 65.714410 12.977754
v -4.430283 65.421754 12.694328
v -4.773677 64.595646 12.152041
v -2.598257 66.342769 13.448441
v -2.086593 66.344077 13.525809
v -2.762662 66.524246 13.400082
v -4.666568 65.676964 12.566584
v -5.051115 65.370060 12.122772
v -3.341526 66.570864 13.224088
v -2.893997 66.718694 13.339218
v -3.837451 66.405100 13.047424
v -1.523020 69.092569 12.545340
v -1.513371 69.086874 12.573549
v -1.482583 69.087962 12.624176
v -1.433075 69.074260 12.667754
v -1.363674 69.161599 12.706063
v -1.383219 69.070176 12.705299
v -1.486281 69.328110 12.716871
v -1.403998 69.244357 12.707128
v -1.460275 68.999751 12.698908
v -1.325777 69.068031 12.749434
v -1.439135 69.362252 12.754926
v -1.674014 69.052586 12.596637
v -1.658844 69.029726 12.644131
v -1.608916 68.992213 12.672642
v -1.669830 69.058729 12.562160
v -1.567878 68.955079 12.696576
v -1.270176 69.066992 12.797226
v -1.302017 69.307391 12.795138
v -1.350794 68.946485 12.781146
v -1.680489 68.921802 12.706716
v -1.521835 68.909222 12.726421
v -1.220813 69.067985 12.846060
v -1.788059 68.887921 12.726653
v -1.612363 68.796727 12.753160
v -1.433027 68.809911 12.800806
v -1.151168 69.239539 12.903051
v -1.257205 68.904332 12.883042
v -1.174326 69.072434 12.901968
v -1.889455 68.952554 12.778340
v -1.889844 68.907383 12.765079
v -1.890998 68.853541 12.753128
v -1.747899 68.742642 12.752029
v -1.391355 68.766147 12.852741
v -1.125733 69.081925 12.971503
v -1.874406 68.690923 12.757575
v -1.880993 68.776738 12.758728
v -1.996107 68.813182 12.789347
v -1.555040 68.673585 12.826043
v -1.160660 68.900468 13.046920
v -1.074336 69.098003 13.056010
v -2.120256 68.763455 12.817367
v -2.109457 68.828289 12.847318
v -2.001353 68.630428 12.772307
v -1.871020 68.610646 12.769352
v -1.718005 68.602279 12.808226
v -1.300462 68.715734 13.016126
v -1.021146 69.120393 13.153306
v -2.265685 68.707221 12.841377
v -2.127640 68.670569 12.805180
v -1.482854 68.568534 12.971894
v -1.857033 68.431512 12.849030
v -1.865810 68.523203 12.800890
v -1.672307 68.458838 12.934237
v -2.285028 68.503363 12.796446
v -2.158556 68.353435 12.796583
v -1.844780 68.348737 12.908952
v -2.456756 68.458380 12.794981
v -1.832203 68.283712 12.974366
v -2.014140 68.241453 12.888299
v -2.321088 68.296222 12.789273
v -1.823901 68.233108 13.039918
v -1.588695 68.337186 13.176926
v -1.827070 68.190216 13.103781
v -2.218306 68.087977 12.912737
v -2.249694 68.029336 12.958946
v -2.057146 68.072137 13.049388
v -1.844992 68.135421 13.167289
v -2.193299 68.161393 12.868074
v -2.287266 67.976323 13.008406
v -2.382950 68.101002 12.848672
v -2.173411 68.251728 12.827517
v -2.708594 67.896155 12.902651
v -2.522858 67.896951 12.977016
v -2.329203 67.912950 13.061533
v -2.126011 67.929459 13.166220
v -2.537635 68.147625 12.795286
v -2.586767 68.052214 12.826136
v -2.644530 67.968330 12.862431
v -2.370419 67.823185 13.116441
v -2.499782 68.250427 12.774696
v -2.815215 68.006764 12.792652
v -3.259492 67.804716 12.793076
v -3.056693 67.760573 12.900396
v -2.844824 67.737055 12.991160
v -3.162893 67.887609 12.763389
v -2.706216 68.215648 12.750701
v -3.001969 68.077978 12.718459
v -3.075250 67.977089 12.737595
v -4.340697 66.203076 12.815145
v -4.845652 65.998684 12.477093
v -5.422419 65.744112 11.839873
v -2.385539 66.661378 13.453584
v -2.520659 66.853963 13.400135
v -3.883543 66.633336 13.004822
v -2.974009 66.926479 13.263605
v -3.868795 66.860987 12.980576
v -2.222670 66.967613 13.452989
v -2.331579 67.170510 13.384455
v -2.672964 67.254885 13.252881
v -3.002710 67.128742 13.189486
v -3.801340 67.076275 12.955001
v -2.683730 67.437317 13.183789
v -2.996560 67.316310 13.129743
v -3.371712 67.194824 13.060465
v -3.700432 67.273848 12.920670
v -2.147184 67.476912 13.372075
v -2.414338 67.549840 13.236845
v -2.963997 67.481517 13.082476
v -2.401714 67.702266 13.173532
v -2.168202 67.659961 13.296795
v -2.626411 67.722951 13.076689
v -2.910235 67.623489 13.037172
v -3.232025 67.527652 12.981671
v -3.473113 67.595826 12.856968
v -1.911547 67.928373 13.299325
v -1.615131 68.193181 13.324142
v -1.341714 68.514737 13.267212
v -1.684201 67.894569 13.471883
v -1.436032 68.035429 13.604473
v -1.393401 68.219664 13.535567
v -1.079712 68.584658 13.620156
v -1.125214 68.739119 13.343177
v -1.183530 68.193366 13.769093
v -1.437423 67.818059 13.677818
v -0.977395 68.973123 13.374264
v -0.919050 68.579012 13.884993
v -0.877939 68.773452 13.788132
v -0.961228 68.357114 13.963124
v -0.996737 68.115016 14.036053
v -0.723547 68.911868 13.917330
v -0.815107 68.268974 14.255876
v -1.013392 67.865947 14.136448
v -0.597382 69.022608 14.030361
v -0.611421 68.835579 14.163488
v -0.630605 68.630356 14.318615
v -0.657454 68.400599 14.462672
v -0.999254 67.623281 14.265069
v -0.482908 69.118507 14.139731
v -0.501786 68.731580 14.457748
v -0.687126 68.153141 14.599649
v -0.846635 67.775627 14.504412
v -0.364978 69.012711 14.386472
v -0.358448 69.199866 14.236587
v -0.375641 68.814017 14.576099
v -0.213828 69.266199 14.313364
v -0.971339 67.399039 14.407121
v -0.057858 69.315021 14.366204
v -0.048410 69.499904 14.235287
v -0.943478 67.194928 14.543913
v -1.146161 67.476207 14.050600
v -1.304389 67.342590 13.857847
v -1.226559 67.125959 13.969894
v -1.061559 67.057838 14.305285
v -1.386247 67.580799 13.762046
v -1.155870 66.784064 14.189316
v -1.027501 66.706911 14.537659
v -1.339904 66.868595 13.869132
v -1.672307 67.690499 13.549504
v -1.620718 66.962801 13.652733
v -1.543880 66.815052 13.695228
v -1.840158 67.366536 13.531120
v -1.171425 66.655598 14.293769
v -1.504023 66.696445 13.739430
v -1.910276 67.581195 13.449921
v -1.851133 66.882669 13.569082
v -1.970307 67.066639 13.521022
v -1.679042 66.613653 13.612988
v -1.209239 66.536348 14.405017
v -1.332448 66.627177 14.036489
v -1.490253 66.592428 13.793784
v -1.633451 66.515199 13.628969
v -2.092961 66.780199 13.504245
v -1.856985 66.488358 13.557404
v -3.360956 67.977301 12.645041
v -2.949468 68.185134 12.710495
v -3.777377 67.869054 12.503713
v -3.669828 67.971588 12.499485
v -4.189020 67.543032 12.522555
v -4.033928 67.676497 12.518050
v -3.225098 68.169354 12.634357
v -3.578641 68.089046 12.499060
v -4.381870 67.738878 12.273547
v -3.985227 68.014221 12.295481
v -4.289192 68.115178 12.048453
v -4.423941 68.011844 12.021319
v -4.569557 67.926196 11.998900
v -4.728933 67.841608 11.976637
v -4.168927 68.224929 12.080194
v -3.805148 68.247791 12.328447
v -3.513136 68.210085 12.507986
v -5.103722 67.563180 11.908431
v -4.569779 68.222015 11.801879
v -5.274301 68.127622 11.385195
v -4.076865 68.332440 12.118377
v -5.413442 67.746221 11.533945
v -5.426359 68.307736 11.157039
v -4.779453 68.323437 11.597727
v -5.347487 68.509574 11.135230
v -5.532993 68.506730 10.988949
v -5.647117 67.966244 11.167441
v -5.721645 68.494555 10.810493
v -5.159272 68.512369 11.258317
v -4.904972 68.421430 11.453795
v -5.611297 68.711710 10.885988
v -5.916890 68.481119 10.590798
v -5.658553 68.928867 10.844306
v -4.975351 68.520269 11.368694
v -5.010384 68.616416 11.333382
v -5.990833 68.772236 10.398146
v -5.666479 69.147461 10.863587
v -5.020398 68.713157 11.339921
v -5.462582 69.032520 11.084783
v -5.999238 69.370966 10.250510
v -6.146131 69.456562 9.867899
v -5.237220 68.912338 11.259294
v -5.011022 68.820235 11.382946
v -4.981236 68.945274 11.454931
v -4.939888 69.092667 11.553961
v -5.680967 69.714775 10.815467
v -4.711702 68.767741 11.565919
v -5.962794 70.104392 10.087062
v -4.740495 69.008130 11.617159
v -5.810050 70.360497 10.382555
v -6.087940 70.175927 9.662809
v -5.508499 70.295792 11.045557
v -6.200181 70.200256 9.282684
v -5.449504 69.714417 11.285255
v -5.207789 70.000398 11.768621
v -5.336142 69.867379 11.518854
v -5.221727 69.702251 11.673955
v -5.552829 69.545236 11.088293
v -5.394902 69.385712 11.301185
v -4.859910 70.223459 12.298204
v -4.932758 69.981968 12.110058
v -5.045181 69.562440 11.770544
v -5.179842 69.226922 11.456156
v -4.802606 70.658886 12.457040
v -4.730530 70.468165 12.540289
v -4.620836 70.323260 12.582988
v -4.771885 69.865897 12.156483
v -4.896083 69.260804 11.678411
v -4.838332 69.446161 11.823546
v -4.747499 69.616153 11.995489
v -4.603020 69.766599 12.181469
v -4.482492 70.206396 12.592813
v -4.410508 69.901585 12.375167
v -4.660381 69.376099 11.855281
v -1.493214 66.489367 13.867397
v -1.614605 66.420463 13.669270
v -1.617751 66.312633 13.743024
v -1.716837 66.304998 13.550386
v -1.762869 66.084863 13.518641
v -1.732316 65.992090 13.568242
v -1.691408 66.097378 13.670130
v -1.723330 65.852309 13.650707
v 1.311046 65.384047 14.384222
v 1.456521 65.329570 14.285337
v 1.631113 65.360751 14.162534
v 1.779051 65.435378 14.046286
v 1.884340 65.525147 13.936667
v -2.469224 63.302152 12.401993
v -4.814604 68.544185 11.470574
v -4.721704 68.639427 11.534388
v -4.728710 68.698642 11.537893
v -4.627277 68.799884 11.645215
v -4.561465 68.846875 11.722450
v -4.551217 69.004463 11.747237
v -4.624040 68.986602 11.683095
v -4.497664 69.032664 11.817257
v -4.581844 69.154949 11.773239
v -4.434869 69.318742 11.928783
v -4.441871 69.156955 11.894319
v -4.530691 69.338984 11.887083
v -4.311672 69.249436 12.075251
v -4.444989 69.514156 12.025971
v -4.194295 69.636692 12.204236
v -4.448242 69.700999 12.190262
v -4.312795 69.660412 12.191514
v -5.631002 69.356871 10.945544
v -6.471811 67.232043 0.452761
v -6.855468 67.017256 1.722365
v -6.674418 66.505147 1.666256
v -6.111753 66.408445 0.559669
v -7.116710 67.343540 2.761399
v -7.017294 66.815740 2.946577
v -6.987451 66.277694 3.339705
v -6.544182 65.403585 3.137348
v -5.642786 64.604367 1.051513
v -5.938327 64.653516 1.798095
v -6.112041 64.400108 2.674099
v -6.761415 65.528704 3.582045
v -7.491150 67.384289 3.235289
v -6.219910 64.135775 3.497590
v -6.786034 65.181665 4.183452
v -5.285702 64.552929 0.442910
v -6.395373 64.453897 4.253370
v -6.271932 63.964412 4.191731
v -6.212654 63.363899 4.319784
v -6.141044 62.009769 2.821178
v -6.326689 63.974695 4.741676
v -6.116730 62.652816 4.658435
v -4.333778 70.111663 12.583161
v -4.196603 70.015760 12.576425
v -4.077856 69.943174 12.570383
v -4.146320 69.786224 12.380670
v -3.970471 69.898122 12.566157
v -3.847368 69.878000 12.558274
v -3.722825 69.791879 12.607579
v -3.909414 69.682766 12.450899
v -3.529001 69.877223 12.731454
v -3.650429 69.675015 12.686026
v -4.101163 69.560847 12.278501
v -3.408131 69.656151 12.850033
v -3.602989 69.601513 12.739782
v -4.039494 69.473723 12.367423
v -3.810623 69.523438 12.611381
v -3.998376 69.414622 12.440747
v -3.564348 69.541577 12.780442
v -3.535136 69.485473 12.805365
v -4.156304 69.299835 12.286020
v -3.961273 69.361160 12.497201
v -3.477351 69.453603 12.736665
v -3.927329 69.303562 12.514405
v -4.266985 69.206249 12.158372
v -3.437485 69.445325 12.675107
v -3.857868 69.271981 12.450824
v -4.220100 69.171580 12.222951
v -4.343137 69.126261 12.059174
v -3.818980 69.269245 12.387040
v -4.068998 69.114262 12.197553
v -4.396215 69.059576 11.982929
v -4.448864 69.052789 11.897012
v -4.333826 69.056374 12.058367
v -4.135291 69.036391 12.094718
v -4.056661 69.067409 12.085851
v -4.427865 69.000243 11.924887
v -4.537188 68.926924 11.760778
v -4.502139 68.900918 11.802837
v -4.438816 68.950215 11.886996
v -4.367166 68.989274 11.968843
v -4.157930 69.016245 12.049916
v -4.432082 68.910181 11.869227
v -4.083797 69.022240 12.029191
v -4.407590 68.875554 11.874206
v -4.566868 68.788551 11.700848
v -4.551491 68.740137 11.699892
v -4.436801 68.770092 11.814499
v -4.360033 68.839883 11.907252
v -4.280359 68.903134 11.990792
v -4.220915 68.949192 12.076492
v -4.061830 69.002685 12.063317
v -4.132891 68.983782 12.086107
v -4.512749 68.699959 11.726130
v -4.593221 68.636918 11.643833
v -4.281005 68.797671 11.973410
v -4.441150 68.666905 11.787974
v -4.624738 68.535627 11.627820
v -4.170212 68.748196 12.080068
v -4.325369 68.635456 11.892524
v -4.037342 68.694092 12.229118
v -4.508864 68.491069 11.743340
v -4.319327 68.429352 11.911840
v -4.162042 68.589614 12.043549
v -3.918753 68.572571 12.313430
v -3.881314 68.641090 12.392705
v -3.964163 68.513130 12.231438
v -5.895573 62.281062 1.950237
v -6.144493 61.302009 2.711993
v -5.594401 61.661724 1.162852
v -5.212522 62.330182 0.580340
v -5.422317 61.152083 5.942470
v -5.622861 61.008864 1.131555
v -6.204511 60.381937 3.422745
v -5.897291 62.287403 5.992486
v -5.563462 61.743948 6.577196
v -5.024939 61.035928 6.948237
v -4.936020 60.682747 6.697389
v -6.220326 59.208142 3.171660
v -6.165263 60.069142 2.472967
v -6.178435 59.513746 2.387840
v -5.986558 59.716821 1.686467
v -6.213628 58.900920 2.311496
v -5.609428 58.240774 4.832307
v -4.972613 58.307345 5.700676
v -6.077235 57.249516 3.756944
v -6.259108 57.742408 2.952670
v -5.160762 56.931749 5.431660
v -5.709992 56.731461 4.594417
v -6.153133 58.529491 1.628345
v -6.356978 57.253957 2.149853
v -5.238259 56.037611 5.306758
v -5.746509 55.036470 4.495664
v -6.306051 55.767400 2.875662
v -6.443637 56.191273 2.106525
v -4.650646 55.607634 5.958090
v -6.489964 56.759001 1.453710
v -6.007325 58.639425 0.976901
v -5.798616 58.733541 0.409690
v -5.836549 59.250711 1.028807
v -6.295575 57.814058 -0.284834
v -5.572551 58.798989 -0.194428
v -5.898338 58.325608 -0.216717
v -5.410882 59.818013 0.462716
v -5.298037 59.308746 -0.153216
v -5.085700 59.843051 -0.086658
v -5.274822 58.914987 -0.786269
v -4.981287 59.400185 -0.705451
v -4.937977 60.427496 -0.028533
v -4.753877 59.946037 -0.608693
v -5.240931 61.011000 0.529826
v -4.391015 60.054824 -1.115851
v -4.576248 60.519577 -0.528957
v -4.832570 61.041917 0.009157
v -4.428530 61.111232 -0.448981
v -4.776159 61.667777 0.050148
v -3.804739 60.691754 -1.473106
v -3.658202 61.278288 -1.361470
v -4.336760 61.723604 -0.369664
v -3.535892 61.861447 -1.251853
v -3.733353 68.456947 12.425166
v -3.466096 68.505818 12.650517
v -3.683522 68.601773 12.551487
v -3.474945 68.426193 12.597523
v -3.452453 68.573073 12.693042
v -3.480323 68.327504 12.538422
v -3.190004 68.389980 12.701686
v -2.909751 68.482001 12.806415
v -2.909793 68.380874 12.756856
v -3.189895 68.560632 12.787368
v -2.913240 68.566277 12.845125
v -2.660003 68.428276 12.783780
v -2.446749 68.567475 12.827818
v -2.654597 68.597434 12.868297
v -2.924984 68.630918 12.886824
v -2.438012 68.659261 12.860655
v -2.434281 68.731736 12.890069
v -2.443656 68.768567 12.920199
v -2.443757 68.827284 12.873633
v -2.124914 68.921207 12.796163
v -2.448249 68.865449 12.819196
v -1.923386 68.984754 12.705898
v -1.941625 69.009258 12.639451
v -3.407146 68.766870 12.697398
v -3.446627 68.696091 12.747637
v -3.371692 68.812894 12.646258
v -3.444213 68.634757 12.721974
v -3.780242 68.844627 12.461246
v -3.848628 68.779041 12.504596
v -3.735670 68.890548 12.415371
v -3.858481 68.713405 12.452579
v 4.839844 70.081872 12.270730
v 4.986266 70.191991 12.225013
v 5.237734 70.199053 11.883470
v 5.197632 70.635970 11.853366
v 5.059682 70.976433 12.048806
v 5.246264 70.913023 11.646580
v 5.616035 70.641873 10.860351
v 5.329994 71.208586 11.416806
v 4.866029 71.048901 12.447632
v 5.428657 71.475607 11.173384
v 5.782968 70.425019 10.499229
v 5.736060 70.863633 10.524944
v 5.660351 71.298216 10.684548
v 6.024827 70.659297 9.739245
v 6.042460 70.187491 9.798460
v 4.910269 71.670418 12.088463
v 5.548655 71.776446 10.918776
v 5.970962 71.267070 9.868308
v 6.157933 70.284751 9.387526
v 6.144231 69.840583 9.623852
v 6.266263 69.861314 9.189084
v 6.217975 71.243181 9.157129
v 5.680927 72.086265 10.661001
v 5.394920 72.227109 11.193366
v 6.378075 70.946574 8.703789
v 6.474124 69.414853 8.693640
v 6.348795 69.445300 9.139692
v 6.146763 71.839796 9.457617
v 6.383908 71.693985 8.798326
v -4.318206 62.277062 -0.307628
v -4.783076 62.305423 0.095460
v -4.831926 62.936007 0.113697
v -4.481281 63.572586 -0.333969
v -4.207534 64.388245 -0.799641
v -4.565272 64.415173 -0.453911
v -4.923604 64.473270 -0.051159
v -4.900832 63.605058 0.075899
v -4.720800 65.397362 -0.671421
v -5.051499 65.459384 -0.282397
v -5.091496 66.389687 -0.924697
v -5.417130 66.408592 -0.528478
v -5.473724 67.293549 -1.118908
v -5.709495 67.931557 -1.189733
v -5.894232 67.907417 -0.954088
v -5.938578 60.906208 1.818034
v -0.969739 76.666936 12.592425
v -0.974711 76.285465 12.908340
v -0.647776 76.328480 12.946641
v -0.974730 75.870921 13.178641
v -0.319819 76.362648 12.974164
v -0.316996 76.733339 12.674403
v -0.321863 75.951308 13.240445
v 0.008529 76.376458 12.987007
v 0.334369 75.953940 13.250120
v 0.332286 75.512321 13.478611
v 0.658028 75.488021 13.465852
v 0.978270 74.991776 13.632993
v 0.980524 74.560979 13.765178
v -4.840774 70.909284 12.329019
v -7.837949 69.489598 4.434331
v -7.727650 69.298486 4.638639
v -7.611203 69.016065 4.681250
v -7.649028 69.072489 4.793977
v -7.581783 68.773435 4.766021
v -7.586008 68.830481 4.888130
v -7.639110 68.668891 4.613684
v -7.642927 68.886184 4.498249
v -7.514579 68.568036 4.931326
v -7.564607 68.441647 4.666154
v -7.413982 68.257242 4.926869
v -7.496679 68.287065 5.077550
v -7.662298 68.332619 4.492521
v -7.287213 68.214940 4.636955
v -7.416311 68.042879 5.031251
v -7.328423 67.997257 4.890404
v -7.359323 68.127573 4.435524
v -7.173568 67.782364 4.395332
v -7.149371 67.913534 4.653454
v -7.301619 67.728270 4.812939
v -7.225644 67.634832 4.689329
v -7.371810 67.830002 5.127657
v -7.388706 67.892963 4.993383
v -7.351095 67.811449 4.893939
v -7.207635 67.465490 4.447797
v -7.364077 67.675193 4.978531
v -7.353818 67.553104 4.882453
v -7.362400 67.036275 4.290913
v -7.254107 67.586754 5.105047
v -4.529264 64.457479 12.344937
v -4.963739 64.223967 11.846542
v 6.224648 72.101624 9.298152
v 6.072050 72.486672 9.748945
v 6.388603 68.989526 9.241737
v 6.685737 69.686669 7.825796
v 6.639654 70.492562 7.955822
v 6.295839 72.384447 9.136586
v 6.384978 68.541801 9.467485
v 6.748019 68.954587 7.811255
v 6.679083 68.204733 8.306896
v 6.732891 67.478309 7.760474
v 6.908481 68.941877 6.915987
v 6.967118 69.947080 6.786208
v 6.693400 66.721725 7.643685
v 6.481353 67.019469 9.299198
v 6.790343 66.856691 7.027472
v 6.900867 68.230919 6.905072
v 6.968820 68.744867 6.533257
v 6.951605 68.126204 6.519087
v 6.857522 66.915689 6.673519
v 6.645603 65.986398 7.491796
v 6.941090 67.566504 6.473915
v 6.903769 66.931489 6.394449
v 6.969214 67.922655 6.330882
v 6.968770 67.669516 6.307167
v 6.624336 65.185300 7.203891
v 6.820757 66.286901 6.491298
v 6.991035 67.846673 6.133800
v 6.950993 67.089344 6.250512
v 7.012870 67.381514 6.032459
v 6.797207 65.704414 6.312710
v 7.017217 67.795730 5.922488
v 7.043101 67.589235 5.860769
v 7.020289 66.723414 5.936301
v 7.118989 67.321823 5.785493
v 7.167431 66.663346 5.741280
v 7.351234 66.862542 5.478864
v 7.099389 66.362189 5.730062
v 7.105191 66.067350 5.686588
v 7.173865 65.756653 5.611466
v 7.392133 66.800746 5.298877
v 7.365250 66.597775 5.371777
v 7.224812 66.434335 5.477377
v 7.202850 67.398378 5.384403
v 7.224782 65.956932 5.514470
v 7.130367 66.262886 5.488842
v 7.290220 66.828928 5.208098
v 7.201579 67.073322 5.206031
v 7.184586 66.492551 5.362704
v 6.948451 66.232521 5.239232
v 7.321998 65.704118 5.418353
v 7.054037 66.573174 5.294136
v 7.086998 66.724434 5.247242
v 7.061170 66.909202 5.218826
v 6.858293 66.720772 5.220879
v 6.855006 66.417471 5.115193
v 6.807550 66.605667 5.039171
v 6.792335 66.979530 5.209896
v 6.940989 66.492449 4.838260
v 6.867841 66.618720 4.703863
v 6.643549 66.970037 4.904901
v 6.696667 67.162105 5.178401
v 7.120070 67.307938 5.250951
v 6.908154 67.279151 5.251573
v 6.809179 66.749251 4.603389
v 6.746692 67.141226 4.834981
v 6.736199 67.337581 5.112867
v 6.929163 67.429720 5.249563
v 7.086964 66.529447 4.400786
v 7.109771 66.468143 4.555316
v 7.122805 67.652458 5.480253
v 7.091968 67.508784 5.318982
v 6.881922 66.898694 4.554472
v 7.083887 66.643420 4.289915
v 6.945475 67.230580 4.800911
v 6.954650 67.405036 5.018984
v 7.014006 67.000093 4.536377
v 7.070985 67.751827 5.693126
v 7.145027 67.819516 5.513349
v 7.156585 67.662077 5.341471
v 7.300314 67.270469 4.835682
v 7.163957 66.771482 4.251280
v 7.265683 67.603679 5.129653
v 0.600600 70.916223 14.496177
v 0.520682 70.637073 14.482591
v 0.686309 71.247375 14.499522
v 0.456281 71.239038 14.481994
v 0.472540 70.422334 14.444819
v 0.754642 71.573962 14.496550
v 0.231630 71.225848 14.464688
v 0.207657 70.888987 14.462041
v 0.252373 71.569688 14.471895
v 0.459454 70.252869 14.383805
v 0.326166 70.428005 14.434596
v 0.191366 70.627842 14.451232
v 0.184206 70.426177 14.415154
v 0.808850 71.866159 14.451836
v 0.536952 71.875917 14.451597
v 0.268295 71.880282 14.448155
v 0.187759 70.272157 14.358534
v 0.283832 72.166455 14.381240
v 0.198429 70.143984 14.294754
v 0.334001 70.133150 14.310812
v -0.137920 70.869886 14.445746
v -0.093240 70.601103 14.433894
v -0.060705 70.411402 14.397211
v -0.043684 70.255914 14.339851
v 0.211294 70.030272 14.233253
v -0.036397 70.128262 14.274700
v -0.202542 70.396429 14.396909
v -0.034409 70.011869 14.211556
v 0.224656 69.918315 14.185770
v -0.170718 70.099221 14.268533
v -0.348356 70.369925 14.388876
v -0.313800 70.201464 14.324764
v -0.307479 70.057866 14.248499
v -0.035717 69.899521 14.162620
v 0.236323 69.803203 14.164250
v 0.389128 69.778986 14.167332
v -0.315993 69.926559 14.170667
v -0.434797 69.999826 14.204690
v -0.038783 69.784258 14.140426
v -0.329980 69.803482 14.106920
v 0.244756 69.674198 14.182195
v -0.551867 69.923968 14.130807
v -0.560216 69.780966 14.014242
v -0.573605 69.645671 13.923255
v -0.042886 69.655171 14.159196
v -0.191385 69.740369 14.118875
v -0.342357 69.678378 14.073111
v -0.476109 69.598979 13.991642
v 0.248153 69.517599 14.255737
v -0.583718 69.504264 13.878060
v -0.669283 69.405632 13.743514
v -0.349844 69.538911 14.078314
v -0.590181 69.356633 13.880693
v -0.746645 69.315483 13.607827
v -0.781963 69.138289 13.631719
v -0.353778 69.377681 14.132646
v -0.592625 69.196046 13.932959
v -0.832196 68.954959 13.693709
v -0.824827 69.241849 13.484603
v -0.899852 69.186923 13.371683
v -0.879481 69.372653 13.371870
v -0.755807 69.615187 13.729739
v -0.912495 69.530751 13.408422
v -0.892140 69.685797 13.698747
v -0.838047 69.892716 14.030932
v -0.665656 69.832306 14.020042
v -1.076280 69.454886 13.027230
v -1.041808 69.284695 13.043566
v -1.062589 69.636604 13.311635
v -1.113896 69.762917 13.652703
v -1.125307 69.613015 13.144260
v -1.185374 69.570283 13.030118
v -1.170325 69.986472 14.018857
v -0.976617 70.069552 14.173849
v -0.567920 70.084553 14.241493
v -1.334141 69.651465 13.065704
v -1.391992 69.841458 13.543348
v -1.444457 69.793229 13.288369
v 7.277892 67.058284 4.579126
v 7.380510 67.689151 5.001928
v 7.378775 67.557646 4.890963
v 7.328593 66.890126 4.273991
v 7.422722 67.027020 4.243110
v 7.377856 67.847352 5.148108
v 7.148784 68.113122 5.680652
v 7.367817 67.823674 4.909862
v 7.396998 67.908279 5.007243
v 7.333829 67.729600 4.816681
v 7.263509 67.633590 4.683087
v 7.416953 68.061714 5.041857
v 7.336026 68.031313 4.900804
v 7.411556 68.303104 4.940165
v 7.495832 68.334354 5.089376
v 7.510956 68.581569 4.945358
v 7.174512 67.922126 4.637992
v 7.304905 68.214475 4.631937
v 7.250459 67.454349 4.413843
v 7.208263 67.776815 4.361319
v 7.582265 68.456536 4.666770
v 7.386785 68.125940 4.406170
v 7.688819 68.335806 4.472794
v 7.405871 67.256116 4.126166
v 7.565080 67.986868 4.140626
v 7.796688 68.534905 4.408483
v 7.654886 68.664002 4.613664
v 7.846730 68.216297 4.193947
v 7.749825 67.138178 3.855332
v 7.765167 67.456838 3.867089
v 7.848237 67.832174 3.918264
v 7.974935 68.392289 4.105360
v 7.815370 68.717732 4.243879
v 8.149639 68.222589 3.816436
v 8.078455 67.668099 3.801339
v 8.000459 68.531451 3.949291
v 8.112099 67.096679 3.763015
v 8.202534 68.300497 3.692956
v 8.279270 67.490222 3.702654
v 8.327808 67.154419 3.717555
v 8.392837 67.560867 3.534140
v 7.812626 68.886271 3.977951
v 8.262583 68.442691 3.523006
v 8.152870 68.843794 3.568810
v 8.460203 67.210211 3.560729
v 8.534405 67.198833 3.293118
v 8.424819 68.004754 2.792326
v 8.502609 67.582486 2.851370
v 8.587456 67.171541 2.858339
v 8.549597 67.545058 2.708703
v 8.498059 67.962558 2.624743
v 8.702657 67.057158 2.711576
v 8.450361 68.535083 2.593251
v 8.607431 67.943052 2.528007
v 8.720370 67.428922 2.520270
v 8.643007 66.643675 2.972291
v 8.544804 66.244639 3.265606
v 8.447440 69.011030 2.640378
v 8.713642 67.922477 2.391399
v 8.747493 67.885310 2.221412
v 8.570168 66.130773 3.153278
v 8.678159 68.528408 2.358428
v 8.652441 68.414465 2.026505
v 8.486851 66.037253 3.000038
v 8.704258 69.050342 2.434380
v 8.496894 67.802969 1.936213
v 8.678443 68.989566 2.132534
v 8.710931 69.456108 2.327246
v 8.721463 69.392803 2.605335
v 8.195755 68.762422 2.169149
v 8.701022 69.770892 2.637672
v 8.716677 69.643619 2.863106
v 7.947553 68.403737 2.492944
v 7.998857 68.921413 2.594554
v 8.038172 69.342687 2.759356
v 8.226173 69.914516 2.920678
v 8.029741 69.610190 2.998003
v 8.644304 69.976349 3.043306
v 8.090844 70.018648 3.375643
v 7.814808 69.299716 3.109615
v 7.766241 69.505308 3.369415
v -1.199434 70.347649 14.298099
v -1.493779 69.723943 13.114760
v -0.788503 70.184603 14.273349
v -0.633600 70.273973 14.333255
v -1.434206 70.708439 14.374795
v -0.763447 70.487416 14.403846
v -0.935412 70.799369 14.452313
v -1.626509 71.082114 14.393557
v -1.943166 71.099619 14.309089
v -1.347683 71.116862 14.448777
v -1.096337 71.145237 14.470275
v -1.777317 71.458803 14.359970
v -1.223303 71.478977 14.448675
v -1.603930 71.758650 14.351646
v -1.895903 71.758844 14.294705
v -1.325709 71.772936 14.388612
v -0.530405 70.855804 14.452370
v -0.639140 71.193096 14.471856
v -0.722803 71.521953 14.465860
v -1.054132 71.791157 14.400628
v -0.786875 71.816117 14.413718
v -1.417227 72.051469 14.301050
v -0.411470 71.201696 14.462407
v -0.520569 71.842173 14.427763
v -0.844820 72.098809 14.333964
v -1.498662 72.330856 14.191522
v -0.898857 72.378721 14.227313
v -0.595766 72.407809 14.244294
v -0.254716 71.863597 14.437350
v -0.228282 71.552007 14.463190
v -0.275734 72.150810 14.367126
v -0.294196 72.430456 14.264384
v -0.947718 72.675554 14.103432
v -0.310285 72.712643 14.151888
v -0.656948 73.009838 14.019338
v -0.987984 72.993497 13.989943
v -0.324468 73.019574 14.050013
v 0.299575 72.445822 14.282477
v 0.315111 72.733673 14.172862
v 0.601539 72.441118 14.280318
v 0.907059 72.433624 14.281924
v 0.858920 72.147566 14.380558
v 1.081497 71.856446 14.453455
v 1.438993 72.133604 14.381345
v 1.512144 72.419551 14.284304
v -0.188193 71.207540 14.453766
v -0.424096 70.574506 14.430344
v -1.539385 69.655549 13.006880
v -1.575636 69.605830 12.924714
v -1.432702 69.538038 12.910910
v -1.246174 69.518419 12.957273
v -1.300187 69.470796 12.900978
v -1.346939 69.433953 12.846417
v -1.198443 69.369963 12.898451
v -1.392603 69.397840 12.797357
v -1.517211 69.453619 12.807406
v -1.703889 69.446226 12.794944
v -1.602126 69.379546 12.736899
v -1.663202 69.493305 12.824460
v 6.010340 67.880936 -1.738895
v 5.205299 66.367943 -1.703919
v 5.523489 66.387001 -1.279171
v 6.206009 66.404996 -0.025541
v 5.146916 65.441345 -0.917258
v 4.820775 65.378769 -1.317234
v 7.937780 69.774604 3.369523
v 7.661622 69.642327 3.703953
v 7.793534 69.846060 3.790327
v 7.781835 69.971032 4.238420
v 7.651167 69.821770 4.179963
v 8.261134 70.104583 3.971927
v 7.629043 69.852741 4.609412
v 7.536949 69.712695 4.136688
v 7.509213 69.756872 4.563066
v 7.762057 69.905414 4.679189
v 7.487746 69.711450 4.929125
v 7.451512 69.734625 4.552754
v 7.395393 69.663894 4.894273
v 7.895124 69.877705 4.740044
v 7.729414 69.686307 5.017044
v 7.362505 69.673521 4.879099
v 7.335178 69.552383 5.174062
v 7.475785 69.536760 5.213829
v 7.388776 69.556456 5.191279
v 7.986510 69.760355 4.746470
v 7.591626 69.467802 5.225378
v 7.316653 69.600285 5.166197
v 7.286417 69.430306 5.399373
v 7.713497 71.039856 4.536055
v 7.711884 69.332260 5.188717
v 7.477342 69.236192 5.414609
v 7.272851 69.509503 5.413253
v 7.235633 69.288735 5.578497
v 7.260331 69.135059 5.590511
v 7.360682 68.997262 5.574901
v 7.144752 69.158099 5.786589
v 7.213587 68.710603 5.682705
v 7.476756 68.819820 5.463267
v 7.122368 68.476173 5.796155
v 7.064277 68.231172 5.885287
v 7.027683 67.996785 5.929457
v 7.584302 68.661092 5.277816
v 7.573923 68.589567 5.086102
v 7.643060 68.849636 5.023109
v 7.767509 69.170227 5.059149
v 7.727955 69.089991 4.915643
v 7.581354 68.828432 4.904694
v 7.648398 69.065393 4.812764
v 7.587534 68.768925 4.775379
v 7.835448 69.308912 4.761475
v 7.736628 69.287497 4.656106
v 7.618989 69.007552 4.692435
v 8.007698 69.597945 4.678068
v 7.946969 69.494783 4.564418
v 7.865747 69.473513 4.445714
v 7.663032 68.877150 4.496094
v 7.689073 69.094312 4.274980
v 7.828454 69.453776 4.274582
v 8.112023 69.643890 4.282430
v 8.033073 69.615915 4.156768
v 7.906174 69.322004 3.965452
v 8.042614 69.596770 3.971318
v 8.294628 69.728303 3.946197
v 8.233691 69.691229 3.624625
v 8.168688 69.485388 3.681138
v 8.338705 69.717569 3.544942
v 8.450004 69.744612 3.587977
v 8.312906 69.599892 3.342432
v 8.426806 69.652789 3.240559
v 8.662704 69.790838 3.185690
v 8.459560 69.517374 2.984535
v 8.458727 69.345889 2.789824
v 4.640809 64.391068 -0.908773
v 5.001117 64.453818 -0.501413
v 4.286536 64.369667 -1.247354
v 6.183503 76.766788 5.221499
v 5.385755 77.539974 6.087082
v 5.885273 76.893525 6.261818
v 6.268173 76.135974 6.458000
v 5.591573 76.994555 7.071682
v 4.934931 77.521259 7.753807
v 4.656649 78.001663 6.960325
v 5.316994 77.082144 7.780098
v 5.609693 76.608026 7.897036
v 5.797377 76.127196 8.127272
v 5.051365 77.146393 8.415198
v 5.893630 75.703978 8.417068
v 5.013338 76.846437 9.069176
v 4.796536 77.184401 8.968927
v 5.175881 76.473433 9.249526
v 5.296694 76.075738 9.476058
v 4.557176 77.206126 9.425827
v 4.856504 76.564515 9.740062
v 4.331940 77.238855 9.774184
v 4.247613 77.401730 9.666003
v 4.439390 76.975895 9.947209
v 4.092016 77.619429 9.479997
v 4.091085 77.304657 10.038457
v 3.788773 77.588264 9.986654
v 4.228948 76.738286 10.530518
v 3.876053 77.136305 10.533140
v 4.615592 76.268829 10.433972
v 4.774342 72.362391 12.174143
v 5.204984 72.637054 11.500343
v 5.079371 72.301325 11.700613
v 4.974182 71.990280 11.895415
v 5.622784 72.953851 10.740319
v 4.658960 71.733659 12.510715
v 5.882460 72.770777 10.220050
v 5.093211 61.051607 7.295998
v -0.320666 58.268368 9.915493
v -0.288501 58.508756 10.203248
v -0.273881 58.613287 10.487239
v 0.077207 58.657737 10.766169
v -0.265698 58.697836 10.757092
v -0.646181 58.570547 10.144134
v -0.377583 57.822285 9.617717
v -0.886668 57.962040 9.531472
v -1.009109 58.367900 9.750767
v -0.261591 58.769063 11.011535
v -0.606891 58.769969 10.694705
v -0.973979 58.791185 10.312327
v -0.998738 58.625573 10.024037
v -0.949792 58.860078 10.578367
v -1.414996 58.334831 9.511845
v -1.384613 58.660969 9.825685
v -0.262117 58.841231 11.262904
v -0.933806 58.933939 10.832794
v -1.299993 58.946211 10.411255
v -0.599652 58.913271 11.196868
v -0.934926 58.996460 11.078474
v -0.269053 58.916555 11.516762
v 0.077360 58.801526 11.275152
v 2.588643 70.354804 13.435062
v 2.608437 70.429502 13.571140
v 2.027839 70.245558 13.803639
v 2.380078 70.548221 13.994486
v 2.212817 70.941509 14.289763
v 2.009598 71.227323 14.390821
v 2.023202 72.140064 14.315469
v 1.808228 72.414827 14.263263
v 2.101326 72.418678 14.224663
v 2.161755 72.713244 14.121067
v 1.574840 72.721276 14.176579
v 1.917362 73.028512 14.042403
v 1.622783 73.039726 14.062221
v 1.648832 73.378378 13.965452
v 1.314188 73.047768 14.064371
v 1.642378 73.731045 13.892851
v 0.992766 73.047288 14.062527
v 0.952594 72.730657 14.166812
v 0.661493 73.045242 14.066317
v 1.015269 73.394599 13.990822
v 1.008314 73.762457 13.929099
v 1.332851 73.749763 13.914023
v 1.623461 74.110913 13.818583
v 0.672605 73.763867 13.936828
v 0.336859 73.376095 14.000687
v 0.329120 73.037040 14.074144
v 0.990101 74.150579 13.857997
v 0.335115 73.758316 13.934637
v 0.656411 74.584469 13.776153
v 0.330719 74.177398 13.864766
v 0.329714 74.601249 13.780670
v -0.329973 73.740702 13.911034
v -0.332036 73.359537 13.975837
v 0.331185 75.041626 13.659414
v -0.325480 74.169787 13.842332
v -0.324151 74.597319 13.761972
v -0.667217 73.728535 13.887169
v 0.004533 75.520185 13.479733
v -0.324459 75.045356 13.643724
v -0.650798 74.570183 13.733853
v -1.002579 73.705450 13.850234
v -1.010011 73.338094 13.912524
v -0.984451 74.097787 13.782778
v -0.323259 75.508091 13.467081
v -0.974880 74.533661 13.695052
v -1.326959 73.672884 13.805374
v -1.636468 73.636742 13.755497
v -0.649140 75.476599 13.438655
v -0.971710 74.975708 13.571947
v -1.617816 74.019324 13.684272
v -0.972004 75.432301 13.398938
v -1.605406 74.442906 13.594684
v -1.291458 75.383341 13.351735
v -1.602191 74.920268 13.465299
v -1.928940 73.604692 13.696111
v -1.906207 74.425291 13.520203
v -2.200959 73.964096 13.535026
v -1.605579 75.335881 13.292569
v -1.612438 75.774888 13.067005
v -2.198739 74.396377 13.431228
v -1.911366 75.294658 13.213890
v -1.298150 76.242233 12.856712
v -1.614199 76.202119 12.785097
v -2.208461 75.264324 13.115589
v -2.202749 74.789764 13.304451
v -2.484696 74.324667 13.330520
v -1.606182 76.603574 12.445570
v -1.921114 76.170015 12.690772
v -2.216382 75.705381 12.878408
v -2.497831 75.245538 12.997988
v -2.765890 74.310526 13.199596
v -0.284662 58.989425 11.779858
v 1.387942 67.128404 14.336168
v 1.227156 67.267392 14.569428
v 1.243923 67.085094 14.699855
v 1.041117 67.401743 14.801013
v 1.271466 66.904677 14.824724
v 1.408297 66.785270 14.561273
v 1.103793 67.031826 15.081289
v 0.863405 67.521293 15.020035
v 1.312936 66.716279 14.948679
v 1.545468 66.509356 14.814900
v 0.893168 67.343758 15.168215
v 0.934878 67.160809 15.318062
v 1.148135 66.823663 15.218459
v 0.690056 67.606206 15.212492
v 1.379415 66.526587 15.080969
v 1.449419 66.332981 15.205013
v 0.979497 66.946202 15.472429
v 0.757689 67.246632 15.531581
v 0.517992 67.655928 15.363414
v 0.539695 67.466377 15.523726
v 1.250214 66.354401 15.482453
v 1.024326 66.696846 15.628155
v 0.796961 67.027215 15.700248
v 0.573723 67.275084 15.703139
v 0.355325 67.691939 15.472381
v 1.067666 66.422668 15.766666
v 1.107186 66.180727 15.864106
v 0.609227 67.053773 15.885355
v 0.400066 67.278919 15.822753
v 0.217006 67.501639 15.704910
v 0.900003 66.501648 16.023219
v 0.653380 66.810078 16.060885
v 0.431548 67.050676 16.014122
v 0.714008 66.552301 16.214915
v 0.266665 67.048248 16.088372
v 0.240993 67.280681 15.894068
v 0.293308 66.808543 16.262632
v 0.517584 66.565682 16.335174
v 0.769049 66.277022 16.315068
v 0.798104 66.007796 16.356054
v 0.089103 67.279351 15.916696
v 0.108509 67.049530 16.112976
v 0.327138 66.570697 16.401961
v 0.361623 66.338429 16.496612
v 0.150132 66.576533 16.424561
v -0.046927 67.046538 16.086111
v -0.032302 66.810259 16.257801
v -0.023541 66.576430 16.395418
v -0.020779 66.348820 16.489863
v -0.206936 66.575028 16.321931
v -0.205671 67.044844 16.009835
v -0.017391 66.125220 16.537094
v -0.217849 66.091750 16.463003
v -0.405183 66.296076 16.296645
v -0.390871 66.557481 16.195865
v -0.373611 66.802611 16.047779
v -0.405791 66.034712 16.338688
v -0.549812 66.492629 16.001508
v -0.394246 65.801044 16.333050
v -0.357585 65.608766 16.288084
v -0.740872 65.840919 15.938139
v -0.697548 65.701986 15.946475
v -0.882690 65.749888 15.687901
v -0.617608 65.592658 15.924243
v -0.515793 65.525827 15.842854
v -0.713901 65.605913 15.624488
v -0.995288 65.636363 15.383645
v -0.917855 65.598118 15.347771
v -0.847311 65.613860 15.304490
v -1.099639 65.535460 15.070196
v -0.793119 65.625889 15.259615
v -0.541495 65.602295 15.430411
v -1.186538 65.491331 14.817632
v -0.981645 65.569590 15.020809
v -0.342450 65.500271 15.419583
v -0.931530 65.596582 15.004067
v -0.747962 65.637611 15.212485
v -0.501057 65.610197 15.344818
v -2.761156 73.953980 13.303755
v -2.782319 75.233059 12.858610
v -2.771816 74.804270 13.046615
v -2.219633 76.150694 12.574401
v -3.068381 75.220891 12.695906
v -2.794152 75.681252 12.607950
v -2.511325 76.143437 12.437132
v -2.211109 76.577822 12.212071
v -2.799092 76.140685 12.280356
v -3.087080 76.131427 12.104420
v -2.788272 76.655268 11.909149
v -2.763792 77.040744 11.538307
v -3.045629 77.024110 11.376756
v -3.290512 77.305862 10.873670
v 6.212822 69.451242 9.590144
v 6.077845 69.427904 10.012158
v 6.240279 69.054493 9.679152
v 5.939880 69.427568 10.366074
v 5.898897 68.888631 10.504714
v 6.224237 68.661372 9.876494
v 6.154480 68.406028 10.140357
v 6.337548 68.220104 9.727035
v 6.034549 68.028378 10.485435
v 6.207564 67.766333 10.180138
v 6.262568 66.594484 10.065047
v 6.024043 66.216836 10.649937
v 5.726250 65.961550 11.188209
v 6.453948 65.746904 8.835792
v 6.299530 65.426299 9.469686
v 5.210337 65.756351 11.822619
v 6.104116 65.064674 10.032571
v 5.822477 64.766751 10.547098
v 5.491788 64.591946 10.973919
v 6.465708 64.157059 8.099572
v 6.325725 63.860798 8.739912
v 6.558834 64.372504 7.442206
v 5.859170 63.386051 9.906587
v 5.185969 64.421615 11.341514
v 6.621447 64.364661 6.824646
v 6.514336 63.763719 6.576890
v 5.544527 63.317557 10.428665
v 5.262526 63.302220 10.868478
v 5.246175 63.857677 11.087656
v 6.338246 63.124960 6.601402
v 5.046133 62.146627 10.705895
v 4.976324 62.752510 11.119375
v 4.790579 63.300923 11.530734
v 4.738878 62.841833 11.431612
v 4.917767 64.307387 11.650191
v 4.603376 62.324143 11.425249
v 4.512542 62.856381 11.728565
v 4.682218 64.163891 11.917877
v -1.111601 65.517130 14.807181
v -1.040893 65.551746 14.803628
v -0.262121 65.394468 15.117920
v -0.322481 65.515942 15.306867
v -0.468995 65.642614 15.247227
v -0.955075 65.605886 14.800692
v -0.694776 65.661669 15.144378
v -1.200981 65.475735 14.643131
v -1.113321 65.515105 14.642130
v -0.783029 65.696104 14.856099
v -0.236326 65.503612 14.857511
v -0.250741 65.506914 15.033647
v -1.016791 65.576106 14.599754
v -0.616503 65.717853 15.046815
v -1.229347 65.436256 14.530802
v -1.129251 65.489627 14.542559
v -0.836591 65.720574 14.578653
v -0.496116 65.758555 14.881536
v -1.206932 65.394750 14.438872
v -0.834013 65.691246 14.435063
v -0.710363 65.752143 14.422555
v -0.640234 65.786847 14.538981
v -0.797904 65.659341 14.355821
v -0.909901 65.556081 14.378582
v -0.673174 65.716037 14.372252
v -0.764840 65.628485 14.328527
v -0.826692 65.556207 14.357815
v -0.671222 65.649010 14.344245
v -0.512820 65.742786 14.460972
v -0.544813 65.665101 14.390430
v -0.334818 65.750555 14.670481
v -0.429422 65.682834 14.452691
v -0.318286 65.693143 14.549924
v -0.250509 65.684918 14.669126
v -0.249682 65.657648 14.904816
v -0.221783 65.650421 14.803513
v -0.327738 65.670847 15.048946
v -0.449145 65.708205 15.108231
v -0.060836 67.276845 15.894228
v -2.009017 68.433656 12.798387
v -1.309147 72.970306 13.966549
v -1.617514 72.943995 13.939544
v -1.567519 72.630354 14.068701
v -1.792881 72.310987 14.152025
v -1.643169 73.279056 13.832033
v -1.911858 72.916194 13.897504
v -2.152824 72.591938 13.974335
v -2.085389 72.300950 14.096330
v -1.997985 72.024618 14.203800
v -2.210340 73.221286 13.717658
v -2.193690 72.894999 13.838011
v -2.376458 72.304610 14.013238
v -2.203395 71.770939 14.209100
v -2.208175 73.577358 13.622101
v -2.468007 72.886144 13.752897
v -2.718271 72.590800 13.776784
v -2.668121 72.316263 13.894565
v -2.598122 72.057452 13.993314
v -2.516108 71.797030 14.083181
v -2.481443 73.561200 13.525752
v -2.742616 72.887406 13.638943
v -2.751545 73.210430 13.512289
v -2.963456 72.326706 13.744368
v -3.025524 72.898828 13.494983
v -2.824752 71.778299 13.938300
v -3.208590 72.050164 13.679585
v -3.302110 72.604169 13.448472
v -3.144173 71.790051 13.777567
v -3.319015 72.910012 13.319309
v -3.563256 72.290579 13.362553
v -3.039754 73.570962 13.259848
v -3.467994 71.790421 13.592311
v -3.624530 72.938426 13.109737
v -3.332753 73.601659 13.082811
v -3.645369 73.573263 12.875520
v -6.748050 64.869837 4.613813
v -6.981526 65.227529 4.484862
v -6.934292 64.897978 4.738710
v 4.351331 61.930220 11.460715
v 4.330219 63.215172 12.077323
v 4.301312 63.559723 12.199233
v 4.157037 62.492955 11.958935
v 3.851254 61.569366 11.854363
v 3.959004 62.111379 11.986189
v 3.695099 61.690995 12.092836
v 3.513758 61.822387 12.311839
v 3.401114 61.246934 12.308806
v 3.312599 61.949200 12.510670
v 3.077378 61.621963 12.688101
v 3.112363 60.877140 12.599256
v 3.115922 62.072241 12.692230
v 2.660364 61.565685 13.056045
v 2.752668 61.981183 12.984285
v 2.820391 60.589378 12.931635
v 2.398213 60.708029 13.392724
v 2.251748 60.993006 13.472622
v 2.257084 61.657014 13.357128
v 2.521063 61.793535 13.163923
v 2.511996 60.439382 13.265843
v 1.966623 61.577715 13.568597
v 2.096327 61.286509 13.519070
v 1.905630 60.973199 13.735673
v 2.161504 60.402553 13.595262
v 1.644976 61.541617 13.790499
v 1.390073 61.273996 13.992022
v 1.624268 60.743028 13.952739
v 1.284377 61.547691 13.990752
v 1.054969 61.068683 14.188004
v 0.883379 61.587053 14.130247
v 0.611249 60.891628 14.388279
v 0.508030 61.395787 14.251465
v 0.559647 61.150188 14.329617
v 0.458678 61.645395 14.194802
v 0.422583 61.874703 14.207767
v 0.030468 61.679638 14.228207
v -0.395549 61.663281 14.251416
v -0.437764 61.416178 14.307711
v -0.530447 60.915729 14.457640
v -0.484714 61.168773 14.388936
v -0.352602 62.071430 14.306213
v -0.367961 61.889996 14.268629
v -0.569510 60.644564 14.488146
v -0.984862 61.121139 14.300016
v -0.821294 61.622912 14.234898
v -1.144508 60.607242 14.314200
v -1.335917 61.345168 14.125315
v -0.604487 60.352815 14.470145
v -1.662670 60.568455 14.046753
v -1.560575 60.835624 14.097198
v -1.872535 61.085089 13.867489
v -2.113792 60.558219 13.717936
v -1.738888 60.303086 13.942331
v -1.776971 60.066534 13.784475
v -2.500559 60.626070 13.349107
v -2.393979 60.876216 13.486364
v -2.194628 60.130132 13.384154
v -2.559822 60.243198 12.971968
v -2.556460 60.412222 13.171292
v -2.855888 60.785909 12.969353
v -1.766430 59.883018 13.593295
v -2.528059 60.112183 12.775881
v -2.094313 59.853344 12.997705
v -2.937307 60.445118 12.568696
v -2.468407 59.991122 12.592257
v -2.381284 59.877859 12.410768
v -7.155768 64.770841 4.731253
v -6.902222 65.586868 3.928884
v -6.976701 64.745141 5.340222
v -7.423653 64.829843 4.371774
v -7.326806 65.494021 4.215992
v -7.348544 65.855641 3.951983
v -7.088663 65.879990 3.983822
v -7.350096 64.591121 4.689208
v -7.297771 64.500361 5.135668
v -7.379479 66.215308 3.711318
v -7.530193 64.480575 4.707723
v -7.405750 64.566531 5.289749
v -7.419753 66.558004 3.528336
v -7.150122 66.544059 3.511447
v -7.685475 66.369977 3.327077
v -7.497507 64.717332 5.342212
v -7.450860 66.928998 3.379956
v -7.729289 67.280142 2.948125
v -8.136892 67.392669 2.383728
v -7.955209 67.820898 2.498227
v -7.935812 67.516855 2.589291
v -8.040653 64.935299 4.084314
v -8.118304 65.221642 4.220740
v -8.011572 65.010685 4.529561
v -7.879495 64.944655 4.832744
v -7.555880 65.002367 5.284423
v -7.801517 65.257809 4.822074
v -7.500031 65.366434 5.250306
v -7.352696 65.526996 5.363819
v -7.671665 65.645397 4.829782
v -7.428657 65.659138 5.206669
v -7.346308 65.756345 5.322988
v -7.613942 66.025929 4.869646
v -7.496952 65.909542 5.053619
v -7.403543 65.874562 5.200646
v -7.242494 65.754442 5.461304
v -7.326053 65.902865 5.312139
v -7.413659 66.130105 5.030163
v -7.156237 65.986007 5.557752
v -7.090704 65.798567 5.655336
v -7.114968 66.114084 5.438787
v -7.009667 65.578928 5.770010
v -7.201143 66.021891 5.278781
v -7.030916 66.090857 5.739651
v -6.872221 65.882555 5.992570
v -7.143454 66.295385 5.532982
v -7.027872 66.386047 5.769139
v -7.095967 66.671318 5.772448
v -7.240611 66.449300 5.518823
v -6.828990 65.795542 6.129146
v -6.833746 65.347807 5.943186
v -7.896544 66.076609 4.362849
v -8.058734 66.193384 4.106459
v -8.085369 66.018228 4.032091
v -8.279726 66.068975 3.700858
v -8.235348 65.535407 3.888830
v -8.415598 66.404137 3.465386
v -8.355280 65.881956 3.601922
v -3.358293 60.614465 11.986822
v -3.342750 60.754926 12.190223
v -2.269427 59.766131 12.221671
v -3.876592 60.803102 11.367878
v -3.268641 60.303020 11.575600
v -3.161281 60.114113 11.370327
v -2.141964 59.652706 12.019384
v -2.551478 59.793251 11.624177
v -4.459194 61.265767 10.991024
v -3.017959 59.961806 11.157793
v -4.372434 61.436951 11.289706
v -2.863292 59.811296 10.945672
v -4.967434 61.751444 10.733839
v -4.445449 61.048563 10.660095
v -4.324841 60.803037 10.317488
v -3.557686 60.215964 10.607451
v -3.929464 60.348868 9.721314
v -4.135128 60.566114 9.998609
v -4.725669 60.960350 9.373279
v -4.272888 60.546461 8.764021
v -5.726554 61.813575 8.053431
v -4.768721 60.913057 8.004264
v -5.190245 61.311215 7.261330
v -6.394919 63.254409 6.544094
v -6.602755 64.248730 7.997763
v -6.527788 63.873951 6.524253
v -6.329820 63.826124 5.404953
v -6.619455 64.464970 7.351992
v -6.625334 64.606816 6.751052
v -6.685778 65.337936 7.113163
v -6.760201 66.085248 7.406128
v -6.815712 66.801465 7.557518
v -6.852742 66.786669 6.980001
v -6.841764 66.279237 6.459560
v -6.792846 65.678059 6.294931
v -6.894545 66.862187 6.638676
v -6.845599 67.388342 7.693427
v -6.920392 66.886504 6.381558
v -6.955371 68.139815 6.854036
v -6.974364 67.502309 6.438806
v -6.957901 67.032832 6.243390
v -6.998687 67.649507 6.264294
v -6.979759 66.709026 5.965597
v -7.019272 67.368053 6.005372
v -7.008323 67.904532 6.286343
v -7.022632 67.830748 6.094502
v -7.055607 67.564158 5.827737
v -7.108997 67.305404 5.765273
v -7.041088 67.779529 5.886604
v 4.338510 69.816433 10.976979
v 4.125525 70.238972 11.003355
v 4.162458 70.256929 11.247959
v 3.825409 70.598501 11.285790
v 4.376381 69.885126 11.213270
v 4.265788 69.797358 10.741451
v 4.413664 69.430420 10.956271
v 4.337433 69.419425 10.721644
v 4.059713 70.203001 10.766526
v 3.792713 70.581697 11.040382
v 3.399976 70.828527 11.331362
v 4.451716 69.434021 11.199019
v 4.159367 69.767846 10.520157
v 4.225666 69.408423 10.501454
v 4.267958 68.993326 10.720737
v 4.339783 68.978951 10.954916
v 4.162295 69.017885 10.501059
v 3.965327 70.146328 10.543402
v 3.738548 70.533710 10.801985
v 3.371527 70.811838 11.084319
v 2.932420 70.968257 11.377540
v 4.376811 68.976009 11.197552
v 4.020417 69.722968 10.318161
v 4.082517 69.349915 10.308336
v 4.023087 69.042443 10.300791
v 3.969461 68.656914 10.512069
v 4.062611 68.607607 10.732458
v 4.127029 68.577962 10.967026
v 3.849903 68.725904 10.311273
v 3.844636 70.070492 10.339497
v 3.663391 70.454986 10.576302
v 3.332169 70.754962 10.844083
v 2.909022 70.952492 11.128893
v 2.452928 70.886431 11.424837
v 4.161783 68.566027 11.210276
v 3.703898 68.798240 10.134717
v 3.858059 69.086644 10.126101
v 3.575785 68.468957 10.332042
v 3.668374 68.374386 10.534789
v 3.742172 68.302739 10.757218
v 3.795529 68.261182 10.992852
v 3.466475 68.586851 10.153515
v 3.569514 70.349523 10.369112
v 3.281768 70.639431 10.618521
v 2.885836 70.892898 10.886219
v 2.435419 70.871518 11.175711
v 2.015749 70.653844 11.464706
v 3.827088 68.247662 11.235889
v 3.162882 68.443804 10.179181
v 3.229112 68.303248 10.361732
v 3.287729 68.192958 10.567424
v 3.337194 68.112198 10.791501
v 3.376049 68.063277 11.028338
v 3.222255 70.514050 10.407572
v 2.863519 70.774793 10.657870
v 2.429005 70.814587 10.931141
v 2.004990 70.643914 11.215277
v 1.664779 70.317984 11.490078
v 3.403454 68.046981 11.271974
v 2.820331 68.378074 10.209995
v 2.841977 68.248823 10.397144
v 2.862373 68.133028 10.606373
v 2.884313 68.049286 10.832904
v 2.906869 67.998070 11.071363
v 2.842701 70.637968 10.443653
v 2.434713 70.704764 10.698829
v 2.015679 70.598134 10.969238
v 1.659805 70.283949 11.244800
v 1.435713 69.844366 11.504528
v 2.929071 67.980316 11.315510
v 2.480199 68.427089 10.243908
v 2.450615 68.292282 10.434668
v 2.435522 68.197089 10.648382
v 2.428974 68.116432 10.877908
v 2.433526 68.065447 11.118193
v 2.452629 70.581155 10.479670
v 2.047922 70.522612 10.731836
v 1.684656 70.257637 10.997393
v 1.432685 69.842262 11.256116
v 1.359188 69.369653 11.501051
v 2.449003 68.045229 11.363095
v 2.172333 68.565824 10.276170
v 2.098934 68.449406 10.472264
v 2.045033 68.355015 10.689289
v 2.011677 68.284457 10.921795
v 2.002204 68.252170 11.164389
v 2.101203 70.419713 10.509062
v 1.739126 70.212347 10.757236
v 1.470635 69.865361 11.008018
v 1.357507 69.377286 11.253377
v 1.435569 68.920508 11.482476
v 2.011269 68.231886 11.410087
v 1.928003 68.791413 10.304286
v 1.818772 68.703448 10.505078
v 1.735563 68.632491 10.725557
v 1.680358 68.578080 10.960670
v 1.654588 68.541920 11.204496
v 1.821867 70.138833 10.532847
v 1.539569 69.843586 10.768665
v 1.392520 69.384595 11.006983
v 1.433541 68.933846 11.235409
v 1.465508 68.952751 10.989793
v 1.658802 68.526107 11.450953
v 1.465194 69.389861 10.768376
v 1.534461 68.984776 10.752555
v 1.636639 69.026086 10.528993
v 1.769127 69.072799 10.325244
v 1.641735 69.810031 10.542988
v 1.573375 69.393685 10.542746
v 1.713732 69.394488 10.336937
v 1.774410 69.733750 10.340421
v 1.926974 69.627861 10.160499
v 1.882653 69.392056 10.155723
v 2.064882 69.943081 10.147448
v 1.931023 70.048362 10.327614
v 2.212020 69.763417 10.000370
v 2.111494 69.562416 10.008602
v 1.928868 69.125443 10.146272
v 2.077625 69.352717 10.008697
v 2.377165 69.981134 9.984019
v 2.267784 70.144283 10.130562
v 2.175044 70.269532 10.309893
v 2.491223 69.735926 9.875206
v 2.384853 69.632808 9.884012
v 2.316330 69.492144 9.890219
v 2.113222 69.184932 9.996773
v 2.059373 68.885494 10.128343
v 2.293445 69.350384 9.890401
v 2.625294 69.802126 9.863202
v 2.574639 70.082315 9.966142
v 2.523389 70.250064 10.110871
v 2.482410 70.419558 10.283494
v 2.692525 69.570165 9.795568
v 2.624692 69.536824 9.801677
v 2.571401 69.487512 9.806358
v 2.536874 69.421778 9.808823
v 2.214012 68.998899 9.983101
v 2.264373 68.705448 10.105569
v 2.770007 69.584039 9.788434
v 2.775538 69.824645 9.849044
v 2.785217 70.017916 9.952935
v 2.807920 70.297527 10.083742
v 2.823987 70.476264 10.250786
v 2.626812 69.429403 9.793374
v 2.691420 69.435290 9.782182
v 2.370568 68.852593 9.964770
v 2.519363 68.584152 10.078529
v 2.847245 69.571950 9.780985
v 2.925967 69.800969 9.834301
v 3.005117 70.012638 9.927314
v 3.082105 70.181056 10.059524
v 2.788412 70.156725 12.782301
v 2.671480 69.912360 12.872348
v 2.390562 69.861185 12.815458
v 4.165035 69.070420 12.186118
v 4.006690 68.735094 12.194336
v 4.031153 69.450563 12.443628
v 3.989023 69.132537 12.440972
v 3.803703 69.448421 12.662532
v 3.772616 69.690219 12.671311
v 1.975755 70.113435 12.429679
v 2.025443 69.698036 12.651017
v 2.164877 70.002985 12.645143
v 2.285318 69.632329 12.819889
v 2.442695 69.586645 12.886882
v 3.046175 70.044483 12.837390
v 2.877177 69.945998 12.909129
v 3.051731 69.979155 12.892138
v 2.718506 69.860436 12.923169
v 2.512511 69.569786 12.936273
v 3.861040 68.848929 12.446977
v 3.771174 69.209704 12.660489
v 2.249359 69.382504 12.816887
v 2.485424 69.399924 12.934669
v 2.779162 69.755023 12.994294
v 2.632395 69.551204 13.004416
v 2.511920 69.231105 12.927622
v 2.441948 69.206308 12.877135
v 2.631996 69.263439 12.997124
v 2.778899 69.589648 13.051800
v 2.924798 69.620750 13.074850
v 3.071513 69.636098 13.073702
v 2.590734 69.083194 12.915973
v 2.777524 69.244809 13.043082
v 2.923297 69.228959 13.064621
v 3.074463 69.431320 13.100823
v 2.715752 68.970422 12.900436
v 3.069911 69.226396 13.063196
v 3.059108 69.022211 12.963332
v 2.873830 68.901111 12.882994
v 2.668409 68.914712 12.846859
v 3.212996 69.240852 13.035829
v 3.048741 68.885697 12.865317
v 2.284145 69.145897 12.807243
v 2.559206 68.775338 12.770226
v 3.348379 69.269404 12.986240
v 3.222350 68.919032 12.848915
v 3.042856 68.819720 12.807533
v 2.785432 68.680145 12.745665
v 1.978741 69.369527 12.646836
v 2.023788 69.058335 12.634242
v 2.161646 68.784654 12.613535
v 3.377889 69.001239 12.835461
v 3.037682 68.655390 12.719803
v 2.693541 68.448568 12.552849
v 1.803479 69.751761 12.437866
v 1.746227 69.362038 12.432984
v 1.800597 68.988076 12.417652
v 1.972908 68.671440 12.392899
v 2.257191 68.424478 12.358917
v 3.412436 68.950537 12.773555
v 3.288187 68.702202 12.696136
v 3.024240 68.416205 12.519119
v 2.615681 68.271552 12.320292
v 2.158569 68.326713 12.127995
v 2.159802 70.516713 12.181520
v 3.351995 68.476679 12.488443
v 3.508231 68.817516 12.677127
v 3.007442 68.232281 12.280564
v 2.555304 68.158410 12.084884
v 2.095572 70.624727 11.947560
v 2.089450 68.269354 11.894173
v 3.394841 68.301022 12.244467
v 2.989482 68.110420 12.041678
v 2.480268 70.870066 11.671646
v 2.046376 70.637173 11.710199
v 1.697749 70.305958 11.734510
v 1.470310 69.832989 11.748484
v 1.394291 69.363577 11.744549
v 1.469861 68.917685 11.725893
v 1.690808 68.528118 11.694373
v 2.040482 68.237469 11.653594
v 2.946990 70.895833 11.627025
v 2.970371 68.034962 11.803026
v 3.418506 68.181972 12.001781
v 2.474725 68.053768 11.606923
v 2.452928 70.886431 11.424837
v 1.435713 69.844366 11.504528
v 1.435569 68.920508 11.482476
v 2.950094 67.993653 11.559746
v 2.449003 68.045229 11.363095
v 3.419437 68.061649 11.516554
v 3.403454 68.046981 11.271974
v 3.837857 68.260918 11.480763
v 3.829471 68.299592 11.726181
v 4.168399 68.576768 11.455402
v 3.799598 68.366864 11.969061
v 3.739975 68.471720 12.214721
v 3.632304 69.260825 12.759125
v 3.576136 69.275908 12.822028
v 3.500053 69.126254 12.825897
v 3.602826 69.445624 12.823644
v 3.155116 70.359764 10.219627
v 2.569930 68.766886 9.944984
v 2.804212 68.550416 10.050601
v 2.915056 69.538409 9.774061
v 3.060014 69.726115 9.822163
v 3.201774 69.915445 9.907246
v 3.335616 70.079569 10.029423
v 3.459500 70.229295 10.184391
v 2.789490 68.733984 9.923393
v 3.087207 68.590847 10.024680
v 2.968864 69.485554 9.768347
v 3.166104 69.621245 9.810819
v 3.356994 69.751170 9.891887
v 3.536719 69.871964 10.009202
v 3.700916 69.981635 10.159672
v 3.008890 68.765209 9.903183
v 3.340271 68.710557 10.003238
v 3.004288 69.423787 9.764541
v 3.234475 69.488376 9.803452
v 3.456877 69.555060 9.880671
v 3.665388 69.617429 9.994483
v 3.854804 69.674442 10.141469
v 3.204679 68.859889 9.886164
v 3.540646 68.898386 9.988576
v 3.015792 69.345081 9.762810
v 3.257989 69.343432 9.799390
v 3.491217 69.341966 9.874890
v 3.709596 69.342002 9.986737
v 3.909777 69.350567 10.133072
v 3.667529 69.130971 9.980706
v 3.459343 69.141783 9.875101
v 3.359783 69.005866 9.874545
v 3.234622 69.199147 9.799241
v 3.003971 69.272121 9.762771
v 3.167310 69.072904 9.803489
v 2.969518 69.206199 9.764746
v 2.910689 69.345894 9.763419
v 2.912547 69.269934 9.764209
v 2.915824 69.154562 9.768853
v 3.061537 69.023068 9.805351
v 2.847243 69.351922 9.762640
v 2.847226 69.265988 9.765906
v 2.848117 69.121805 9.774612
v 2.927976 68.958777 9.816777
v 2.768220 69.347000 9.765463
v 2.769216 69.265143 9.769209
v 2.770933 69.111312 9.781679
v 2.777176 68.935707 9.830208
v 2.694014 69.123547 9.789232
v 2.627077 68.958261 9.845010
v 2.768642 69.438940 9.772474
v 2.691150 69.347577 9.777264
v 2.692137 69.266055 9.780591
v 2.626173 69.157236 9.796274
v 2.627589 69.271017 9.791219
v 2.628321 69.348064 9.789647
v 2.492980 69.023051 9.859153
v 2.572263 69.208851 9.802511
v 2.538036 69.280308 9.806560
v 2.386440 69.121968 9.871809
v 2.525030 69.348795 9.808842
v 2.317774 69.206131 9.886138
v 2.846566 69.434302 9.767428
v 2.912074 69.428456 9.766123
v 4.376381 69.885126 11.213270
v 4.170259 70.251196 11.494051
v 4.381241 69.885017 11.459080
v 3.837651 70.589563 11.531880
v 3.830687 70.554335 11.777542
v 4.455287 69.437506 11.444423
v 4.376811 68.976009 11.197552
v 3.417574 70.818758 11.577350
v 3.399976 70.828527 11.331362
v 3.802540 70.542193 12.013537
v 3.419711 70.687864 12.062275
v 4.380967 68.984113 11.442861
v 2.969475 70.848875 11.871525
v 2.990044 70.755852 12.109236
v 4.010204 70.164443 12.223830
v 3.743539 70.435975 12.256471
v 3.397884 70.600214 12.295969
v 3.009227 70.650624 12.338809
v 4.167677 69.823371 12.200812
v 2.555615 70.722939 12.147715
v 2.616592 70.585972 12.377756
v 3.864312 70.054655 12.472854
v 3.355803 70.410702 12.532749
v 3.027248 70.448905 12.568366
v 2.695487 70.392730 12.600903
v 4.217458 69.449007 12.188347
v 3.991043 69.768299 12.453788
v 2.259005 70.404629 12.408456
v 3.675784 69.911756 12.685595
v 3.291813 70.175332 12.730775
v 3.040910 70.201988 12.757192
v 3.415277 69.938874 12.797148
v 3.477262 69.299149 12.913055
v 3.577625 69.614994 12.830017
v 3.478498 69.588295 12.919997
v 3.633291 69.636285 12.768125
v 3.349807 69.612181 12.994606
v 3.337008 69.779292 12.938242
v 3.380352 69.884166 12.856369
v 3.214565 69.632374 13.045574
v 3.225288 69.958212 12.873910
v 3.061194 69.842256 12.983678
v -1.310858 69.742813 11.206085
v -1.543573 70.157939 11.188087
v -1.536922 70.166695 11.436264
v -1.900610 70.503700 11.400522
v -1.300321 69.748268 11.454167
v -1.357490 69.728048 10.957990
v -1.229514 69.293181 11.204935
v -1.279636 69.294765 10.957149
v -1.580634 70.127727 10.940748
v -1.901768 70.490255 11.153103
v -2.352799 70.726081 11.350772
v -1.217365 69.290379 11.453059
v -1.439561 69.702356 10.716796
v -1.366950 69.295323 10.716208
v -1.354873 68.865920 10.938330
v -1.307718 68.846339 11.185038
v -1.437319 68.894062 10.699086
v -1.647691 70.076597 10.700788
v -1.924565 70.450625 10.906830
v -2.347611 70.709400 11.104421
v -2.847720 70.800940 11.294402
v -1.296781 68.837754 11.432552
v -1.555084 69.666856 10.488768
v -1.489258 69.295373 10.488368
v -1.553034 68.931376 10.473335
v -1.643489 68.539066 10.668136
v -1.575671 68.485035 10.904807
v -1.537713 68.450676 11.149322
v -1.739339 68.607809 10.445822
v -1.743174 70.008168 10.474003
v -1.968874 70.384024 10.668420
v -2.353137 70.675603 10.858365
v -2.836221 70.792950 11.047567
v -3.330394 70.694120 11.238220
v -1.528714 68.443904 11.395531
v -1.860852 68.692298 10.243052
v -1.699214 68.979184 10.266732
v -2.028180 68.353465 10.408300
v -1.962418 68.256398 10.626406
v -1.917193 68.184910 10.859346
v -1.893353 68.139227 11.101470
v -2.113020 68.471087 10.211055
v -2.033815 70.300137 10.443183
v -2.369609 70.592545 10.623884
v -2.823559 70.743157 10.806027
v -3.312960 70.687441 10.992397
v -3.760382 70.454035 11.185805
v -1.889267 68.132144 11.346436
v -2.428046 68.327423 10.173626
v -2.389524 68.189537 10.365019
v -2.361296 68.076296 10.578213
v -2.343781 67.993080 10.807310
v -2.337362 67.939556 11.047199
v -2.396904 70.491174 10.402824
v -2.810272 70.656026 10.575248
v -3.282847 70.631603 10.754502
v -3.738982 70.447234 10.941815
v -4.098603 70.104196 11.141403
v -2.341069 67.917282 11.291296
v -2.775881 68.273002 10.134984
v -2.787531 68.127791 10.320416
v -2.800150 68.009729 10.529029
v -2.812645 67.924676 10.754627
v -2.823192 67.867709 10.993407
v -2.796988 70.534128 10.361011
v -3.240851 70.549044 10.527560
v -3.696552 70.414988 10.706184
v -4.075739 70.102721 10.899524
v -4.318809 69.685981 11.110890
v -2.831892 67.842726 11.240488
v -3.123480 68.315916 10.098907
v -3.185205 68.175539 10.279799
v -3.238223 68.066006 10.483752
v -3.279425 67.981036 10.706068
v -3.306759 67.925469 10.944232
v -3.192976 70.466399 10.316872
v -3.629520 70.352721 10.481451
v -4.021435 70.078497 10.665706
v -4.294102 69.683621 10.869620
v -4.396332 69.231677 11.094859
v -3.319757 67.900857 11.191904
v -3.436665 68.452128 10.069193
v -3.544101 68.330515 10.245805
v -3.634811 68.235386 10.446279
v -3.703562 68.163591 10.665949
v -3.746405 68.115432 10.899884
v -3.542147 70.245365 10.278228
v -3.935364 70.029924 10.445423
v -4.232483 69.673050 10.636892
v -4.372894 69.237469 10.854757
v -4.323079 68.790315 11.094117
v -3.762053 68.093273 11.146050
v -3.685064 68.668646 10.048129
v -3.827514 68.577342 10.221722
v -3.945146 68.505345 10.419429
v -4.033443 68.451026 10.637307
v -4.087651 68.413831 10.869413
v -3.820784 69.966066 10.243829
v -4.134299 69.651446 10.418742
v -4.309383 69.243932 10.622854
v -4.300860 68.802883 10.853786
v -4.239874 68.821624 10.622904
v -4.107521 68.398661 11.110728
v -4.206894 69.250149 10.405868
v -4.141085 68.853852 10.405977
v -4.007739 68.896550 10.208991
v -3.843883 68.947227 10.037298
v -4.002066 69.620721 10.220325
v -4.068104 69.255968 10.209075
v -3.896936 69.261886 10.037281
v -3.840171 69.582880 10.047363
v -3.651393 69.533133 9.903588
v -3.697929 69.266414 9.894941
v -3.519059 69.780037 9.920220
v -3.680754 69.880403 10.067549
v -3.340040 69.667257 9.806083
v -3.441826 69.476728 9.793051
v -3.653925 69.005706 9.895248
v -3.477467 69.271319 9.786432
v -3.182704 69.827674 9.824467
v -3.315668 69.982207 9.944953
v -3.436557 70.124717 10.097303
v -3.041187 69.654676 9.740467
v -3.148414 69.545221 9.728017
v -3.217498 69.415744 9.719109
v -3.442774 69.067862 9.786491
v -3.521800 68.773692 9.904304
v -3.241268 69.275499 9.714509
v -2.905054 69.721647 9.756054
v -2.982941 69.926400 9.847423
v -3.057358 70.118000 9.973730
v -3.127255 70.290212 10.132583
v -2.825844 69.504594 9.702805
v -2.894801 69.470739 9.694990
v -2.949083 69.415840 9.688599
v -2.984108 69.351331 9.683963
v -3.341353 68.891216 9.793781
v -3.315144 68.592841 9.921950
v -2.747530 69.516964 9.711350
v -2.752236 69.745500 9.773027
v -2.763393 69.996295 9.869998
v -2.772975 70.199965 10.003702
v -2.784355 70.380761 10.168844
v -2.891171 69.360916 9.687024
v -2.824936 69.369537 9.689217
v -3.181905 68.750784 9.807606
v -3.054882 68.480299 9.946551
v -2.668854 69.506804 9.719726
v -2.598798 69.725098 9.789296
v -2.538425 69.963768 9.894109
v -2.482110 70.157723 10.035124
v -3.127853 69.953209 12.635583
v -3.246079 69.716173 12.698947
v -3.514884 69.676019 12.583567
v -1.627154 68.894202 12.358089
v -1.800760 68.580184 12.328677
v -1.796440 69.255651 12.581777
v -1.841775 68.943353 12.568252
v -2.062533 69.247885 12.744591
v -2.100252 69.487994 12.746403
v -3.885828 69.927075 12.120097
v -3.844273 69.532029 12.347077
v -3.721295 69.821863 12.368561
v -3.609874 69.457626 12.566628
v -3.463147 69.407261 12.665509
v -2.872328 69.837049 12.746326
v -3.052140 69.743527 12.779155
v -2.876339 69.772872 12.800957
v -3.208981 69.664358 12.758641
v -3.405547 69.388515 12.728304
v -1.980590 68.682691 12.544830
v -2.097098 69.010230 12.734211
v -3.639288 69.219242 12.557631
v -3.430238 69.224762 12.721205
v -3.161965 69.560237 12.841217
v -3.303729 69.366471 12.820000
v -3.401959 69.055956 12.720460
v -3.459026 69.034880 12.656909
v -3.301400 69.086636 12.813159
v -3.172758 69.397953 12.896790
v -3.035781 69.425126 12.950662
v -2.890861 69.436983 12.981506
v -3.324232 68.909067 12.727378
v -3.169882 69.062444 12.888706
v -3.032385 69.041250 12.941420
v -2.892452 69.235712 13.008980
v -3.200839 68.794205 12.743009
v -2.887525 69.035087 12.971838
v -2.876736 68.831185 12.875521
v -3.043621 68.722306 12.762558
v -3.236976 68.741611 12.684589
v -2.738527 69.046177 12.976372
v -2.868139 68.699339 12.782554
v -3.604352 68.982870 12.557443
v -3.339781 68.611301 12.598360
v -2.590937 69.071873 12.957753
v -2.691484 68.730157 12.802380
v -2.863520 68.635495 12.728416
v -3.117409 68.508401 12.628564
v -3.879840 69.213819 12.335853
v -3.836265 68.905385 12.338783
v -3.707742 68.635613 12.360604
v -2.530671 68.807108 12.820519
v -2.864176 68.475935 12.652912
v -3.192691 68.288672 12.446525
v -4.040304 69.592188 12.093352
v -4.085405 69.215352 12.079641
v -4.032050 68.850521 12.083694
v -3.871559 68.529692 12.110904
v -3.599092 68.277152 12.164514
v -2.483880 68.755690 12.769082
v -2.607794 68.516447 12.674663
v -2.857027 68.271223 12.472066
v -3.248333 68.119247 12.213780
v -3.676457 68.183199 11.912970
v -3.694803 70.320551 11.914560
v -2.521040 68.322619 12.490784
v -2.374843 68.649564 12.697254
v -2.852017 68.095262 12.239699
v -3.286717 68.008655 11.963889
v -3.739309 70.394581 11.674618
v -3.725564 68.126129 11.657501
v -2.454140 68.155721 12.259695
v -2.847440 67.978125 11.993020
v -3.335532 70.671683 11.483422
v -3.759875 70.436643 11.430408
v -4.092732 70.090442 11.385667
v -4.308151 69.675947 11.354809
v -4.383117 69.225719 11.338391
v -4.309335 68.788476 11.337297
v -4.095273 68.400137 11.358041
v -3.753821 68.097455 11.398936
v -2.857885 70.777570 11.539377
v -2.846061 67.884675 11.741381
v -2.406101 68.045417 12.020356
v -3.320315 67.907094 11.445542
v -3.330394 70.694120 11.238220
v -4.318809 69.685981 11.110890
v -4.323079 68.790315 11.094117
v -2.839501 67.848665 11.488338
v -3.319757 67.900857 11.191904
v -2.351748 67.941900 11.535220
v -2.341069 67.917282 11.291296
v -1.907019 68.138975 11.589042
v -1.944113 68.169915 11.828201
v -1.549603 68.448425 11.638135
v -2.002142 68.228097 12.061455
v -2.090048 68.322212 12.292764
v -2.253307 69.057536 12.799881
v -2.323396 69.076497 12.848750
v -2.403327 68.926345 12.835899
v -2.296685 69.243212 12.856235
v -2.434630 70.343882 10.204979
v -2.981062 68.663080 9.826744
v -2.765593 68.443609 9.976663
v -2.599682 69.474989 9.726769
v -2.461817 69.661303 9.803308
v -2.336110 69.865649 9.915046
v -2.219537 70.030221 10.062460
v -2.117995 70.176178 10.240095
v -2.757427 68.636169 9.849744
v -2.476368 68.489083 10.008683
v -2.544668 69.423833 9.732141
v -2.352847 69.559284 9.814049
v -2.174788 69.703000 9.932162
v -2.009886 69.819090 10.084539
v -1.864876 69.921069 10.266862
v -2.532813 68.667322 9.874297
v -2.214799 68.606730 10.039495
v -2.509232 69.360300 9.734983
v -2.282569 69.432294 9.819772
v -2.070711 69.513480 9.940574
v -1.874528 69.571469 10.095603
v -1.701258 69.622954 10.279900
v -2.331201 68.761212 9.897531
v -2.006115 68.795307 10.065337
v -2.496901 69.289597 9.735051
v -2.258109 69.292434 9.819993
v -2.032740 69.294431 9.941466
v -1.826242 69.295439 10.096161
v -1.643581 69.295496 10.280006
v -1.872288 69.032031 10.085255
v -2.068132 69.090604 9.933162
v -2.171056 68.906856 9.917980
v -2.282053 69.153328 9.814476
v -2.508874 69.218637 9.732366
v -2.351784 69.027599 9.804257
v -2.544019 69.154695 9.727237
v -2.602284 69.287956 9.714355
v -2.600609 69.214085 9.715267
v -2.598757 69.103510 9.720235
v -2.460476 68.927900 9.790461
v -2.666522 69.287063 9.701108
v -2.666427 69.208790 9.703694
v -2.667723 69.070118 9.712100
v -2.596942 68.862370 9.774462
v -2.745387 69.285219 9.688193
v -2.745397 69.206467 9.691329
v -2.746286 69.057531 9.703399
v -2.749963 68.837745 9.757621
v -2.824590 69.067139 9.695352
v -2.903289 68.857790 9.742117
v -2.745988 69.374851 9.695343
v -2.824330 69.283652 9.684160
v -2.824323 69.205970 9.686748
v -2.893651 69.098048 9.688671
v -2.890729 69.209040 9.684130
v -2.889135 69.282379 9.683573
v -3.039743 68.918116 9.729011
v -2.948508 69.147237 9.683944
v -2.983800 69.210258 9.681436
v -3.147735 69.013676 9.719354
v -2.996062 69.280505 9.681472
v -3.217406 69.137213 9.714521
v -2.666949 69.372026 9.706153
v -2.600964 69.366772 9.718241
v -1.300321 69.748268 11.454167
v -1.559054 70.154910 11.679756
v -1.323991 69.741871 11.697172
v -1.919774 70.488186 11.644267
v -1.958066 70.446391 11.883034
v -1.241044 69.286484 11.696065
v -1.296781 68.837754 11.432552
v -2.367876 70.704402 11.595394
v -2.352799 70.726081 11.350772
v -2.017356 70.373934 12.113021
v -2.423224 70.546655 12.069072
v -1.319653 68.836772 11.675320
v -2.863254 70.698934 11.782220
v -2.867463 70.591739 12.017056
v -1.811689 69.983480 12.364831
v -2.103158 70.242302 12.337162
v -2.469540 70.398643 12.296802
v -2.871413 70.443884 12.250032
v -1.632429 69.642898 12.377522
v -3.307348 70.520351 11.964235
v -3.268517 70.382045 12.202180
v -1.991656 69.861670 12.575114
v -2.535698 70.208766 12.517921
v -2.872933 70.236272 12.478921
v -3.206753 70.179506 12.438238
v -1.570567 69.264383 12.374451
v -1.846324 69.573770 12.584638
v -3.618089 70.201959 12.156995
v -2.209225 69.701982 12.739269
v -2.615897 69.963677 12.696887
v -2.873170 69.992525 12.666736
v -2.490367 69.730834 12.789380
v -2.444199 69.099783 12.915358
v -2.325643 69.410354 12.857163
v -2.446139 69.384254 12.922425
v -2.255817 69.431644 12.809425
v -2.593572 69.408487 12.966299
v -2.596215 69.573316 12.908431
v -2.536653 69.677289 12.839103
v -2.741584 69.430422 12.985802
v -2.698454 69.750325 12.821633
v -2.883342 69.639086 12.892070
v -1.844319 69.044506 12.595130
v -1.941625 69.009258 12.639451
v -1.937982 69.016192 12.660156
v -2.023930 68.987226 12.737179
v -1.933532 69.013018 12.676628
v -1.931915 68.993492 12.683879
v -2.131424 68.956120 12.783444
v -2.150032 68.965212 12.753825
v -2.136962 68.952937 12.733281
v -2.124913 68.921207 12.796163
v -2.280108 68.928899 12.785885
v -2.457684 68.884746 12.890794
v -2.443757 68.827284 12.873633
v -2.452307 68.893735 12.839580
v -2.448249 68.865449 12.819196
v -2.674635 68.850157 12.869960
v -2.947462 68.816471 12.913597
v -2.937771 68.823263 12.859608
v -2.928760 68.796035 12.838532
v -2.938943 68.751580 12.887467
v -3.189968 68.823462 12.822053
v -3.391253 68.833628 12.699692
v -3.374741 68.844633 12.661928
v -3.371692 68.812894 12.646258
v -3.407146 68.766870 12.697398
v -3.564167 68.878546 12.564527
v -3.762008 68.901057 12.476407
v -3.780242 68.844627 12.461246
v -3.737027 68.904687 12.445098
v -3.735670 68.890548 12.415371
v -3.888039 68.952494 12.358357
v -3.972682 68.979030 12.247706
v -4.023823 68.995606 12.141768
v -4.105233 69.007594 12.091586
v -4.132891 68.983782 12.086107
v -4.070521 69.007866 12.077055
v -4.061830 69.002685 12.063316
v -4.083696 69.015884 12.042903
v -4.087861 69.018807 12.032237
v -4.124960 69.016393 12.048512
v -4.157930 69.016245 12.049916
v -4.084962 69.020131 12.032332
v -4.087092 69.024448 12.023940
v -4.119288 69.023121 12.060790
v -4.070882 69.047612 12.058255
v -4.068163 69.038951 12.070445
v -4.135291 69.036391 12.094718
v -4.107449 69.036629 12.085342
v -4.052126 69.060006 12.099914
v -4.042328 69.101517 12.180495
v -4.015204 69.095030 12.153704
v -4.068998 69.114262 12.197553
v -4.022401 69.104828 12.134826
v -1.831730 69.038616 12.606597
v -1.764989 69.057255 12.575475
v -1.799226 69.263708 12.597226
v -1.841405 69.286606 12.633839
v -1.787330 69.085331 12.575102
v -1.764989 69.057255 12.575475
v -1.739795 69.110855 12.617913
v -1.690432 69.086585 12.613181
v -1.685442 69.106486 12.618475
v -1.728606 69.139354 12.624521
v -1.670636 69.131677 12.622184
v -1.684872 69.065479 12.599983
v -1.662298 69.160838 12.624986
v -1.721636 69.173172 12.628448
v -1.656189 69.190668 12.623776
v -1.719745 69.209452 12.621806
v -1.641343 69.214300 12.613290
v -1.725448 69.232419 12.607128
v -1.645559 69.241302 12.571741
v -1.799226 69.263708 12.597226
v -1.669830 69.058729 12.562160
v 2.028532 69.152718 12.660125
v 2.125918 69.132911 12.707859
v 2.122145 69.139504 12.728436
v 2.207405 69.116367 12.807125
v 2.117393 69.135781 12.744730
v 2.115410 69.115551 12.751865
v 2.313489 69.092916 12.856036
v 2.332036 69.104295 12.826758
v 2.318852 69.090844 12.805867
v 2.307041 69.056582 12.868716
v 2.457412 69.066311 12.900330
v 2.638653 69.044834 12.969473
v 2.624884 68.984716 12.951189
v 2.633446 69.053943 12.918157
v 2.629107 69.025697 12.896997
v 2.851742 69.024644 12.952954
v 3.123072 69.009473 13.003766
v 3.113898 69.017084 12.950066
v 3.104814 68.988677 12.927862
v 3.114726 68.941851 12.974655
v 3.360204 69.029152 12.918604
v 3.556870 69.049048 12.798780
v 3.540248 69.060661 12.761923
v 3.536798 69.028673 12.744620
v 3.572062 68.980791 12.792160
v 3.725919 69.099944 12.668410
v 3.916588 69.124997 12.580673
v 3.933229 69.067485 12.562639
v 3.892743 69.129192 12.549618
v 3.891335 69.114798 12.519315
v 4.035110 69.179109 12.466121
v 4.095617 69.203768 12.336618
v 4.160041 69.223114 12.250176
v 4.235498 69.233677 12.199856
v 4.260578 69.207286 12.194077
v 4.203023 69.234785 12.185121
v 4.194612 69.229546 12.171177
v 4.248525 69.231558 12.166475
v 4.218221 69.244632 12.141014
v 4.252777 69.241365 12.163053
v 4.283125 69.239287 12.159343
v 4.215636 69.246743 12.141135
v 4.217386 69.251067 12.132836
v 4.248093 69.250629 12.172871
v 4.203692 69.275660 12.166264
v 4.201447 69.266892 12.178291
v 4.263586 69.262516 12.203520
v 4.237464 69.267103 12.197614
v 4.221936 69.288679 12.228815
v 4.180397 69.332473 12.288703
v 4.154887 69.326630 12.261522
v 4.205285 69.344719 12.306207
v 4.161170 69.336479 12.242817
v 2.015526 69.145545 12.671184
v 1.957960 69.163432 12.619462
v 1.973592 69.384297 12.675815
v 2.025010 69.399619 12.689528
v 1.984754 69.194549 12.612817
v 1.957960 69.163432 12.619462
v 1.932291 69.216880 12.660507
v 1.878762 69.187693 12.659572
v 1.873530 69.207861 12.664953
v 1.918977 69.244863 12.669697
v 1.857308 69.232319 12.670004
v 1.872578 69.165176 12.646910
v 1.847254 69.260615 12.675531
v 1.908997 69.278930 12.678431
v 1.839569 69.290717 12.676967
v 1.903636 69.315701 12.678019
v 1.823607 69.313959 12.667409
v 1.907380 69.339421 12.666697
v 1.827823 69.342560 12.626463
v 1.973592 69.384297 12.675815
v 1.856260 69.156570 12.610319
v 0.658367 63.931444 13.578485
v 0.701621 63.960253 13.462810
v 0.648978 64.044941 13.556272
v 0.532391 64.142866 13.659079
v 0.364804 64.179428 13.721176
v 0.739726 63.736862 13.380995
v 0.725505 63.745566 13.474574
v 0.661456 63.779465 13.573549
v 0.546703 63.798045 13.656999
v 0.384726 63.995912 13.743686
v 0.659382 63.641547 13.538279
v 0.657762 63.542686 13.491180
v 0.392044 63.645991 13.637777
v 0.393991 63.804349 13.703142
v 0.650878 63.501397 13.436630
v 0.387326 63.529311 13.572661
v 0.377819 63.495877 13.503545
v 0.097517 63.654113 13.620749
v 0.078579 63.555458 13.575200
v 0.231677 63.797499 13.694531
v 0.042494 63.514950 13.521008
v 0.013890 63.778305 13.567297
v 0.096318 63.785699 13.645787
v 0.086958 63.912405 13.645459
v 0.008212 63.945796 13.542828
v 0.068914 64.015528 13.624978
v -0.011419 63.926609 13.470299
v 0.194859 64.120955 13.705985
v 0.040726 64.049044 13.619995
v 0.367162 64.243078 13.751755
v -0.013188 64.037557 13.639703
v 0.099794 64.251478 13.783889
v -0.067332 64.049972 13.619226
v -0.015293 64.244187 13.789209
v -0.129643 64.250195 13.781139
v -0.031823 63.945920 13.542710
v -0.094680 64.017572 13.624017
v -0.011581 63.926612 13.470299
v -0.386125 64.238047 13.742323
v -0.221590 64.123785 13.702361
v -0.109673 63.915319 13.645181
v -0.382969 64.176607 13.712815
v -0.396686 63.995027 13.740444
v -0.396304 63.799840 13.704832
v -0.245722 63.797928 13.696865
v -0.114799 63.786026 13.647108
v -0.032581 63.779268 13.567372
v -0.532744 64.136742 13.644756
v -0.530812 63.789915 13.654607
v -0.111829 63.653948 13.622916
v -0.386397 63.638956 13.641859
v -0.632305 63.923397 13.564408
v -0.629139 64.037517 13.537672
v -0.091026 63.557937 13.576953
v -0.625783 63.767802 13.565023
v -0.377769 63.524110 13.579449
v -0.667530 63.954318 13.442079
v -0.648913 64.071505 13.515498
v -0.674320 63.734441 13.460596
v -0.054780 63.516235 13.522179
v -0.609740 63.527306 13.491216
v -0.615956 63.627832 13.533843
v -0.682821 63.725500 13.364195
v -0.601515 63.485743 13.437977
v -0.367476 63.490356 13.510661
v -0.672572 63.915249 13.354537
v -0.705192 64.042040 13.502006
v -0.749186 64.031432 13.442017
v -0.707965 63.935401 13.386613
v -0.664585 63.910991 13.346420
v -0.857444 64.087572 13.424016
v -0.769131 64.001011 13.407757
v -0.996548 64.213578 13.419825
v -0.776063 63.754225 13.439322
v -0.968489 63.774764 13.404858
v -0.982767 64.144073 13.389094
v -0.755717 63.560272 13.417428
v -0.936799 63.512518 13.336725
v -0.723527 63.501904 13.388126
v -1.110223 63.939206 13.020886
v -1.128267 63.952069 13.033757
v -1.104544 63.751912 13.040520
v -1.093855 63.464659 13.155216
v -0.919922 63.446689 13.289138
v -1.190079 63.472358 13.022205
v -1.339649 63.396442 12.913929
v -1.501312 63.821419 12.597810
v -0.723527 63.501904 13.388126
v -1.505383 63.971160 12.590730
v -0.664585 63.910991 13.346420
v -0.672572 63.915249 13.354537
v -0.682821 63.725500 13.364195
v -0.601515 63.485743 13.437977
v -0.367476 63.490356 13.510661
v -0.011581 63.926612 13.470299
v -0.054780 63.516235 13.522179
v -0.011419 63.926609 13.470299
v 0.042494 63.514950 13.521008
v 0.377819 63.495877 13.503545
v 0.650878 63.501397 13.436630
v 0.739726 63.736862 13.380995
v 0.713635 63.920821 13.376395
v 0.704910 63.916744 13.367821
v 0.798453 63.519329 13.395828
v 1.042399 63.464381 13.309553
v 1.256324 63.474619 13.192052
v 1.234207 63.917742 13.079844
v 1.253845 63.929176 13.094368
v 1.248960 63.744213 13.091543
v 1.370245 63.473525 13.065063
v 1.544221 63.390361 12.959075
v 1.669234 63.772579 12.669046
v 1.653457 63.912395 12.668689
v 1.516099 64.014359 12.241555
v 1.514287 63.835208 12.257089
v 1.495396 64.184462 12.237933
v 1.581536 63.730949 12.296171
v 1.717114 63.923418 12.037750
v 1.554511 64.623471 11.491417
v 1.702679 63.686069 12.343699
v 1.756494 63.927688 11.854924
v 1.801344 64.262576 11.672629
v 1.865942 63.505322 12.419804
v 1.887503 63.606062 12.264422
v 1.922984 63.747736 12.103487
v 1.808678 63.956871 11.665704
v 1.907450 64.173936 11.529617
v 1.929205 64.307856 11.395583
v 1.945010 64.019225 11.525014
v 1.884777 63.835182 11.704432
v 2.100727 63.721891 11.981411
v 1.973480 63.491456 12.458953
v 2.039503 64.074557 11.410651
v 2.014031 63.888038 11.568260
v 2.223343 63.695108 11.852481
v 2.292808 63.789257 11.689457
v 2.101844 63.946373 11.420431
v 2.349159 63.677920 11.904629
v 2.142523 64.068655 10.983974
v 2.319557 63.900649 11.480433
v 2.433449 63.773314 11.738076
v 2.464725 63.833531 11.955916
v 2.518233 63.924400 11.771421
v 2.485896 63.880721 11.529818
v 2.447953 63.953133 11.059012
v 2.598222 64.052909 11.575271
v 2.446700 64.146708 9.969438
v 2.522443 64.079639 9.972526
v 2.528279 64.055059 11.812330
v 2.461868 64.043979 11.983897
v 2.741863 64.049912 10.000393
v 2.702468 64.331149 11.622250
v 2.532171 64.198027 9.190218
v -1.089519 64.126377 13.291826
v -0.919922 63.446689 13.289138
v -1.133841 64.044278 13.193114
v -1.103683 63.525038 13.210132
v -1.123441 63.765064 13.231714
v -1.093855 63.464659 13.155216
v -1.138977 63.977245 13.105739
v -1.128267 63.952069 13.033757
v -1.164327 64.068574 13.185246
v -1.200314 64.066715 13.152848
v -1.233242 64.084598 13.085901
v -1.175443 63.965892 13.062333
v -1.252665 64.041058 13.084279
v -1.110223 63.939206 13.020886
v -1.247176 63.934510 13.100552
v -1.363346 64.140035 13.055956
v -1.516970 64.310608 12.988610
v -1.158423 63.730437 13.095843
v -1.104544 63.751912 13.040520
v -1.236649 63.749878 13.110091
v -1.498870 64.232892 12.976565
v -1.587955 64.131451 12.792378
v -1.491291 64.037705 13.001351
v -1.227682 63.598206 13.097133
v -1.334798 63.770938 13.080693
v -1.445832 63.784047 13.005326
v -1.566253 64.010273 12.664866
v -1.210959 63.487657 13.069722
v -1.418465 63.583363 12.998164
v -1.522609 63.801411 12.832900
v -1.563727 63.942698 12.671794
v -1.384126 63.425347 12.963821
v -1.190079 63.472358 13.022205
v -1.544053 63.807750 12.682268
v -1.339649 63.396442 12.913929
v -1.499627 63.587394 12.711481
v -1.526222 63.680506 12.696276
v -1.501312 63.821419 12.597810
v -1.505383 63.971160 12.590730
v -1.587663 64.033735 12.644840
v -1.610749 64.011679 12.629311
v -1.590365 63.885522 12.642301
v -1.541535 63.699712 12.648281
v -1.539856 63.615826 12.613365
v -2.102319 64.533488 12.568642
v -1.992736 64.190733 12.495318
v -1.888514 63.671042 12.418977
v -1.970830 63.937594 12.461934
v -1.800938 63.549168 12.391018
v -1.699487 63.555202 12.357358
v -2.101744 64.104780 12.133189
v -2.263785 64.054078 12.003396
v -2.022402 63.803528 11.901743
v -2.447500 64.139828 11.883640
v -2.433586 63.928194 11.859048
v -2.535105 64.151708 11.714384
v -2.754069 64.427723 11.531938
v -3.009598 65.329165 10.019116
v -2.300468 63.771312 11.817044
v -2.169999 63.781065 11.771490
v -1.838449 63.910618 11.639624
v -2.517087 64.022880 11.675913
v -2.623919 64.149887 11.484508
v -1.695340 64.001074 11.789156
v -1.770269 64.033782 11.601026
v -2.415964 63.865439 11.650944
v -2.266788 63.873864 11.609124
v -1.987548 63.967502 11.499807
v -1.924478 64.094211 11.456963
v -1.892889 64.248405 11.458492
v -1.780308 64.334814 11.599776
v -1.926787 64.380205 11.325452
v -2.031024 64.151624 11.341633
v -2.091151 64.023156 11.353474
v -2.316154 63.985152 11.404854
v -2.493491 63.972313 11.447651
v -1.553549 64.680063 11.430045
v -2.143377 64.138576 10.930989
v -2.463371 64.032279 10.998526
v -2.495160 64.160503 9.930455
v -2.193941 64.803499 9.919040
v -2.370321 64.556974 9.919477
v -2.416006 64.224829 9.927834
v -2.722194 64.133746 9.954554
v 3.189033 64.509875 10.101946
v 3.149808 64.162299 10.070778
v 2.972420 64.013976 10.040820
v 2.838880 64.097182 9.227822
v 3.177745 64.810467 10.110436
v 3.046399 65.297270 10.076829
v 2.093565 64.103640 12.591792
v 2.149090 64.431245 12.664852
v 2.174281 64.019472 12.227888
v 2.108204 63.856608 12.551947
v 2.055177 63.604339 12.496224
v 2.315241 63.966015 12.100509
v 1.716443 63.950432 12.748439
v 1.653457 63.912395 12.668689
v 1.725742 64.066266 12.882950
v 1.669234 63.772579 12.669046
v 1.637005 64.250260 13.081370
v 1.648176 63.989408 13.085312
v 1.627201 64.175151 13.067337
v 1.639002 63.750214 13.076787
v 1.712525 63.754784 12.907509
v 1.723857 63.756564 12.756241
v 1.517548 63.746278 13.146136
v 1.496910 64.098568 13.136810
v 1.631727 63.560713 13.058370
v 1.359095 64.050990 13.157600
v 1.324232 64.039092 13.221789
v 1.406254 63.733937 13.169378
v 1.394911 63.907050 13.167829
v 1.386804 64.007735 13.155702
v 1.599551 63.416775 13.012894
v 1.281908 64.046431 13.251385
v 1.315649 63.720067 13.149800
v 1.307349 63.940142 13.126441
v 1.248885 64.024890 13.256391
v 1.544221 63.390361 12.959075
v 1.234207 63.917742 13.079844
v 1.263358 63.954329 13.167911
v 1.248960 63.744213 13.091543
v 1.253845 63.929176 13.094368
v 1.269429 63.758179 13.284132
v 1.265941 63.533553 13.250279
v 1.256324 63.474619 13.192052
v 1.042399 63.464381 13.309553
v 1.060007 63.528714 13.361825
v 1.077275 63.779668 13.443115
v 1.188287 64.114055 13.353586
v 1.060272 64.142515 13.441630
v 0.834385 63.576869 13.430016
v 0.798453 63.519329 13.395828
v 0.915663 64.089992 13.463930
v 1.071681 64.214273 13.474833
v 0.846432 63.764778 13.461320
v 0.818100 64.002954 13.438428
v 0.791552 64.034666 13.471411
v 0.752287 63.940630 13.410817
v 0.737836 64.047387 13.527089
v 0.704910 63.916744 13.367821
v 0.670648 64.079011 13.537080
v 0.713635 63.920821 13.376395
v -2.505811 64.254133 9.150477
v -2.969644 64.097381 9.991453
v -2.818497 64.164660 9.183772
v -3.149563 64.243278 10.016497
v -3.172272 64.569268 10.044315
v -3.149159 64.859408 10.051160
v 1.396468 63.488826 13.114618
v 1.370245 63.473525 13.065063
v 1.410391 63.593819 13.148485
v -1.424624 64.076458 12.176041
v -1.422820 64.247680 12.167934
v -1.406370 63.889477 12.198721
v -1.457166 63.781803 12.237877
v -1.634100 63.994350 11.969887
v -1.562334 63.738527 12.280949
v -2.193941 64.803499 9.919040
v -1.549396 65.364381 9.843649
v 0.001925 65.560535 9.800009
v -1.553549 64.680063 11.430045
v -0.965640 65.174735 11.317921
v 1.561170 65.338009 9.875393
v -0.001823 65.361251 11.281003
v 0.963513 65.148204 11.351990
v 1.554511 64.623471 11.491417
v 2.228911 64.746516 9.961599
v 2.228911 64.746516 9.961599
v 2.408485 64.487935 9.964240
v 1.838112 63.603480 11.047143
v 1.696683 63.020876 10.900230
v 1.904321 63.674844 11.097466
v 1.926411 63.874211 11.151765
v 1.528055 63.496409 11.924362
v 1.591487 63.733185 11.952558
v 2.071185 63.960689 10.921403
v 1.998527 63.941247 11.190106
v 2.168985 63.779903 10.768289
v 1.797226 63.747996 12.141799
v 1.964618 63.834481 11.974338
v 2.032964 63.819879 11.685804
v 2.101629 64.000611 11.056950
v 2.146983 63.938747 11.268582
v 2.212340 63.999879 11.024824
v 2.087546 63.901656 11.491209
v 2.154019 63.995383 10.563161
v 2.200361 63.939854 10.721067
v 2.343653 63.992770 11.356129
v 2.372953 64.012262 11.076898
v 2.419686 63.806821 11.554599
v 2.322331 64.020565 10.721093
v 2.610646 64.030880 10.793256
v 2.346589 64.052418 10.455005
v 2.584248 63.892206 11.224220
v 2.463395 63.619516 11.543567
v 2.695385 64.035291 10.546640
v 2.656747 63.704514 11.172206
v 2.697441 63.890251 10.829755
v 2.828928 63.900922 10.549594
v 2.822839 63.991268 10.217249
v 2.737691 64.014295 10.044329
v 2.455595 64.049180 9.997637
v 2.788741 64.129600 9.471535
v 2.217769 64.063830 10.229701
v 2.282953 64.060610 9.851468
v 2.577715 64.139369 9.359626
v 2.232442 64.006307 9.661676
v 2.388072 64.022026 9.144715
v -1.929252 63.948171 11.104517
v -1.458684 63.543236 11.887677
v -1.516198 63.793943 11.900940
v -1.999997 64.017650 11.136243
v -2.176220 63.854891 10.728920
v -1.689754 63.812158 12.074706
v -1.890101 63.911290 11.897726
v -1.995762 63.899678 11.614686
v -2.106297 64.071956 11.004360
v -2.148557 64.015023 11.207551
v -2.219524 64.073539 10.970405
v -2.297106 64.047889 10.771367
v -2.072866 63.978072 11.423326
v -2.146380 64.061169 10.524214
v -2.199762 64.008674 10.679182
v -2.353626 64.075440 11.282613
v -2.535295 64.081234 10.826920
v -2.419985 63.896533 11.475749
v -2.318856 64.098336 10.673601
v -2.619786 64.116749 10.735743
v -2.333737 64.127413 10.412455
v -2.468481 63.713247 11.471351
v -2.694417 64.119917 10.494611
v -2.710034 63.819686 10.843538
v -2.719809 63.974774 10.773962
v -2.844791 63.987418 10.498062
v -2.724389 64.098370 9.998862
v -2.433924 64.126929 9.956856
v -2.198991 64.136159 10.191831
v -2.259275 64.134827 9.814633
v -2.326297 63.973840 9.906621
v 0.844973 63.396227 13.298904
v 0.828519 63.562810 13.276420
v 0.809708 63.637609 13.236350
v 0.625613 63.295226 13.289611
v 0.609396 63.230243 13.262341
v 0.643255 63.435342 13.312315
v 0.632571 63.574469 13.304381
v 0.604158 63.642724 13.265578
v 0.513761 63.350698 13.147457
v 0.558336 63.297331 13.221571
v 0.515840 63.325982 13.145220
v 0.587268 63.204778 13.261963
v 0.548127 63.202430 13.280882
v 0.536678 63.273820 13.231782
v 0.560662 63.090033 13.323164
v 0.499575 63.210148 13.275063
v 0.507263 63.305663 13.221429
v 0.478381 63.241281 13.275096
v 0.515198 63.349044 13.149240
v 0.410289 63.150238 13.335869
v 0.282010 63.036227 13.388247
v 0.477809 63.311795 13.296399
v 0.279548 63.104065 13.389746
v 0.475176 63.470109 13.317537
v 0.005966 62.808950 13.474461
v 0.274039 63.439370 13.408673
v 0.281573 63.210886 13.412340
v 0.128130 63.132905 13.366892
v 0.010873 62.520760 13.334624
v 0.483864 63.609612 13.316170
v 0.264230 63.617897 13.383686
v 0.485978 63.653269 13.285189
v 0.055057 63.221194 13.329943
v 0.054252 63.296401 13.349888
v 0.261038 63.675870 13.335622
v 0.030440 63.617772 13.371887
v 0.046002 63.468785 13.376413
v 0.030806 63.664352 13.329966
v 0.016717 63.300694 13.281698
v -0.006092 63.351389 13.214747
v -0.005897 63.335610 13.209067
v -0.005041 63.269875 13.294793
v 0.031411 63.190656 13.342221
v -0.003532 63.184591 13.349913
v -0.038715 63.191513 13.344730
v -0.000811 63.076944 13.391472
v -0.063334 63.222655 13.333634
v -0.027659 63.301332 13.282492
v -0.006061 63.351388 13.214747
v -0.064506 63.297790 13.352712
v -0.131593 63.136425 13.377326
v -0.274807 63.037685 13.414546
v -0.273565 63.104192 13.413520
v -0.276923 63.209103 13.432211
v -0.060210 63.470008 13.377599
v -0.274303 63.435532 13.415722
v -0.392619 63.144888 13.363635
v -0.048003 63.619515 13.372118
v -0.452935 63.233270 13.295710
v -0.268697 63.612978 13.385046
v -0.452654 63.303356 13.311627
v -0.049393 63.666217 13.329986
v -0.471342 63.201713 13.298978
v -0.524781 63.080761 13.362094
v -0.478147 63.297497 13.234069
v -0.266830 63.671640 13.335516
v -0.462670 63.598418 13.312945
v -0.452645 63.462205 13.320464
v -0.465220 63.643061 13.280097
v -0.485355 63.342207 13.154959
v -0.485929 63.319098 13.152813
v -0.503395 63.264704 13.248133
v -0.513293 63.192527 13.307010
v -0.546938 63.194038 13.287500
v -0.565578 63.218841 13.285312
v -0.484132 63.343935 13.152977
v -0.521927 63.287868 13.235105
v -0.578896 63.283113 13.306347
v -0.635671 63.128486 13.321808
v -0.757551 63.011056 13.321916
v -0.748465 63.079134 13.302204
v -0.762112 63.187467 13.324379
v -2.549225 64.219062 9.319469
v -2.266905 64.170626 9.586621
v -2.210701 64.080246 9.627796
v -2.368694 64.095395 9.111954
v -2.576621 64.172730 9.174333
v -1.128576 63.354281 12.512996
v -1.111458 63.346146 12.550318
v -1.166219 63.344357 12.604375
v -1.220378 63.323335 12.654553
v -1.254666 63.440619 12.663661
v -1.208371 63.621413 12.817800
v -1.168716 63.626035 12.798668
v -1.075551 63.661866 12.899298
v -1.116761 63.656810 12.957918
v -0.967160 63.609368 12.978305
v -0.979133 63.600488 13.034910
v -0.882881 63.385544 13.027162
v -0.881774 63.265264 13.008206
v -0.870730 63.594844 13.135673
v -0.735907 63.624735 13.216724
v -0.565345 63.629570 13.256262
v -0.484132 63.343935 13.152977
v -0.465066 63.322484 13.059295
v -0.485929 63.319098 13.152813
v -0.485355 63.342207 13.154959
v -0.465220 63.643061 13.280097
v -0.266830 63.671640 13.335516
v -0.049393 63.666217 13.329986
v -0.004657 63.270697 13.003985
v -0.006061 63.351388 13.214747
v -0.005733 63.336916 13.111583
v -0.005897 63.335610 13.209067
v -0.006092 63.351389 13.214747
v 0.030806 63.664352 13.329966
v 0.261038 63.675870 13.335622
v 0.975294 63.605653 13.164260
v 0.986115 63.274483 13.016157
v 0.991812 63.398383 13.045875
v 1.089591 63.612844 13.014327
v 1.106090 63.605725 13.071474
v 1.214691 63.656588 12.943754
v 1.266995 63.651691 13.005090
v 1.322369 63.614695 12.845931
v 1.371127 63.608871 12.867306
v 1.416678 63.428702 12.704564
v 1.301670 63.338387 12.633375
v 1.371091 63.316160 12.686230
v 1.229878 63.335879 12.575494
v 1.245802 63.341862 12.538712
v 0.485978 63.653269 13.285189
v 0.515198 63.349044 13.149240
v 0.490722 63.326795 13.054786
v 0.515840 63.325982 13.145220
v 0.513761 63.350698 13.147457
v 0.604158 63.642724 13.265578
v 0.809708 63.637609 13.236350
v -0.594160 63.419570 13.314775
v -0.760477 63.376977 13.296763
v -0.587688 63.561287 13.297023
v -0.834752 63.104067 13.230822
v -0.749412 63.547355 13.260387
v -0.565345 63.629570 13.256262
v -0.877253 63.171115 13.155271
v -0.886307 63.243230 13.172195
v -0.885472 63.383028 13.181593
v -0.735907 63.624735 13.216724
v -0.881810 63.521629 13.170895
v -0.870730 63.594844 13.135673
v -0.888521 63.234081 13.081626
v -0.881774 63.265264 13.008206
v -0.909716 63.213913 13.074679
v -0.896373 63.142157 13.149753
v -0.938236 63.135606 13.134161
v -0.968255 63.030141 13.183988
v -0.984753 63.138669 13.088531
v -1.003128 63.213093 13.100338
v -1.007268 63.313912 13.098409
v -0.931487 63.345728 13.077086
v -0.882881 63.385544 13.027162
v -1.230996 62.760186 13.064682
v -1.202084 62.991262 13.023108
v -1.103606 63.285891 13.074676
v -1.012306 63.430529 13.090604
v -1.203715 63.124501 13.028536
v -1.194597 63.275520 13.022397
v -1.172142 63.435841 13.011481
v -1.004003 63.542642 13.070772
v -0.979133 63.600488 13.034910
v -1.248770 63.305460 12.926449
v -1.146208 63.592460 12.986624
v -1.116761 63.656810 12.957918
v -1.261772 63.472110 12.841282
v -1.238568 63.571078 12.837979
v -1.208371 63.621413 12.817800
v -1.274834 63.351543 12.833020
v -1.254666 63.440619 12.663661
v -1.286826 63.399740 12.736910
v -1.278732 63.248970 12.818587
v -1.282696 63.179190 12.795409
v -1.325906 63.179947 12.757705
v -1.273566 63.264930 12.711096
v -1.220378 63.323335 12.654553
v -1.351709 63.189954 12.718109
v -1.365280 63.062592 12.789939
v -1.471648 62.809994 12.795351
v -1.377790 63.314104 12.719054
v -1.708795 62.862770 12.525589
v -1.923077 62.618254 12.303247
v -1.377702 63.493515 12.719035
v -1.606010 63.082575 12.558852
v -1.593342 63.256174 12.575707
v -1.564057 63.509013 12.579840
v -1.346856 63.619480 12.664495
v -1.505300 63.705208 12.528976
v -1.315359 63.650270 12.593122
v -1.788258 63.445837 12.179422
v -1.434398 63.721303 12.467944
v -1.325996 63.677595 12.491028
v -1.293550 63.658670 12.541774
v -1.209395 63.609920 12.532733
v -1.157712 63.475006 12.502669
v -1.755984 63.692682 12.146535
v -1.456315 63.720782 12.322174
v -1.375399 63.707483 12.419220
v 1.245802 63.341862 12.538712
v 1.282377 63.458628 12.536579
v 1.345412 63.588157 12.576977
v 1.473943 63.624416 12.646275
v 1.272414 63.541302 12.271981
v 1.442403 63.632153 12.593076
v 1.472559 63.646990 12.543777
v 1.519813 63.595343 12.719126
v 1.392998 63.655882 12.377116
v 1.517372 63.666994 12.474717
v 1.588957 63.679244 12.528334
v 1.593297 63.674451 12.379987
v 1.675004 63.659559 12.593322
v 1.590855 63.677500 12.090377
v 1.756604 63.474672 12.637118
v 1.880881 63.628275 12.214186
v 1.783123 63.228986 12.620983
v 1.922029 63.390445 12.238077
v 1.775216 63.056307 12.594810
v 1.836419 62.822122 12.552137
v 1.957868 62.553251 12.319338
v 1.611535 62.793386 12.798431
v 1.535311 63.053256 12.813731
v 1.353602 62.761233 13.021012
v 1.355534 62.996413 13.019034
v 1.373518 63.129395 13.044007
v 1.083307 63.044880 13.156182
v 1.498523 63.170051 12.788115
v 1.451666 63.172400 12.823887
v 1.108875 63.150733 13.084636
v 1.136653 63.224828 13.108305
v 1.432876 63.307747 12.961868
v 1.372533 63.283863 13.052423
v 1.263668 63.295563 13.099450
v 1.456087 63.247416 12.851214
v 1.457273 63.348187 12.871699
v 1.146072 63.324243 13.119023
v 1.442566 63.463303 12.886410
v 1.346446 63.439463 13.051231
v 1.153188 63.442559 13.120494
v 1.052879 63.360347 13.095121
v 1.462253 63.390914 12.777802
v 1.307756 63.589861 13.032735
v 1.411217 63.559971 12.886950
v 1.416678 63.428702 12.704564
v 1.139772 63.550427 13.106287
v 1.266995 63.651691 13.005090
v 1.371127 63.608871 12.867306
v 1.106090 63.605725 13.071474
v 0.991812 63.398383 13.045875
v 0.986115 63.274483 13.016157
v 1.021118 63.225720 13.076508
v 1.053217 63.149454 13.123914
v 1.002692 63.156731 13.136389
v 0.981578 63.187926 13.144903
v 0.996201 63.245916 13.084279
v 0.830852 63.027710 13.273261
v 0.927041 63.120608 13.202819
v 0.996500 63.257755 13.172495
v 0.823156 63.096552 13.263165
v 0.998468 63.400370 13.197128
v 0.843983 63.204796 13.300290
v 0.690795 63.141666 13.286919
v 0.991618 63.535775 13.196375
v 0.975294 63.605653 13.164260
v -1.128576 63.354281 12.512996
v -1.275219 63.689737 12.331051
v -1.178950 63.570074 12.239788
v 1.438244 63.259226 12.742968
v 1.371091 63.316160 12.686230
v 1.525541 63.181860 12.749271
v 1.564603 63.302142 12.759119
v 1.566017 63.475399 12.769176
v -0.440145 62.881734 9.882087
v -0.461705 63.261155 10.182823
v 0.003510 63.418017 10.456910
v -0.459744 63.501657 10.409456
v -1.411596 63.263953 9.027673
v -1.031367 63.577449 10.190522
v -0.462088 63.620914 10.781673
v -0.001099 63.595838 11.179201
v -0.422512 63.617663 11.185569
v -1.653923 63.655199 9.677492
v -1.481184 63.719121 10.177632
v -1.806027 63.179404 8.234332
v -1.760519 63.465551 9.051564
v -0.389323 63.605205 11.590107
v -0.906694 63.618797 11.195914
v -1.811281 63.847890 9.609655
v -1.856347 63.670258 8.921983
v -1.749532 63.385123 8.114355
v -1.477169 63.169498 7.708045
v -1.403582 62.887292 7.799241
v -1.544909 63.544730 8.047775
v -0.357518 63.558470 11.942708
v -0.536749 62.946624 7.432514
v -1.732805 63.889831 10.155301
v -1.470555 64.193992 9.521102
v -1.726035 64.095530 10.135678
v -1.483350 64.030293 8.859006
v -1.658900 63.878172 10.605915
v -1.691709 64.088500 10.600607
v -1.451791 64.251020 10.115863
v -1.028660 64.322043 10.129499
v -1.372805 63.722843 10.634043
v -0.398868 64.364657 9.582595
v -0.438316 64.267529 8.900409
v -1.412141 64.241637 10.582934
v -0.971898 64.291805 10.561127
v -0.401111 64.391651 10.114263
v -1.288830 63.705806 10.892202
v -1.353016 64.209912 10.943772
v -0.395296 64.366444 10.512600
v -0.003222 64.331941 10.108720
v -0.003581 64.314365 10.499031
v -1.286640 64.158166 11.279760
v -0.385637 64.331200 10.842671
v -0.888386 64.230132 11.207177
v 0.392560 64.359119 9.588390
v 0.396344 64.375455 10.121467
v 0.389848 64.350065 10.520298
v -0.371118 64.283529 11.116932
v -0.003991 64.245703 11.087530
v -1.185850 64.062400 11.634372
v -0.358221 64.222880 11.441076
v 0.972653 64.262565 10.580013
v 0.379625 64.314684 10.850601
v 0.364626 64.266712 11.124212
v 1.029986 64.291104 10.148977
v -0.746511 64.060553 11.867506
v 0.351347 64.207015 11.446736
v -0.344768 64.140637 11.752175
v 0.888112 64.197781 11.226597
v 1.419403 64.188510 10.611599
v 1.460851 64.204894 10.142550
v 1.478289 64.139732 9.544108
v -0.004174 64.131166 11.735510
v 1.356778 64.154572 10.976463
v 1.738649 64.031818 10.165373
v -0.321866 64.022947 12.110861
v 1.289310 64.098692 11.315539
v 1.698569 64.023987 10.633073
v 1.541662 63.912995 11.379845
v 1.203168 64.008798 11.669011
v 1.742281 63.827495 10.180907
v 1.443092 63.724404 11.337980
v 1.565128 63.773491 10.985527
v 1.663040 63.816599 10.632723
v 1.080868 63.899299 12.010603
v 1.379844 63.664342 10.653159
v 1.192632 63.621085 11.274198
v 1.305627 63.641593 11.681167
v 1.293059 63.649346 10.911570
v 1.331622 63.662066 12.094968
v 1.488882 63.667557 10.192681
v 1.657540 63.602496 9.686082
v 1.820909 63.774081 9.631310
v 1.039345 63.532304 10.194144
v 1.077404 63.575542 11.624542
v 1.178223 63.536921 12.005518
v 0.909004 63.575947 11.209390
v 0.464533 63.598120 10.787298
v 1.747860 63.401747 9.046524
v 0.421625 63.590303 11.192591
v 0.964541 63.504502 11.938990
v 0.386302 63.579676 11.595067
v 0.466600 63.481709 10.411097
v -0.001099 63.595838 11.179201
v 0.353038 63.536400 11.945239
v 0.003510 63.418017 10.456910
v 0.255267 63.472052 12.291323
v 0.473922 63.246737 10.178176
v 0.249953 63.389730 12.573398
v 0.454391 62.870304 9.869417
v -0.003824 63.382918 12.593232
v 1.395118 63.216049 9.012940
v -0.004936 63.345228 12.892038
v 1.764321 63.109303 8.216271
v 1.369225 62.837870 7.773970
v 1.846252 63.605989 8.928688
v 1.437326 63.125481 7.691770
v 1.713035 63.342757 8.102400
v 1.514243 63.507790 8.042974
v 1.263240 63.321729 7.649382
v 1.479688 63.978449 8.876705
v 0.504740 63.226190 7.329547
v 0.506268 63.356966 7.344469
v 0.503674 62.944438 7.419372
v 1.022234 63.473854 7.691380
v 0.497445 63.490288 7.476900
v 0.520249 63.854945 7.951308
v -0.014848 63.215188 7.321506
v -0.013224 63.344112 7.322301
v -0.010481 63.486480 7.438168
v 0.433421 64.262954 8.905526
v -0.531494 63.228946 7.338876
v -0.529835 63.356059 7.349948
v -0.527796 63.864606 7.949208
v -0.515857 63.502361 7.477651
v -1.294984 63.362324 7.658294
v -1.044312 63.506924 7.696166
v -1.565469 63.841331 10.956107
v -1.191372 63.674419 11.254132
v -1.436264 63.785040 11.306722
v -1.531839 63.980732 11.337012
v -1.065443 63.619817 11.607517
v -1.277071 63.691939 11.653232
v -0.937525 63.537312 11.925349
v -1.125754 63.573005 11.982199
v -1.254383 63.702488 12.058285
v -1.041314 63.938538 11.979940
v -0.958711 63.465858 12.281516
v -0.889147 63.773372 12.340753
v -0.822639 63.479559 12.135124
v -0.820982 63.449091 12.721148
v -0.656925 63.432596 12.354530
v -0.751133 63.394789 12.557454
v -0.589898 63.485428 12.197735
v -0.463680 63.412795 12.499623
v -0.733353 63.622933 12.673242
v -0.532253 63.509555 12.908035
v -0.511570 63.359089 12.785960
v -0.537806 63.780145 12.560088
v -0.260488 63.486208 12.290103
v -0.253012 63.401045 12.572284
v -0.287580 63.908427 12.436839
v -0.286784 63.484374 13.021582
v -0.240038 63.631919 12.935446
v -0.279082 63.385775 13.012689
v -0.267484 63.355086 12.865501
v -0.235721 63.772993 12.706845
v -0.003824 63.382918 12.593232
v -0.004936 63.345228 12.892038
v -0.006715 63.472997 13.040335
v -0.005547 63.913699 12.402769
v 0.235318 63.632936 12.937734
v 0.227712 63.769595 12.710050
v 0.278867 63.898196 12.441689
v 0.567099 63.514599 12.916341
v 0.288096 63.483858 13.022888
v 0.558228 63.773178 12.572272
v 0.280782 63.383762 13.011753
v 0.312316 64.008334 12.115824
v 0.794053 63.619837 12.692215
v 0.948260 63.751715 12.367283
v 0.901450 63.450054 12.738581
v 0.267687 63.350107 12.864295
v 0.750155 64.029327 11.884559
v 0.336696 64.128634 11.756688
v 1.023132 63.446655 12.298560
v 0.805252 63.385174 12.568119
v 0.538710 63.357025 12.788435
v 0.476355 63.400726 12.502926
v 0.854586 63.451453 12.146194
v 0.684565 63.415257 12.361423
v 0.602652 63.462909 12.203311
v -2.636304 61.415061 10.881050
v -3.127026 61.232710 9.856101
v -3.573899 61.882213 9.569901
v -3.372124 61.869640 8.479952
v 3.184239 60.992344 9.736720
v 3.373162 61.570131 8.388103
v 3.554120 61.668519 9.503927
v 3.288702 62.376589 10.977059
v 3.558262 63.586468 10.950753
v 3.806268 63.612042 10.366298
v 2.793451 61.839725 7.690778
v 3.488810 63.483271 8.346804
v 2.864414 63.478096 7.656979
v 3.844378 63.517827 9.430885
v 3.616259 64.418678 10.394160
v 2.271768 63.453368 7.142641
v 2.306452 62.882576 7.147642
v 2.030569 63.969910 7.125958
v 3.089587 64.724340 11.428067
v 1.898008 63.498857 6.871517
v 2.091288 64.687216 7.692663
v 1.639434 64.311668 7.131560
v 1.344582 63.971913 6.745554
v 2.982055 65.170678 9.594554
v 2.460594 65.353724 10.770928
v 1.202417 63.504160 6.537002
v 1.519973 63.459555 6.656665
v 1.230842 64.515947 7.155435
v 0.906064 63.563543 6.450751
v 1.518676 65.606736 11.033847
v 1.233967 62.993712 6.523751
v 1.355032 65.577931 8.654649
v 1.087968 65.185438 7.849357
v 0.813049 64.697264 7.172225
v 0.665484 64.246407 6.668728
v 0.585992 63.617099 6.386167
v 0.566137 62.903663 6.352319
v 1.505153 65.692898 9.810238
v 0.675251 61.986958 6.664025
v 0.897593 60.983144 7.219863
v 1.366795 61.223326 7.187961
v 1.389087 62.331926 6.729149
v 1.246492 60.195109 8.065684
v 1.768746 61.598829 7.151407
v 1.554258 60.061771 8.924055
v 2.398950 61.021832 7.787938
v 2.118436 62.214565 7.143977
v 1.692560 62.650313 6.785404
v 1.803908 60.620698 10.124105
v 1.532517 63.074746 6.648975
v 1.353355 63.477716 13.118790
v 1.151309 63.525359 13.136582
v 1.807620 63.455329 12.946303
v 2.392832 63.360232 12.591083
v 2.581360 63.201752 12.477938
v 2.796168 63.260455 12.145863
v 2.807171 63.217012 12.090224
v 2.151065 63.265257 12.616521
v 1.972785 63.302632 12.721002
v 1.153344 63.337494 13.138029
v 0.287558 63.444555 13.198171
v -0.282900 63.441425 13.200909
v -1.520811 62.270230 12.585433
v -1.019297 63.320622 13.117531
v -1.666008 61.749415 11.849136
v -3.012224 62.027929 11.051032
v -3.243470 62.785532 11.442916
v -3.459251 62.448264 10.977404
v -1.761677 63.340269 12.669082
v -2.904906 62.987994 11.821739
v -3.566871 62.106554 10.442794
v -1.961932 63.318527 12.554429
v -3.438816 63.587796 11.335322
v -3.723277 63.639120 10.901308
v -3.985234 63.653318 10.322517
v -3.951868 63.626199 9.382443
v -3.070040 63.501525 11.713008
v -3.692206 64.466925 10.339372
v -3.188376 64.782325 11.370472
v -3.538919 63.634482 8.305446
v -2.788358 63.368131 12.060502
v -2.938223 65.203850 9.545835
v -2.466839 65.379729 10.720473
v -2.115806 64.699954 7.667650
v -0.689932 63.569530 13.110678
v -0.280076 63.581735 13.091128
v -1.016842 63.513425 13.106911
v -1.182042 63.471256 13.080701
v 0.274121 63.583246 13.090204
v -0.009196 65.381329 12.240407
v 0.753196 63.582991 13.121334
v -0.709837 65.754517 11.166314
v -1.505683 65.342863 11.938369
v 1.481636 65.255811 12.012149
v 0.703011 65.741177 11.184901
v -0.003488 65.783243 9.876661
v -1.523279 65.627852 10.988927
v -1.510645 65.682840 9.779184
v 0.001976 65.380508 7.897544
v -1.368061 65.587712 8.632390
v -0.005897 64.843980 7.202338
v 3.007081 63.406746 11.789334
v 3.299888 63.507650 11.397789
v 0.383194 64.833918 7.184325
v -1.097733 65.181389 7.834808
v -0.385887 64.797976 7.177417
v -0.819717 64.696539 7.163089
v -0.003010 63.699735 6.348391
v 2.839950 62.906450 11.872376
v 3.084786 62.709361 11.470285
v 0.253427 63.662806 6.353116
v -0.673063 64.220696 6.666913
v -0.259222 63.680785 6.353895
v -0.612812 63.623351 6.384893
v 2.899691 61.929337 11.007929
v -0.607939 62.923743 6.360798
v 0.010159 60.878585 7.275189
v 1.541314 62.199629 12.540713
v 0.388495 60.877168 7.248642
v -0.375134 60.927694 7.265872
v -0.726865 62.012722 6.679376
v 0.057013 60.089496 8.184817
v 1.657224 61.663078 11.781813
v -0.891502 61.090653 7.256172
v -1.149132 60.378400 8.134058
v 0.043723 60.646746 10.468618
v 0.035494 61.580913 12.254852
v -1.408037 60.276929 9.033163
v 0.804419 61.115228 11.366411
v -0.731021 61.158196 11.426788
v -1.695130 60.758868 10.250633
v -1.801242 61.249438 11.222219
v 1.824233 61.154893 11.127387
v 2.615835 61.287365 10.782503
v 3.435982 62.016341 10.400712
v -1.241855 64.551079 7.145842
v -1.583241 63.479926 12.890352
v -2.238691 63.439646 12.514626
v -2.685283 63.556836 12.243458
v -2.469224 63.302152 12.401993
v -0.940669 63.563078 6.449002
v -1.294968 62.987716 6.538008
v -1.248989 63.482925 6.538047
v -1.372140 61.337465 7.241567
v -1.444904 62.401078 6.759604
v -1.378702 63.993309 6.738246
v -1.605375 63.093205 6.658532
v -1.587305 63.455343 6.658142
v -1.796122 61.738229 7.208226
v -1.763363 62.721559 6.812465
v -1.980420 63.545755 6.865033
v -1.665282 64.338722 7.117449
v -2.093306 63.997980 7.109935
v -2.362438 63.593529 7.142261
v -2.187365 62.343890 7.189573
v -2.367719 61.242933 7.882249
v -2.411464 62.961725 7.166642
v -2.836967 62.036038 7.759328
v -2.932686 63.599564 7.626944
v -4.254977 68.859524 12.103918
v -4.172220 68.816006 12.241798
v -4.062969 68.765972 12.373100
v -4.085660 68.458021 12.538758
v -4.020960 68.616385 12.531545
v -3.848628 68.779041 12.504596
v -3.943032 68.708959 12.506325
v -3.757279 68.655787 12.641449
v -3.633616 68.340025 12.847030
v -3.584923 68.508253 12.816984
v -3.449045 68.692998 12.749965
v -3.531663 68.622626 12.768000
v -3.251514 68.608137 12.873727
v -2.960351 68.506192 13.004268
v -2.947039 68.689700 12.926282
v -2.945096 68.595785 12.960342
v -2.974471 68.352215 13.026311
v -2.652982 68.647355 12.986342
v -2.412396 68.693281 12.955415
v -2.390992 68.583999 12.996472
v -2.443728 68.768572 12.920211
v -2.372192 68.445764 13.011491
v -2.217224 68.747351 12.939343
v -2.071804 68.805444 12.902316
v -2.032767 68.720461 12.949744
v -2.108440 68.879630 12.867119
v -1.995442 68.600513 12.978600
v -2.108440 68.879630 12.867119
v -2.068581 68.816653 12.907448
v -2.026634 68.747452 12.961767
v -1.977100 68.644731 13.005528
v -1.991436 68.915666 12.828191
v -1.941744 68.867764 12.869718
v -1.887872 68.821081 12.926334
v -1.826630 68.743654 12.969921
v -1.812794 68.932856 12.830598
v -1.698550 69.030619 12.726412
v -4.228056 68.857650 12.323199
v -4.334875 68.901143 12.111715
v -4.123568 68.517733 12.721549
v -4.081804 68.794989 12.491683
v -4.045142 68.642102 12.679816
v -3.958327 68.735176 12.629790
v -3.848628 68.779041 12.504596
v -3.771103 68.674906 12.756931
v -3.645501 68.415015 13.008895
v -3.588733 68.531034 12.958410
v -3.527986 68.626232 12.879043
v -3.446627 68.696091 12.747637
v -3.257527 68.608496 12.974987
v -2.944682 68.534465 13.139479
v -2.945231 68.601680 13.062632
v -2.946692 68.689720 12.926279
v -2.943498 68.427579 13.191307
v -2.637754 68.667490 13.077950
v -2.356383 68.631248 13.099615
v -2.443656 68.768560 12.920199
v -2.389017 68.719391 13.032870
v -2.327633 68.528985 13.132698
v -2.196592 68.782118 13.003694
v -1.993823 68.784564 13.013784
v -2.108440 68.879630 12.867120
v -2.046246 68.836226 12.954619
v -1.946666 68.723250 13.056131
v -2.108440 68.879630 12.867120
v -2.028131 68.857265 12.959921
v -1.927743 68.768877 13.062498
v -1.971682 68.817201 13.020073
v -1.991438 68.915658 12.828189
v -1.909027 68.896639 12.928116
v -1.854980 68.865052 12.991870
v -1.811294 68.824469 13.034094
v -1.811898 68.958553 12.880326
v -1.702180 69.009813 12.913806
v -1.735651 69.011687 12.835769
v -1.812056 68.986158 12.720326
v -1.680503 68.990661 12.970393
v -1.673713 69.068265 12.790294
v -4.674261 69.305456 12.266741
v -4.551035 69.194374 12.259870
v -4.433817 69.067926 12.126483
v -4.381030 69.111378 12.218913
v -4.235545 69.074912 12.177869
v -4.324783 69.176356 12.342178
v -4.199015 69.275912 12.507416
v -4.279864 69.600139 12.862698
v -4.164577 69.479080 12.816265
v -3.927334 69.302466 12.514378
v -4.035498 69.380242 12.677582
v -3.848604 69.485751 12.842335
v -3.897101 69.798538 13.227777
v -3.781290 69.674648 13.155480
v -3.535136 69.485360 12.805361
v -3.655607 69.566181 12.976106
v -3.471048 69.636910 13.105467
v -3.415040 69.952292 13.508973
v -3.348012 69.792326 13.397355
v -3.173992 69.593858 12.989959
v -3.257728 69.688982 13.221383
v -3.036441 69.710539 13.279139
v -2.917735 69.969826 13.616045
v -2.887889 69.802009 13.480602
v -2.780996 69.606305 13.065970
v -2.832840 69.705415 13.306689
v -2.628694 69.689208 13.291046
v -2.415175 69.870635 13.585184
v -2.442554 69.720414 13.434513
v -2.423680 69.578937 13.006213
v -2.451311 69.649732 13.257551
v -2.239644 69.578942 13.201599
v -1.919102 69.670195 13.382494
v -1.948043 69.522511 13.275924
v -2.057845 69.467273 12.905561
v -2.000392 69.480608 13.125992
v -1.792334 69.377515 13.014341
v -1.562942 69.339723 12.985241
v -1.766820 69.343684 12.730218
v -1.648676 69.304552 12.876737
v -1.478134 69.451540 13.120377
v -1.585795 69.276743 12.783074
v -1.370184 69.325392 13.015506
v -1.505879 69.242084 12.929003
v -1.653814 69.237531 12.842356
v -1.564178 69.203382 12.735521
v -1.784238 69.289564 12.965428
v -1.803231 69.529939 13.379168
v -1.887041 69.417497 13.244630
v -1.766824 69.343755 12.730235
v -1.990808 69.391415 13.060701
v -2.217529 69.484927 13.158234
v -2.057845 69.467273 12.905557
v -2.397311 69.628163 13.446985
v -2.391058 69.777627 13.598615
v -2.418011 69.537873 13.222756
v -2.601576 69.562140 13.265550
v -2.423681 69.578952 13.006213
v -2.877098 69.693042 13.515695
v -2.913756 69.889012 13.643393
v -2.826080 69.579959 13.282573
v -3.041333 69.584599 13.252345
v -2.780998 69.606320 13.065974
v -3.361724 69.686795 13.405040
v -3.453010 69.893607 13.525910
v -3.255913 69.559801 13.171978
v -3.454877 69.522809 13.078662
v -3.173991 69.593830 12.989957
v -3.834799 69.597775 13.236178
v -3.974781 69.778997 13.288979
v -3.664788 69.462589 12.980000
v -3.872582 69.375901 12.857543
v -3.535136 69.485473 12.805365
v -4.253552 69.379653 12.857447
v -4.386470 69.537070 12.930801
v -4.052905 69.277675 12.679154
v -4.179368 69.186100 12.537022
v -3.927328 69.303562 12.514404
v -4.269308 69.097867 12.391581
v -4.574048 69.076307 12.269730
v -4.335498 69.026099 12.246593
v -4.774588 69.201633 12.286729
v -4.378495 68.979369 12.145200
v -4.235548 69.074898 12.177871
v -2.394878 69.736829 13.624554
v -2.844506 69.757904 13.658670
v -2.789418 69.636437 13.378799
v -2.355701 69.637440 13.407804
v -2.747224 69.573246 13.167799
v -2.319433 69.582956 13.197125
v -2.711854 69.563680 12.992389
v -2.296758 69.574574 13.040248
v -2.009187 69.629013 13.538088
v -2.479696 69.728521 13.620518
v -2.472370 69.616407 13.313664
v -2.014015 69.540989 13.318617
v -2.449545 69.553447 13.093738
v -1.987133 69.478815 13.149850
v -2.423052 69.541515 12.879537
v -1.994692 69.482812 12.930187
v -2.775735 69.823717 13.754441
v -3.199629 69.760633 13.640976
v -3.066676 69.643201 13.347422
v -2.684450 69.731851 13.534425
v -2.968216 69.586235 13.137149
v -2.588540 69.674713 13.320963
v -2.898042 69.580176 12.966220
v -2.505749 69.665371 13.136424
v -3.109473 69.801966 13.665038
v -3.524517 69.715613 13.509125
v -3.401515 69.600677 13.226606
v -3.009463 69.703003 13.461217
v -3.307162 69.553582 13.021462
v -2.924341 69.648513 13.254231
v -3.246898 69.553986 12.854919
v -2.852507 69.644054 13.098626
v -3.484104 69.795209 13.506047
v -3.857910 69.648694 13.352945
v -3.722548 69.527444 13.088600
v -3.374216 69.689602 13.322445
v -3.624933 69.464098 12.887334
v -3.280739 69.627829 13.138962
v -3.563086 69.453953 12.729766
v -3.212919 69.615982 12.996106
v -3.864483 69.645261 13.381226
v -4.223673 69.468314 13.182471
v -4.040779 69.379284 12.900103
v -3.718206 69.572209 13.188052
v -3.908485 69.321934 12.676077
v -3.594798 69.536303 12.993714
v -3.824523 69.334743 12.515284
v -3.504707 69.547472 12.849496
v -4.528059 69.415289 12.919297
v -4.659677 69.179431 12.524187
v -4.412079 69.125329 12.392422
v -4.333439 69.376117 12.850763
v -4.217722 69.114541 12.296961
v -4.162612 69.371866 12.747253
v -4.075902 69.144810 12.219936
v -4.024536 69.408262 12.665166
v -4.221158 69.563088 13.170761
v -4.463584 69.323431 12.832380
v -4.244127 69.249345 12.643071
v -4.045885 69.497916 13.038875
v -4.076853 69.218177 12.497492
v -3.895527 69.477862 12.904036
v -3.960009 69.226303 12.380640
v -3.775031 69.494032 12.797514
v -4.620646 69.332567 12.561094
v -4.802689 69.179789 12.288955
v -4.615001 69.068968 12.172964
v -4.467583 69.250786 12.495604
v -4.462264 68.998135 12.067959
v -4.329517 69.204832 12.397008
v -4.339518 68.970217 11.989836
v -4.210191 69.199982 12.311145
v 4.417307 69.104930 12.193735
v 4.322121 69.046258 12.339170
v 4.216178 68.988920 12.471076
v 4.247245 68.695853 12.592844
v 4.175890 68.832259 12.617210
v 3.996188 68.996674 12.603682
v 4.091374 68.925567 12.600948
v 3.906014 68.865212 12.731237
v 3.685982 68.827210 12.855089
v 3.415002 68.805769 12.954048
v 3.115194 68.777561 13.038193
v 2.832062 68.788210 13.062338
v 2.592232 68.817725 13.029278
v 2.398719 68.861252 13.011364
v 2.253518 68.909493 12.971848
v 2.293159 68.989837 12.939578
v 2.248475 68.922707 12.977603
v 2.200591 68.848541 13.028598
v 2.142984 68.738826 13.069791
v 2.176269 69.018945 12.898045
v 2.121794 68.967011 12.937022
v 2.060367 68.918376 12.990713
v 1.980015 68.864551 13.052278
v 1.990654 69.027538 12.892706
v 1.876194 69.116349 12.786341
v 4.373754 69.099371 12.418524
v 4.485617 69.167142 12.199981
v 4.268123 68.727865 12.807279
v 4.229170 69.027440 12.584511
v 4.190909 68.858698 12.772355
v 4.103718 68.952529 12.726717
v 3.996188 68.996674 12.603682
v 3.916527 68.882215 12.851744
v 3.679879 68.831378 12.967606
v 3.416004 68.800641 13.059095
v 3.111572 68.780188 13.142723
v 2.814622 68.805303 13.154773
v 2.572435 68.843608 13.108559
v 2.377002 68.895049 13.075628
v 2.226116 68.938046 13.025403
v 2.293159 68.989837 12.939579
v 2.207238 68.961782 13.028137
v 2.096747 68.866075 13.125816
v 2.145678 68.917759 13.085538
v 2.176270 69.018931 12.898042
v 2.086779 68.996451 12.993451
v 2.026901 68.961481 13.054020
v 1.977780 68.919206 13.094187
v 1.988068 69.054392 12.941638
v 1.870760 69.104654 12.970215
v 1.910632 69.105775 12.894674
v 1.996549 69.079828 12.786098
v 1.843917 69.085698 13.025236
v 1.846874 69.156850 12.847034
v 4.761933 69.518382 12.377879
v 4.648926 69.408166 12.371936
v 4.537130 69.283366 12.239051
v 4.491535 69.330330 12.330004
v 4.356875 69.298041 12.287076
v 4.439977 69.399287 12.452015
v 4.323182 69.503795 12.615848
v 4.387156 69.818464 12.972036
v 4.284273 69.700969 12.924797
v 4.071656 69.533538 12.620965
v 4.169099 69.607141 12.785125
v 3.992377 69.710858 12.949163
v 4.014601 70.011491 13.335435
v 3.913722 69.892304 13.261899
v 3.697630 69.712533 12.909030
v 3.805128 69.790134 13.081170
v 3.623226 69.857690 13.208504
v 3.543499 70.158382 13.608785
v 3.490984 70.001665 13.496614
v 3.344791 69.809581 13.087037
v 3.415164 69.901761 13.319485
v 3.200079 69.912395 13.373357
v 3.060571 70.161193 13.706614
v 3.043711 69.991994 13.571423
v 2.960073 69.797288 13.155807
v 3.000137 69.895777 13.396910
v 2.799557 69.869387 13.377123
v 2.570056 70.036567 13.665494
v 2.608187 69.887941 13.516125
v 2.607272 69.747548 13.088810
v 2.625580 69.818760 13.340084
v 2.417565 69.732994 13.278786
v 2.085536 69.802433 13.450291
v 2.121475 69.653800 13.344951
v 2.243363 69.606359 12.978642
v 2.179754 69.615019 13.196911
v 1.969429 69.492304 13.078817
v 1.736544 69.435082 13.043104
v 1.947987 69.455301 12.794898
v 1.825813 69.405277 12.937552
v 1.647025 69.544873 13.178915
v 1.763021 69.371293 12.842518
v 1.541975 69.405328 13.070884
v 1.680462 69.330073 12.985499
v 1.832102 69.337047 12.903837
v 1.741513 69.293673 12.794248
v 1.962681 69.401062 13.029755
v 1.970703 69.650846 13.443715
v 2.061794 69.541539 13.311898
v 1.947989 69.455373 12.794915
v 2.172797 69.522624 13.131495
v 2.398223 69.635482 13.235059
v 2.243363 69.606359 12.978638
v 2.564642 69.790841 13.527470
v 2.548060 69.940516 13.678340
v 2.595812 69.703070 13.304286
v 2.777035 69.741088 13.351228
v 2.607272 69.747563 13.088811
v 3.034943 69.881963 13.606430
v 3.058426 70.077784 13.734272
v 2.997998 69.770780 13.372853
v 3.209193 69.785733 13.346547
v 2.960074 69.797303 13.155812
v 3.507532 69.893072 13.505210
v 3.581078 70.099229 13.626257
v 3.419098 69.770599 13.270805
v 3.611739 69.743089 13.181431
v 3.344791 69.809529 13.087034
v 3.962876 69.811393 13.343170
v 4.085453 69.989336 13.397092
v 3.816144 69.685423 13.085223
v 4.016974 69.602302 12.964762
v 3.697626 69.712642 12.909037
v 4.368352 69.600515 12.967068
v 4.485888 69.749899 13.041103
v 4.187330 69.507160 12.786987
v 4.305323 69.412391 12.645024
v 4.071637 69.534660 12.620992
v 4.389075 69.320130 12.500343
v 4.668184 69.286232 12.383657
v 4.448908 69.243285 12.356039
v 4.854129 69.409655 12.400412
v 4.485483 69.194002 12.255518
v 4.356877 69.298026 12.287079
v 2.551769 69.899284 13.704356
v 2.956715 69.824175 13.468116
v 2.994043 69.942443 13.748112
v 2.524538 69.798199 13.487399
v 2.924859 69.762556 13.256733
v 2.497159 69.742119 13.276612
v 2.894874 69.751106 13.080913
v 2.479819 69.733321 13.119823
v 2.171638 69.766363 13.607889
v 2.645199 69.785291 13.396515
v 2.636434 69.895140 13.702190
v 2.186459 69.677348 13.389288
v 2.631256 69.722293 13.176693
v 2.165635 69.612121 13.220321
v 2.610271 69.710618 12.962447
v 2.178474 69.617305 13.001458
v 2.919709 70.003889 13.842039
v 3.228468 69.843289 13.441915
v 3.339373 69.955573 13.737065
v 2.843066 69.910848 13.620992
v 3.142147 69.787344 13.230290
v 2.759013 69.851612 13.406238
v 3.078119 69.781114 13.057887
v 2.683442 69.839996 13.220199
v 3.249935 69.994828 13.759239
v 3.555508 69.816131 13.327316
v 3.656456 69.919868 13.611504
v 3.166232 69.898227 13.554441
v 3.471675 69.773043 13.122043
v 3.093725 69.845635 13.346596
v 3.417653 69.775521 12.954371
v 3.028363 69.838756 13.189892
v 3.615711 70.001836 13.607548
v 3.865421 69.747337 13.194409
v 3.978111 69.857663 13.460033
v 3.523023 69.901401 13.422675
v 3.781094 69.689537 12.992160
v 3.442015 69.843053 13.237586
v 3.726155 69.682688 12.833949
v 3.381581 69.833015 13.093869
v 3.983773 69.858024 13.488432
v 4.171949 69.600604 13.008968
v 4.331077 69.677600 13.293113
v 3.856640 69.789175 13.293623
v 4.052341 69.550986 12.782234
v 3.748156 69.759526 13.097916
v 3.975130 69.564465 12.620665
v 3.666333 69.773925 12.952608
v 4.620440 69.626021 13.030966
v 4.520433 69.343078 12.502739
v 4.748784 69.386825 12.636091
v 4.442428 69.594258 12.961059
v 4.340961 69.339985 12.405399
v 4.285751 69.593682 12.855941
v 4.209452 69.376285 12.327326
v 4.158610 69.636096 12.772613
v 4.327335 69.774219 13.281143
v 4.363635 69.473172 12.751718
v 4.562759 69.537331 12.942619
v 4.170535 69.717156 13.147654
v 4.210657 69.448775 12.604651
v 4.034592 69.699220 13.011321
v 4.102659 69.462162 12.486817
v 3.924617 69.721482 12.903508
v 4.712341 69.545296 12.672247
v 4.704070 69.276698 12.286737
v 4.879796 69.385987 12.402830
v 4.571797 69.468600 12.606103
v 4.560691 69.209829 12.179852
v 4.444615 69.427937 12.506642
v 4.445918 69.186337 12.099917
v 4.334184 69.427998 12.419935
v -1.841011 69.039470 12.582321
v -2.895632 69.126284 12.332542
v -2.211756 69.104341 12.337933
v -2.448249 68.865449 12.819196
v -2.225526 69.157901 12.336487
v -3.371692 68.812894 12.646258
v -3.735670 68.890548 12.415371
v -4.083797 69.022240 12.029190
v -4.083797 69.022240 12.029190
v -4.056661 69.067409 12.085851
v -3.818980 69.269245 12.387040
v -3.437485 69.445325 12.675107
v -1.772831 69.242442 12.544417
v -1.783249 69.083990 12.528585
v 2.025119 69.147378 12.647231
v 2.631570 69.203222 12.508166
v 2.218129 69.112477 12.759994
v 3.087201 69.333388 12.423517
v 2.410166 69.252381 12.399384
v 2.419376 69.308853 12.406351
v 2.629107 69.025697 12.896997
v 3.536798 69.028673 12.744620
v 3.891335 69.114798 12.519315
v 4.194612 69.229546 12.171177
v 4.214471 69.248771 12.137861
v 4.191487 69.296390 12.193420
v 3.971832 69.501394 12.494751
v 3.607728 69.673261 12.777928
v 1.950165 69.357326 12.614125
v 1.984494 69.194002 12.558409
f 256 259 257
f 259 256 260
f 256 255 279
f 260 256 279
f 279 255 52
f 280 259 260
f 260 278 280
f 260 277 278
f 279 277 260
f 211 277 279
f 52 211 279
f 45 211 52
f 280 278 261
f 261 294 280
f 278 277 296
f 265 278 296
f 261 278 265
f 211 215 277
f 277 191 296
f 215 191 277
f 211 45 254
f 254 215 211
f 254 45 253
f 263 294 261
f 261 266 263
f 265 266 261
f 264 294 298
f 298 294 263
f 266 298 263
f 298 299 264
f 264 288 289
f 264 299 288
f 191 215 293
f 276 296 191
f 191 293 276
f 293 215 37
f 252 215 254
f 37 215 252
f 252 254 36
f 36 254 253
f 275 298 266
f 298 275 299
f 299 275 274
f 299 274 297
f 288 299 297
f 37 252 251
f 251 252 36
f 37 251 292
f 293 37 292
f 292 251 281
f 292 281 293
f 276 293 258
f 293 249 258
f 295 249 293
f 293 281 295
f 275 286 274
f 286 275 30
f 30 275 266
f 286 185 274
f 185 287 274
f 274 114 297
f 274 287 114
f 291 249 295
f 258 249 141
f 291 262 249
f 249 262 141
f 285 185 286
f 285 286 291
f 291 286 250
f 286 30 250
f 262 250 30
f 262 30 265
f 265 30 266
f 250 262 291
f 291 295 285
f 265 296 262
f 262 296 141
f 284 185 285
f 114 287 283
f 283 287 284
f 287 185 284
f 285 283 284
f 141 296 276
f 295 283 285
f 281 283 295
f 283 9 114
f 106 9 283
f 283 282 106
f 282 283 281
f 281 273 282
f 282 273 106
f 106 273 272
f 106 272 9
f 272 273 107
f 9 272 270
f 107 270 272
f 271 270 107
f 271 102 270
f 193 9 270
f 270 102 193
f 297 9 193
f 297 114 9
f 93 193 102
f 290 297 193
f 290 193 93
f 288 297 290
f 268 290 93
f 269 288 290
f 269 290 268
f 289 288 269
f 267 289 269
f 276 258 141
f 361 360 359
f 363 361 420
f 420 361 359
f 418 363 420
f 364 363 418
f 363 364 268
f 268 364 93
f 420 419 418
f 345 419 420
f 418 416 364
f 418 417 416
f 419 417 418
f 364 416 94
f 364 94 93
f 93 94 97
f 343 419 345
f 343 299 419
f 419 299 417
f 345 344 343
f 442 299 343
f 343 344 442
f 442 123 299
f 417 299 274
f 299 123 274
f 344 294 441
f 442 344 441
f 442 377 123
f 441 377 442
f 441 294 342
f 340 294 398
f 342 294 340
f 342 385 441
f 385 377 441
f 336 337 398
f 336 335 338
f 337 336 338
f 337 339 398
f 398 339 340
f 123 377 378
f 385 383 377
f 383 378 377
f 338 278 337
f 337 278 339
f 238 385 342
f 342 440 238
f 340 440 342
f 339 235 340
f 340 235 440
f 339 278 228
f 339 228 235
f 338 335 395
f 338 391 278
f 395 391 338
f 228 278 296
f 391 296 278
f 353 238 440
f 350 440 235
f 350 351 440
f 351 353 440
f 235 228 347
f 349 235 347
f 349 350 235
f 352 350 349
f 352 351 350
f 355 353 351
f 355 351 352
f 352 349 348
f 348 349 347
f 346 347 228
f 348 347 346
f 389 391 395
f 391 424 296
f 391 389 392
f 391 392 424
f 352 348 369
f 369 348 346
f 352 369 368
f 352 368 355
f 369 346 403
f 368 369 403
f 392 389 427
f 309 392 427
f 424 392 309
f 296 424 309
f 368 404 355
f 30 368 403
f 30 404 368
f 404 382 355
f 404 405 382
f 30 405 404
f 387 427 389
f 209 427 387
f 209 431 427
f 427 431 309
f 209 387 431
f 431 387 432
f 431 432 309
f 309 423 296
f 215 423 309
f 432 215 309
f 215 432 131
f 131 432 387
f 405 381 382
f 405 406 381
f 30 406 405
f 406 408 381
f 30 408 406
f 423 215 422
f 215 131 386
f 422 215 386
f 387 388 131
f 387 389 388
f 386 131 324
f 131 325 324
f 131 388 325
f 325 388 51
f 51 388 389
f 362 381 408
f 318 386 324
f 318 324 323
f 324 325 323
f 316 386 318
f 422 386 433
f 386 316 433
f 51 50 325
f 43 323 325
f 325 50 43
f 319 323 43
f 319 318 323
f 318 317 316
f 317 318 319
f 51 389 326
f 52 51 326
f 50 51 52
f 433 316 314
f 316 315 314
f 316 317 315
f 326 255 52
f 314 315 375
f 314 375 313
f 314 313 433
f 313 396 433
f 433 396 422
f 313 375 397
f 397 430 313
f 313 430 396
f 430 394 396
f 341 396 394
f 422 396 341
f 331 394 430
f 341 394 393
f 331 393 394
f 439 341 393
f 439 422 341
f 423 422 439
f 430 425 331
f 429 425 430
f 429 430 397
f 397 375 438
f 428 397 438
f 429 397 428
f 428 425 429
f 390 439 393
f 393 306 390
f 306 393 331
f 390 296 439
f 439 296 423
f 425 330 331
f 331 330 307
f 331 307 306
f 306 307 390
f 390 228 296
f 390 307 228
f 426 425 428
f 329 330 425
f 328 425 426
f 329 425 328
f 428 407 426
f 402 407 428
f 438 402 428
f 330 310 307
f 330 434 310
f 330 329 434
f 228 307 346
f 346 307 310
f 328 436 329
f 434 329 435
f 329 436 435
f 434 435 311
f 310 434 311
f 310 403 346
f 403 310 311
f 328 322 436
f 328 412 322
f 426 412 328
f 421 426 407
f 402 414 407
f 414 421 407
f 436 437 435
f 322 437 436
f 435 437 312
f 311 435 312
f 312 30 311
f 311 30 403
f 312 437 30
f 320 437 322
f 30 437 320
f 322 321 320
f 321 322 412
f 30 320 408
f 380 320 321
f 380 409 320
f 409 408 320
f 362 409 380
f 362 408 409
f 362 380 379
f 379 380 321
f 123 321 412
f 379 321 378
f 321 123 378
f 362 379 383
f 383 379 378
f 383 384 362
f 381 362 384
f 385 384 383
f 381 384 358
f 358 384 385
f 358 357 381
f 385 357 358
f 385 238 357
f 381 357 356
f 356 357 238
f 381 356 382
f 382 356 354
f 354 356 238
f 353 354 238
f 382 354 355
f 355 354 353
f 411 274 123
f 411 123 412
f 413 274 411
f 411 421 413
f 410 411 412
f 421 411 410
f 410 426 421
f 426 410 412
f 413 421 414
f 374 413 414
f 376 413 374
f 376 274 413
f 374 414 402
f 374 9 376
f 305 376 9
f 274 376 305
f 304 9 374
f 402 401 374
f 374 401 304
f 438 401 402
f 304 7 9
f 303 305 9
f 7 303 9
f 401 400 304
f 399 400 401
f 399 401 438
f 400 370 304
f 367 7 304
f 304 370 367
f 438 375 399
f 375 373 399
f 399 373 400
f 373 372 400
f 400 372 370
f 302 303 7
f 308 305 303
f 302 308 303
f 7 367 365
f 302 7 415
f 7 365 415
f 365 367 366
f 370 366 367
f 372 371 370
f 370 371 366
f 371 103 366
f 366 103 365
f 103 97 365
f 365 94 415
f 365 97 94
f 302 415 416
f 415 94 416
f 21 308 302
f 300 302 416
f 21 302 300
f 21 300 308
f 300 305 308
f 301 300 416
f 300 301 305
f 417 301 416
f 305 301 443
f 417 443 301
f 274 305 443
f 417 274 443
f 326 389 395
f 326 395 327
f 327 255 326
f 327 395 335
f 327 335 332
f 332 335 334
f 332 334 333
f 52 49 479
f 48 49 52
f 317 473 319
f 479 135 395
f 135 574 580
f 135 580 599
f 135 599 395
f 479 395 480
f 479 481 52
f 480 481 479
f 480 395 602
f 395 599 338
f 338 602 395
f 480 255 481
f 327 255 480
f 602 600 480
f 480 600 327
f 507 602 338
f 492 600 602
f 507 492 602
f 508 507 338
f 338 278 508
f 599 278 338
f 327 485 255
f 327 600 484
f 484 485 327
f 484 600 601
f 600 492 601
f 606 507 508
f 606 493 507
f 493 492 507
f 601 492 491
f 492 490 491
f 484 601 486
f 488 601 491
f 486 601 488
f 484 486 333
f 257 486 488
f 257 488 491
f 334 257 491
f 490 334 491
f 333 486 487
f 487 486 257
f 257 334 487
f 489 334 490
f 517 657 658
f 658 657 659
f 660 529 359
f 659 529 660
f 359 529 267
f 267 527 359
f 657 661 659
f 531 529 659
f 662 531 659
f 659 661 662
f 528 529 531
f 267 529 528
f 267 528 530
f 527 267 530
f 530 528 531
f 532 530 531
f 532 531 662
f 360 527 530
f 532 360 530
f 363 532 662
f 541 363 662
f 661 541 662
f 532 363 533
f 363 541 268
f 363 268 533
f 541 542 268
f 541 543 542
f 543 541 418
f 541 661 418
f 543 93 542
f 543 418 176
f 95 543 176
f 93 543 95
f 419 418 661
f 418 419 647
f 176 418 647
f 657 419 661
f 98 93 95
f 516 419 657
f 419 516 299
f 647 419 299
f 176 647 695
f 176 695 646
f 645 176 646
f 95 176 645
f 95 365 98
f 544 95 645
f 544 365 95
f 701 647 299
f 647 701 696
f 647 696 695
f 517 516 657
f 365 103 98
f 695 697 646
f 696 698 695
f 698 697 695
f 698 696 699
f 701 699 696
f 459 645 646
f 459 461 645
f 461 544 645
f 545 365 544
f 365 545 546
f 103 365 546
f 367 545 544
f 461 367 544
f 698 700 697
f 700 698 699
f 444 700 699
f 701 444 699
f 371 103 546
f 272 545 367
f 546 545 272
f 537 566 535
f 537 538 566
f 539 538 537
f 642 539 537
f 537 536 642
f 535 536 537
f 538 539 540
f 547 538 540
f 538 547 627
f 538 627 566
f 566 534 535
f 565 566 627
f 566 383 534
f 565 383 566
f 564 536 535
f 535 534 563
f 563 564 535
f 534 526 563
f 534 383 525
f 526 534 525
f 547 540 549
f 549 540 548
f 547 612 627
f 547 550 612
f 549 550 547
f 563 526 120
f 562 564 563
f 120 562 563
f 526 266 120
f 526 525 524
f 266 526 524
f 549 520 550
f 551 520 549
f 548 551 549
f 523 120 266
f 266 524 523
f 560 120 523
f 120 560 562
f 557 551 548
f 562 560 561
f 612 550 158
f 612 158 627
f 551 559 520
f 551 557 558
f 559 551 558
f 560 559 561
f 559 560 521
f 521 560 523
f 523 524 522
f 523 522 521
f 520 559 521
f 521 522 350
f 520 521 350
f 561 559 558
f 158 613 627
f 613 565 627
f 613 158 30
f 611 30 158
f 158 550 611
f 320 613 30
f 613 320 628
f 565 613 628
f 470 320 30
f 692 628 320
f 320 470 692
f 692 476 628
f 692 470 476
f 378 565 628
f 383 565 378
f 29 470 30
f 403 30 611
f 469 30 403
f 29 30 469
f 470 29 691
f 470 691 476
f 628 476 637
f 328 637 476
f 328 476 691
f 628 123 378
f 123 628 629
f 628 637 629
f 126 383 378
f 126 378 123
f 29 28 691
f 29 690 28
f 469 690 29
f 328 691 329
f 691 28 329
f 690 329 28
f 469 468 690
f 609 468 469
f 403 609 469
f 629 637 634
f 636 634 637
f 636 637 328
f 328 329 675
f 675 636 328
f 330 329 690
f 330 690 468
f 638 123 629
f 635 638 629
f 635 629 634
f 329 291 675
f 329 482 291
f 330 482 329
f 609 518 468
f 518 464 468
f 330 468 464
f 482 330 462
f 462 330 464
f 609 403 518
f 635 634 633
f 634 636 632
f 633 634 632
f 632 636 630
f 636 675 630
f 656 638 635
f 663 656 635
f 663 635 633
f 462 464 463
f 518 514 464
f 514 463 464
f 463 453 462
f 453 452 462
f 462 452 482
f 611 518 403
f 632 630 626
f 631 632 626
f 633 632 631
f 663 633 421
f 664 633 631
f 633 664 421
f 421 669 663
f 669 656 663
f 513 463 514
f 513 579 463
f 579 453 463
f 453 450 452
f 591 450 453
f 579 591 453
f 669 421 666
f 421 664 666
f 664 665 666
f 665 664 631
f 626 625 631
f 667 665 631
f 625 667 631
f 668 669 666
f 578 579 513
f 578 393 579
f 590 591 579
f 579 393 590
f 450 591 447
f 592 591 590
f 597 591 592
f 447 591 597
f 393 593 590
f 590 593 592
f 594 593 393
f 393 578 594
f 594 578 577
f 578 513 577
f 595 593 594
f 594 596 595
f 576 596 594
f 577 576 594
f 596 576 575
f 575 576 568
f 577 568 576
f 577 513 512
f 512 510 577
f 577 510 568
f 513 514 512
f 510 505 568
f 568 505 503
f 503 575 568
f 504 575 503
f 511 510 512
f 671 505 510
f 671 510 511
f 671 506 505
f 505 506 503
f 503 506 500
f 502 503 500
f 504 503 502
f 512 225 511
f 512 296 225
f 512 514 228
f 512 228 296
f 228 514 518
f 511 672 671
f 191 672 511
f 511 225 191
f 191 225 296
f 671 598 506
f 671 604 598
f 672 604 671
f 506 497 500
f 506 598 497
f 500 501 502
f 498 501 500
f 500 497 498
f 497 598 495
f 497 495 498
f 191 215 672
f 686 191 296
f 215 191 686
f 672 215 386
f 433 604 672
f 672 386 433
f 688 495 598
f 689 688 598
f 689 598 604
f 313 689 604
f 313 604 433
f 498 499 501
f 498 495 496
f 496 499 498
f 495 451 496
f 494 451 495
f 494 495 688
f 451 499 496
f 386 215 324
f 570 215 686
f 571 215 570
f 324 215 571
f 252 386 324
f 474 386 252
f 386 474 433
f 448 499 451
f 494 449 451
f 451 446 448
f 449 446 451
f 252 324 477
f 324 478 477
f 571 478 324
f 570 573 571
f 573 572 571
f 571 572 478
f 252 473 474
f 475 252 477
f 473 252 475
f 477 478 325
f 325 475 477
f 478 49 325
f 478 572 49
f 446 449 447
f 573 574 572
f 572 574 135
f 49 572 135
f 43 475 325
f 319 475 43
f 319 473 475
f 49 48 325
f 325 48 43
f 49 135 479
f 552 546 272
f 371 546 552
f 367 461 9
f 460 461 459
f 461 460 9
f 272 367 304
f 304 367 9
f 553 272 304
f 272 553 552
f 372 371 552
f 552 554 372
f 553 554 552
f 555 304 9
f 555 401 304
f 304 401 553
f 401 607 553
f 554 553 607
f 114 555 9
f 460 465 9
f 9 465 114
f 554 373 372
f 607 556 554
f 556 373 554
f 607 401 608
f 556 607 608
f 401 555 610
f 438 401 610
f 401 438 608
f 114 639 555
f 555 641 610
f 639 641 555
f 608 438 281
f 281 556 608
f 465 274 114
f 114 274 117
f 639 114 117
f 438 610 682
f 682 610 614
f 641 614 610
f 438 397 281
f 397 438 682
f 638 639 117
f 638 117 274
f 639 638 640
f 641 639 640
f 641 648 614
f 641 640 644
f 641 644 648
f 640 653 644
f 656 653 640
f 638 656 640
f 644 650 648
f 653 650 644
f 638 274 123
f 648 616 614
f 648 649 616
f 650 649 648
f 656 655 653
f 654 653 655
f 650 653 654
f 656 669 655
f 670 654 655
f 655 669 670
f 652 650 654
f 651 649 650
f 652 651 650
f 649 651 643
f 620 649 643
f 649 620 616
f 669 668 670
f 616 620 617
f 616 617 614
f 620 643 622
f 620 619 617
f 619 620 622
f 621 619 622
f 617 619 621
f 618 617 621
f 615 614 617
f 618 615 617
f 682 614 615
f 623 621 622
f 618 621 684
f 621 623 624
f 684 621 624
f 615 618 683
f 683 618 684
f 682 615 681
f 615 675 681
f 675 615 683
f 630 683 684
f 630 675 683
f 626 630 684
f 625 626 684
f 624 625 684
f 682 681 674
f 681 675 291
f 674 681 291
f 295 682 674
f 295 397 682
f 295 674 689
f 295 689 397
f 689 674 483
f 674 291 483
f 483 291 482
f 689 483 688
f 688 483 482
f 397 689 313
f 313 281 397
f 482 567 688
f 452 567 482
f 688 567 494
f 567 449 494
f 452 449 567
f 450 449 452
f 687 281 313
f 433 687 313
f 281 687 603
f 471 687 433
f 603 687 471
f 447 449 450
f 433 474 471
f 471 472 603
f 472 471 474
f 603 472 315
f 474 473 472
f 473 317 472
f 472 317 315
f 467 466 460
f 466 467 445
f 445 465 466
f 465 460 466
f 467 460 457
f 467 454 445
f 467 457 454
f 460 459 457
f 457 459 456
f 457 456 454
f 454 455 445
f 455 454 456
f 445 444 465
f 700 444 445
f 455 700 445
f 458 455 456
f 700 455 458
f 458 456 646
f 456 459 646
f 697 458 646
f 697 700 458
f 444 702 465
f 702 274 465
f 702 444 701
f 701 274 702
f 299 274 701
f 123 274 299
f 442 123 299
f 516 442 299
f 442 126 123
f 442 441 126
f 442 516 515
f 441 442 515
f 516 344 515
f 517 344 516
f 515 605 441
f 294 605 515
f 344 294 515
f 294 344 88
f 344 517 88
f 605 342 441
f 441 569 126
f 441 342 569
f 126 569 383
f 605 340 342
f 509 340 605
f 294 509 605
f 294 88 398
f 398 509 294
f 398 88 606
f 342 694 569
f 342 693 694
f 340 693 342
f 569 694 525
f 569 525 383
f 606 508 398
f 508 509 398
f 340 509 339
f 339 509 508
f 339 235 340
f 340 235 693
f 694 524 525
f 694 522 524
f 693 522 694
f 235 350 693
f 693 350 522
f 508 278 339
f 339 278 228
f 339 228 235
f 235 347 350
f 235 228 347
f 518 347 228
f 347 518 519
f 350 347 519
f 519 520 350
f 228 278 296
f 519 518 611
f 611 550 519
f 519 550 520
f 278 589 296
f 589 278 599
f 589 673 296
f 673 686 296
f 673 589 586
f 586 686 673
f 599 584 589
f 589 584 585
f 589 585 586
f 599 580 584
f 583 585 584
f 584 580 583
f 586 585 587
f 587 585 583
f 587 676 586
f 676 686 586
f 583 580 582
f 583 582 587
f 580 574 582
f 582 574 581
f 582 581 587
f 677 676 587
f 587 581 677
f 676 685 686
f 686 685 570
f 581 574 588
f 581 588 677
f 678 676 677
f 677 588 678
f 685 676 680
f 680 676 678
f 588 574 573
f 570 679 573
f 680 679 570
f 679 588 573
f 679 678 588
f 680 678 679
f 680 570 685
f 709 703 708
f 709 705 703
f 710 705 709
f 705 716 703
f 710 706 705
f 705 718 716
f 706 718 705
f 711 706 710
f 718 713 716
f 711 707 706
f 706 717 718
f 707 717 706
f 717 714 718
f 718 714 713
f 707 712 717
f 712 715 717
f 717 715 714
f 712 704 715
f 730 729 732
f 730 732 734
f 731 730 734
f 734 732 719
f 731 734 733
f 734 719 721
f 733 734 721
f 720 731 733
f 721 719 724
f 720 733 728
f 733 721 722
f 728 733 722
f 722 721 725
f 721 724 725
f 728 722 723
f 723 722 726
f 722 725 726
f 723 726 727
f 747 767 749
f 747 749 748
f 765 748 749
f 765 764 748
f 764 763 750
f 764 750 748
f 739 742 745
f 739 745 741
f 742 747 745
f 742 766 747
f 747 766 767
f 739 741 737
f 739 737 738
f 750 746 747
f 750 747 748
f 737 741 740
f 737 740 736
f 760 738 737
f 760 737 762
f 756 759 761
f 756 761 757
f 759 760 762
f 759 762 761
f 756 757 751
f 756 751 754
f 755 754 751
f 755 751 753
f 743 752 753
f 743 753 751
f 768 758 757
f 768 757 761
f 736 735 762
f 736 762 737
f 761 762 735
f 761 735 768
f 741 745 744
f 741 744 740
f 744 745 747
f 744 747 746
f 751 757 758
f 751 758 743
f 770 773 769
f 770 769 771
f 769 786 772
f 769 772 771
f 774 777 775
f 774 775 776
f 785 774 776
f 785 776 778
f 785 778 783
f 784 782 789
f 784 789 781
f 772 786 788
f 772 788 787
f 779 787 788
f 779 788 780
f 789 779 780
f 789 780 781
f 785 783 782
f 785 782 784
f 795 797 793
f 795 793 794
f 793 798 791
f 793 791 792
f 793 792 794
f 797 798 793
f 800 801 795
f 800 795 794
f 799 800 794
f 799 794 792
f 797 796 798
f 790 791 798
f 809 810 808
f 825 811 815
f 825 815 813
f 808 823 809
f 825 810 809
f 825 809 811
f 824 812 811
f 824 811 809
f 809 823 822
f 809 822 824
f 815 811 812
f 815 812 818
f 812 819 818
f 821 824 822
f 819 812 824
f 819 824 821
f 817 804 816
f 817 816 815
f 814 815 816
f 813 815 814
f 806 820 823
f 820 805 804
f 820 804 817
f 817 815 818
f 817 818 803
f 803 802 820
f 803 820 817
f 823 820 802
f 823 802 822
f 802 821 822
f 819 803 818
f 803 819 821
f 803 821 802
f 823 807 806
f 808 807 823
f 805 820 806
f 848 846 832
f 848 847 846
f 845 846 847
f 845 844 846
f 845 842 844
f 845 843 842
f 843 840 842
f 843 841 840
f 841 838 840
f 841 839 838
f 836 838 839
f 836 839 837
f 835 836 837
f 833 836 835
f 833 835 834
f 831 833 834
f 831 830 833
f 828 830 831
f 828 831 829
f 827 828 829
f 827 829 826
f 849 851 852
f 849 852 850
f 858 874 875
f 858 873 874
f 873 872 874
f 873 871 872
f 871 870 872
f 871 869 870
f 869 868 870
f 869 867 868
f 867 866 868
f 867 865 866
f 865 864 866
f 865 863 864
f 862 864 863
f 861 862 863
f 861 863 860
f 860 859 861
f 860 857 859
f 856 859 857
f 856 857 854
f 854 853 856
f 854 855 853
f 878 876 877
f 878 877 879
f 1226 1000 1211
f 1015 1000 1226
f 901 902 903
f 899 902 901
f 495 901 903
f 1000 1015 999
f 901 898 899
f 900 898 901
f 1176 900 901
f 1176 901 495
f 292 955 32
f 32 955 375
f 898 900 447
f 904 900 1176
f 450 900 904
f 447 900 450
f 904 1176 1016
f 495 1014 1176
f 1014 1016 1176
f 1211 1014 495
f 1000 1014 1211
f 1000 1016 1014
f 375 955 603
f 450 1209 447
f 453 450 904
f 904 1016 905
f 905 453 904
f 998 1016 1000
f 1016 998 905
f 1206 450 453
f 1206 1207 450
f 450 1207 1209
f 1000 999 998
f 998 999 997
f 905 998 997
f 453 591 1206
f 1206 591 1207
f 1207 591 1208
f 1208 591 592
f 955 958 603
f 957 958 955
f 958 957 34
f 955 956 957
f 956 955 292
f 34 957 959
f 1373 959 957
f 957 956 1373
f 433 1373 956
f 956 292 433
f 959 317 34
f 473 317 959
f 960 473 959
f 960 959 1373
f 960 1373 1184
f 942 1373 433
f 1184 1373 942
f 433 941 942
f 317 473 961
f 1184 132 960
f 252 473 960
f 960 132 252
f 974 473 252
f 962 473 974
f 961 473 962
f 1184 1183 132
f 1182 1183 1184
f 942 1182 1184
f 941 939 942
f 939 1182 942
f 1183 324 132
f 132 324 252
f 252 324 974
f 961 962 975
f 975 962 976
f 974 976 962
f 324 977 974
f 977 976 974
f 979 977 324
f 979 324 1183
f 1183 1182 1365
f 1185 1183 1365
f 979 1183 1185
f 1365 1182 1367
f 1182 939 1367
f 1185 980 979
f 979 980 977
f 976 977 978
f 978 977 980
f 975 976 43
f 43 976 978
f 1185 982 980
f 980 981 978
f 982 981 980
f 981 45 978
f 978 45 43
f 1186 982 1185
f 1365 573 1185
f 573 1186 1185
f 1365 1367 1364
f 679 1365 1364
f 573 1365 679
f 982 1186 984
f 983 982 984
f 981 982 983
f 45 981 50
f 50 981 983
f 1187 1186 573
f 1187 1363 1186
f 984 1186 1363
f 679 1356 573
f 1357 1187 573
f 1356 1357 573
f 679 209 1356
f 680 209 679
f 679 1364 680
f 1363 1222 984
f 984 986 983
f 1222 986 984
f 986 985 983
f 983 985 50
f 209 1355 1356
f 1356 1355 1357
f 209 680 1372
f 209 1372 1355
f 1219 1222 1363
f 1188 1363 1187
f 1188 1219 1363
f 1355 1354 1357
f 1201 1187 1357
f 1357 1354 1201
f 1355 1353 1354
f 1355 1372 1353
f 1222 1219 1223
f 988 1222 1223
f 986 1222 988
f 985 986 987
f 987 986 988
f 1372 680 1366
f 1372 1366 1371
f 1372 1371 1353
f 1223 1219 1220
f 1219 1217 1220
f 1217 1219 1188
f 1354 1353 1200
f 1354 1200 140
f 140 1201 1354
f 1371 1352 1353
f 1353 1352 1200
f 1223 1220 991
f 990 1223 991
f 988 1223 990
f 990 989 988
f 988 989 987
f 1371 1366 1368
f 1370 1371 1368
f 1352 1371 1370
f 991 1220 1221
f 1027 1221 1220
f 1220 1217 1027
f 1197 140 1200
f 1197 1200 1199
f 1200 1352 1199
f 1199 1352 1344
f 1370 1344 1352
f 991 1221 61
f 992 991 61
f 990 991 992
f 992 993 990
f 990 993 989
f 61 1221 1011
f 1024 1011 1221
f 1024 1221 1027
f 1199 585 1197
f 1344 1198 1199
f 1198 585 1199
f 1003 992 61
f 1224 61 1011
f 1224 1003 61
f 585 584 1197
f 1198 584 585
f 992 1002 993
f 1001 1002 992
f 1001 992 1003
f 1198 1344 589
f 1213 584 1198
f 1198 589 1213
f 1003 1224 332
f 1004 1003 332
f 1001 1003 1004
f 1004 1005 1001
f 1001 1005 1002
f 1011 1010 1224
f 332 1224 1225
f 1224 1010 1225
f 1213 1196 584
f 1197 584 1196
f 332 1225 1006
f 1195 1197 1196
f 1196 580 1195
f 580 1196 1213
f 140 1197 1195
f 1195 1201 140
f 1195 1187 1201
f 580 1187 1195
f 1188 1187 580
f 1188 580 1213
f 1214 1188 1213
f 1188 1214 1217
f 1213 589 1214
f 1217 1214 1215
f 1218 1215 1214
f 589 1216 1214
f 1214 1216 1218
f 67 1215 1218
f 1217 1215 1032
f 67 1032 1215
f 1218 1216 1375
f 1375 67 1218
f 1027 1217 1032
f 1343 1216 589
f 1392 1216 1343
f 1375 1216 1392
f 1343 589 1342
f 1343 1342 1392
f 1342 589 1344
f 1032 67 1030
f 1376 67 1375
f 1030 67 1376
f 1027 1032 1028
f 1028 1032 1030
f 1393 1375 1392
f 1035 1375 1393
f 1035 1376 1375
f 1392 1391 1393
f 1087 1085 1162
f 1087 1086 1085
f 1090 1086 1087
f 1090 1094 1086
f 1086 1094 1091
f 1086 1091 1089
f 1086 1089 1085
f 1094 1096 1091
f 1091 1096 1095
f 1091 1095 1093
f 1089 1091 1093
f 539 1095 1096
f 1099 1095 539
f 1099 1098 1095
f 1093 1095 1098
f 1092 1089 1093
f 1093 1098 1092
f 539 540 1099
f 1099 540 1100
f 1099 1100 538
f 538 1098 1099
f 1092 1098 1097
f 538 1097 1098
f 1261 1097 538
f 538 1100 547
f 538 547 1261
f 1100 540 1120
f 549 1100 1120
f 547 1100 549
f 1120 540 548
f 1097 380 1092
f 1262 380 1097
f 1261 1262 1097
f 627 1262 1261
f 1119 627 1261
f 1261 547 1119
f 1119 547 1121
f 1121 547 549
f 548 1122 1120
f 1120 1123 549
f 1122 1123 1120
f 1123 1124 549
f 549 1124 1121
f 1146 1122 548
f 1167 380 1262
f 1263 1167 1262
f 1262 627 1263
f 612 627 1119
f 1119 550 612
f 1121 550 1119
f 1124 1125 1121
f 1121 1125 550
f 612 158 627
f 627 613 1263
f 158 613 627
f 612 550 158
f 1122 1146 1130
f 1126 1122 1130
f 1123 1122 1126
f 1124 1123 1128
f 1128 1123 1126
f 1128 1064 1124
f 1124 1064 1125
f 964 1167 1263
f 613 964 1263
f 1130 1146 1144
f 158 550 611
f 550 1127 611
f 1125 1127 550
f 1127 1125 1062
f 1062 1125 1064
f 613 158 1265
f 611 1265 158
f 963 613 1265
f 613 963 964
f 1129 1128 1126
f 1126 1130 1129
f 1130 1144 1143
f 1129 1130 1143
f 1064 1128 1065
f 1175 1128 1129
f 1065 1128 1175
f 1065 1063 1064
f 1064 1063 1062
f 1061 1127 1062
f 611 1127 1061
f 1248 1265 611
f 611 1061 1248
f 1062 1060 1061
f 1063 1060 1062
f 1129 559 1175
f 1129 1147 559
f 1143 1147 1129
f 1175 1174 1065
f 1175 559 1174
f 403 1265 1248
f 1248 1061 403
f 1065 1174 521
f 1065 521 1066
f 1063 1065 1066
f 1063 1058 1060
f 1398 1058 1063
f 1066 1398 1063
f 403 1061 1298
f 1061 1060 1059
f 1061 1059 1298
f 1058 1057 1060
f 1060 1057 1059
f 559 1151 1174
f 559 1149 1151
f 1147 1149 559
f 1174 1173 521
f 1174 1151 1173
f 521 1173 1068
f 521 1067 1066
f 1068 1067 521
f 1298 1059 518
f 1059 1057 518
f 1400 1066 1067
f 1399 1066 1400
f 1399 1398 1066
f 1398 1055 1058
f 1394 1055 1398
f 1399 1394 1398
f 1151 1154 1173
f 1151 1153 1154
f 1149 1153 1151
f 1173 1172 1068
f 1173 1154 1172
f 1068 1172 1070
f 1068 1069 1067
f 1070 1069 1068
f 1400 1067 1401
f 1401 1067 1069
f 1047 1400 1401
f 1036 1400 1047
f 1036 1399 1400
f 339 1399 1036
f 339 1394 1399
f 1394 1042 1055
f 1393 1042 1394
f 339 1393 1394
f 1155 1172 1154
f 1156 1154 1153
f 1155 1154 1156
f 1172 1171 1070
f 1171 1172 1155
f 1070 1171 266
f 1070 1071 1069
f 266 1071 1070
f 1401 1069 694
f 694 1069 1071
f 1047 1401 263
f 263 1401 694
f 1047 1230 1036
f 605 1047 263
f 1230 1047 605
f 1036 1230 1033
f 1036 1033 339
f 266 1171 1073
f 266 1073 1071
f 1073 1171 1170
f 1155 1170 1171
f 1157 1170 1155
f 1156 1157 1155
f 694 1071 1072
f 1073 1072 1071
f 1402 694 1072
f 263 694 1402
f 605 263 1403
f 1403 263 1402
f 1073 1170 1074
f 1073 1074 1072
f 1074 1170 1075
f 1157 1075 1170
f 1230 1231 1033
f 1377 1230 605
f 1231 1230 1377
f 1048 605 1403
f 1377 605 1048
f 1402 1072 1180
f 1074 1180 1072
f 1181 1402 1180
f 1403 1402 1181
f 1403 1411 1048
f 1411 1403 1181
f 1074 1075 534
f 1074 534 1180
f 1181 1180 1179
f 534 1179 1180
f 377 1181 1179
f 1411 1181 377
f 1379 1377 1048
f 294 1231 1377
f 294 1377 1379
f 1411 1049 1048
f 1048 1049 1379
f 442 1411 377
f 1411 442 1049
f 534 1075 1084
f 1169 1179 534
f 1169 534 1084
f 377 1179 1165
f 1168 1179 1169
f 1179 1168 1165
f 442 377 1164
f 377 1165 1164
f 1049 1051 1379
f 1051 1383 1379
f 1383 294 1379
f 442 1050 1049
f 1051 1049 1050
f 442 1164 1163
f 1050 442 1414
f 442 1163 1414
f 1052 1051 1050
f 1052 1383 1051
f 294 1383 1378
f 1378 1383 1052
f 1165 1168 1268
f 1165 1268 1270
f 1164 1165 1270
f 1163 1164 1142
f 1164 1270 1142
f 1052 1050 1317
f 1050 1412 1317
f 1412 1050 1414
f 1414 1163 1415
f 1414 1415 1413
f 1412 1414 1413
f 1412 1413 1317
f 1163 1418 1415
f 1163 1142 1141
f 1418 1163 1141
f 1053 1378 1052
f 1052 1054 1053
f 1054 1052 1317
f 1282 1142 1270
f 1282 1270 1272
f 1270 1268 1272
f 1317 1413 243
f 1413 1415 243
f 1054 1317 1316
f 1316 1317 243
f 1415 1418 1417
f 1415 1416 243
f 1416 1415 1417
f 1418 1141 1421
f 1420 1418 1421
f 1418 1420 1417
f 243 1416 1307
f 243 1307 1316
f 1416 1419 1307
f 1419 1416 1417
f 1420 701 1417
f 701 1419 1417
f 1392 1342 1391
f 1342 1344 1341
f 1391 1342 1341
f 1027 1028 1024
f 1034 1030 1376
f 1034 1376 1035
f 1341 1344 1370
f 1028 1030 1029
f 1031 1030 1034
f 1029 1030 1031
f 1034 1035 1031
f 339 1035 1393
f 1031 1035 339
f 1029 1026 1028
f 1024 1028 1025
f 1028 1026 1025
f 1341 1338 1391
f 1370 1340 1341
f 1340 1338 1341
f 339 1033 1031
f 1232 1031 1033
f 1029 1031 1232
f 1026 1029 1234
f 1029 1232 1233
f 1234 1029 1233
f 1025 1026 1013
f 1033 1231 1232
f 1232 1231 1233
f 294 1234 1233
f 1233 1231 294
f 1235 1234 294
f 1340 1339 1338
f 940 1338 1339
f 1235 294 1378
f 940 1339 24
f 941 940 24
f 24 939 941
f 360 1076 527
f 360 527 267
f 528 267 359
f 1078 360 267
f 1078 267 528
f 528 359 1077
f 359 660 1077
f 1077 660 1323
f 1078 528 1077
f 1322 1104 1323
f 1104 1077 1323
f 361 1078 1077
f 361 1077 1104
f 1321 1318 1322
f 1319 1318 1321
f 1320 1319 1321
f 1318 1324 1322
f 183 1322 1324
f 1104 1322 183
f 1104 183 1079
f 1079 361 1104
f 1080 361 1079
f 1319 1320 1053
f 1054 1319 1053
f 1318 1319 1054
f 1318 1315 1324
f 1315 1318 1054
f 1325 183 1324
f 1325 1324 1314
f 1315 1314 1324
f 1079 183 1101
f 1101 183 1325
f 1081 1079 1101
f 1081 1080 1079
f 1080 1081 1082
f 1081 1101 1083
f 1081 1083 1082
f 1335 1325 1314
f 1103 1101 1325
f 1103 1325 1335
f 1101 1102 1083
f 1101 1103 1102
f 1106 1103 1335
f 1103 1106 1105
f 1103 1105 1102
f 1106 1107 1105
f 1253 1257 1255
f 1251 1253 1255
f 617 1253 1251
f 617 1251 1254
f 1254 1251 1255
f 1256 1254 1255
f 1362 617 1254
f 1362 1254 1258
f 1420 1421 701
f 1315 1054 1316
f 1305 1316 1307
f 1315 1316 1305
f 1305 1307 1419
f 1397 1419 701
f 1419 1397 1304
f 1304 1305 1419
f 1404 1397 701
f 1404 701 1409
f 1421 1409 701
f 1421 1422 1409
f 1141 1422 1421
f 1314 1315 1305
f 1306 1314 1305
f 1305 1304 1306
f 1304 1397 695
f 1397 1404 696
f 1397 696 1406
f 695 1397 1406
f 1304 695 1303
f 1304 1303 1302
f 1304 1302 1306
f 1404 699 696
f 1409 1408 1404
f 1404 1408 699
f 1408 1409 881
f 1422 880 1409
f 880 881 1409
f 695 910 1303
f 1406 910 695
f 699 1407 696
f 1407 1406 696
f 910 1406 1407
f 1408 1407 699
f 1306 1302 1336
f 1335 1314 1306
f 1336 1335 1306
f 1410 1408 881
f 1407 1408 1410
f 1302 1337 1336
f 1303 1301 1302
f 1337 1302 1301
f 1407 1410 4
f 4 910 1407
f 881 880 936
f 882 1410 881
f 936 882 881
f 907 1410 882
f 907 4 1410
f 1336 1337 1108
f 1106 1335 1336
f 1108 1106 1336
f 910 4 1405
f 4 907 1405
f 1337 1110 1108
f 1110 1337 1112
f 1112 1337 1301
f 906 907 882
f 883 882 936
f 906 882 883
f 906 909 907
f 909 1405 907
f 1108 1110 1109
f 1107 1106 1108
f 1109 1107 1108
f 1110 97 1109
f 97 1110 1111
f 1111 1110 1112
f 908 909 906
f 21 908 906
f 21 906 883
f 908 459 909
f 909 459 1303
f 1405 909 1303
f 457 908 21
f 457 459 908
f 467 457 21
f 21 883 467
f 102 97 1111
f 457 467 911
f 457 911 912
f 459 457 912
f 1303 459 1301
f 912 1116 459
f 459 1116 1301
f 1301 1116 1112
f 1116 1113 1112
f 1112 1113 1111
f 1116 912 916
f 914 1116 916
f 1116 914 1113
f 916 912 915
f 912 911 913
f 912 913 915
f 911 935 913
f 935 911 937
f 467 937 911
f 914 916 367
f 914 367 1115
f 914 1115 1113
f 915 919 916
f 916 12 367
f 919 12 916
f 915 913 918
f 1136 919 915
f 918 1136 915
f 913 917 918
f 913 935 917
f 935 880 917
f 880 935 936
f 936 935 937
f 367 1118 1115
f 272 1118 367
f 12 272 367
f 919 1133 12
f 1133 272 12
f 1133 919 1239
f 919 1136 1239
f 1137 1136 918
f 13 1137 918
f 13 918 917
f 1136 401 1239
f 401 1136 1137
f 920 13 917
f 880 920 917
f 272 1133 552
f 1118 272 552
f 1133 1239 1135
f 1133 1135 552
f 401 1240 1239
f 1239 1238 1135
f 1238 1239 1240
f 1137 13 922
f 13 920 921
f 922 13 921
f 110 401 1137
f 112 1137 922
f 110 1137 112
f 1241 401 110
f 401 1241 282
f 1240 401 282
f 1240 282 1237
f 1237 1238 1240
f 552 1135 372
f 109 1135 1238
f 1135 109 372
f 1138 109 1238
f 1238 1237 1138
f 922 1139 112
f 922 921 1140
f 1140 1139 922
f 152 282 1241
f 282 152 1237
f 1242 1241 110
f 154 110 112
f 110 154 1242
f 154 112 1247
f 1139 1247 112
f 1389 1241 1242
f 1389 152 1241
f 1237 556 1138
f 375 556 1237
f 152 375 1237
f 1236 375 152
f 152 1389 1236
f 1139 1294 1247
f 1293 1294 1139
f 1140 1293 1139
f 1243 1389 1242
f 154 1244 1242
f 1242 1244 1243
f 1245 154 1247
f 154 1245 1244
f 1245 1247 1296
f 1294 1296 1247
f 1389 1243 1382
f 1389 397 1236
f 397 1389 1382
f 1243 1395 1382
f 1244 1395 1243
f 1245 1246 1244
f 1244 1246 1395
f 1236 32 375
f 953 1236 397
f 32 1236 953
f 1245 1297 1246
f 1297 1245 1296
f 1296 1300 1297
f 1296 1294 1295
f 1300 1296 1295
f 1381 397 1382
f 1395 428 1382
f 1381 1382 428
f 1381 1380 397
f 397 1380 953
f 428 1395 1396
f 1246 1396 1395
f 1246 1249 1396
f 1297 1249 1246
f 1300 648 1297
f 1297 648 1249
f 1300 1309 648
f 1310 1309 1300
f 1295 1310 1300
f 429 1381 428
f 1381 430 1380
f 429 430 1381
f 428 1359 429
f 1359 428 1396
f 1359 1396 1351
f 1249 1250 1396
f 1396 1250 1351
f 648 616 1249
f 1249 616 617
f 1250 1249 617
f 1309 1308 648
f 648 1308 616
f 1311 1309 1310
f 651 1308 1309
f 1311 651 1309
f 1351 1250 1358
f 1250 617 1358
f 1359 1345 429
f 1015 429 1345
f 430 429 1015
f 1359 1360 1345
f 1351 1360 1359
f 1351 1358 1361
f 1350 1351 1361
f 1351 1350 1360
f 1308 1252 616
f 1253 617 616
f 1252 1253 616
f 1252 1308 643
f 1308 651 643
f 1358 1362 1361
f 617 1362 1358
f 1360 1346 1345
f 999 1345 1346
f 1015 1345 999
f 1360 1347 1346
f 1350 1347 1360
f 1361 1349 1350
f 1349 1347 1350
f 1276 1361 1362
f 1276 1349 1361
f 1253 1252 1257
f 1252 643 1257
f 1347 291 1346
f 997 1346 291
f 999 1346 997
f 291 1347 1348
f 1347 1285 1348
f 1285 1347 1349
f 1285 1349 632
f 1254 1256 1259
f 1258 1254 1259
f 1259 625 1258
f 625 626 1258
f 626 625 1260
f 626 1260 1274
f 1275 626 1274
f 1275 632 626
f 632 1275 631
f 1275 1274 631
f 1274 1331 631
f 1331 665 631
f 633 632 631
f 664 633 631
f 665 664 631
f 633 1278 632
f 664 665 1328
f 1327 664 1328
f 633 664 1327
f 1278 633 1277
f 1277 633 1327
f 1327 1328 1329
f 1330 1327 1329
f 1277 1327 1330
f 1326 1277 1330
f 1277 1326 1279
f 1279 1278 1277
f 1283 1278 1279
f 1330 1329 668
f 669 1330 668
f 1326 1330 669
f 656 1326 669
f 1326 1280 1279
f 1326 656 1280
f 1280 1281 1279
f 1281 1283 1279
f 1283 1281 1273
f 668 1313 669
f 669 1312 656
f 1313 1312 669
f 1312 1299 656
f 656 1291 1280
f 656 1299 1291
f 1280 1291 1282
f 1282 1281 1280
f 1281 1271 1273
f 1281 1282 1272
f 1271 1281 1272
f 1312 1313 654
f 180 1312 654
f 1299 1312 180
f 1299 1292 1291
f 1291 1142 1282
f 1291 1292 1142
f 1293 1292 1299
f 640 1293 1299
f 640 1299 180
f 1292 1293 1141
f 1292 1141 1142
f 1271 1272 1266
f 1268 1266 1272
f 654 1311 180
f 1311 1310 180
f 1295 640 180
f 1310 1295 180
f 1295 1294 640
f 1294 1293 640
f 1293 1140 1141
f 1422 1141 1140
f 1268 1166 1266
f 1168 1166 1268
f 1168 1167 1166
f 380 1167 1168
f 1169 380 1168
f 923 1422 1140
f 923 1140 921
f 880 1422 923
f 880 923 920
f 923 921 920
f 1169 1092 380
f 1088 1092 1169
f 1088 1169 1084
f 1088 1089 1092
f 1089 1088 535
f 535 1088 1084
f 1085 1089 535
f 535 1084 1160
f 1161 535 1160
f 1085 535 1161
f 1160 1084 1075
f 1162 1085 1161
f 1160 1075 1157
f 1158 1160 1157
f 1161 1160 1158
f 1162 1161 1159
f 1159 1161 1158
f 1158 1157 1156
f 1159 1158 562
f 562 1158 1156
f 1156 1153 562
f 562 1153 1152
f 1153 1149 1152
f 1152 1149 1150
f 1149 1147 1150
f 1150 1147 1148
f 1147 1143 1148
f 1148 1143 1145
f 1143 1144 1145
f 372 1134 552
f 1134 1132 552
f 1134 1131 1132
f 1132 1118 552
f 1131 1117 1132
f 1118 1132 1117
f 1131 103 1117
f 1115 1118 1117
f 1117 1114 1115
f 103 1114 1117
f 1114 103 102
f 1114 1113 1115
f 1111 1114 102
f 1113 1114 1111
f 333 487 1007
f 334 489 1008
f 489 334 490
f 257 334 1008
f 257 1008 487
f 333 257 487
f 1013 1012 1025
f 1012 1009 1011
f 1012 1011 1024
f 1025 1012 1024
f 1011 1009 1010
f 1010 1009 490
f 334 1225 490
f 1225 1010 490
f 488 334 257
f 488 1225 334
f 1006 488 257
f 1006 257 333
f 1006 1225 488
f 910 1405 1303
f 883 937 467
f 883 936 937
f 680 1364 1366
f 1368 1366 1364
f 1364 1367 1368
f 1367 1369 1368
f 1368 1369 1370
f 1367 939 1369
f 24 1369 939
f 938 1369 24
f 1370 1369 938
f 1370 938 1340
f 24 1339 938
f 1340 938 1339
f 886 889 890
f 888 889 886
f 885 886 890
f 885 884 886
f 884 887 886
f 887 888 886
f 893 897 896
f 892 897 893
f 1349 1276 632
f 1276 1362 1258
f 626 1276 1258
f 632 1276 626
f 1288 291 1348
f 291 996 997
f 1288 996 291
f 1278 1285 632
f 1285 1278 167
f 1285 167 1348
f 1288 1348 1287
f 1286 1287 1348
f 167 1286 1348
f 1284 1286 167
f 1278 1284 167
f 994 1288 1287
f 1288 995 996
f 994 995 1288
f 1287 973 994
f 1287 1286 973
f 1286 1289 973
f 1286 1284 1289
f 1278 1283 1284
f 1284 1290 1289
f 1290 1284 1283
f 973 1386 994
f 1384 994 1386
f 995 994 1384
f 973 972 1386
f 972 973 1289
f 971 972 1289
f 970 971 1289
f 1290 970 1289
f 1273 1290 1283
f 970 1290 1269
f 1290 1273 1269
f 970 968 971
f 968 970 1269
f 972 1387 1386
f 1385 1386 1387
f 1384 1386 1385
f 972 691 1387
f 691 972 971
f 969 691 971
f 966 969 971
f 968 966 971
f 966 968 967
f 967 968 1269
f 1269 1273 1271
f 1267 1269 1271
f 967 1269 1267
f 691 28 1387
f 690 1387 28
f 1385 1387 690
f 949 28 691
f 1388 949 691
f 1388 691 969
f 966 952 969
f 952 1388 969
f 949 690 28
f 952 966 965
f 965 966 967
f 628 965 967
f 628 967 1267
f 1267 1271 1266
f 628 1267 1266
f 949 1388 951
f 1388 952 951
f 948 690 949
f 949 951 948
f 965 628 1264
f 1264 628 1266
f 951 952 30
f 320 952 965
f 952 320 30
f 320 965 964
f 964 965 1264
f 951 30 950
f 948 951 950
f 1166 1264 1266
f 964 1264 1166
f 30 320 1265
f 950 30 403
f 30 1265 403
f 320 963 1265
f 963 320 964
f 1167 964 1166
f 950 947 948
f 948 947 690
f 946 947 950
f 950 1298 946
f 403 1298 950
f 947 944 690
f 946 944 947
f 690 944 1385
f 934 944 946
f 946 945 934
f 1298 945 946
f 518 945 1298
f 944 930 1385
f 932 930 944
f 932 944 934
f 945 933 934
f 934 933 932
f 518 1056 945
f 945 1056 933
f 932 933 929
f 929 930 932
f 1385 930 1384
f 518 1057 1056
f 1056 1046 933
f 1056 1057 1046
f 929 933 931
f 933 1046 931
f 927 1384 930
f 926 930 929
f 927 930 926
f 931 928 929
f 929 928 926
f 928 931 1044
f 1044 931 1046
f 1046 1045 1044
f 1046 1057 1045
f 995 1384 927
f 1058 1045 1057
f 927 996 995
f 17 996 927
f 926 17 927
f 925 926 928
f 925 17 926
f 928 1194 925
f 1044 1194 928
f 1044 1045 1043
f 1043 1041 1044
f 1041 1194 1044
f 1055 1045 1058
f 1043 1045 1055
f 924 996 17
f 924 17 925
f 997 996 924
f 1194 1193 925
f 1192 1194 1041
f 1193 1194 1192
f 925 1193 579
f 925 453 924
f 579 453 925
f 924 905 997
f 924 453 905
f 1043 1055 1042
f 1040 1043 1042
f 1041 1043 1040
f 1192 1041 577
f 577 1041 1040
f 1192 1203 1193
f 1193 1202 579
f 1193 1203 1202
f 577 594 1192
f 1192 594 1203
f 579 591 453
f 590 591 579
f 579 1202 590
f 577 1040 1190
f 1040 1042 1039
f 1190 1040 1039
f 594 577 1189
f 1189 577 1190
f 1203 1205 1202
f 1203 595 1205
f 594 595 1203
f 1202 1205 1204
f 1202 1204 590
f 595 594 1191
f 1191 594 1189
f 592 591 590
f 590 1204 592
f 1189 575 1191
f 127 575 1189
f 1190 127 1189
f 1390 1190 1039
f 510 1190 1390
f 510 127 1190
f 1039 1391 1390
f 1039 1042 1391
f 575 127 1178
f 1178 127 1177
f 1023 127 510
f 1177 127 1023
f 1023 510 1038
f 1038 510 1390
f 1390 1391 1338
f 1390 1334 1038
f 1338 1334 1390
f 1393 1391 1042
f 1178 1177 1021
f 1177 1022 1021
f 1023 1022 1177
f 1022 1023 1037
f 1037 1023 1038
f 1334 1333 1038
f 1038 1333 1037
f 1178 1021 502
f 1334 189 1333
f 940 189 1334
f 1338 940 1334
f 502 1021 1020
f 1021 506 1020
f 1022 506 1021
f 1037 1212 1022
f 1022 1212 506
f 1212 1037 1332
f 1332 1037 1333
f 1332 1333 218
f 218 1333 189
f 1020 501 502
f 218 189 26
f 189 940 941
f 26 189 941
f 1017 501 1020
f 1020 497 1017
f 506 497 1020
f 1212 1210 506
f 506 1210 497
f 1332 1227 1212
f 1212 1227 1210
f 218 1229 1332
f 1332 1229 1227
f 26 943 218
f 218 943 1229
f 1017 1019 501
f 1018 1019 1017
f 1017 497 1018
f 1018 497 495
f 1210 495 497
f 26 941 433
f 1374 26 433
f 943 26 1374
f 1211 495 1210
f 1210 1226 1211
f 1227 1226 1210
f 1229 1228 1227
f 1227 1228 1226
f 943 954 1229
f 1229 954 1228
f 954 943 953
f 953 943 1374
f 1018 902 1019
f 903 902 1018
f 495 903 1018
f 953 1380 954
f 954 1380 1228
f 430 1226 1228
f 1228 1380 430
f 433 292 1374
f 32 1374 292
f 953 1374 32
f 1015 1226 430
f 895 893 896
f 892 893 891
f 891 893 894
f 894 893 895
f 1430 1434 1429
f 1430 1423 1434
f 1431 1423 1430
f 1423 1442 1434
f 1431 1424 1423
f 1423 1446 1442
f 1425 1446 1423
f 1424 1425 1423
f 1432 1424 1431
f 1432 1427 1424
f 1427 1425 1424
f 1446 1440 1442
f 1427 1426 1425
f 1425 1445 1446
f 1426 1445 1425
f 1445 1439 1446
f 1446 1441 1440
f 1439 1441 1446
f 1426 1428 1445
f 1428 1439 1445
f 1435 1426 1427
f 1435 1428 1426
f 1433 1435 1427
f 1433 1427 1432
f 1428 1438 1439
f 1439 1443 1441
f 1438 1443 1439
f 1435 1436 1428
f 1436 1438 1428
f 1436 1444 1438
f 1438 1444 1443
f 1436 1437 1444
f 1465 1464 1466
f 1465 1466 1470
f 1467 1465 1470
f 1470 1466 1458
f 1467 1470 1463
f 1470 1458 1447
f 1469 1470 1447
f 1463 1470 1469
f 1468 1467 1463
f 1468 1463 1462
f 1462 1463 1469
f 1447 1458 1453
f 1462 1469 1452
f 1469 1447 1449
f 1452 1469 1449
f 1449 1447 1448
f 1447 1453 1454
f 1448 1447 1454
f 1452 1449 1450
f 1450 1449 1448
f 1460 1462 1452
f 1460 1452 1450
f 1461 1468 1462
f 1461 1462 1460
f 1450 1448 1451
f 1448 1454 1455
f 1451 1448 1455
f 1460 1450 1459
f 1459 1450 1451
f 1459 1451 1456
f 1451 1455 1456
f 1459 1456 1457
f 739 1485 738
f 739 1487 1485
f 739 1498 1487
f 1500 1498 739
f 1500 739 742
f 766 1500 742
f 1486 1487 1498
f 1485 1487 1486
f 1486 1498 1499
f 1499 1498 1500
f 1499 1500 1501
f 766 1576 1500
f 1500 1576 1575
f 1500 1575 1501
f 1630 1576 766
f 1630 766 767
f 1630 767 1585
f 1577 1630 1585
f 1576 1630 1577
f 1576 1577 1575
f 1577 1585 1583
f 1577 1583 1582
f 1577 1582 747
f 1575 1573 1572
f 1575 1572 1501
f 1585 767 749
f 1585 749 1587
f 1583 1585 1587
f 1583 1587 748
f 749 1629 1587
f 749 765 1629
f 764 1587 1629
f 764 748 1587
f 764 763 750
f 764 750 748
f 750 763 1591
f 750 1591 1588
f 1591 1589 1588
f 1591 1628 1589
f 1628 1590 1589
f 1628 1627 1590
f 1605 738 1485
f 1605 1485 1481
f 1481 760 1605
f 1481 1604 760
f 1603 760 1604
f 1603 759 760
f 1603 1602 759
f 1602 1599 759
f 1602 1598 1599
f 1598 756 1599
f 1604 1623 1603
f 1604 1471 1623
f 1471 1604 1481
f 1603 1611 1602
f 1603 1623 1611
f 1607 1598 1602
f 1607 1602 1611
f 1598 1596 756
f 756 1596 1593
f 1595 1596 1598
f 1595 1593 1596
f 1595 1598 1607
f 1595 1594 1593
f 1597 1594 1595
f 1597 1595 757
f 1600 1597 757
f 1600 757 1606
f 1610 1607 1611
f 1610 1611 1613
f 1609 1608 1606
f 1609 1606 757
f 757 1632 1609
f 1612 1610 1613
f 1612 1613 1614
f 1471 1481 1478
f 1484 1479 1478
f 1484 1482 1479
f 1482 1483 1480
f 1482 1480 1479
f 736 1479 1480
f 736 1477 1479
f 1489 1492 1483
f 1489 1483 1482
f 1512 1510 1513
f 1512 1509 1510
f 1508 1510 1509
f 1506 1508 1509
f 1506 1509 1512
f 1506 1507 1508
f 1508 1511 1510
f 1511 1521 1510
f 1511 1523 1522
f 1511 1524 1523
f 1511 1525 1524
f 1511 1522 1521
f 1520 1510 1521
f 1524 1525 1532
f 1533 1532 1525
f 1529 1524 1532
f 1529 1532 1531
f 1533 1534 1532
f 1533 1539 1534
f 1542 1533 1540
f 1542 1539 1533
f 1540 1533 1541
f 1540 1541 1546
f 1541 1547 1546
f 1541 1548 1547
f 1546 1551 1540
f 1546 1549 1551
f 1546 1547 1549
f 1534 1537 1536
f 1536 1532 1534
f 1538 1534 1539
f 1538 1537 1534
f 1554 1547 1555
f 1547 1552 1549
f 1553 1547 1554
f 1552 1547 1553
f 1495 1496 1497
f 1495 1497 741
f 1496 1486 1499
f 1496 1499 1497
f 1486 1484 1485
f 1484 1481 1485
f 1484 1478 1481
f 1645 1647 1644
f 1645 1651 1647
f 1652 1651 1645
f 1652 1645 1648
f 1652 1648 1649
f 1652 1649 1654
f 1649 1653 1654
f 1649 1650 1653
f 1514 1510 1515
f 1515 1510 1516
f 1516 1510 1520
f 1514 1513 1510
f 1505 1499 1501
f 1505 1503 1499
f 1505 1569 1503
f 1505 1570 1569
f 744 1570 1505
f 744 1505 1571
f 744 1571 1572
f 744 1572 745
f 1571 1505 1501
f 1571 1501 1572
f 1502 1504 741
f 1502 741 1497
f 1503 1502 1497
f 1503 1497 1499
f 1502 1503 1569
f 1502 1569 1504
f 1573 1574 745
f 1573 745 1572
f 1584 1639 1634
f 1584 1634 1637
f 1639 1584 1586
f 1586 1584 1582
f 1586 1582 1583
f 1586 1583 748
f 1586 748 750
f 1634 1636 1637
f 1634 1635 1636
f 1590 1638 1634
f 1590 1634 1589
f 1527 1523 1528
f 1524 1528 1523
f 1522 1523 1527
f 1522 1527 1526
f 1490 1488 1484
f 1490 1484 1486
f 1493 1488 1490
f 1493 1491 1488
f 1491 1489 1488
f 1491 1492 1489
f 1488 1489 1482
f 1488 1482 1484
f 740 1494 1496
f 740 1496 1495
f 1494 1490 1486
f 1494 1486 1496
f 1490 1494 740
f 1490 740 1493
f 1524 1529 1530
f 1524 1530 1528
f 1506 1519 1556
f 1506 1518 1519
f 1517 1506 1512
f 1518 1506 1517
f 1575 1580 1578
f 1575 1578 1573
f 746 1581 1580
f 1578 1580 1581
f 1578 1581 1579
f 747 1575 1577
f 747 1580 1575
f 1578 1579 1574
f 1578 1574 1573
f 762 1626 1625
f 762 1625 1624
f 1471 762 1624
f 1471 1624 1623
f 1550 1540 1551
f 1540 1545 1544
f 1540 1544 1543
f 1543 1542 1540
f 1545 1540 1550
f 1619 1611 1623
f 1619 1618 1611
f 1617 1618 1619
f 1617 1619 1620
f 1622 1620 1619
f 1622 1619 1621
f 1615 1616 1614
f 1615 1614 1613
f 1618 1615 1613
f 1618 1613 1611
f 1615 1618 1617
f 1615 1617 1616
f 1622 1624 1625
f 1622 1621 1624
f 1621 1619 1623
f 1621 1623 1624
f 1562 1561 1560
f 1562 1560 1559
f 1561 1562 1601
f 1561 1601 758
f 1561 758 1597
f 1561 1597 1600
f 1567 1594 1601
f 1567 1601 743
f 758 1601 1594
f 758 1594 1597
f 751 1594 1567
f 751 1593 1594
f 751 756 1593
f 751 754 756
f 755 754 751
f 755 751 753
f 751 1592 753
f 751 1567 1592
f 1592 1567 743
f 1592 743 752
f 1566 1568 752
f 1566 752 743
f 1566 1656 1568
f 1566 1565 1656
f 1655 1656 1565
f 1655 1565 1564
f 1560 1557 1559
f 1557 1558 1559
f 1559 1563 1564
f 1559 1564 1565
f 1475 1473 1471
f 1475 1471 1478
f 1475 1474 1473
f 1475 1476 1474
f 1475 736 1476
f 1475 1477 736
f 1477 1475 1478
f 1477 1478 1479
f 1472 735 1626
f 1472 1626 762
f 1473 1472 762
f 1473 762 1471
f 1474 735 1472
f 1474 1472 1473
f 1535 1531 1532
f 1535 1532 1536
f 1633 1632 1607
f 1633 1607 1610
f 1632 1631 1608
f 1632 1608 1609
f 768 1631 1632
f 768 1632 1633
f 1633 1610 1612
f 1633 1612 768
f 1586 750 1588
f 1586 1588 1639
f 1644 1640 1641
f 1644 1641 1645
f 1645 1641 1642
f 1645 1642 1648
f 1648 1642 1643
f 1648 1643 1649
f 1643 1646 1650
f 1643 1650 1649
f 1562 1566 743
f 1562 743 1601
f 1589 1634 1639
f 1589 1639 1588
f 1565 1566 1562
f 1565 1562 1559
f 746 1580 747
f 757 1607 1632
f 1595 1607 757
f 1661 1660 1659
f 1661 1659 1667
f 1659 1660 1658
f 1659 1658 1657
f 1659 1662 1666
f 1659 1666 1667
f 1664 1663 773
f 1664 773 769
f 1664 769 786
f 1664 786 1665
f 1662 1809 786
f 1662 786 769
f 769 773 1666
f 769 1666 1662
f 1659 1657 1809
f 1659 1809 1662
f 1672 1673 1674
f 1672 1674 1714
f 1674 1715 1714
f 1715 1713 1681
f 1715 1681 1714
f 1671 1673 1672
f 1671 1670 1673
f 1668 1670 1671
f 1831 1668 1671
f 1668 1669 1670
f 1831 1830 1668
f 1716 1717 1718
f 1716 1718 1719
f 1719 1718 1720
f 1723 1719 1720
f 1723 1724 1719
f 1719 1724 1721
f 1719 1721 1716
f 1721 1722 1716
f 1721 1731 1722
f 1722 1731 1732
f 1722 1732 1734
f 1722 1734 1735
f 1721 1729 1731
f 1731 1729 1732
f 1735 1734 1746
f 1746 1747 1735
f 1746 1734 1745
f 1746 1745 1748
f 1746 1748 1749
f 1746 1749 1750
f 1746 1751 1747
f 1747 1751 1752
f 1753 1747 1752
f 1753 1752 1754
f 1754 1752 1757
f 1754 1757 1758
f 1754 1758 1759
f 1753 1754 1763
f 1753 1763 1765
f 1753 1765 1767
f 1763 1766 1765
f 1763 1754 1766
f 1754 1761 1762
f 1754 1759 1760
f 1760 1761 1754
f 1672 1714 1681
f 1672 1681 1675
f 777 1679 1681
f 777 1681 1713
f 1712 777 1713
f 1678 774 1679
f 1678 1679 1677
f 777 1677 1679
f 774 1678 1680
f 774 1680 1676
f 1676 1680 785
f 1675 774 1676
f 1675 1676 1801
f 1675 1681 1679
f 1675 1679 774
f 1799 1800 1830
f 1799 1830 1802
f 1798 1799 1802
f 1793 1794 1795
f 1793 1795 1785
f 1792 1793 1785
f 1831 1801 1802
f 1831 1802 1830
f 1801 1831 1675
f 1795 1796 1786
f 1795 1786 1785
f 1697 1698 1699
f 1697 1699 1691
f 1691 1696 1697
f 1691 1694 1696
f 1699 1700 1690
f 1699 1690 1691
f 789 1690 1700
f 789 779 1690
f 779 1688 1690
f 1690 1688 1689
f 1690 1689 1691
f 779 1826 1688
f 779 1819 1826
f 1688 1826 1686
f 1688 1686 1689
f 1818 1826 1819
f 1818 1819 1816
f 1826 1818 1825
f 1815 1825 1818
f 1815 1818 1816
f 1826 1825 1686
f 787 1815 1816
f 1815 1817 1825
f 787 1813 1815
f 1813 1817 1815
f 1813 1814 1817
f 1812 1813 787
f 1812 1811 1813
f 1827 1682 1686
f 1827 1686 1825
f 1768 1746 1750
f 1768 1770 1746
f 1768 1769 1770
f 1751 1746 1770
f 1751 1770 1771
f 1751 1771 1803
f 1751 1803 1772
f 1756 1751 1772
f 1751 1756 1752
f 1738 1740 1734
f 1738 1734 1732
f 1742 1734 1740
f 1742 1743 1734
f 1743 1745 1734
f 1742 1740 1741
f 1743 1744 1745
f 1737 1738 1732
f 1732 1736 1737
f 1732 1733 1736
f 1732 1729 1733
f 1737 1739 1738
f 1710 1709 1773
f 1701 1708 1709
f 1701 1709 1710
f 1702 1701 1710
f 1702 1710 1711
f 1711 789 1702
f 1700 1702 789
f 1700 1701 1702
f 1711 1788 789
f 1700 1699 1701
f 1711 782 1788
f 1711 1784 782
f 1711 1781 1784
f 1711 1710 1781
f 1783 1784 1781
f 1783 1782 1784
f 782 1784 1782
f 1787 782 1782
f 1787 1782 1786
f 783 1787 1786
f 783 1786 1796
f 1782 1783 1785
f 1782 1785 1786
f 1797 1795 1794
f 1797 1794 1799
f 1797 1798 785
f 1797 1799 1798
f 785 1795 1797
f 1798 1802 1801
f 1798 1801 785
f 1789 1792 1785
f 1789 1785 1783
f 784 1792 1789
f 784 1789 1791
f 1791 1789 1790
f 1725 1726 1721
f 1721 1726 1727
f 1728 1729 1721
f 1728 1721 1727
f 1725 1721 1724
f 1728 1730 1729
f 1790 1789 1783
f 1790 1783 1780
f 1781 1779 1780
f 1781 1780 1783
f 1729 1730 1733
f 1703 1699 1698
f 1703 1704 1699
f 1704 1707 1705
f 1704 1706 1707
f 1703 1706 1704
f 1699 1704 1705
f 1699 1705 1701
f 1705 1707 781
f 1781 1776 1778
f 1776 1777 1778
f 1776 1781 1710
f 1776 1710 1774
f 1776 1774 1775
f 1776 1775 1777
f 1775 1774 1773
f 1701 1705 781
f 1766 1754 1762
f 1766 1762 1764
f 1814 1832 788
f 1833 1832 1814
f 1833 1814 1810
f 1809 1806 1807
f 1806 1804 1805
f 1806 1805 1807
f 1807 1805 1808
f 1805 1833 1810
f 1805 1810 1808
f 1810 786 1808
f 1811 1810 1814
f 1811 1814 1813
f 1809 1807 1808
f 1809 1808 786
f 1684 1686 1682
f 1684 1682 1683
f 1682 1829 1683
f 1682 1827 1829
f 1752 1756 1755
f 1752 1755 1757
f 1825 1824 1828
f 1828 1829 1827
f 1825 1817 1823
f 1825 1823 1824
f 1822 1817 1820
f 1822 1823 1817
f 780 1689 1687
f 1685 1687 1689
f 1685 1689 1686
f 1820 788 1821
f 1693 1692 780
f 1695 1692 1693
f 1695 1694 1692
f 1689 1692 1694
f 1689 1694 1691
f 1820 1821 1822
f 770 1663 1664
f 770 1664 771
f 1665 771 1664
f 1665 772 771
f 1812 772 1665
f 1812 1665 1811
f 1665 1810 1811
f 1665 786 1810
f 778 783 1796
f 778 1796 1680
f 1680 776 778
f 1680 1796 1795
f 1680 1678 776
f 775 776 1678
f 775 1678 1677
f 1680 1795 785
f 1676 785 1801
f 1814 1820 1817
f 1695 1696 1694
f 1814 788 1820
f 1685 1686 1684
f 1825 1828 1827
f 780 1692 1689
f 1701 781 1708
f 1781 1778 1779
f 1710 1773 1774
f 1792 784 1793
f 1675 1831 1671
f 1675 1671 1672
f 1809 1657 1806
f 1846 1847 1848
f 1846 1848 1845
f 797 795 1842
f 797 1842 1848
f 795 797 793
f 795 793 794
f 1842 1843 1845
f 1842 1845 1848
f 1844 1842 795
f 1844 795 801
f 1834 1839 1837
f 1834 1837 1835
f 1838 1839 1834
f 1838 1834 1836
f 793 798 791
f 793 791 792
f 793 792 794
f 792 791 1839
f 792 1839 1838
f 797 798 793
f 1840 799 792
f 1840 792 1838
f 791 790 1837
f 791 1837 1839
f 795 794 1841
f 795 1841 801
f 794 792 799
f 794 799 1841
f 800 801 1841
f 800 1850 801
f 1844 801 1850
f 1840 1849 799
f 800 1841 799
f 1849 800 799
f 797 796 798
f 790 791 798
f 796 797 1848
f 796 1848 1847
f 1840 1838 1836
f 1844 1843 1842
f 814 813 1872
f 814 1872 1871
f 816 814 1871
f 815 1871 1872
f 816 1871 1874
f 1874 1871 815
f 1867 1864 1863
f 1886 1870 1868
f 1886 1868 1885
f 1864 1862 1863
f 1861 1882 1862
f 1864 1861 1862
f 1870 1867 1863
f 1870 1863 1868
f 1886 1885 1873
f 1861 807 1882
f 1860 1882 807
f 811 1872 1885
f 823 1862 1882
f 1881 823 1882
f 1868 1865 811
f 1868 811 1885
f 1865 1868 1863
f 1865 1863 809
f 809 1863 1862
f 811 1865 1866
f 811 1866 1869
f 1851 809 823
f 1851 823 1883
f 1875 815 811
f 1875 811 1869
f 1866 1865 809
f 1866 809 1851
f 1869 1866 1887
f 1869 1887 812
f 824 1851 1883
f 824 1883 822
f 818 1875 1869
f 818 1869 812
f 824 1887 1866
f 824 1866 1851
f 812 819 818
f 821 824 822
f 1879 819 812
f 1879 812 1887
f 821 1879 1887
f 821 1887 824
f 1872 1873 1885
f 1877 1857 1856
f 1877 1856 1876
f 1859 1858 1880
f 1877 820 1880
f 1881 1880 820
f 1877 1878 820
f 1855 816 1874
f 1858 1857 1877
f 1858 1877 1880
f 1855 1876 1856
f 1881 820 823
f 1878 1877 1876
f 1878 1876 817
f 1852 1878 817
f 1852 817 1854
f 1854 817 815
f 1854 815 1875
f 1884 820 1878
f 1884 1878 1852
f 1883 823 820
f 1883 820 1884
f 803 1853 1852
f 803 1852 1854
f 803 1854 1875
f 803 1875 818
f 1853 802 1884
f 1853 1884 1852
f 822 1883 1884
f 822 1884 802
f 802 821 822
f 819 803 818
f 819 1879 1853
f 819 1853 803
f 1879 821 802
f 1879 802 1853
f 1859 1880 1881
f 1860 1881 1882
f 1859 1881 1860
f 1855 1874 1876
f 1872 813 1873
f 815 1872 811
f 1874 817 1876
f 1874 815 817
f 809 1862 823
f 1888 1889 1890
f 1888 1890 1891
f 1894 1888 1891
f 1894 1896 1888
f 1895 1894 1891
f 1890 1892 1891
f 1895 1891 1892
f 1890 1893 1892
f 1892 1899 1895
f 1892 1893 1898
f 1892 1897 1899
f 1892 1898 1897
f 1897 1902 1899
f 1897 1898 1901
f 1897 1901 1900
f 1897 1900 1902
f 1900 1903 1902
f 1901 1905 1900
f 1900 1905 1903
f 1901 1904 1905
f 1906 1903 1905
f 1904 1908 1905
f 1906 1905 1908
f 1904 1907 1908
f 1910 1906 1908
f 1908 1907 1911
f 1910 1908 1909
f 1908 1911 1909
f 1911 1912 1909
f 1912 1910 1909
f 1912 1913 1910
f 1911 1914 1912
f 1920 1919 1915
f 1920 1915 1918
f 1921 1920 1918
f 1921 1923 1920
f 1917 1921 1918
f 1915 1917 1918
f 1915 1916 1917
f 1917 1922 1921
f 1924 1923 1921
f 1922 1924 1921
f 1924 1926 1923
f 1922 1925 1924
f 1925 1927 1924
f 1927 1926 1924
f 1927 1929 1926
f 1925 1928 1927
f 1928 1930 1927
f 1930 1929 1927
f 1930 1932 1929
f 1928 1931 1930
f 1931 1933 1930
f 1933 1932 1930
f 1933 1935 1932
f 1931 1934 1933
f 1934 1936 1933
f 1936 1935 1933
f 1936 1940 1935
f 1934 1937 1936
f 1941 1940 1936
f 1941 1936 1938
f 1939 1936 1937
f 1939 1938 1936
f 1944 1941 1938
f 1938 1939 1943
f 1944 1938 1942
f 1938 1943 1942
f 1945 1946 1947
f 1945 1948 1946
f 1945 1951 1948
f 1945 1953 1951
f 1951 1949 1948
f 1946 1948 1949
f 1946 1949 1950
f 1951 1952 1949
f 1955 1950 1949
f 1952 1954 1949
f 1955 1949 1954
f 1952 1956 1954
f 1954 1957 1955
f 1954 1958 1957
f 1956 1958 1954
f 1956 1959 1958
f 1959 1960 1958
f 1957 1958 1960
f 1957 1960 1961
f 1959 1962 1960
f 1961 1960 1963
f 1962 1963 1960
f 1961 1963 1965
f 1962 1964 1963
f 1963 1967 1965
f 1963 1968 1967
f 1964 1968 1963
f 1964 1966 1968
f 1966 1969 1968
f 1967 1968 1969
f 1967 1969 1971
f 1966 1970 1969
f 1969 1973 1971
f 1969 1974 1973
f 1970 1974 1969
f 1970 1972 1974
f 1972 1975 1974
f 1973 1974 1975
f 1973 1975 1977
f 1972 1976 1975
f 1976 1978 1975
f 1978 1977 1975
f 1978 1980 1977
f 1976 1979 1978
f 1981 1980 1978
f 1979 1981 1978
f 1981 1983 1980
f 1979 1982 1981
f 1985 1988 1989
f 1985 1989 1987
f 1986 1985 1987
f 1986 1984 1985
f 1990 1986 1987
f 1989 1990 1987
f 1989 1992 1990
f 1990 1991 1986
f 1993 1991 1990
f 1992 1993 1990
f 1992 1995 1993
f 1993 1994 1991
f 1996 1994 1993
f 1995 1996 1993
f 1995 1998 1996
f 1996 1997 1994
f 1999 1997 1996
f 1998 1999 1996
f 1998 2001 1999
f 1999 2000 1997
f 2002 2000 1999
f 2001 2002 1999
f 2001 2004 2002
f 2002 2003 2000
f 2005 2003 2002
f 2004 2005 2002
f 2004 2009 2005
f 2005 2006 2003
f 2005 2009 2010
f 2005 2010 2007
f 2008 2005 2007
f 2008 2006 2005
f 2007 2010 2013
f 2012 2008 2007
f 2007 2013 2011
f 2012 2007 2011
f 848 846 832
f 848 2022 846
f 846 2022 2021
f 846 2021 2020
f 2020 2021 2019
f 2020 2019 844
f 2019 842 844
f 2019 843 842
f 843 840 842
f 843 841 840
f 841 838 840
f 841 2018 838
f 836 838 2018
f 836 2018 837
f 2017 836 837
f 833 836 2017
f 833 2017 834
f 2015 833 834
f 2015 834 2016
f 2016 830 2015
f 2016 2014 830
f 828 830 2014
f 828 2014 829
f 827 828 829
f 827 829 826
f 2024 850 849
f 2024 849 2023
f 2023 851 2024
f 852 2024 851
f 858 2033 875
f 858 873 2033
f 2032 2033 873
f 2032 873 2031
f 2030 2032 2031
f 2030 2031 871
f 871 870 2030
f 871 869 870
f 869 868 870
f 869 867 868
f 867 2029 868
f 867 865 2029
f 865 864 2029
f 865 863 864
f 2028 864 863
f 861 2028 863
f 861 863 860
f 2027 861 860
f 2027 860 2026
f 857 2027 2026
f 857 2025 2027
f 856 2025 857
f 856 857 854
f 854 853 856
f 854 855 853
f 876 877 2035
f 876 2035 2034
f 2035 878 2034
f 878 2035 879
f 3558 3557 2063
f 2050 3559 3558
f 3557 3558 3559
f 2047 2050 2051
f 2050 2047 3559
f 2065 2060 2063
f 2066 2060 2065
f 2063 3556 2065
f 2063 3557 3556
f 3557 2045 3556
f 2045 3557 3559
f 2044 2045 3559
f 2048 2044 3559
f 2047 2048 3559
f 2066 2073 2064
f 2068 2066 2065
f 2066 2068 2
f 2073 2066 2
f 3556 3555 2065
f 2065 2067 2068
f 2067 2065 3555
f 3556 2185 3555
f 2045 2185 3556
f 2045 2046 2185
f 2042 2046 2045
f 2044 2042 2045
f 2041 2042 2044
f 2048 2041 2044
f 2067 2069 2068
f 2070 2 2068
f 2069 2070 2068
f 2072 2073 2
f 2070 2072 2
f 3554 2067 3555
f 2185 936 3555
f 3554 3555 936
f 2067 3554 3
f 2067 3 2069
f 2185 2049 936
f 2046 2049 2185
f 2071 2070 2069
f 3 2071 2069
f 2046 2149 2049
f 2046 2042 2037
f 2149 2046 2037
f 2037 2042 3900
f 2042 2041 3900
f 2075 2071 3
f 3554 2075 3
f 2070 2071 2201
f 2074 2070 2201
f 2072 2070 2074
f 3554 2190 2075
f 2188 3554 936
f 3554 2188 2190
f 2049 2184 936
f 2188 936 2184
f 2049 2150 2184
f 2149 2150 2049
f 2071 2075 2199
f 2200 2071 2199
f 2201 2071 2200
f 2150 2149 2144
f 2036 2037 3900
f 2186 2188 2184
f 2190 2188 2186
f 2190 2192 2075
f 2075 2192 2197
f 2075 2197 2199
f 2150 2183 2184
f 2186 2184 2183
f 2183 2150 2144
f 937 2192 2190
f 466 2190 2186
f 937 2190 466
f 2192 937 2197
f 2187 2186 2183
f 2186 2187 466
f 2199 2196 2200
f 2194 2196 2199
f 2194 2199 2197
f 937 2194 2197
f 2183 2140 2187
f 2140 2183 2144
f 2194 937 2193
f 2196 2194 2193
f 2191 937 466
f 937 2191 2193
f 2187 2189 466
f 2189 2191 466
f 2140 913 2187
f 2189 2187 913
f 2191 2189 6
f 6 2189 913
f 2191 2195 2193
f 2195 2198 2193
f 2198 2196 2193
f 2191 6 912
f 2191 912 2195
f 912 2198 2195
f 467 2196 2198
f 2196 467 2200
f 2131 912 6
f 2130 912 2131
f 912 2130 2198
f 2124 467 2198
f 2198 2130 2124
f 2201 2200 467
f 21 2201 467
f 21 467 2124
f 2122 21 2124
f 2130 2127 2124
f 2124 2127 2122
f 302 2130 2131
f 459 2130 302
f 2127 2130 459
f 302 2131 7
f 2074 2201 21
f 21 2122 2118
f 2118 2074 21
f 2122 2119 2118
f 2122 2125 2119
f 2127 2125 2122
f 2125 2127 2129
f 2127 459 2129
f 2132 459 302
f 2129 459 2132
f 461 302 7
f 2134 2132 302
f 461 2134 302
f 461 7 2136
f 2072 2074 2118
f 2118 2119 906
f 906 2072 2118
f 2119 2120 906
f 2119 2125 2120
f 2125 2129 2128
f 2120 2125 2128
f 906 2120 2121
f 2120 2128 2121
f 906 300 2072
f 300 906 2121
f 2134 461 544
f 3441 461 2136
f 461 3441 2703
f 461 2703 544
f 3441 2136 367
f 300 2073 2072
f 300 2121 2123
f 300 2117 2073
f 2117 300 2123
f 3441 2707 2703
f 3441 367 2708
f 2707 3441 2708
f 2703 2707 2701
f 2701 2707 545
f 2707 2708 545
f 2709 2708 367
f 545 2708 2709
f 2117 2064 2073
f 4 2117 2123
f 2064 2117 4
f 301 4 2123
f 3897 1422 2781
f 1422 3897 3898
f 3897 2036 3898
f 3898 2036 3900
f 3898 3871 1422
f 3899 3871 3898
f 3899 3898 3900
f 3871 1421 1422
f 3899 3900 2041
f 2038 3899 2041
f 2039 3899 2038
f 3871 3899 3870
f 3899 2039 3870
f 2039 2038 2043
f 2038 2041 2040
f 2038 2040 2043
f 3870 2039 2052
f 2039 2043 2052
f 2052 3868 3870
f 3871 3870 3868
f 3867 1421 3871
f 3871 3869 3867
f 3869 3871 3868
f 2041 2048 2040
f 2043 2040 2047
f 2048 2047 2040
f 2052 2043 2051
f 2043 2047 2051
f 1420 1421 3867
f 3840 1420 3867
f 1420 3840 3896
f 1417 1420 3896
f 3895 1417 3896
f 3894 1420 1417
f 1421 1420 3894
f 3893 3894 1417
f 1417 1416 3893
f 1417 3895 1419
f 1416 1417 1419
f 3455 1419 3895
f 1307 1416 1419
f 3455 1307 1419
f 1416 3892 3893
f 3892 1416 3891
f 3891 1416 1307
f 3888 3892 3891
f 3892 3888 3886
f 3888 1413 3886
f 3886 1413 3885
f 2076 884 2077
f 2078 2076 2077
f 887 2078 2077
f 2080 2078 887
f 2076 2078 2080
f 2079 2076 2080
f 888 2080 887
f 2080 2081 2079
f 889 2080 888
f 889 2081 2080
f 2081 890 2079
f 3046 3036 1208
f 251 2272 315
f 251 33 2272
f 2272 33 2268
f 2268 2269 2272
f 2268 2265 2269
f 2267 2265 2268
f 2268 33 2267
f 2267 33 603
f 2265 2266 2269
f 2267 2261 2265
f 3082 2261 2267
f 2267 603 3082
f 2266 2265 3709
f 3709 2265 2264
f 2264 2265 2261
f 687 2264 2261
f 2264 687 3709
f 3082 603 3080
f 3080 603 375
f 3082 3148 2261
f 3083 3148 3082
f 3082 3080 3083
f 2261 3148 32
f 2261 32 2259
f 2259 687 2261
f 3081 3080 375
f 3083 3080 3081
f 3148 3149 32
f 32 3149 2259
f 3124 3149 3148
f 3083 3124 3148
f 3083 3081 3084
f 1078 2636 2634
f 2636 1078 2637
f 1078 2634 360
f 2639 2640 2641
f 532 2640 2639
f 2637 532 2639
f 1078 2633 2637
f 532 2637 2633
f 530 1078 360
f 1078 530 2631
f 2633 1078 2631
f 2630 530 360
f 2630 360 2632
f 267 530 2630
f 530 267 2631
f 2640 533 2641
f 2640 2642 533
f 2640 532 363
f 2642 2640 363
f 532 2638 363
f 2638 532 2633
f 2638 2633 2635
f 2633 2631 2635
f 2631 528 2635
f 267 528 2631
f 2638 269 363
f 2638 2635 269
f 2635 531 269
f 528 531 2635
f 2642 268 533
f 2642 2684 268
f 2642 363 2685
f 2684 2642 2685
f 2685 363 3513
f 363 269 3513
f 531 528 359
f 3513 269 3511
f 269 531 3510
f 269 3510 3511
f 531 3509 3510
f 3509 531 359
f 2684 91 268
f 91 2684 1103
f 2684 2685 2686
f 1103 2684 2686
f 2686 2685 1325
f 2685 3513 1325
f 3511 3512 3513
f 3512 1325 3513
f 3510 3509 3508
f 3512 3511 3548
f 3503 3511 3510
f 3511 3503 3548
f 3505 3510 3508
f 3505 3503 3510
f 1105 91 1103
f 1105 1103 2687
f 1103 2686 2688
f 2687 1103 2688
f 2688 2686 3514
f 2686 1325 3514
f 3514 1325 3498
f 1325 3512 3498
f 3498 3512 3496
f 3512 3548 3496
f 3505 3508 3507
f 2551 3496 3548
f 1318 2551 3548
f 1318 3548 3503
f 3501 1318 3503
f 3501 3503 3505
f 1321 3501 3505
f 1321 3505 3507
f 2689 1105 2687
f 1321 3507 3506
f 2688 3514 192
f 3514 3498 3456
f 192 3514 3456
f 3456 3498 3453
f 3498 3496 3453
f 2551 3454 3496
f 3454 3453 3496
f 2551 1318 2548
f 288 3454 2551
f 2548 288 2551
f 1318 3499 2548
f 3499 1318 3501
f 3500 3499 3501
f 3500 3501 1321
f 3504 1321 3506
f 3504 3500 1321
f 3456 3453 3450
f 3451 3450 3453
f 3454 3451 3453
f 1316 3454 288
f 3454 1316 1307
f 3451 3454 1307
f 2545 288 2548
f 2543 2545 2548
f 2548 3499 2543
f 3497 1316 288
f 288 2545 3497
f 3499 1319 2543
f 1319 3499 3500
f 3502 1319 3500
f 3502 3500 3504
f 1320 3502 3504
f 1316 3891 1307
f 3891 1316 3497
f 3450 3451 3449
f 3451 1307 3455
f 3449 3451 3455
f 1319 3502 2544
f 2543 1319 2544
f 2543 2540 2545
f 2540 2543 2544
f 3502 345 2544
f 3502 1320 345
f 2545 1317 3497
f 3497 1317 3888
f 3888 3891 3497
f 2544 345 1053
f 2544 1053 2540
f 345 2549 1053
f 1053 2539 2540
f 2539 1053 2546
f 1053 2549 2546
f 2549 2550 2546
f 2540 2539 2538
f 2540 2538 2545
f 1317 2545 2538
f 3887 1317 2538
f 1317 3887 1413
f 1317 1413 3888
f 2539 1052 2538
f 2541 2539 2546
f 2539 2541 1052
f 2547 2546 2550
f 2541 2546 2547
f 2552 2547 2550
f 1052 516 2538
f 516 3887 2538
f 3887 3885 1413
f 3887 516 1050
f 3885 3887 1050
f 516 2534 1050
f 516 1052 2534
f 2541 2537 1052
f 1052 2535 2534
f 2535 1052 2537
f 2541 2542 2537
f 2542 2541 2547
f 2547 2552 2553
f 2542 2547 2553
f 242 3885 1050
f 2534 2532 1050
f 242 1050 2532
f 2536 2535 2537
f 2535 2536 2534
f 2534 2533 2532
f 2536 2533 2534
f 2542 344 2537
f 2536 2537 344
f 2542 3719 344
f 3719 2542 2553
f 1379 2536 344
f 2533 2536 1379
f 3719 2553 2592
f 3719 3720 344
f 1379 344 3720
f 3719 3718 3720
f 3718 3719 2592
f 3880 242 2532
f 2532 515 3880
f 2533 515 2532
f 515 2533 2531
f 2531 2533 1379
f 3084 3124 3083
f 281 3081 375
f 3084 3081 3147
f 3081 281 3147
f 3084 3147 3120
f 3147 281 1236
f 3121 3147 1236
f 3120 3147 3121
f 281 375 3152
f 3151 281 3152
f 1236 281 3151
f 3150 1236 3151
f 3121 1236 3123
f 3150 3123 1236
f 3118 3121 3123
f 3120 3121 3118
f 3120 3118 3116
f 3151 3153 3150
f 3154 3153 3151
f 3154 3151 3152
f 3550 3123 3150
f 3153 3550 3150
f 3550 3552 3123
f 3118 3123 3552
f 3118 3115 3116
f 3117 3115 3118
f 3552 3117 3118
f 3552 3550 3551
f 194 3552 3551
f 194 3117 3552
f 3153 3549 3550
f 3550 3745 3551
f 3549 3745 3550
f 3153 3765 3549
f 3160 3765 3153
f 3154 3160 3153
f 3765 3747 3549
f 3549 3747 3745
f 3117 3113 3115
f 3553 3113 3117
f 194 3553 3117
f 3745 3743 3551
f 194 3551 3741
f 3551 3743 3741
f 3737 194 3741
f 3737 3553 194
f 3747 3746 3745
f 3745 3746 3743
f 3765 3764 3747
f 3768 3764 3765
f 3160 3768 3765
f 3764 3749 3747
f 3747 3749 3746
f 3553 3734 3113
f 3737 3735 3553
f 3735 3734 3553
f 3743 3742 3741
f 3743 3744 3742
f 3746 3744 3743
f 3737 3741 3738
f 3741 3742 3738
f 222 3737 3738
f 222 3735 3737
f 3749 3748 3746
f 3746 3748 3744
f 3764 3203 3749
f 3767 3203 3764
f 3768 3767 3764
f 3203 3766 3749
f 3749 3766 3748
f 3734 3735 3732
f 3735 222 3733
f 3732 3735 3733
f 3740 3738 3742
f 3805 3742 3744
f 3740 3742 3805
f 3805 3744 3808
f 3808 3744 3748
f 3738 3739 222
f 3739 3738 3740
f 3739 3736 222
f 3733 222 3736
f 3808 3748 3811
f 3811 3748 3766
f 3203 3767 3198
f 3203 3198 3202
f 3766 3203 3202
f 3202 3814 3766
f 3814 3811 3766
f 3733 689 3732
f 3665 689 3733
f 3736 3665 3733
f 3805 3804 3740
f 3740 682 3739
f 3740 3804 682
f 3808 3806 3805
f 3805 3806 3804
f 3811 3809 3808
f 3808 3809 3806
f 3739 682 3662
f 3736 3739 3662
f 3664 3736 3662
f 3664 3665 3736
f 3809 3811 3813
f 3811 3814 3813
f 3204 3814 3202
f 3199 3204 3202
f 3202 3198 3199
f 3813 3814 3205
f 3814 3204 3205
f 689 3665 3666
f 3665 3664 3591
f 3666 3665 3591
f 3658 682 3804
f 3807 3804 3806
f 3658 3804 3807
f 3660 3662 682
f 3660 682 3658
f 3807 3806 3810
f 3810 3806 3809
f 3813 3815 3809
f 3815 3810 3809
f 3662 3661 3664
f 3661 3662 3660
f 3661 3663 3664
f 3591 3664 3663
f 3205 3208 3813
f 3208 3815 3813
f 3591 2410 3666
f 3588 2410 3591
f 3663 3588 3591
f 2411 3666 2410
f 3656 3660 3658
f 3655 3658 3807
f 3656 3658 3655
f 3655 3807 3812
f 3812 3807 3810
f 3657 3660 3656
f 3660 3657 3661
f 3815 3216 3810
f 3216 3812 3810
f 3208 3212 3815
f 3212 3216 3815
f 3661 3657 3659
f 3663 3661 3659
f 3667 3663 3659
f 3667 3588 3663
f 3653 3656 3655
f 3653 3655 3812
f 3654 3657 3656
f 3654 3656 3653
f 3588 483 2410
f 3586 483 3588
f 3667 3586 3588
f 3657 681 3659
f 681 3657 3654
f 3659 681 3668
f 3667 3659 3668
f 3256 3653 3812
f 3253 3256 3812
f 3216 3253 3812
f 3212 3215 3216
f 3215 3253 3216
f 674 3667 3668
f 674 3586 3667
f 3653 3256 3649
f 3653 3649 3654
f 3654 3650 681
f 3654 3649 3650
f 681 3669 3668
f 681 3650 3669
f 3668 3669 3594
f 674 3668 3594
f 3586 2380 483
f 3587 2380 3586
f 674 3587 3586
f 3590 674 3594
f 3590 3587 674
f 3256 3259 3649
f 3255 3259 3256
f 3253 3255 3256
f 3215 159 3253
f 159 3255 3253
f 3259 3618 3649
f 3614 3649 3618
f 3614 3650 3649
f 3615 3669 3650
f 3615 3650 3614
f 3598 3594 3669
f 3598 3669 3615
f 3594 3595 3590
f 3595 3594 3598
f 3587 3590 3589
f 2376 3587 3589
f 2380 3587 2376
f 3595 3592 3590
f 3589 3590 3592
f 3259 3263 3618
f 3260 3259 3255
f 3263 3259 3260
f 3260 3255 3257
f 3257 3255 159
f 3618 3263 3652
f 3616 3618 3652
f 3614 3618 3616
f 3616 3610 3614
f 3610 3615 3614
f 675 3598 3615
f 675 3615 3610
f 1347 3595 3598
f 1347 3598 675
f 3595 3597 3592
f 3597 3595 1347
f 3589 3592 3593
f 997 3589 3593
f 2376 3589 997
f 3597 291 3592
f 3593 3592 291
f 3263 3651 3652
f 3652 3651 3616
f 407 3260 3257
f 3612 3610 3616
f 3617 3612 3616
f 3616 3651 3617
f 3612 3609 3610
f 3609 675 3610
f 3604 1347 675
f 3604 675 3609
f 3601 1347 3604
f 3601 3597 1347
f 3597 3599 291
f 3599 3597 3601
f 3593 291 3596
f 2372 3593 3596
f 997 3593 2372
f 3599 425 291
f 3596 291 425
f 3606 3601 3604
f 3609 3606 3604
f 3601 203 3599
f 203 3601 3606
f 3611 3609 3612
f 3613 3611 3612
f 3613 3612 3617
f 3611 3608 3609
f 3608 3606 3609
f 3599 203 3605
f 425 3599 3605
f 3606 3607 203
f 3606 3608 3607
f 203 3607 1348
f 203 1348 3605
f 3596 59 2372
f 3600 59 3596
f 425 3600 3596
f 3602 425 3605
f 3721 1379 3720
f 1379 3721 2531
f 3718 219 3720
f 3721 3720 219
f 3139 2592 3141
f 3718 2592 3139
f 3139 3135 3718
f 3718 3135 219
f 515 2530 3880
f 2530 515 2529
f 2529 515 2531
f 2531 3722 2529
f 3721 3722 2531
f 1377 3721 219
f 3721 1377 3722
f 1377 219 3131
f 3131 219 3135
f 3139 398 3135
f 3137 398 3139
f 3139 3141 3137
f 3131 3135 1231
f 1231 3135 398
f 2527 2530 2529
f 3722 2528 2529
f 2527 2529 2528
f 3722 223 2528
f 1377 223 3722
f 3131 3129 1377
f 1377 3129 223
f 1231 3130 3131
f 3131 3130 3129
f 3137 3136 398
f 3133 398 3136
f 1231 398 3133
f 3130 1231 3132
f 3132 1231 3133
f 2526 2527 2528
f 223 605 2528
f 2528 605 2526
f 3129 3127 223
f 223 3127 605
f 3130 3128 3129
f 3129 3128 3127
f 3128 3130 509
f 509 3130 3132
f 3133 3136 3134
f 3133 2459 3132
f 3134 2459 3133
f 2459 2460 3132
f 3132 2460 509
f 3134 3136 1029
f 1029 2459 3134
f 605 2524 2526
f 605 3126 2524
f 3127 3126 605
f 3126 3127 2471
f 2471 3127 3128
f 2471 3128 2464
f 2464 3128 509
f 2460 2463 509
f 509 2463 2464
f 2459 1031 2460
f 508 1031 2459
f 508 2459 1029
f 2463 2460 69
f 69 2460 1031
f 3126 2521 2524
f 2472 3126 2471
f 2521 3126 2472
f 2464 2469 2471
f 2471 2469 2472
f 2469 2464 2467
f 2467 2464 2463
f 69 2466 2463
f 2463 2466 2467
f 69 1031 2462
f 2457 1031 508
f 2462 1031 2457
f 2466 69 2465
f 2465 69 2462
f 2469 2470 2472
f 3125 2521 2472
f 2472 2470 3125
f 2470 2469 261
f 261 2469 2467
f 261 2467 339
f 339 2467 2466
f 339 2466 3790
f 2468 2466 2465
f 3790 2466 2468
f 2457 1376 2462
f 3717 2462 1376
f 2465 2462 3717
f 2468 2465 3715
f 3715 2465 3717
f 261 2473 2470
f 2470 2474 3125
f 2470 2473 2474
f 339 3794 261
f 261 3794 2473
f 3794 339 3793
f 3793 339 3790
f 2468 3787 3790
f 3790 3789 3793
f 3790 3787 3789
f 2468 3715 3785
f 3787 2468 3785
f 3788 3715 3717
f 2461 3717 1376
f 3788 3717 2461
f 3785 3715 3716
f 3715 3788 3716
f 3785 3782 3787
f 3787 3782 3789
f 3794 3818 2473
f 2473 2475 2474
f 2473 3818 2475
f 3818 3794 3797
f 3797 3794 3793
f 3793 3789 3792
f 3793 3792 3797
f 3789 3784 3792
f 3789 3782 3784
f 3785 3716 1393
f 1393 3782 3785
f 1393 3716 3781
f 3716 3786 3781
f 3716 3788 3786
f 2461 3071 3788
f 1218 3786 3788
f 3788 3071 1218
f 1393 3778 3782
f 3782 3779 3784
f 3782 3778 3779
f 1393 3781 3778
f 3797 3087 3818
f 3818 1399 2475
f 3818 3087 1399
f 3797 3796 3087
f 3797 3792 3796
f 3792 3784 3791
f 3792 3791 3796
f 3784 3780 3791
f 3784 3779 3780
f 3781 3786 3783
f 3778 3781 227
f 3781 3783 227
f 3786 1216 3783
f 1216 3786 1218
f 3071 1215 1218
f 1215 1214 1218
f 1218 1214 1216
f 227 3777 3778
f 3776 3779 3778
f 3778 3777 3776
f 1042 3779 3776
f 1042 3780 3779
f 3564 3777 227
f 227 3783 3564
f 3087 3796 3089
f 3796 3795 3089
f 3796 3791 3795
f 3564 3783 1342
f 3783 1216 1343
f 1342 3783 1343
f 1216 3065 1343
f 1216 1214 3067
f 3067 3065 1216
f 3066 3067 1214
f 3066 1214 1215
f 2504 3776 3777
f 2503 3776 2504
f 3776 2503 1042
f 3562 3777 3564
f 3564 1341 3562
f 1342 1341 3564
f 3065 3067 1213
f 1213 3067 3066
f 3568 1341 1342
f 1343 3006 1342
f 3006 3568 1342
f 3020 3006 1343
f 1343 3065 3020
f 3020 3065 3061
f 3065 1213 3061
f 1198 3020 3061
f 1198 3006 3020
f 3566 1341 3568
f 1341 3561 3562
f 3563 3561 1341
f 1341 3566 3563
f 3568 3006 3570
f 3570 3006 3578
f 3003 3006 1198
f 3578 3006 3003
f 3569 3566 3568
f 3568 3574 3569
f 3570 3576 3568
f 3568 3576 3574
f 3576 3570 3005
f 3005 3570 3578
f 3563 3566 3565
f 3569 3567 3566
f 3566 3567 3565
f 3565 1340 3563
f 3560 3563 1340
f 3561 3563 3560
f 3576 3005 3579
f 3579 3574 3576
f 3574 3579 3573
f 3569 3574 3573
f 3578 3000 3005
f 3578 3002 3000
f 3578 3003 3002
f 3573 3572 3569
f 3569 3571 3567
f 3572 3571 3569
f 3565 3567 3690
f 309 1340 3565
f 3565 3690 309
f 3690 3567 3620
f 3620 3567 3571
f 3573 3579 3577
f 3573 3577 3572
f 3572 3577 3575
f 3572 3575 3571
f 3571 3575 3584
f 3584 3619 3571
f 3571 3619 3620
f 3577 3582 3575
f 3584 3575 3582
f 3579 3580 3577
f 3577 3580 3582
f 309 3690 3686
f 3688 3690 3620
f 3686 3690 3688
f 3619 3622 3620
f 3620 3622 3688
f 3584 3585 3619
f 3582 3585 3584
f 3619 3585 3622
f 3582 3580 3581
f 3581 3585 3582
f 3688 3687 3686
f 3688 3689 3687
f 3622 3689 3688
f 3622 3624 3689
f 3623 3624 3622
f 3622 3585 3623
f 3623 3585 3621
f 3581 3621 3585
f 3621 3626 3623
f 3626 3624 3623
f 3009 3581 3580
f 3583 3581 3009
f 3602 3600 425
f 3605 1348 3381
f 3602 3605 3381
f 3375 3608 3611
f 1349 3375 3611
f 1349 3611 3613
f 3608 3375 636
f 3607 3608 636
f 3607 3376 1348
f 636 3376 3607
f 1348 3376 3379
f 1348 3379 3381
f 3600 996 59
f 3603 996 3600
f 3602 3603 3600
f 1288 3602 3381
f 1288 3603 3602
f 3381 3379 3380
f 1288 3381 3380
f 636 3375 1285
f 3375 3345 1285
f 3345 3375 1349
f 1285 3373 636
f 3374 3376 636
f 636 3373 3374
f 3378 3379 3376
f 3377 3376 3374
f 3378 3376 3377
f 328 3379 3378
f 328 3380 3379
f 3603 2367 996
f 2364 2367 3603
f 1288 2364 3603
f 57 1288 3380
f 57 2364 1288
f 2360 3380 328
f 3380 2360 57
f 1285 3345 410
f 3354 3373 1285
f 1285 410 3354
f 3354 3372 3373
f 3373 3372 3374
f 3372 3371 3374
f 3374 3371 3377
f 3378 2323 328
f 3378 3382 2323
f 3377 3382 3378
f 328 2323 2324
f 2324 2360 328
f 2367 2364 330
f 2364 57 2362
f 330 2364 2362
f 2360 329 57
f 2362 57 329
f 2325 2360 2324
f 2360 2325 329
f 3354 410 3348
f 3372 3356 3371
f 2323 41 2324
f 2323 3383 41
f 3382 3383 2323
f 973 2325 2324
f 2324 41 973
f 2362 2363 330
f 2361 2363 2362
f 2362 329 2361
f 2359 329 2325
f 2359 2361 329
f 2322 2359 2325
f 2322 2325 973
f 2320 973 41
f 2321 41 3383
f 2320 41 2321
f 972 2322 973
f 972 973 2320
f 2361 2359 3753
f 1384 2361 3753
f 2363 2361 1384
f 1386 2359 2322
f 3753 2359 1386
f 3756 2322 972
f 2322 3756 1386
f 2319 972 2320
f 2317 2320 2321
f 2319 2320 2317
f 436 3756 972
f 436 972 2319
f 1384 3753 1385
f 3753 1386 3754
f 1385 3753 3754
f 3756 1387 1386
f 3754 1386 1387
f 1387 3756 3757
f 3757 3756 436
f 3759 3757 436
f 2319 3759 436
f 2318 3759 2319
f 2315 2319 2317
f 2318 2319 2315
f 1387 3755 3754
f 434 3754 3755
f 1385 3754 434
f 435 1387 3757
f 435 3755 1387
f 3757 3758 435
f 3758 3757 3759
f 3758 3759 2242
f 3759 2318 1388
f 2242 3759 1388
f 1388 2318 3760
f 2318 2314 3760
f 2315 2314 2318
f 3755 435 2238
f 2235 3755 2238
f 434 3755 2235
f 3758 250 435
f 2238 435 250
f 2242 949 3758
f 949 250 3758
f 949 2238 250
f 2239 2235 2238
f 2239 2238 949
f 29 949 2242
f 2244 29 2242
f 2242 1388 2244
f 29 2239 949
f 3760 2247 1388
f 1388 2247 2245
f 2244 1388 2245
f 3761 2247 3760
f 3762 3760 2314
f 3761 3760 3762
f 948 2235 2239
f 2241 948 2239
f 2241 2239 29
f 951 29 2244
f 951 2241 29
f 2246 951 2244
f 2245 2246 2244
f 952 2245 2247
f 952 2246 2245
f 2247 3801 952
f 2247 3761 3801
f 3801 3761 3762
f 2243 2241 951
f 2243 2240 2241
f 2240 948 2241
f 951 2246 30
f 951 30 2243
f 2246 952 2291
f 2246 2291 30
f 3801 2290 952
f 2290 3801 3800
f 3800 3801 3762
f 952 2290 2295
f 2292 952 2295
f 952 2292 2291
f 2295 2290 3800
f 2243 30 3228
f 2243 3228 950
f 950 2240 2243
f 30 2291 3305
f 2294 3305 2291
f 2292 2294 2291
f 1265 30 3305
f 30 3229 3228
f 1265 3229 30
f 2293 2292 2295
f 2292 2293 2297
f 2294 2292 2297
f 2296 2293 2295
f 2295 3800 3802
f 2296 2295 3802
f 3802 3800 3762
f 3244 2294 2297
f 3305 2294 3244
f 3236 1265 3305
f 3236 3229 1265
f 3239 3305 3244
f 3239 3236 3305
f 3802 3803 2296
f 2293 2296 2301
f 3803 2301 2296
f 3803 3802 3763
f 3763 3802 3762
f 2299 2293 2301
f 2297 2293 2298
f 2293 2299 2298
f 3249 3244 2297
f 3249 2297 963
f 963 2297 2298
f 2304 3803 3763
f 2301 3803 2304
f 2299 2301 2304
f 3239 3244 3240
f 3245 3244 3249
f 3244 3245 3240
f 3240 3237 3239
f 3237 3236 3239
f 2299 2300 2298
f 2300 3304 2298
f 3304 963 2298
f 963 3304 3302
f 3302 3249 963
f 3248 3245 3249
f 3248 3249 3302
f 2304 2306 2299
f 2299 2302 2300
f 2306 2302 2299
f 406 3245 3248
f 3240 3245 406
f 3241 3240 406
f 3237 3240 3241
f 2302 2305 2300
f 2300 2303 3304
f 2305 2303 2300
f 2302 2306 2305
f 3304 3303 3302
f 3302 3303 3298
f 3298 3248 3302
f 408 406 3248
f 408 3248 3298
f 163 3304 2303
f 3304 163 2874
f 3303 3304 2874
f 406 408 3247
f 3241 406 3247
f 2303 2305 2310
f 2310 163 2303
f 3303 3300 3298
f 3300 3303 2874
f 3298 3300 3295
f 3295 408 3298
f 408 627 3247
f 627 408 3295
f 3306 163 2310
f 163 3306 2866
f 2874 163 2866
f 2875 3300 2874
f 2875 2874 2868
f 2868 2874 2866
f 3300 3297 3295
f 3300 2875 3297
f 3295 3297 3294
f 3294 627 3295
f 3247 627 3251
f 3292 627 3294
f 627 3292 3251
f 3306 2863 2866
f 2865 2866 2863
f 2866 2865 2868
f 2873 2875 2868
f 2875 3301 3297
f 3301 2875 2873
f 2868 2870 2873
f 2865 2870 2868
f 3583 3621 3581
f 3689 1371 3687
f 3689 3625 1371
f 3624 3625 3689
f 3626 3627 3624
f 3624 3627 3625
f 3016 3626 3621
f 3621 3012 3016
f 3583 3012 3621
f 3627 3626 3628
f 3016 3628 3626
f 3629 3625 3627
f 3692 3625 3629
f 3692 1371 3625
f 3627 3632 3629
f 3630 3627 3628
f 3632 3627 3630
f 3017 3628 3016
f 3011 3016 3012
f 3017 3016 3011
f 3017 3631 3628
f 3628 3631 3630
f 3011 3014 3017
f 3014 3631 3017
f 3629 3632 3633
f 3629 3633 216
f 3629 216 3692
f 3631 3634 3630
f 3631 3014 3634
f 3633 3632 3635
f 3630 208 3632
f 3635 3632 208
f 3630 3634 3636
f 3636 208 3630
f 3698 3633 3635
f 216 3633 3698
f 3638 208 3636
f 3635 208 3638
f 3637 3636 3634
f 3634 3014 140
f 3634 140 3637
f 3011 3013 3014
f 3014 3013 3015
f 3014 3015 140
f 427 3636 3637
f 427 3638 3636
f 3635 3723 3698
f 3639 3723 3635
f 3638 3639 3635
f 3637 3018 427
f 140 3018 3637
f 1355 3638 427
f 3638 3640 3639
f 1355 3640 3638
f 427 3018 3019
f 427 3019 1355
f 392 3018 140
f 140 587 392
f 140 3015 587
f 2999 587 3015
f 2999 3015 3013
f 3640 209 3639
f 3639 209 3723
f 3019 3018 2980
f 3018 2982 2980
f 392 2982 3018
f 3640 1355 3641
f 1355 3019 3642
f 3641 1355 3642
f 209 3640 3643
f 3643 3640 3641
f 3642 3019 2942
f 2942 3019 2980
f 392 587 2986
f 392 2983 2982
f 2986 2983 392
f 2982 2979 2980
f 2982 2983 2979
f 2986 587 2987
f 1197 587 2999
f 2987 587 1197
f 3643 3641 2938
f 3641 3642 2938
f 3642 2942 2938
f 2980 2979 574
f 2980 574 1187
f 1187 2942 2980
f 2938 2942 2936
f 2936 2942 1187
f 2983 2986 2985
f 2985 2986 2987
f 2979 2983 580
f 580 2983 2985
f 2943 574 2979
f 2979 580 2943
f 3648 3643 2938
f 2938 2936 3648
f 2941 574 2943
f 574 2941 1187
f 2939 2936 1187
f 1187 2941 2939
f 2984 580 2985
f 2987 2984 2985
f 2937 2936 2939
f 2936 2937 2935
f 2936 2935 573
f 3648 2936 573
f 135 2941 2943
f 2940 2941 135
f 2941 2940 2939
f 1186 2937 2939
f 2939 2940 1186
f 137 2943 580
f 2981 2943 137
f 135 2943 2981
f 572 2937 1186
f 2937 572 2935
f 2935 387 573
f 2934 387 2935
f 2935 572 2934
f 2940 212 1186
f 3675 2940 135
f 212 2940 3675
f 3674 572 1186
f 1186 212 3674
f 135 2981 3069
f 3072 135 3069
f 3675 135 3072
f 47 572 3674
f 572 47 2934
f 3069 2981 3068
f 2981 137 3066
f 2981 3066 3068
f 571 387 2934
f 2934 47 478
f 2934 478 571
f 212 2348 3674
f 984 212 3675
f 2348 212 984
f 984 3675 1222
f 1222 3675 3072
f 3674 2348 982
f 982 47 3674
f 2344 47 982
f 47 2344 478
f 3072 3069 3073
f 3068 3070 3069
f 3073 3069 3070
f 3073 146 3072
f 3072 146 1222
f 3068 3066 1215
f 3068 1215 2456
f 2456 3070 3068
f 571 478 2337
f 478 2341 2337
f 478 2344 2341
f 2348 49 982
f 51 2348 984
f 49 2348 51
f 51 984 2349
f 2349 984 1222
f 146 479 1222
f 1222 479 2349
f 982 49 2345
f 2345 2344 982
f 2342 2344 2345
f 2344 2342 2341
f 479 146 2353
f 146 3073 3077
f 2353 146 3077
f 2337 2341 254
f 2341 2342 325
f 325 254 2341
f 49 2347 2345
f 983 49 51
f 2347 49 983
f 983 51 986
f 986 51 2349
f 986 2349 2350
f 2350 2349 479
f 2350 479 2352
f 2352 479 2353
f 981 2342 2345
f 2345 2347 981
f 44 2342 981
f 2342 2336 325
f 44 2336 2342
f 2336 42 325
f 42 254 325
f 2347 2346 981
f 983 2346 2347
f 981 2346 2343
f 2343 44 981
f 985 983 986
f 50 983 985
f 983 50 2346
f 2350 52 986
f 986 52 985
f 52 2350 2351
f 2351 2350 2352
f 48 2343 2346
f 48 2346 50
f 2340 44 2343
f 978 2336 44
f 44 2340 978
f 2331 42 2336
f 978 2331 2336
f 45 2343 48
f 45 2340 2343
f 2335 2331 978
f 978 2340 2335
f 2339 2340 45
f 2340 2339 2335
f 2330 2331 2335
f 2335 43 2330
f 2335 2339 43
f 2330 43 253
f 253 2327 2330
f 2330 976 2331
f 2327 976 2330
f 976 2329 2331
f 2331 2329 42
f 975 2327 253
f 2327 975 38
f 2327 475 976
f 38 475 2327
f 475 323 976
f 976 323 2329
f 323 477 2329
f 2329 2333 42
f 2329 477 2333
f 475 2288 323
f 323 2288 477
f 962 2288 475
f 38 962 475
f 42 2333 254
f 38 975 319
f 2284 962 38
f 38 319 2284
f 254 2333 2337
f 2333 477 2334
f 2337 2333 2334
f 2334 477 2332
f 477 2328 2332
f 2288 2328 477
f 2285 2328 2288
f 2288 962 2285
f 962 2284 2282
f 2285 962 2282
f 2338 2337 2334
f 2334 2332 2338
f 2338 2332 324
f 2328 324 2332
f 2326 2328 2285
f 2326 324 2328
f 2284 319 961
f 3297 1262 3294
f 1262 3297 3301
f 3294 1262 3293
f 3293 3292 3294
f 2682 3251 3292
f 2678 2682 3292
f 2678 3292 3293
f 378 2865 2863
f 2864 2865 378
f 2870 2865 2864
f 380 3301 2873
f 380 2873 2872
f 2870 2872 2873
f 3299 1262 3301
f 3301 380 3299
f 2872 2870 2869
f 2869 2870 2864
f 1262 3296 3293
f 3296 1262 3299
f 3293 3296 2677
f 2677 2678 3293
f 2679 2682 2678
f 2676 2679 2678
f 2676 2678 2677
f 2877 380 2872
f 380 2877 2878
f 380 2878 3299
f 2885 3296 3299
f 3299 2878 2885
f 3296 2673 2677
f 2673 3296 2885
f 2677 2673 2674
f 2674 2676 2677
f 379 2872 2869
f 2872 379 1169
f 2877 2872 1169
f 2877 2879 2878
f 2879 2877 1169
f 2878 2882 2885
f 2878 2879 2882
f 2671 2673 2885
f 2671 2885 2882
f 2673 2671 2672
f 2673 2672 2674
f 2680 2679 2676
f 1099 2680 2676
f 1099 2676 2674
f 2672 1095 2674
f 2675 1099 2674
f 1095 2675 2674
f 2671 2668 2672
f 1095 2672 2668
f 2667 2671 2882
f 2671 2667 2668
f 1169 379 2881
f 1169 2881 2880
f 2880 2879 1169
f 2879 2883 2882
f 2879 2880 2883
f 2883 2662 2882
f 2662 2667 2882
f 1095 539 2675
f 539 1099 2675
f 539 2681 1099
f 2681 2680 1099
f 2667 2662 2666
f 2667 2666 2668
f 2668 2666 2669
f 2669 1095 2668
f 1096 1095 2669
f 1095 1096 539
f 2881 2884 2880
f 2880 2884 2917
f 2880 2917 2883
f 2662 2883 2661
f 2883 2917 2661
f 2662 2663 2666
f 2661 2663 2662
f 1091 2666 2663
f 2666 1091 2669
f 2669 1091 2670
f 2670 1096 2669
f 2658 2661 2917
f 2918 2658 2917
f 2884 2918 2917
f 2661 2658 2659
f 2661 2659 2663
f 2664 2663 2659
f 2664 1091 2663
f 1091 642 2670
f 2664 642 1091
f 2660 2664 2659
f 642 2664 2660
f 2918 2654 2658
f 2649 2654 2918
f 2884 2649 2918
f 2654 2653 2658
f 2655 2659 2658
f 2653 2655 2658
f 2655 2657 2659
f 2657 2660 2659
f 2665 642 2660
f 2657 1087 2660
f 1087 2665 2660
f 2656 2657 2655
f 2656 1087 2657
f 2655 2653 2652
f 2652 2656 2655
f 2653 2654 2651
f 2653 2651 2652
f 2654 2650 2651
f 2650 2654 2649
f 2888 1087 2656
f 2887 2656 2652
f 2887 2888 2656
f 2886 2652 2651
f 2886 2887 2652
f 2651 2650 2646
f 2646 2886 2651
f 564 2888 2887
f 2833 2887 2886
f 2833 564 2887
f 2886 2646 2832
f 2832 2833 2886
f 2650 2645 2646
f 2646 2645 2835
f 2646 2835 2832
f 2645 2650 2647
f 2647 2650 2649
f 2830 564 2833
f 2829 2833 2832
f 2829 2830 2833
f 2828 2832 2835
f 2828 2829 2832
f 2645 2643 2835
f 2645 2626 2643
f 2626 2645 2647
f 2835 2643 2831
f 2831 2828 2835
f 2648 2647 2649
f 2626 2647 2648
f 2826 2830 2829
f 2825 2829 2828
f 2825 2826 2829
f 2824 2828 2831
f 2824 2825 2828
f 2643 2834 2831
f 2834 2643 2624
f 2626 2624 2643
f 2627 2626 2648
f 2626 2627 2624
f 2831 2834 2827
f 2827 2824 2831
f 562 2826 2825
f 1156 2825 2824
f 1156 562 2825
f 2824 2827 1155
f 1155 1156 2824
f 2834 2890 2827
f 2890 2834 381
f 381 2834 2624
f 2627 2623 2624
f 381 2624 2623
f 2827 2890 2823
f 2827 2823 1155
f 1155 2821 1156
f 1156 2820 562
f 1156 2821 2820
f 2821 1155 2822
f 2822 1155 2823
f 562 2820 2819
f 2890 1171 2823
f 1171 2890 2889
f 2889 2890 381
f 2889 381 2619
f 2619 381 2623
f 2822 2823 2891
f 2891 2823 1171
f 2822 2815 2821
f 2821 2816 2820
f 2821 2815 2816
f 2820 2816 2813
f 2820 2813 2819
f 2815 2822 2817
f 2817 2822 2891
f 2819 2813 2818
f 382 1171 2889
f 1171 2611 2891
f 382 2611 1171
f 2616 2889 2619
f 382 2889 2616
f 2611 355 2891
f 2891 355 2817
f 2814 2815 2817
f 2812 2815 2814
f 2815 2812 2816
f 2816 2812 2809
f 2816 2809 2813
f 2813 2809 2808
f 2813 2808 2818
f 355 2605 2817
f 2817 2605 2814
f 2818 2808 561
f 2612 382 2616
f 382 2609 2611
f 2612 2609 382
f 2609 2606 2611
f 2611 2606 355
f 2606 2600 355
f 355 2600 2605
f 2892 2812 2814
f 2599 2814 2605
f 2892 2814 2599
f 2807 2809 2812
f 2807 2812 2892
f 2806 2809 2807
f 2809 2806 2808
f 2808 2806 2803
f 2808 2803 561
f 2599 2605 2595
f 2595 2605 2600
f 2609 2612 2608
f 2609 2608 2606
f 2606 2603 2600
f 2606 2608 2603
f 2601 2595 2600
f 2600 2603 2601
f 2810 2807 2892
f 2892 2597 2810
f 2599 2597 2892
f 2595 2591 2599
f 2599 2591 2597
f 2804 2807 2810
f 2807 2804 2806
f 2806 2804 2801
f 2806 2801 2803
f 2591 352 2597
f 2597 352 2810
f 2811 2804 2810
f 2810 352 2811
f 2602 2601 2603
f 2607 2603 2608
f 2602 2603 2607
f 2805 2804 2811
f 2805 2801 2804
f 353 2601 2602
f 2610 2602 2607
f 2604 2602 2610
f 2604 353 2602
f 2598 353 2604
f 3823 2598 2604
f 3825 2604 2610
f 3823 2604 3825
f 3825 2610 3826
f 2610 2607 237
f 3826 2610 237
f 2284 961 2281
f 2282 2284 2281
f 2281 473 2282
f 2282 473 2285
f 318 2326 2285
f 2285 473 318
f 571 2337 2338
f 2338 2932 571
f 2338 324 2932
f 2932 324 132
f 2326 132 324
f 2287 2326 318
f 2287 132 2326
f 2280 2287 318
f 473 2280 318
f 2281 961 36
f 2281 36 2279
f 2279 473 2281
f 2277 2280 473
f 2279 2277 473
f 2286 2287 2280
f 2287 2286 132
f 571 2932 131
f 132 2931 2932
f 2932 2931 131
f 2289 2931 132
f 132 2286 2289
f 571 131 387
f 2286 2280 2283
f 2286 2283 2289
f 2283 2280 2278
f 2280 2277 2278
f 2279 36 317
f 2276 2277 2279
f 317 2276 2279
f 2277 2276 959
f 2278 2277 959
f 1184 2931 2289
f 2289 2283 1184
f 2278 37 2283
f 2283 37 1184
f 387 131 2933
f 131 2931 2930
f 131 2930 2933
f 130 2931 1184
f 2931 130 2930
f 2278 959 316
f 316 37 2278
f 1184 37 386
f 386 130 1184
f 2275 2276 317
f 2276 2275 2274
f 959 2276 2274
f 316 959 472
f 2274 472 959
f 386 37 3702
f 37 316 3701
f 3702 37 3701
f 386 3702 2208
f 2208 130 386
f 2930 130 2929
f 2208 2929 130
f 2930 2929 570
f 2933 2930 570
f 472 2269 316
f 3701 316 2270
f 316 2269 2270
f 2274 2275 34
f 2273 472 2274
f 34 2273 2274
f 472 2273 2272
f 2272 2269 472
f 3702 3701 3703
f 3701 2270 2271
f 3703 3701 2271
f 2208 3702 2215
f 3702 3704 2215
f 3703 3704 3702
f 2269 2266 2270
f 2271 2270 2266
f 570 2929 432
f 2204 2929 2208
f 2929 2204 432
f 315 2272 2273
f 315 2273 34
f 3705 3704 3703
f 2271 3705 3703
f 3706 3705 2271
f 2266 3706 2271
f 3707 3704 3705
f 3707 2218 3704
f 2218 2215 3704
f 3708 3707 3705
f 3705 3706 3708
f 2213 2215 2218
f 2213 2208 2215
f 3708 3706 3710
f 3710 3706 3709
f 3709 3706 2266
f 2209 2204 2208
f 2209 2208 2213
f 432 2204 2203
f 2205 2204 2209
f 2204 2205 2203
f 2213 2212 2209
f 2218 2212 2213
f 2251 3707 3708
f 2251 2222 3707
f 2222 2218 3707
f 2217 2212 2218
f 2222 2217 2218
f 3712 2251 3708
f 3710 3712 3708
f 2210 2205 2209
f 2209 2212 2210
f 3711 3712 3710
f 3709 687 3710
f 3710 687 3711
f 2212 2217 2214
f 2212 2214 2210
f 2206 2205 2210
f 2203 2205 938
f 2205 2206 938
f 2210 2214 25
f 25 2206 2210
f 2253 2251 3712
f 2253 2248 2251
f 2248 2222 2251
f 2248 2220 2222
f 2220 2217 2222
f 2220 2219 2217
f 2214 2217 2219
f 3711 687 2259
f 2259 3712 3711
f 2256 3712 2259
f 2256 2253 3712
f 2214 2219 2216
f 2214 2216 25
f 25 2207 2206
f 938 2206 2207
f 25 2216 2211
f 2211 2207 25
f 2252 2248 2253
f 2254 2252 2253
f 2254 2253 2256
f 2249 2220 2248
f 2252 2249 2248
f 2249 2223 2220
f 2223 2219 2220
f 2219 2223 2221
f 2216 2219 2221
f 3546 2207 2211
f 2216 3546 2211
f 3545 3546 2216
f 2221 3545 2216
f 2258 2254 2256
f 3149 2256 2259
f 2258 2256 3149
f 3111 2249 2252
f 2255 2252 2254
f 2255 3111 2252
f 2257 2255 2254
f 2257 2254 2258
f 3111 3109 2249
f 3109 2223 2249
f 2223 3109 2250
f 2221 2223 2250
f 218 3545 2221
f 2250 218 2221
f 3545 218 3543
f 3544 3545 3543
f 3546 3545 3544
f 3544 2207 3546
f 3122 2257 2258
f 3124 2258 3149
f 3122 2258 3124
f 2263 3111 2255
f 3106 3109 3111
f 2263 3106 3111
f 2260 2263 2255
f 2260 2255 2257
f 3119 2260 2257
f 3119 2257 3122
f 3109 3106 3105
f 2250 3109 3105
f 293 218 2250
f 3105 293 2250
f 218 293 3542
f 3543 218 3542
f 3543 3541 3544
f 3540 3541 3543
f 3542 3540 3543
f 3120 3119 3122
f 3084 3122 3124
f 3120 3122 3084
f 3107 3106 2263
f 2262 2263 2260
f 2262 3107 2263
f 3106 3107 3102
f 3105 3106 3102
f 3114 2262 2260
f 3114 2260 3119
f 3116 3119 3120
f 3116 3114 3119
f 3100 293 3105
f 3102 3100 3105
f 293 3100 3713
f 3542 293 3713
f 3539 3540 3542
f 3542 3713 3539
f 3539 3537 3540
f 3540 2492 3541
f 3537 2492 3540
f 3102 3107 3103
f 3108 3107 2262
f 3107 3108 3103
f 3112 3108 2262
f 3112 2262 3114
f 3097 3100 3102
f 3103 3097 3102
f 3115 3112 3114
f 3115 3114 3116
f 3100 3097 3093
f 3713 3100 3093
f 3713 3093 3714
f 3539 3713 3714
f 3539 3714 3538
f 3538 3537 3539
f 3538 3536 3537
f 3537 2489 2492
f 3536 2489 3537
f 3099 3097 3103
f 3103 3108 3104
f 3104 3099 3103
f 3108 3110 3104
f 3110 3108 3112
f 3113 3112 3115
f 3113 3110 3112
f 3097 3099 3094
f 3093 3097 3094
f 3714 3093 3090
f 3093 3094 3090
f 3090 3057 3714
f 3538 3714 3057
f 3538 3057 1212
f 1212 3536 3538
f 3536 1212 341
f 2482 3536 341
f 2489 3536 2482
f 3094 3099 3095
f 3101 3099 3104
f 3099 3101 3095
f 3731 3101 3104
f 3104 3110 3731
f 3110 3734 3731
f 3734 3110 3113
f 237 2607 356
f 2607 2608 356
f 693 2598 3823
f 3822 693 3823
f 3824 3823 3825
f 3822 3823 3824
f 3824 3825 238
f 238 3825 3826
f 3826 237 2620
f 3827 3826 2620
f 238 3826 3827
f 2620 237 2615
f 237 356 2615
f 2615 356 2614
f 356 2608 2613
f 356 2613 2614
f 2608 2612 2613
f 2614 2613 2612
f 2517 3822 3824
f 2517 3824 2519
f 2519 3824 238
f 3828 238 3827
f 2519 238 3828
f 3827 2620 2621
f 2620 2615 2617
f 2621 2620 2617
f 3831 3827 2621
f 3828 3827 3831
f 2617 2615 2618
f 2615 2614 2618
f 2616 2614 2612
f 2619 2618 2614
f 2616 2619 2614
f 263 2517 2519
f 3829 2519 3828
f 2519 3829 263
f 3830 3828 3831
f 3829 3828 3830
f 3831 2621 2927
f 2621 2617 358
f 2927 2621 358
f 358 2617 2622
f 2617 2618 2622
f 569 3831 2927
f 3830 3831 569
f 2619 2623 2618
f 2623 2622 2618
f 263 3829 3833
f 3832 3829 3830
f 3829 3832 3833
f 385 3830 569
f 3832 3830 385
f 569 2927 2925
f 2924 2925 2927
f 358 2924 2927
f 2622 2625 358
f 2625 2924 358
f 2625 2622 2627
f 2622 2623 2627
f 2926 569 2925
f 569 2926 385
f 3833 3832 3834
f 3836 3832 385
f 3832 3836 3834
f 2926 2860 385
f 3836 385 2860
f 2926 2925 1179
f 2925 2924 2922
f 1179 2925 2922
f 2922 2924 2644
f 2924 2625 2644
f 2627 2648 2625
f 2648 2644 2625
f 2862 2926 1179
f 2860 2926 2862
f 3834 3836 3835
f 2928 3836 2860
f 3836 2928 3835
f 377 2860 2862
f 2928 2860 377
f 2862 1179 2923
f 1179 2922 2921
f 2923 1179 2921
f 2921 2922 2920
f 2922 2644 2920
f 2648 2919 2644
f 2919 2920 2644
f 2861 2862 2923
f 377 2862 2861
f 2919 2648 2649
f 2921 2920 2876
f 2871 2921 2876
f 2923 2921 2871
f 2919 2881 2920
f 2881 2876 2920
f 2881 2919 2884
f 2919 2649 2884
f 2859 2861 2923
f 2867 2859 2923
f 2867 2923 2871
f 2871 2876 379
f 379 2876 2881
f 2869 2871 379
f 2864 2867 2871
f 2869 2864 2871
f 2859 2867 2858
f 2867 2864 2858
f 2859 2858 1165
f 2858 2864 378
f 1165 2858 2857
f 2858 378 2857
f 2857 378 3310
f 378 2863 3310
f 2857 3310 3314
f 3310 2863 3307
f 3314 3310 3307
f 2863 3306 3307
f 3314 3307 3313
f 3313 164 3314
f 3313 3307 3311
f 3319 3313 3311
f 164 3313 3319
f 3307 3306 628
f 3309 3307 628
f 3309 3311 3307
f 628 3306 2310
f 3319 3368 164
f 3312 3311 3309
f 3311 629 3319
f 3312 629 3311
f 629 3366 3319
f 3366 3368 3319
f 3312 3309 3316
f 3312 3316 629
f 2310 2308 628
f 628 3308 3309
f 2308 3308 628
f 3308 3315 3309
f 3309 3315 3316
f 2305 2308 2310
f 2844 3368 3366
f 3366 629 3367
f 629 3316 1273
f 3367 629 1273
f 3366 3367 3370
f 3370 2844 3366
f 3316 3315 3317
f 3317 1273 3316
f 2308 2305 2307
f 2309 2308 2307
f 3308 2308 2309
f 3308 3425 3315
f 3308 2312 3425
f 2312 3308 2309
f 3425 3320 3315
f 3315 3320 3317
f 3320 1273 3317
f 3387 3367 1273
f 3387 1273 3320
f 2306 2307 2305
f 3389 2844 3370
f 3367 3369 3370
f 3369 3367 3386
f 3387 3386 3367
f 3370 3369 3364
f 3364 3389 3370
f 2313 2309 2307
f 2312 2309 2313
f 322 2313 2307
f 322 2307 2306
f 2316 2312 2313
f 3425 2312 2316
f 3320 3425 3424
f 3424 3425 2316
f 1290 3386 3387
f 1290 3387 3320
f 3385 3320 3424
f 3385 1290 3320
f 2315 2313 322
f 2316 2313 2315
f 3369 3360 3364
f 3361 3369 3386
f 3360 3369 3361
f 3384 3386 1290
f 637 3386 3384
f 3361 3386 637
f 3384 1290 3385
f 2321 3385 3424
f 3424 2316 2321
f 2317 2316 2315
f 2316 2317 2321
f 2321 3383 3385
f 3382 3385 3383
f 3384 3385 3382
f 637 3384 3377
f 3377 3384 3382
f 3371 3361 637
f 3371 637 3377
f 3356 3360 3361
f 3356 3361 3371
f 2314 2315 322
f 2314 322 2311
f 3762 2314 2311
f 2311 322 2306
f 3762 2311 3763
f 2304 3763 2311
f 2306 2304 2311
f 2680 2681 540
f 1100 2680 540
f 2679 2680 1100
f 1100 540 2717
f 2717 540 2719
f 2683 2679 1100
f 2718 1100 2717
f 2683 1100 2718
f 2682 2679 2683
f 2719 1120 2717
f 2717 2724 2718
f 1120 2724 2717
f 548 1120 2719
f 2716 2682 2683
f 2721 2683 2718
f 2716 2683 2721
f 2724 2723 2718
f 2718 2723 2721
f 1120 2728 2724
f 548 2725 1120
f 2725 2728 1120
f 2728 2727 2724
f 2724 2727 2723
f 1122 2728 2725
f 1122 2725 548
f 1122 548 1146
f 2716 3250 2682
f 3250 3251 2682
f 3250 2716 2720
f 2716 2721 2722
f 2722 2720 2716
f 2723 2729 2721
f 2722 2721 2726
f 2721 2729 2726
f 2727 2731 2723
f 2723 2731 2729
f 2727 2728 2732
f 2730 2728 1122
f 2732 2728 2730
f 2731 2727 2734
f 2734 2727 2732
f 3250 2720 612
f 2722 612 2720
f 3246 3250 612
f 3247 3251 3250
f 3246 3247 3250
f 3242 612 2722
f 3243 2722 2726
f 3242 2722 3243
f 3090 3094 3091
f 3094 3095 3091
f 3090 3091 3059
f 3059 3057 3090
f 3057 3059 3056
f 1212 3057 3056
f 341 1212 3055
f 1212 3056 3055
f 341 2480 2482
f 2479 2480 341
f 3055 2479 341
f 3091 3095 3092
f 3095 3101 3098
f 3095 3098 3092
f 3101 3730 3098
f 3730 3101 3731
f 3732 3730 3731
f 3731 3734 3732
f 3091 3092 3060
f 3059 3091 3060
f 3059 3060 143
f 3056 3059 143
f 3056 143 3052
f 3055 3056 3052
f 3050 2479 3055
f 3052 3050 3055
f 2479 3050 2439
f 2479 2440 2480
f 2439 2440 2479
f 3098 3730 2415
f 3098 2415 3096
f 3092 3098 3096
f 689 3730 3732
f 3730 689 2415
f 3052 143 3051
f 143 3060 3058
f 143 3058 3051
f 3049 3050 3052
f 3051 3049 3052
f 3050 3049 2438
f 2439 3050 2438
f 2439 2438 2435
f 2439 2437 2440
f 2435 2437 2439
f 2415 689 3666
f 2415 3666 2411
f 3096 2415 2411
f 3051 3058 3053
f 394 3049 3051
f 3051 3053 394
f 3049 394 3048
f 2438 3049 3048
f 2435 2438 506
f 2438 3048 506
f 2435 2436 2437
f 2434 2436 2435
f 506 2434 2435
f 3048 394 2420
f 394 3054 2420
f 394 3053 3054
f 3048 2420 3047
f 506 3048 3047
f 2431 2434 506
f 3047 2431 506
f 2434 2431 2433
f 2904 2434 2433
f 2436 2434 2904
f 3047 2420 2418
f 2420 3054 2416
f 2420 2416 2418
f 2423 2431 3047
f 2418 2423 3047
f 2433 2431 500
f 2423 500 2431
f 2433 2903 2904
f 503 2903 2433
f 500 503 2433
f 2905 2436 2904
f 2904 276 2905
f 2903 276 2904
f 2418 2416 495
f 2419 2423 2418
f 495 2419 2418
f 2423 2419 2424
f 2424 500 2423
f 1020 503 500
f 2424 1020 500
f 2903 2906 276
f 2902 2906 2903
f 503 2902 2903
f 2432 2902 503
f 503 2430 2432
f 1020 2430 503
f 1020 2426 2430
f 2426 1020 2424
f 2911 276 2906
f 568 276 2911
f 276 568 2905
f 2424 2419 2421
f 2417 2419 495
f 2417 2421 2419
f 2426 2424 258
f 258 2424 2421
f 258 2428 2426
f 2430 2426 2428
f 2906 2912 2911
f 2907 2912 2906
f 2902 2907 2906
f 2901 2907 2902
f 2432 2901 2902
f 502 2432 2430
f 504 2432 502
f 504 2901 2432
f 2428 2429 2430
f 2430 2429 502
f 2911 2912 2916
f 2911 2915 568
f 2916 2915 2911
f 496 2421 2417
f 2421 2422 258
f 496 2422 2421
f 63 2428 258
f 258 2425 63
f 2422 2425 258
f 2429 2428 2427
f 2427 2428 63
f 2916 2912 575
f 2425 499 63
f 63 499 2427
f 2915 2916 1189
f 2916 575 2948
f 1189 2916 2948
f 2095 2425 2422
f 2099 2422 496
f 2095 2422 2099
f 2094 2425 2095
f 2094 499 2425
f 2417 2099 496
f 2948 575 1191
f 2096 499 2094
f 2948 576 1189
f 3043 576 2948
f 1191 3043 2948
f 901 2094 2095
f 2093 2095 2099
f 901 2095 2093
f 2101 2093 2099
f 2101 2099 2417
f 2091 2096 2094
f 2091 2094 901
f 596 3043 1191
f 899 2096 2091
f 901 2090 2091
f 900 2090 901
f 2093 900 901
f 899 2091 2088
f 2088 2091 2090
f 2899 2093 2101
f 2899 449 2093
f 449 900 2093
f 3041 3043 596
f 900 2092 2090
f 249 2092 900
f 449 249 900
f 447 2090 2092
f 2089 2090 447
f 2090 2089 2088
f 2088 2089 898
f 2900 449 2899
f 2900 2097 449
f 449 2097 249
f 2092 249 142
f 1209 2092 142
f 447 2092 1209
f 2097 450 249
f 142 249 450
f 3045 1209 142
f 450 3045 142
f 2098 450 2097
f 2100 2098 2097
f 2100 2097 2900
f 1207 1209 3045
f 1206 3045 450
f 3044 1206 450
f 2098 3044 450
f 452 2098 2100
f 2098 2102 3044
f 452 2102 2098
f 567 2100 2900
f 2104 2100 567
f 2104 452 2100
f 3045 3046 1207
f 3032 3046 3045
f 591 3045 1206
f 3032 3045 591
f 591 1206 3024
f 3024 1206 3044
f 3024 3044 2110
f 2110 3044 2102
f 2103 452 2104
f 452 2105 2102
f 2103 2105 452
f 2110 2102 2108
f 2108 2102 2105
f 567 1016 2104
f 2104 2109 2103
f 2104 1016 2109
f 2110 2114 3024
f 2108 2114 2110
f 3024 2114 3023
f 3023 591 3024
f 3032 3036 3046
f 3031 3036 3032
f 591 3031 3032
f 3028 3031 591
f 3028 591 3023
f 2105 2103 2107
f 2103 2109 2106
f 2107 2103 2106
f 2108 2105 2111
f 2111 2105 2107
f 2114 2978 3023
f 3023 2978 3028
f 2112 2114 2108
f 2108 2115 2112
f 2108 2111 2115
f 2977 2978 2114
f 2112 2977 2114
f 3028 3025 3031
f 3029 3031 3025
f 3036 3031 3029
f 3021 3025 3028
f 3028 2978 3021
f 2106 2116 2107
f 306 2107 2116
f 2111 2107 306
f 2115 2111 2154
f 2154 2111 306
f 2977 3022 2978
f 3026 2978 3022
f 3021 2978 3026
f 2112 2115 2151
f 2112 2151 2976
f 2976 2977 2112
f 2151 2115 2156
f 2156 2115 2154
f 3025 3021 3030
f 3030 3021 3026
f 3029 3025 3033
f 3033 3025 3030
f 2151 2156 2158
f 2976 2151 2158
f 2116 924 306
f 2155 306 924
f 2154 306 2155
f 2156 2154 2157
f 3243 2726 550
f 550 2726 2729
f 2731 2733 2729
f 2729 2733 550
f 2733 2731 1125
f 1125 2731 2734
f 3246 612 405
f 3242 405 612
f 3241 3246 405
f 3246 3241 3247
f 3238 405 3242
f 3242 3243 3238
f 2732 2746 2734
f 2734 2740 1125
f 2746 2740 2734
f 405 3237 3241
f 405 3238 3237
f 368 3243 550
f 404 3243 368
f 3238 3243 404
f 2733 2738 550
f 550 2738 368
f 2738 2733 2739
f 2739 2733 1125
f 2740 2744 1125
f 1125 2744 2739
f 3238 404 3234
f 3237 3238 3234
f 2740 2746 2584
f 368 2742 404
f 368 2741 2742
f 2738 2741 368
f 404 2742 3235
f 3234 404 3235
f 2741 2738 2743
f 2743 2738 2739
f 2743 2739 2577
f 2577 2739 2744
f 2742 3230 3235
f 2742 3231 3230
f 2741 3231 2742
f 3231 2741 2745
f 2745 2741 2743
f 3232 3234 3235
f 3235 3230 3232
f 2577 2570 2743
f 2743 2570 2745
f 2745 2570 2571
f 2571 3231 2745
f 1248 3231 2571
f 3231 1248 3230
f 3230 3227 3232
f 3230 1248 3227
f 2571 3222 1248
f 1248 3222 3227
f 3225 3222 2571
f 3223 3222 3225
f 3221 3222 3223
f 3227 3222 3221
f 3224 3227 3221
f 3226 3227 3224
f 3232 3227 3226
f 3229 3232 3226
f 3233 3232 3229
f 3233 3234 3232
f 3224 3228 3226
f 3226 3228 3229
f 3221 3219 3224
f 950 3228 3224
f 3224 3219 950
f 3223 3217 3221
f 3218 3219 3221
f 3221 3217 3218
f 3233 3229 3236
f 3234 3233 3237
f 3237 3233 3236
f 3184 3218 3217
f 3183 3218 3184
f 3218 3183 3219
f 950 3219 3220
f 3219 3181 3220
f 3219 3183 3181
f 3185 950 3220
f 3220 3181 3185
f 3183 2234 3181
f 3181 2234 3185
f 3184 3180 3183
f 3180 2234 3183
f 3182 3180 3184
f 3217 3182 3184
f 3223 3182 3217
f 2234 3180 3179
f 3182 3179 3180
f 2232 3179 3182
f 3182 3223 2232
f 3179 2232 310
f 2229 3179 310
f 2234 3179 2229
f 2234 2236 3185
f 2234 2233 2236
f 2229 2233 2234
f 3185 2236 2237
f 2236 2233 2237
f 2237 950 3185
f 2229 310 2227
f 2230 2229 2227
f 2233 2229 2230
f 2233 2230 948
f 2237 2233 948
f 950 2237 2240
f 948 2240 2237
f 2227 310 2225
f 310 2232 2228
f 310 2228 2225
f 948 2230 2235
f 2230 2231 2235
f 2227 2231 2230
f 2181 2227 2225
f 2226 2227 2181
f 2226 2231 2227
f 2225 2228 2224
f 2180 2225 2224
f 2181 2225 2180
f 2235 2231 434
f 2231 1385 434
f 3752 1385 2231
f 2226 3752 2231
f 2181 3751 2226
f 3751 3752 2226
f 2177 3751 2181
f 2178 2181 2180
f 2177 2181 2178
f 2180 2224 2182
f 2182 2178 2180
f 2224 2228 3429
f 2182 2224 3429
f 3752 1384 1385
f 224 1384 3752
f 3751 224 3752
f 3751 2177 2174
f 3751 2174 3750
f 3750 224 3751
f 2174 2177 2173
f 2173 2177 2178
f 2182 2176 2178
f 2178 2176 2173
f 224 2363 1384
f 2365 2363 224
f 3750 2365 224
f 2369 2365 3750
f 2174 2369 3750
f 2171 2369 2174
f 2174 929 2171
f 2173 929 2174
f 2176 2175 2173
f 2363 2365 330
f 330 2365 2366
f 2365 2369 2366
f 2369 2171 2170
f 2366 2369 2170
f 2366 2367 330
f 2368 2367 2366
f 2170 2368 2366
f 2165 2368 2170
f 2368 996 2367
f 2370 996 2368
f 462 2368 2165
f 2370 2368 462
f 462 2165 2160
f 996 2370 59
f 59 2370 2371
f 2373 2370 462
f 2371 2370 2373
f 2373 462 2152
f 462 2160 924
f 2152 462 924
f 2371 2372 59
f 2374 2372 2371
f 2371 2159 2374
f 2373 2159 2371
f 2152 2153 2373
f 2373 2153 2159
f 2152 905 2153
f 2116 905 2152
f 2152 924 2116
f 2374 997 2372
f 482 997 2374
f 2159 482 2374
f 2153 2379 2159
f 2375 482 2159
f 2159 2379 2375
f 905 2113 2153
f 2153 2113 2379
f 905 2116 2106
f 905 2106 2113
f 482 2376 997
f 2377 2376 482
f 2375 2377 482
f 2382 2375 2379
f 2379 2383 2382
f 2113 2383 2379
f 2378 2375 2382
f 2378 2377 2375
f 2109 2383 2113
f 2113 2106 2109
f 2377 2380 2376
f 2381 2380 2377
f 2378 2381 2377
f 1016 2383 2109
f 1016 2407 2383
f 2407 2382 2383
f 2378 2382 2384
f 2408 2382 2407
f 2384 2382 2408
f 2378 2384 3729
f 3729 2381 2378
f 3725 2384 2408
f 2408 2407 3725
f 3726 2384 3725
f 3726 3729 2384
f 2380 2381 483
f 483 2381 2385
f 2381 3729 2385
f 2409 2407 1016
f 2409 3724 2407
f 3725 2407 3724
f 1016 567 2409
f 3727 3729 3726
f 2385 3729 3728
f 3728 3729 3727
f 3053 3726 3725
f 3725 3054 3053
f 3724 3054 3725
f 3058 3726 3053
f 3058 3727 3726
f 2385 2410 483
f 2411 2410 2385
f 3728 2411 2385
f 3054 3724 2416
f 2412 3724 2409
f 2416 3724 2412
f 2412 2409 2414
f 2409 567 2413
f 2414 2409 2413
f 567 2900 2413
f 3727 3092 3728
f 3060 3092 3727
f 3060 3727 3058
f 3096 2411 3728
f 3728 3092 3096
f 2416 2412 495
f 495 2412 2414
f 2413 2899 2414
f 2413 2900 2899
f 495 2414 2417
f 2414 2899 2101
f 2157 2154 2155
f 2158 2156 2162
f 2157 2162 2156
f 3026 3034 3030
f 1202 3034 3026
f 3022 1202 3026
f 3034 1204 3030
f 3030 1204 3033
f 2162 2972 2158
f 2972 2973 2158
f 2976 2158 2973
f 2155 2161 2157
f 2160 2161 2155
f 924 2160 2155
f 2161 925 2157
f 925 2162 2157
f 2974 2972 2162
f 925 2974 2162
f 1202 3037 3034
f 3034 1205 1204
f 3037 1205 3034
f 2163 925 2161
f 2163 18 925
f 18 2974 925
f 2161 2164 2163
f 2161 2165 2164
f 2160 2165 2161
f 2972 2974 2968
f 2974 18 2970
f 2968 2974 2970
f 2163 2164 2166
f 2163 2166 2167
f 2167 18 2163
f 18 2167 2975
f 2970 18 2975
f 2164 464 2166
f 2164 2170 464
f 2165 2170 2164
f 3039 1205 3037
f 595 1205 3039
f 2968 2970 2964
f 2970 2975 2966
f 2964 2970 2966
f 2167 2166 2168
f 2166 464 2169
f 2166 2169 2168
f 2168 2511 2167
f 2975 2167 2511
f 2975 2511 390
f 2966 2975 390
f 2171 2169 464
f 2170 2171 464
f 2964 2966 2961
f 390 2962 2966
f 2961 2966 2962
f 2513 2511 2168
f 2516 2513 2168
f 2168 2169 2516
f 2511 2513 2509
f 390 2511 2509
f 2509 2505 390
f 2505 2962 390
f 929 2169 2171
f 2169 2172 2516
f 929 2172 2169
f 2961 2962 2958
f 2505 2499 2962
f 2958 2962 2499
f 2514 2513 2516
f 2509 2513 2508
f 2513 2514 2508
f 2509 2508 2506
f 2506 2505 2509
f 2172 931 2516
f 514 2516 931
f 2514 2516 514
f 929 2173 2172
f 2173 931 2172
f 2500 2499 2505
f 1040 2500 2505
f 1040 2505 2506
f 2506 2508 2507
f 2507 1040 2506
f 2508 2512 2507
f 2508 2514 2512
f 514 2515 2514
f 2514 2515 2512
f 2958 2499 2957
f 2500 73 2499
f 2957 2499 73
f 2175 931 2173
f 931 2179 514
f 2175 2179 931
f 514 2555 2515
f 2554 2555 514
f 514 2179 2554
f 2497 73 2500
f 2501 2497 2500
f 1040 2501 2500
f 1040 74 2501
f 74 1040 2507
f 2507 2512 2510
f 2510 74 2507
f 2512 2560 2510
f 76 2560 2512
f 2512 2515 76
f 76 2515 2556
f 2556 2515 2555
f 2554 2179 2558
f 2558 2555 2554
f 2558 2179 2176
f 2176 2179 2175
f 2557 2555 2558
f 2556 2555 2557
f 2560 76 2559
f 2559 76 2556
f 2559 2556 2557
f 2498 2497 2501
f 2501 74 2503
f 2501 2503 2498
f 1042 2503 74
f 1042 74 2510
f 2510 2560 3780
f 2510 3780 1042
f 3780 2560 3799
f 3799 2560 2559
f 2182 2558 2176
f 518 2558 2182
f 2558 518 2557
f 2498 2503 2504
f 2557 518 2562
f 2563 2557 2562
f 2561 2557 2563
f 2559 2557 2561
f 2565 2559 2561
f 3798 2559 2565
f 3799 2559 3798
f 3791 3780 3799
f 3799 3798 3791
f 2565 2561 347
f 347 2561 2563
f 3429 518 2182
f 2564 518 3429
f 518 2564 2562
f 2562 2566 2563
f 86 2566 2562
f 2562 2564 86
f 347 2563 2568
f 2568 2563 2566
f 2567 2565 347
f 1398 2565 2567
f 1398 3798 2565
f 3795 3798 1398
f 3791 3798 3795
f 2567 347 2572
f 2572 347 2568
f 3427 2564 3429
f 3428 2564 3427
f 2564 3428 86
f 2566 2569 2568
f 2570 2566 86
f 2569 2566 2570
f 86 3428 2571
f 2571 2570 86
f 2573 2572 2568
f 2568 2569 2573
f 2575 2567 2572
f 3088 2567 2575
f 3088 1398 2567
f 3089 1398 3088
f 3089 3795 1398
f 3427 3225 3428
f 3225 2571 3428
f 2572 2579 2575
f 2574 2579 2572
f 2574 2572 2573
f 2575 2583 3088
f 2575 2579 2583
f 2577 2569 2570
f 2576 2569 2577
f 2569 2576 2573
f 2578 2574 2573
f 2573 2576 2578
f 3088 2583 3086
f 3086 3089 3088
f 2574 349 2579
f 349 2574 2578
f 3087 3089 3086
f 2579 349 2581
f 2583 2579 2582
f 2579 2581 2582
f 3086 2583 3085
f 2583 2582 1066
f 3085 2583 1066
f 3087 3086 1399
f 1399 3086 3085
f 2744 2576 2577
f 1064 2576 2744
f 1064 2578 2576
f 2580 2578 1064
f 2578 1065 349
f 2580 1065 2578
f 1065 2588 349
f 349 2588 2581
f 2582 2581 2586
f 2588 2586 2581
f 2582 2586 2587
f 1066 2582 2587
f 3085 1066 3820
f 3819 3085 3820
f 1399 3085 3819
f 3820 1066 2594
f 1066 2587 2594
f 2475 1399 3819
f 1064 2584 2580
f 1064 2740 2584
f 2744 2740 1064
f 2580 2584 2585
f 2585 1065 2580
f 1065 2897 2588
f 2897 1065 2585
f 2588 2897 2896
f 2589 2586 2588
f 2588 2896 2589
f 2587 2586 2590
f 2589 2590 2586
f 2587 2590 2593
f 2594 2587 2593
f 3820 2594 693
f 3820 3821 3819
f 693 3821 3820
f 2475 3819 2476
f 2476 3819 3821
f 693 2594 2598
f 2593 2598 2594
f 2474 2475 2476
f 2584 2747 2585
f 2585 2898 2897
f 2585 2747 2898
f 2897 2898 2895
f 2897 2895 2896
f 2589 2896 352
f 2896 2894 352
f 2896 2895 2894
f 2589 352 2591
f 2591 2590 2589
f 2593 2590 2596
f 2591 2596 2590
f 2596 353 2593
f 353 2598 2593
f 3821 693 3822
f 2478 3821 3822
f 2476 3821 2478
f 2474 2476 2477
f 2477 2476 2478
f 3125 2474 2477
f 2417 2414 2101
f 3198 3196 3199
f 3198 3195 3196
f 3767 3195 3198
f 3195 3193 3196
f 3195 3192 3193
f 3769 3192 3195
f 3767 3769 3195
f 3769 3767 3768
f 3192 3190 3193
f 3192 3772 3190
f 3770 3772 3192
f 3769 3770 3192
f 3770 3769 3163
f 3163 3769 3768
f 3163 3768 3160
f 3772 3188 3190
f 3770 3166 3772
f 3162 3770 3163
f 3166 3770 3162
f 3162 3163 3159
f 3159 3163 3160
f 3189 3188 3772
f 3771 3189 3772
f 3166 3771 3772
f 3159 3160 3154
f 3771 3166 608
f 3189 3771 608
f 3188 3189 3175
f 3189 3169 3175
f 3189 608 3169
f 608 3166 3164
f 3164 3166 152
f 152 3166 3162
f 152 3162 3158
f 3158 3162 3159
f 3154 3156 3159
f 3159 3156 3158
f 3158 3164 152
f 608 3164 3168
f 3169 608 3168
f 3156 3154 3152
f 3156 3157 3158
f 3157 3164 3158
f 3157 3156 3155
f 3155 3156 3152
f 3169 3172 3175
f 3172 3169 3167
f 3169 3168 3167
f 3168 3164 3167
f 3157 3161 3164
f 3161 3167 3164
f 3161 3157 556
f 3157 3155 556
f 3152 375 3155
f 3155 375 556
f 3167 3170 3172
f 3161 3165 3167
f 3165 3170 3167
f 3165 3161 111
f 3161 556 111
f 2768 3165 111
f 3165 2768 3170
f 2768 554 3170
f 273 2768 111
f 273 373 2768
f 554 2768 2766
f 373 2766 2768
f 2766 2764 554
f 373 109 2766
f 109 2764 2766
f 410 3341 3348
f 3341 410 3337
f 3337 410 3345
f 3337 3331 3341
f 3331 3337 3329
f 3345 3672 3337
f 3329 3337 3672
f 1349 3672 3345
f 3329 630 3331
f 3672 3671 3329
f 3330 630 3329
f 3329 3671 3330
f 1349 3613 3672
f 3672 3613 3671
f 3324 630 3330
f 1361 3330 3671
f 3671 3617 1361
f 3613 3617 3671
f 683 3330 1361
f 3330 683 3324
f 3324 683 3673
f 1361 3670 683
f 1361 3651 3670
f 3617 3651 1361
f 683 3670 3273
f 3273 3673 683
f 3277 3673 3273
f 3670 3270 3273
f 3270 3277 3273
f 3269 3270 3670
f 3670 3264 3269
f 3651 3264 3670
f 3264 3651 3263
f 3274 3277 3270
f 3270 3269 617
f 3270 3272 3274
f 617 3272 3270
f 617 3269 3267
f 3269 3264 3267
f 3267 3264 3262
f 3264 3263 3262
f 3262 3263 3260
f 617 3267 3268
f 617 3271 3272
f 3268 3271 617
f 3268 3267 3266
f 3262 3266 3267
f 407 3266 3262
f 3262 3260 407
f 3429 2228 3427
f 2232 3427 2228
f 3426 3427 2232
f 3426 3225 3427
f 2232 3223 3426
f 3223 3225 3426
f 2584 2746 2747
f 2737 2747 2746
f 2737 2746 2732
f 2732 2730 2737
f 2748 2747 2737
f 2737 2735 2748
f 2737 2730 2735
f 2749 2747 2748
f 2748 2750 2749
f 2748 2735 2750
f 1122 2735 2730
f 2735 2736 2750
f 2736 2735 1122
f 2749 2750 2751
f 1130 2751 2750
f 2750 2736 1130
f 1146 2736 1122
f 2736 2795 1130
f 2795 2736 1146
f 2752 2751 1130
f 1130 2795 557
f 2752 1130 557
f 2351 2352 989
f 989 2352 990
f 2352 2353 990
f 989 990 55
f 990 2353 2354
f 990 2354 2356
f 55 990 2356
f 2353 3077 2354
f 2356 255 55
f 2354 3077 991
f 2354 991 2355
f 2356 2354 2355
f 2358 255 2356
f 2356 2355 2358
f 2358 485 255
f 2358 2355 327
f 2355 2357 327
f 2355 991 2357
f 2386 485 2358
f 2358 327 2386
f 3077 3075 991
f 3076 2357 991
f 991 3075 3076
f 3077 3073 3075
f 2386 2391 485
f 3078 2357 3076
f 2357 3078 256
f 327 2357 256
f 2386 327 484
f 2387 327 256
f 484 327 2387
f 2390 2391 2386
f 484 2390 2386
f 3075 3074 3076
f 3075 3070 3074
f 3073 3070 3075
f 3076 3074 3079
f 3076 3079 3078
f 256 3078 2442
f 2443 2442 3078
f 3078 3079 2443
f 2387 256 2388
f 2388 256 601
f 256 2442 601
f 2387 2392 484
f 2387 2388 2392
f 2389 2390 484
f 484 2392 2389
f 2390 2389 2394
f 2449 3079 3074
f 2456 3074 3070
f 2449 3074 2456
f 1024 3079 2449
f 1024 2443 3079
f 2444 2443 1024
f 2405 2442 2443
f 2444 2405 2443
f 2392 2388 2395
f 488 2388 601
f 2395 2388 488
f 1006 2389 2392
f 2392 2395 1006
f 2394 2389 2393
f 2393 2389 1006
f 2449 2450 1024
f 260 2449 2456
f 2450 2449 260
f 1024 2450 2447
f 2447 2444 1024
f 2445 2444 2447
f 1012 2405 2444
f 2445 1012 2444
f 1006 2396 2393
f 2453 2450 260
f 2451 2450 2453
f 2450 2451 2447
f 2447 2451 1025
f 1025 2445 2447
f 2406 1012 2445
f 2446 2406 2445
f 2446 2445 1025
f 1025 2448 2446
f 2451 2448 1025
f 2451 2453 2452
f 2452 2448 2451
f 2898 2747 2749
f 2898 2793 2895
f 2749 2793 2898
f 2894 2895 2893
f 2893 2895 2793
f 2894 2893 2811
f 352 2894 2811
f 2601 353 2596
f 2595 2596 2591
f 2596 2595 2601
f 2478 3822 2517
f 2518 2478 2517
f 2477 2478 2518
f 3125 2477 2520
f 2520 2477 2518
f 2520 2521 3125
f 2793 2794 2893
f 2793 2751 2794
f 2793 2749 2751
f 2811 2893 2805
f 2800 2893 2794
f 2805 2893 2800
f 2520 2518 342
f 2518 2517 263
f 342 2518 263
f 2521 2520 79
f 79 2520 342
f 2524 2521 79
f 79 342 2522
f 342 3833 2522
f 263 3833 342
f 2523 79 2522
f 2524 79 2523
f 2752 2794 2751
f 2796 2794 2752
f 2800 2794 2798
f 2798 2794 2796
f 2800 2801 2805
f 2799 2800 2798
f 2801 2800 2799
f 2526 2524 2523
f 2522 3837 2523
f 2522 3834 3837
f 3833 3834 2522
f 3837 2525 2523
f 2523 2525 2526
f 2798 2796 1148
f 2799 2798 1148
f 1148 2796 2797
f 557 2796 2752
f 2797 2796 557
f 2803 2801 2799
f 2802 2799 1148
f 2803 2799 2802
f 2525 2527 2526
f 2525 3837 3876
f 3837 3835 3876
f 3834 3835 3837
f 3877 2525 3876
f 2527 2525 3877
f 561 2803 2802
f 2530 2527 3877
f 3876 298 3877
f 3876 3878 298
f 3835 3878 3876
f 298 3879 3877
f 3877 3879 2530
f 3879 3880 2530
f 298 442 3879
f 298 3881 442
f 3878 3881 298
f 442 3882 3879
f 3880 3879 3882
f 3878 2854 3881
f 2928 2854 3878
f 3835 2928 3878
f 242 3880 3882
f 442 2848 3882
f 3883 442 3881
f 2848 442 3883
f 3883 3881 2852
f 2852 3881 2854
f 2848 2845 3882
f 2845 3884 3882
f 3882 3884 242
f 2852 2854 2856
f 2854 2928 377
f 2854 377 2856
f 3884 3885 242
f 2845 2848 2843
f 3883 2847 2848
f 2848 2847 2843
f 2849 2847 3883
f 2852 2849 3883
f 2852 2856 2851
f 2851 2849 2852
f 2845 3889 3884
f 2843 2842 2845
f 2845 2842 3889
f 3889 3886 3884
f 3884 3886 3885
f 2842 2843 2838
f 2843 2847 2838
f 2849 2841 2847
f 2847 2841 2838
f 2856 377 2861
f 2856 2861 2855
f 2856 2855 2851
f 2846 2841 2849
f 2851 2846 2849
f 2851 2855 2850
f 2850 2846 2851
f 2842 3890 3889
f 3892 3886 3889
f 3889 3890 3892
f 2842 1163 3890
f 1163 2842 2838
f 1163 2838 2790
f 2838 2841 2836
f 2838 2836 2790
f 2841 2846 2839
f 2841 2839 2836
f 2861 2859 2855
f 2855 2859 1165
f 2855 1165 2850
f 2850 1165 2853
f 2850 2853 2846
f 2839 2846 3321
f 2846 2853 3321
f 1163 2791 3890
f 1163 2790 2791
f 3890 2791 3893
f 3890 3893 3892
f 2789 2790 2836
f 1142 2789 2836
f 1142 2836 2839
f 2790 2789 2787
f 119 2790 2787
f 2790 119 2791
f 3321 3318 2839
f 2837 1142 2839
f 2839 3318 2837
f 3321 3314 3318
f 3321 2853 3314
f 2853 2857 3314
f 1165 2857 2853
f 2791 3894 3893
f 2791 119 3894
f 2785 119 2787
f 119 2785 3894
f 2788 2787 2789
f 2792 2788 2789
f 2789 1142 2792
f 1142 121 2792
f 1142 2837 121
f 2788 2786 2787
f 2783 2785 2787
f 2786 2783 2787
f 3318 3368 2837
f 164 3368 3318
f 3314 164 3318
f 2840 2837 3368
f 2837 2840 121
f 2785 1421 3894
f 2785 2783 1422
f 1421 2785 1422
f 3402 2786 2788
f 3400 3402 2788
f 3400 2788 2792
f 3395 3400 2792
f 3395 2792 121
f 1291 3395 121
f 121 2840 1291
f 2786 2784 2783
f 3404 2784 2786
f 3402 3404 2786
f 2784 2781 2783
f 1422 2783 2781
f 3400 3399 3402
f 3399 3404 3402
f 3395 3397 3400
f 3397 3399 3400
f 2844 2840 3368
f 2840 3393 1291
f 3393 2840 2844
f 3394 3397 3395
f 1291 3394 3395
f 1291 3390 3394
f 1291 3393 3390
f 2784 2782 2781
f 2782 2784 3404
f 3403 3404 3399
f 3407 2782 3404
f 3403 3407 3404
f 3397 3401 3399
f 3401 3403 3399
f 3394 171 3397
f 171 3401 3397
f 3389 3393 2844
f 3389 3390 3393
f 3390 3396 3394
f 3396 171 3394
f 411 3390 3389
f 3391 3396 3390
f 411 3391 3390
f 3406 3407 3403
f 3405 3406 3403
f 3405 3403 3401
f 3401 171 3431
f 3431 3405 3401
f 171 3396 3493
f 3431 171 3493
f 3396 3391 3495
f 3493 3396 3495
f 3495 3391 3392
f 3391 3365 3392
f 3365 3391 411
f 3389 3364 411
f 411 3359 3365
f 411 3364 3359
f 3409 3405 3431
f 3408 3406 3405
f 3409 3408 3405
f 3431 3432 3409
f 3486 3432 3431
f 3431 3493 3486
f 3495 3489 3493
f 3486 3493 3489
f 3492 3489 3495
f 3392 3492 3495
f 3432 3410 3409
f 3410 3408 3409
f 3398 3492 3392
f 3392 3388 3398
f 3392 3365 3388
f 3365 3362 3388
f 3365 3359 3362
f 3364 3360 3359
f 3359 165 3362
f 3359 3360 165
f 3433 3410 3432
f 3479 3433 3432
f 3432 3486 3479
f 3489 3483 3486
f 3479 3486 3483
f 3489 3492 3487
f 3487 3483 3489
f 3398 3490 3492
f 3487 3492 3490
f 3398 3388 1326
f 3494 3490 3398
f 1326 3494 3398
f 3388 3363 1326
f 3388 3362 3363
f 3362 3357 3363
f 3362 165 3357
f 2446 2448 336
f 1013 2406 2446
f 2446 336 1013
f 2448 1026 336
f 2448 2452 1026
f 336 1026 3146
f 1013 336 151
f 3146 151 336
f 1026 2452 2455
f 2455 3142 1026
f 1026 3142 3146
f 3146 3142 3145
f 3140 3145 3142
f 3138 3142 2455
f 3138 3140 3142
f 3143 3145 3140
f 3140 3141 3143
f 3137 3140 3138
f 3137 3141 3140
f 3143 3141 3144
f 165 1278 3357
f 165 3356 1278
f 3360 3356 165
f 3483 3480 3479
f 3480 3475 3479
f 3475 3433 3479
f 3485 3480 3483
f 3487 3485 3483
f 3487 3490 3488
f 3488 3485 3487
f 3488 3490 3491
f 3494 3491 3490
f 1326 3363 3517
f 3515 3494 1326
f 3517 3515 1326
f 3515 3531 3494
f 3531 3491 3494
f 3363 3358 3517
f 3363 3357 3358
f 3357 3355 3358
f 3357 1278 3355
f 3372 1278 3356
f 3353 1278 3372
f 3353 3355 1278
f 3485 3488 1312
f 3485 3482 3480
f 1312 3482 3485
f 3488 3491 655
f 1312 3488 655
f 3531 3532 3491
f 655 3491 3532
f 3517 3358 3350
f 3516 3515 3517
f 3350 3516 3517
f 3516 3529 3515
f 3529 3531 3515
f 3531 3529 669
f 669 3532 3531
f 3358 3347 3350
f 3351 3347 3358
f 3358 3355 3351
f 3352 3351 3355
f 3352 3355 3353
f 3353 3372 3354
f 3348 3353 3354
f 3352 3353 3348
f 3349 3516 3350
f 3347 3349 3350
f 3349 3518 3516
f 3518 3529 3516
f 655 3532 3535
f 669 3534 3532
f 3535 3532 3534
f 3518 1327 3529
f 669 3529 1330
f 3529 1327 1330
f 669 1330 3530
f 3530 3534 669
f 3346 3347 3351
f 3347 3342 3349
f 3346 3342 3347
f 3344 3351 3352
f 3351 3344 3346
f 3344 3352 3343
f 3343 3352 3348
f 3519 3518 3349
f 3349 3342 3519
f 3519 1327 3518
f 1327 3528 1330
f 3530 1330 3528
f 3346 3340 3342
f 3346 3344 3340
f 3343 3340 3344
f 3533 3535 3534
f 3534 668 3533
f 3530 668 3534
f 3528 1329 3530
f 3530 1329 668
f 3522 3528 1327
f 3522 1329 3528
f 3342 3340 3335
f 3342 3335 3339
f 3519 3342 3339
f 3336 3340 3343
f 3336 3335 3340
f 3336 3343 3341
f 3348 3341 3343
f 3519 3339 3520
f 3520 1327 3519
f 3520 3522 1327
f 3521 3522 3520
f 3521 1328 3522
f 1328 1329 3522
f 3520 3339 3338
f 3520 3338 3521
f 3339 3335 3333
f 3339 3332 3338
f 3333 3332 3339
f 3335 3328 3333
f 3334 3328 3335
f 3334 3335 3336
f 3341 3331 3336
f 3336 3325 3334
f 3331 3325 3336
f 3338 3332 3524
f 3521 3338 3524
f 3523 1328 3521
f 3524 3523 3521
f 3328 631 3333
f 3333 631 3332
f 3524 3332 3526
f 3332 631 3526
f 3325 3323 3334
f 3334 3323 3328
f 3323 1275 3328
f 3328 1275 631
f 3525 3523 3524
f 3524 3526 3525
f 3331 630 3325
f 3325 3291 3323
f 630 3291 3325
f 3323 626 1275
f 3291 626 3323
f 1275 3322 631
f 626 3322 1275
f 3526 631 3327
f 631 3322 3327
f 3526 3327 3527
f 3525 3526 3527
f 3527 3327 3326
f 3327 3322 3326
f 3290 626 3291
f 3324 3291 630
f 3290 3291 3324
f 626 162 3322
f 162 626 285
f 285 626 3290
f 3322 1274 3326
f 3322 162 1260
f 1274 3322 1260
f 3289 162 285
f 1260 162 3289
f 3326 1331 3527
f 684 285 3290
f 3290 3673 684
f 3324 3673 3290
f 1258 3289 285
f 684 1258 285
f 625 1260 3289
f 3286 3289 1258
f 3289 3286 625
f 3277 684 3673
f 3280 684 3277
f 3280 1258 684
f 1254 3286 1258
f 1254 1258 3280
f 625 3286 3288
f 3283 3286 1254
f 3286 3283 3287
f 3286 3287 3288
f 1254 3282 3283
f 3279 3282 1254
f 3280 3279 1254
f 3274 3280 3277
f 3275 3280 3274
f 3275 3279 3280
f 3287 1259 3288
f 3282 3284 3283
f 3287 3283 1256
f 3283 3284 1256
f 3279 3281 3282
f 3282 622 3284
f 3281 622 3282
f 3278 3281 3279
f 3275 3278 3279
f 3272 3275 3274
f 619 3275 3272
f 619 3278 3275
f 3272 3276 619
f 3276 3278 619
f 284 3281 3278
f 284 3278 3276
f 161 622 3281
f 161 3281 284
f 3285 622 161
f 161 3465 3285
f 161 284 3465
f 3271 3276 3272
f 3271 3461 3276
f 3276 3461 284
f 3465 284 3462
f 284 3461 3462
f 3285 3465 3430
f 3463 3430 3465
f 3465 3462 3463
f 3463 3462 1308
f 3462 3461 1308
f 3459 3461 3271
f 1308 3461 649
f 3459 649 3461
f 1308 650 3463
f 649 650 1308
f 651 3430 3463
f 3463 3466 651
f 3463 650 3466
f 3458 649 3459
f 649 3458 3464
f 3464 650 649
f 3457 3458 3459
f 3268 3459 3271
f 3457 3459 3268
f 650 3470 3466
f 3469 3470 650
f 3464 3469 650
f 651 3466 652
f 3470 3468 3466
f 3466 3468 652
f 3464 3458 3460
f 648 3458 3457
f 3458 648 3460
f 3464 3460 3467
f 3467 3469 3464
f 3268 3266 3457
f 3457 3265 648
f 3457 3266 3265
f 3469 3473 3470
f 3470 3474 3468
f 3473 3474 3470
f 287 3473 3469
f 3467 287 3469
f 3467 3460 3436
f 3460 648 3437
f 3460 3437 3436
f 648 3440 3437
f 648 3265 3440
f 3467 3436 3472
f 3472 287 3467
f 407 3265 3266
f 3261 3265 407
f 3265 3261 3440
f 3473 3478 3474
f 3477 3478 3473
f 3473 287 3477
f 3477 287 653
f 287 3472 653
f 3472 3436 3471
f 3436 3437 3435
f 3436 3435 3471
f 3437 3440 3438
f 3438 3435 3437
f 3440 3261 3422
f 3440 3422 3438
f 3472 3471 3476
f 653 3472 3476
f 3261 3258 3422
f 3261 3257 3258
f 527 1076 2628
f 267 527 2628
f 2629 1076 527
f 527 267 2630
f 2630 2629 527
f 2629 2630 2632
f 2406 2403 1012
f 1012 2403 2402
f 2405 2402 2401
f 1012 2402 2405
f 2404 334 601
f 601 334 488
f 1008 488 334
f 2405 2401 2442
f 2442 2401 2404
f 601 2442 2404
f 407 3257 3261
f 3481 3478 3477
f 3482 3477 653
f 3481 3477 3482
f 3476 3480 653
f 653 3480 3482
f 654 3478 3481
f 3476 3475 3480
f 3476 3471 3475
f 3471 3434 3475
f 3471 3435 3434
f 3435 3423 3434
f 3423 3435 3438
f 3438 3422 3420
f 3438 3420 3423
f 3422 3421 3420
f 3422 3258 3421
f 3257 159 3258
f 3258 3254 3421
f 3258 159 3254
f 1312 3481 3482
f 3484 3481 1312
f 3484 654 3481
f 1313 654 3484
f 3475 3434 3433
f 3434 3412 3433
f 3434 3423 3412
f 3423 3419 3412
f 3423 3420 3419
f 3420 414 3419
f 3420 3421 414
f 3421 1297 414
f 3421 3254 1297
f 3254 159 3215
f 3252 3254 3215
f 1297 3254 3252
f 1312 655 3484
f 3484 655 3535
f 3484 3535 1313
f 1313 3535 670
f 3433 3412 3410
f 3412 173 3410
f 3412 3419 173
f 3419 3417 173
f 3419 414 3417
f 414 1297 3415
f 414 3415 3417
f 3418 1297 3252
f 1297 3418 3415
f 3215 3212 3252
f 3212 3211 3252
f 3418 3252 3211
f 670 3535 3533
f 3410 173 3408
f 173 3439 3408
f 173 3417 3439
f 3417 3415 3414
f 3417 3414 3439
f 3418 3213 3415
f 3415 3213 3414
f 3209 3418 3211
f 3418 3209 3213
f 3211 3212 3208
f 3207 3211 3208
f 3209 3211 3207
f 3408 3439 3406
f 3439 3411 3406
f 3439 3414 3411
f 3213 3413 3414
f 3411 3414 3413
f 3209 3210 3213
f 3213 3210 3413
f 3209 3206 3210
f 3206 3209 3207
f 3207 3208 3205
f 283 3207 3205
f 3206 3207 283
f 3406 3411 3407
f 172 3411 3413
f 3407 3411 172
f 3210 3214 3413
f 172 3413 3214
f 3210 2778 3214
f 3206 2778 3210
f 154 3206 283
f 2778 3206 154
f 2778 3416 3214
f 3214 3416 172
f 2776 2778 154
f 3416 2778 2776
f 283 3200 154
f 3204 3200 283
f 3205 3204 283
f 154 3201 2776
f 3200 3201 154
f 2782 3407 172
f 172 2779 2782
f 3416 2779 172
f 2779 3416 2147
f 3416 2777 2147
f 2777 3416 2776
f 2776 2773 2777
f 3201 2773 2776
f 3200 3204 3199
f 3197 3200 3199
f 3201 3200 3197
f 2775 3201 3197
f 2773 3201 2775
f 2777 2774 2147
f 2773 2774 2777
f 2779 2780 2782
f 923 2780 2779
f 2147 923 2779
f 2782 2780 2781
f 15 2774 2773
f 2774 15 2147
f 2772 2773 2775
f 2772 15 2773
f 920 923 2147
f 920 2147 2145
f 15 2145 2147
f 2781 2780 3897
f 2780 923 3897
f 3199 3196 3197
f 3197 3194 2775
f 3196 3194 3197
f 3194 2771 2775
f 2772 2775 2771
f 2148 15 2772
f 15 2148 2145
f 2769 2772 2771
f 2769 2148 2772
f 2036 3897 923
f 305 2036 923
f 305 923 920
f 2145 2148 2142
f 2142 920 2145
f 2144 305 920
f 2144 920 2141
f 2141 920 2142
f 2148 2146 2142
f 2146 2148 2769
f 3196 3193 3194
f 3194 3191 2771
f 3193 3191 3194
f 2771 2770 2769
f 3191 2770 2771
f 2767 2146 2769
f 2770 2767 2769
f 2138 2141 2142
f 2142 2146 2138
f 2146 2143 2138
f 2146 2767 2143
f 2036 305 2037
f 2149 305 2144
f 305 2149 2037
f 303 2141 2138
f 2140 2141 303
f 2140 2144 2141
f 2767 2765 2143
f 2767 2770 2765
f 2135 303 2138
f 2138 2143 2135
f 3191 3187 2770
f 3190 3187 3191
f 3193 3190 3191
f 2770 3186 2765
f 3187 3186 2770
f 2143 2765 3177
f 3177 2765 3186
f 304 2143 3177
f 2143 304 11
f 2143 11 2135
f 460 303 2135
f 2133 460 2135
f 2133 2135 11
f 460 6 303
f 913 2140 303
f 6 913 303
f 3190 3188 3187
f 3187 3178 3186
f 3188 3178 3187
f 3176 3177 3186
f 3178 3176 3186
f 6 460 2131
f 2131 460 2133
f 3177 3176 3174
f 3177 3174 106
f 304 3177 106
f 919 304 106
f 304 919 11
f 11 919 2137
f 2137 2133 11
f 7 2131 2133
f 7 2133 2137
f 3176 3173 3174
f 3173 3176 3178
f 3178 3188 3175
f 3175 3173 3178
f 106 3174 400
f 3174 3173 3171
f 3174 3171 400
f 3173 3172 3171
f 3172 3173 3175
f 400 2759 106
f 2757 919 106
f 2759 2757 106
f 919 2139 2137
f 2139 919 2757
f 2136 7 2137
f 12 2136 2137
f 2139 12 2137
f 3170 3171 3172
f 400 3171 3170
f 554 400 3170
f 400 554 1135
f 2759 400 1135
f 2753 2139 2757
f 12 2139 2753
f 2753 2757 2756
f 2757 2759 2756
f 2756 2759 2761
f 2759 1135 2761
f 2753 2756 2715
f 2715 12 2753
f 2136 12 367
f 2712 367 12
f 2715 2712 12
f 2715 370 2712
f 2756 370 2715
f 2761 552 2756
f 552 370 2756
f 2761 1135 2762
f 2764 1135 554
f 1135 2764 2762
f 2762 2760 2761
f 2760 552 2761
f 370 2714 2712
f 2714 370 552
f 2712 2714 2709
f 2712 2709 367
f 2760 2758 552
f 2755 2714 552
f 2758 2755 552
f 2762 2764 2763
f 372 2760 2762
f 2763 372 2762
f 2758 2760 107
f 2760 372 107
f 2714 2711 2709
f 2714 2755 1132
f 2711 2714 1132
f 1132 2755 2754
f 2755 2758 2754
f 2754 2758 1134
f 2758 107 1134
f 487 2400 1007
f 2399 487 1007
f 1008 2400 257
f 257 2400 487
f 487 2397 257
f 2397 487 2399
f 2399 2398 2397
f 257 488 1008
f 257 2395 488
f 486 2395 257
f 257 2397 486
f 2397 333 486
f 2397 2398 333
f 486 333 1006
f 1006 2395 486
f 1006 333 2396
f 3138 3136 3137
f 3138 1029 3136
f 2455 1029 3138
f 2455 2454 1029
f 1029 2454 508
f 2452 2454 2455
f 508 2454 2457
f 2452 2453 2454
f 1030 2454 2453
f 2457 2454 1030
f 1030 1376 2457
f 1030 2461 1376
f 2458 2461 1030
f 2453 2458 1030
f 260 2458 2453
f 2461 2458 3071
f 2458 260 1032
f 3071 2458 1032
f 1032 260 2456
f 2456 1215 1032
f 1032 1215 3071
f 3066 137 1213
f 1213 137 580
f 1213 580 3062
f 3061 1213 3062
f 580 2984 3062
f 3063 3061 3062
f 3062 2984 3063
f 3063 3064 3061
f 3061 3064 1198
f 2984 2988 3063
f 2994 3064 3063
f 3063 2988 2994
f 2988 2984 2987
f 1198 3064 2998
f 2993 3064 2994
f 2998 3064 2993
f 2994 2990 2993
f 2988 2990 2994
f 2990 2988 2989
f 2987 2989 2988
f 1198 2998 2997
f 2997 2998 2993
f 1198 2997 3003
f 2991 2990 2989
f 2990 2991 2993
f 2993 585 2997
f 2993 2991 585
f 1197 2989 2987
f 2991 2996 585
f 2996 2997 585
f 3002 3003 2997
f 3002 2997 2996
f 2995 2996 2991
f 2989 2995 2991
f 1197 2992 2989
f 2989 2992 2995
f 3002 2996 3000
f 2996 2995 3000
f 2992 277 2995
f 2995 277 3000
f 1197 277 2992
f 2999 277 1197
f 2999 3001 277
f 277 3004 3000
f 3001 3004 277
f 3005 3000 3004
f 3013 3001 2999
f 3011 3001 3013
f 586 3001 3011
f 3004 3001 586
f 1199 3004 586
f 3005 3004 1199
f 3012 586 3011
f 3010 586 3012
f 3007 586 3010
f 3007 1199 586
f 3005 1199 3008
f 3008 1199 3007
f 3579 3005 3008
f 3583 3010 3012
f 3583 3007 3010
f 3583 3008 3007
f 3009 3008 3583
f 3580 3008 3009
f 3579 3008 3580
f 2082 2083 891
f 2084 2083 2082
f 894 2083 2084
f 2086 894 2084
f 2082 2086 2084
f 2085 2086 2082
f 895 894 2086
f 2086 2085 2087
f 896 895 2086
f 896 2086 2087
f 2087 2085 897
f 2973 2977 2976
f 2971 2977 2973
f 2971 3022 2977
f 2973 2969 2971
f 2969 2973 2972
f 3022 2971 3027
f 2971 2969 2967
f 3027 2971 2967
f 2969 2972 2965
f 2967 2969 2965
f 3027 1202 3022
f 2967 3035 3027
f 3027 3035 1202
f 2963 3035 2967
f 2965 2963 2967
f 2965 2972 2968
f 2965 2968 1192
f 1192 2963 2965
f 2963 3038 3035
f 2959 3038 2963
f 1192 2959 2963
f 1202 3035 1203
f 594 3035 3038
f 1203 3035 594
f 1203 3037 1202
f 3037 1203 3039
f 3039 1203 594
f 1192 2968 2964
f 1192 2964 2960
f 2960 2959 1192
f 2959 2955 3038
f 3038 3040 594
f 2955 3040 3038
f 2954 2955 2959
f 2960 2954 2959
f 3040 3042 594
f 594 3042 3039
f 3042 595 3039
f 2960 2964 2961
f 2961 2956 2960
f 2956 2954 2960
f 2955 2954 2951
f 576 2955 2951
f 3040 2955 576
f 3042 3040 3043
f 3043 3040 576
f 2951 2954 2950
f 2954 2956 2950
f 3042 3043 3041
f 3041 595 3042
f 2958 2956 2961
f 2958 2953 2956
f 2950 2956 2953
f 2950 2947 2951
f 1189 2951 2947
f 576 2951 1189
f 2946 2947 2950
f 2953 2946 2950
f 2957 2953 2958
f 2953 2957 2949
f 2949 2946 2953
f 2947 2946 2914
f 2947 2915 1189
f 2914 2915 2947
f 2914 2946 2913
f 2946 2949 2913
f 2949 2957 2952
f 2949 2952 2945
f 2913 2949 2945
f 73 2952 2957
f 2915 2914 568
f 2913 2910 2914
f 568 2914 2909
f 2914 2910 2909
f 2910 2913 2944
f 2944 2913 2945
f 2945 2952 2486
f 2945 2484 2944
f 2486 2484 2945
f 2493 2952 73
f 2488 2952 2493
f 2486 2952 2488
f 2484 2486 2485
f 2485 2486 2488
f 2497 2493 73
f 2905 568 2909
f 2910 2908 2909
f 2909 2908 2905
f 2908 2910 2441
f 2441 2910 2944
f 2484 2481 2944
f 2944 2481 2441
f 2481 2484 71
f 71 2484 2485
f 2495 2493 2497
f 2491 2493 2495
f 2488 2493 2491
f 2485 2488 2487
f 2487 2488 2491
f 71 2485 2483
f 2483 2485 2487
f 2498 2495 2497
f 2908 2436 2905
f 2436 2908 2437
f 2437 2908 2441
f 2481 2440 2441
f 2441 2440 2437
f 2440 2481 2480
f 2480 2481 71
f 2480 71 2482
f 2482 71 2483
f 2496 2495 2498
f 2495 2494 2491
f 2496 2494 2495
f 2494 3775 2491
f 2491 3775 2487
f 3775 2490 2487
f 2487 2490 2483
f 2764 109 2763
f 1132 546 2711
f 104 546 1132
f 2754 104 1132
f 104 2754 371
f 2754 1134 371
f 2711 545 2709
f 366 545 2711
f 546 366 2711
f 104 2713 546
f 546 1117 366
f 2713 1117 546
f 2713 104 1131
f 104 371 1131
f 1117 2702 366
f 366 2702 545
f 1131 271 2713
f 2713 2710 1117
f 271 2710 2713
f 2710 2706 1117
f 1117 2706 2702
f 2706 100 2702
f 2702 100 2701
f 2702 2701 545
f 2710 271 103
f 2705 2710 103
f 2710 2705 2706
f 2705 1114 2706
f 1114 2699 2706
f 2706 2699 100
f 2699 365 100
f 100 365 270
f 100 270 2701
f 103 2704 2705
f 2705 2704 2700
f 2700 1114 2705
f 99 1114 2700
f 1114 99 2699
f 99 2694 2699
f 2694 365 2699
f 365 2697 270
f 2694 2697 365
f 2703 270 2697
f 270 2703 2701
f 2704 102 2700
f 2700 102 2698
f 2698 99 2700
f 1111 99 2698
f 1111 2694 99
f 2692 2694 1111
f 2692 2696 2694
f 2696 2697 2694
f 544 2703 2697
f 2697 2696 544
f 102 98 2698
f 2698 98 2695
f 2695 1111 2698
f 2693 1111 2695
f 2693 2692 1111
f 1112 2696 2692
f 95 1112 2692
f 95 2692 2693
f 2696 1112 101
f 544 2696 101
f 1110 95 2693
f 1110 2693 2695
f 1110 2695 97
f 98 97 2695
f 101 1112 3444
f 3547 3444 1112
f 3547 1112 95
f 94 3547 95
f 94 95 1110
f 3444 645 101
f 101 2134 544
f 645 2134 101
f 97 1109 1110
f 1110 1108 94
f 1109 1108 1110
f 177 3444 3547
f 3444 177 1301
f 1301 645 3444
f 1337 177 3547
f 1337 3547 94
f 1108 2691 94
f 94 2691 1337
f 1301 3442 645
f 645 2132 2134
f 3442 2132 645
f 1108 1109 93
f 1108 2690 2691
f 2690 1108 93
f 1301 177 3443
f 3448 177 1337
f 177 3448 3443
f 3445 3442 1301
f 3443 3445 1301
f 1337 1336 3448
f 2691 1336 1337
f 2690 543 2691
f 1336 2691 543
f 3442 3445 2129
f 2129 2132 3442
f 93 2689 2690
f 2689 2687 2690
f 2690 2687 543
f 3443 3448 176
f 176 3446 3443
f 3446 3445 3443
f 1336 3452 3448
f 3448 3452 176
f 2129 3445 1303
f 3445 3446 1303
f 3452 1336 192
f 192 1336 543
f 2687 2688 543
f 543 2688 192
f 3447 3446 176
f 1303 3446 646
f 3446 3447 646
f 3452 3450 176
f 176 3450 3449
f 176 3449 3447
f 3452 3456 3450
f 3456 3452 192
f 2129 1303 2128
f 3850 1303 646
f 1303 3850 2128
f 646 3447 3841
f 3850 646 3841
f 3841 3447 695
f 178 695 3447
f 3449 178 3447
f 3449 3455 178
f 1397 695 178
f 3455 1397 178
f 3849 3850 3841
f 3841 695 3844
f 3849 3841 3844
f 2123 3850 3849
f 2121 3850 2123
f 2128 3850 2121
f 301 2123 3849
f 301 3849 3844
f 1397 3817 695
f 695 3817 3838
f 3838 3845 695
f 695 3845 3844
f 2126 301 3844
f 3844 3845 2126
f 3845 3851 2126
f 3851 3845 3838
f 1397 3455 3895
f 3896 1397 3895
f 3896 3816 1397
f 3816 3817 1397
f 3839 3817 3816
f 3817 3839 3838
f 3838 3839 3852
f 3852 3851 3838
f 301 2126 700
f 2126 3851 700
f 3851 1407 700
f 3851 3852 3853
f 1407 3851 3853
f 3839 3846 3852
f 3839 3816 3842
f 3846 3839 3842
f 3855 3853 3852
f 3852 3846 3855
f 3840 3816 3896
f 1404 3816 3840
f 3816 1404 3842
f 3846 3842 3848
f 3846 3848 3855
f 1404 3843 3842
f 3848 3842 3843
f 3854 3853 3855
f 3848 3854 3855
f 3853 3854 3857
f 3853 3857 3856
f 1407 3853 3856
f 1404 3847 3843
f 3847 3848 3843
f 3848 3847 699
f 699 3854 3848
f 699 3858 3854
f 3854 3858 3857
f 699 3847 3858
f 1404 3840 3867
f 1404 3864 3847
f 3864 1404 3867
f 3864 3862 3847
f 3858 3847 3862
f 3862 3860 3858
f 3858 3860 3857
f 3856 3857 297
f 3857 3860 297
f 3865 3862 3864
f 3865 3864 3867
f 3865 3860 3862
f 1407 3856 297
f 3865 3866 3860
f 3860 3863 297
f 3866 3863 3860
f 3869 3865 3867
f 3866 3865 3869
f 3859 1407 297
f 297 3863 3861
f 3859 297 3861
f 1407 3859 700
f 3863 444 3861
f 3866 1408 3863
f 1408 444 3863
f 3859 3875 700
f 3859 3873 3875
f 3873 3859 3861
f 3873 3861 3872
f 3872 3861 444
f 3868 3866 3869
f 3868 2052 3866
f 3866 2054 1408
f 2052 2054 3866
f 2057 444 1408
f 1408 2054 2057
f 3872 2061 3873
f 2061 3875 3873
f 2061 4 3875
f 4 700 3875
f 4 301 700
f 3874 3872 444
f 2058 3874 444
f 2057 2058 444
f 2053 2058 2057
f 2053 2057 2054
f 3872 3874 2056
f 2059 3872 2056
f 3872 2059 2061
f 2053 3874 2058
f 3558 2056 3874
f 2053 3558 3874
f 2055 2053 2054
f 2051 2055 2054
f 2052 2051 2054
f 2064 4 2061
f 2062 2064 2061
f 2061 2059 2062
f 2053 2055 2050
f 2053 2050 3558
f 2055 2051 2050
f 2059 2056 2060
f 2059 2060 2062
f 2056 2063 2060
f 2056 3558 2063
f 2062 2066 2064
f 2060 2066 2062
f 2490 2489 2483
f 2483 2489 2482
f 2498 2504 2496
f 2496 2502 2494
f 2496 2504 2502
f 3775 2494 3773
f 2494 2502 3774
f 3773 2494 3774
f 3773 72 3775
f 3775 72 2490
f 72 2492 2490
f 2490 2492 2489
f 2504 3777 2502
f 2502 3562 3774
f 2502 3777 3562
f 3774 3562 3561
f 3774 3561 3773
f 72 3773 190
f 3773 3561 3560
f 190 3773 3560
f 3544 72 190
f 3541 72 3544
f 72 3541 2492
f 190 2207 3544
f 1340 190 3560
f 2207 190 1340
f 938 2207 1340
f 309 938 1340
f 2202 938 309
f 2202 2203 938
f 3686 2202 309
f 3683 2203 2202
f 3685 2202 3686
f 3682 2202 3685
f 3683 2202 3682
f 3683 432 2203
f 3686 3687 3685
f 3687 3684 3685
f 3685 3684 3682
f 1367 432 3683
f 3683 3680 1367
f 3682 3680 3683
f 3680 3682 3681
f 3681 3682 3684
f 3687 1371 3684
f 3681 3684 3691
f 3691 3684 1371
f 213 432 1367
f 3679 1367 3680
f 213 1367 3679
f 3681 685 3680
f 3680 685 3679
f 685 3681 3693
f 3693 3681 3691
f 570 432 213
f 3692 3693 3691
f 3691 1371 3692
f 3677 213 3679
f 3679 685 3677
f 3677 685 1366
f 1366 685 3693
f 3677 1365 213
f 2933 213 1365
f 213 2933 570
f 1366 3693 3694
f 3693 3695 3694
f 3692 3695 3693
f 3694 3697 1366
f 3695 3697 3694
f 3692 216 3695
f 3677 3647 1365
f 3677 3676 3647
f 1366 3676 3677
f 1366 3697 3696
f 3696 3676 1366
f 3695 3699 3697
f 3696 3697 3699
f 3698 3699 3695
f 3695 216 3698
f 3678 2933 1365
f 1365 3647 3646
f 1365 3646 3678
f 3647 3676 3646
f 387 2933 3678
f 3646 3676 3645
f 3645 3676 3696
f 3696 3699 3645
f 3699 3700 3645
f 3700 3699 3698
f 680 3646 3645
f 3645 3700 680
f 3644 3646 680
f 3646 3644 3678
f 3723 680 3700
f 3723 3700 3698
f 573 387 3678
f 3648 573 3678
f 3678 3644 3648
f 209 680 3723
f 209 3644 680
f 3643 3644 209
f 3644 3643 3648
f 707 3919 3920
f 3918 3919 707
f 3920 712 707
f 3920 3921 712
f 712 3921 3926
f 3918 707 710
f 710 3917 3918
f 710 707 3909
f 707 3911 3909
f 707 3912 3911
f 707 712 3912
f 712 3922 3912
f 712 715 3922
f 712 3926 715
f 3926 3924 715
f 710 3909 1424
f 3913 3917 710
f 710 1424 3913
f 3922 715 3927
f 715 3924 3927
f 3909 3911 3907
f 1424 3909 706
f 3909 3907 706
f 3911 3912 3910
f 3911 3910 3907
f 3912 3922 717
f 3912 717 3910
f 3922 3927 1439
f 3922 3930 717
f 3922 1439 3930
f 3910 717 3930
f 3907 3910 3908
f 3910 3930 3908
f 1439 3927 714
f 3927 3924 714
f 706 3907 3906
f 3907 3908 3906
f 706 3906 3905
f 1424 706 3905
f 3913 1424 3902
f 3902 1424 3905
f 3908 3930 718
f 1439 718 3930
f 1439 714 3931
f 1439 3931 718
f 3906 3908 3932
f 3908 718 3932
f 3931 3932 718
f 3905 3906 3904
f 3906 3932 3904
f 3905 3904 705
f 3902 3905 705
f 3903 3904 3932
f 3931 3903 3932
f 3903 3931 3928
f 3931 714 3928
f 3901 705 3904
f 3903 3901 3904
f 3901 3903 3928
f 3901 3902 705
f 3902 3901 3929
f 3901 3928 3929
f 709 3902 3929
f 3913 3902 709
f 709 3929 708
f 708 3917 709
f 709 3917 3913
f 708 3929 3915
f 3915 3929 3914
f 3929 3928 3914
f 3916 3917 708
f 708 3915 3916
f 3928 3925 3914
f 3928 713 3925
f 3928 714 713
f 3925 713 3923
f 714 3924 713
f 713 3924 3923
f 3958 728 3953
f 3953 728 3952
f 3958 731 728
f 731 3958 3956
f 3952 728 723
f 3952 723 3951
f 728 731 3954
f 728 3943 723
f 728 3944 3943
f 728 3954 3944
f 731 1463 3954
f 731 3959 1463
f 3959 731 3956
f 3951 723 3950
f 723 3943 3941
f 723 726 3950
f 723 3941 726
f 3954 1463 3962
f 3944 3954 733
f 3954 3962 733
f 3944 733 3942
f 3943 3944 3942
f 3943 3942 3939
f 3941 3943 3939
f 3959 3963 1463
f 1463 734 3962
f 1463 3963 734
f 733 3962 3940
f 733 3940 3942
f 3962 734 3964
f 3962 3964 3940
f 3963 3964 734
f 3942 3940 3938
f 3942 3938 3939
f 3950 726 3949
f 3941 3945 726
f 726 3945 3949
f 3940 3964 3936
f 3940 3936 3938
f 3963 3935 3964
f 3935 3936 3964
f 3939 3938 3937
f 3938 721 3937
f 3938 3936 721
f 3935 3933 3936
f 3933 721 3936
f 3933 3934 721
f 3934 3937 721
f 3935 3961 3933
f 3933 3961 3934
f 3963 3960 3935
f 3935 3960 3961
f 3934 3961 725
f 1448 3934 725
f 3934 1448 3937
f 1448 725 3945
f 3945 725 3949
f 3941 1448 3945
f 725 3961 724
f 725 724 3949
f 1448 3941 722
f 1448 722 3937
f 3939 3937 722
f 3941 3939 722
f 3960 3946 3961
f 3961 3947 724
f 3961 3946 3947
f 3960 3957 3946
f 724 3947 3948
f 724 3948 3949
f 729 3957 3960
f 729 3955 3957
f 730 729 3960
f 3955 729 3956
f 729 730 3956
f 730 3959 3956
f 3959 730 3963
f 730 3960 3963
f 3970 3969 3966
f 3970 3966 3967
f 3967 3972 3970
f 3965 3967 3966
f 3965 3968 3967
f 3967 3968 3973
f 3967 3971 3972
f 3967 3973 3971
f 3971 3975 3972
f 3973 3974 3971
f 3971 3974 3975
f 3973 3976 3974
f 3974 3979 3975
f 3974 3976 3978
f 3974 3977 3979
f 3974 3978 3977
f 3977 3982 3979
f 3978 3980 3977
f 3977 3980 3982
f 3978 3981 3980
f 3980 3983 3982
f 3980 3981 3985
f 3980 3984 3983
f 3980 3985 3984
f 3984 3985 3988
f 3984 3988 3987
f 3987 3983 3984
f 3987 3986 3983
f 3988 3989 3987
f 3990 3987 3989
f 3990 3986 3987
f 3988 3991 3989
f 3991 3992 3989
f 3989 3993 3990
f 3989 3992 3993
f 3991 3994 3992
f 3995 3992 3994
f 3992 3996 3993
f 3992 3995 3996
f 3995 3994 3997
f 3998 3995 3997
f 3999 3995 3998
f 3999 3996 3995
f 3998 3997 4000
f 4000 4003 3998
f 3998 4002 3999
f 3998 4003 4002
f 4000 4001 4003
f 4004 4002 4003
f 4004 4003 4001
f 4005 4006 4007
f 4005 4007 4008
f 4008 4009 4005
f 4008 4010 4009
f 4011 4012 4013
f 4011 4013 4014
f 4013 4015 4014
f 4015 4016 4014
f 4016 4011 4014
f 4016 4017 4011
f 4018 4019 4020
f 4018 4020 4022
f 4021 4018 4022
f 4022 4020 4032
f 4047 4032 4020
f 4022 4032 4026
f 4021 4022 4023
f 4022 4026 4023
f 4023 4024 4021
f 4047 4046 4032
f 4031 4026 4032
f 4032 4038 4031
f 4032 4046 4038
f 4031 4030 4026
f 4023 4026 4030
f 4023 4025 4024
f 4023 4030 4025
f 4031 4029 4030
f 4025 4030 4029
f 4025 4027 4024
f 4025 4028 4027
f 4025 4029 4028
f 4031 4036 4029
f 4031 4037 4036
f 4031 4038 4037
f 4036 4035 4029
f 4028 4029 4035
f 4028 4035 4033
f 4033 4027 4028
f 4036 4039 4035
f 4037 4039 4036
f 4041 4033 4035
f 4041 4035 4039
f 4033 4034 4027
f 4040 4034 4033
f 4040 4033 4041
f 4041 4039 4042
f 4037 4042 4039
f 4041 4042 4043
f 4041 4043 4044
f 4044 4040 4041
f 4044 4045 4040
f 4051 4048 4049
f 4051 4049 4050
f 4052 4050 4049
f 4052 4053 4050
f 4055 4050 4053
f 4055 4051 4050
f 4055 4056 4051
f 4055 4053 4054
f 4059 4056 4055
f 4057 4055 4054
f 4059 4055 4057
f 4057 4054 4058
f 4060 4059 4057
f 4060 4057 4058
f 4060 4061 4059
f 4060 4058 4062
f 4064 4061 4060
f 4063 4060 4062
f 4064 4060 4063
f 4063 4062 4065
f 4067 4064 4063
f 4067 4063 4065
f 4067 4068 4064
f 4067 4065 4066
f 4067 4071 4068
f 4067 4069 4071
f 4069 4067 4066
f 4069 4066 4070
f 4071 4069 4072
f 4073 4069 4070
f 4073 4072 4069
f 4071 4072 4074
f 4072 4073 4075
f 4076 4074 4072
f 4072 4075 4077
f 4076 4072 4077
f 4077 4075 4079
f 4078 4076 4077
f 4077 4079 4078
f 4078 4080 4076
f 4081 4080 4078
f 4079 4081 4078
f 4079 4082 4081
f 4081 4083 4080
f 4081 4082 4086
f 4084 4083 4081
f 4081 4086 4085
f 4084 4081 4085
f 4086 4087 4085
f 4087 4084 4085
f 4088 4089 4090
f 4088 4091 4089
f 4091 4088 4092
f 4091 4092 4093
f 4097 4094 4095
f 4097 4096 4094
f 4094 4096 4098
f 4098 4096 4099
f 4099 4096 4097
f 4099 4097 4100
f 4101 4102 4103
f 4101 4105 4102
f 4104 4105 4101
f 4109 4102 4105
f 4104 4106 4105
f 4109 4105 4106
f 4106 4104 4107
f 4106 4113 4109
f 4106 4108 4113
f 4106 4107 4108
f 4114 4109 4113
f 4114 4115 4109
f 4109 4115 4102
f 4114 4113 4112
f 4108 4112 4113
f 4129 4102 4115
f 4129 4130 4102
f 4115 4114 4121
f 4115 4121 4129
f 4108 4107 4110
f 4108 4111 4112
f 4108 4110 4111
f 4114 4112 4119
f 4114 4120 4121
f 4114 4119 4120
f 4111 4118 4112
f 4119 4112 4118
f 4111 4116 4118
f 4116 4111 4110
f 4119 4118 4122
f 4120 4119 4122
f 4122 4118 4116
f 4116 4110 4117
f 4120 4122 4125
f 4122 4116 4124
f 4123 4116 4117
f 4123 4124 4116
f 4122 4124 4126
f 4122 4126 4125
f 4124 4127 4126
f 4127 4124 4123
f 4127 4123 4128
f 1549 1547 4200
f 1547 4201 4200
f 1547 1552 4201
f 1552 1547 1553
f 4158 1495 1496
f 4158 1496 4159
f 741 4158 4159
f 741 4159 1497
f 1497 4162 741
f 1497 4161 4162
f 1502 4162 4161
f 1502 1504 4162
f 737 1482 1483
f 737 4143 1482
f 737 1479 4143
f 737 1480 1479
f 1482 4143 4144
f 1482 4144 1484
f 1645 1647 1644
f 1645 1651 1647
f 1652 1651 1645
f 1652 1645 1648
f 1645 4314 1648
f 1645 4313 4314
f 1652 1648 1649
f 1648 4315 1649
f 1648 4314 4315
f 1652 1649 1654
f 1649 1653 1654
f 1649 1650 1653
f 744 1571 4223
f 744 4223 4224
f 745 4224 4223
f 745 4223 1572
f 1502 1569 1504
f 1502 1503 1569
f 1502 4163 1503
f 1502 4161 4163
f 1499 4163 4161
f 1499 4161 1497
f 1573 1574 4225
f 1573 4225 4226
f 1572 4226 4225
f 1572 4225 745
f 4310 4244 4254
f 4310 4254 4311
f 1639 4310 4311
f 1639 4311 4309
f 4256 4309 4311
f 4254 4256 4311
f 4254 4255 4256
f 4255 1588 4256
f 4250 4255 4254
f 4244 4250 4254
f 4244 1586 4250
f 4256 4308 4309
f 4250 4251 4255
f 4255 4251 750
f 4255 750 1588
f 4250 4249 4251
f 1586 4249 4250
f 4251 4253 750
f 4251 4252 4253
f 4251 4247 4252
f 4251 4249 4247
f 1586 4242 4249
f 4307 4308 4256
f 1589 4307 4256
f 1590 4307 1589
f 1589 4256 1588
f 4243 4248 4247
f 4252 4247 4248
f 4243 1583 4248
f 1583 4245 4248
f 1583 1585 4245
f 748 4248 4245
f 4253 4248 748
f 4253 4252 4248
f 748 4245 1587
f 1587 4299 748
f 749 1587 4245
f 749 4245 4246
f 749 1629 1587
f 1629 4299 1587
f 749 765 1629
f 1629 764 4299
f 764 4298 4299
f 764 4297 4298
f 4298 4297 763
f 4298 763 4260
f 4260 763 1591
f 4260 1591 4259
f 4259 1591 1628
f 4259 1628 4258
f 4257 4258 1628
f 4257 1628 1627
f 4242 4247 4249
f 4242 4243 4247
f 4243 4242 4241
f 1584 4241 4242
f 1584 4242 1586
f 4243 4241 4240
f 1583 4243 4240
f 4244 1584 1586
f 1583 4240 1582
f 4310 1584 4244
f 4310 1639 1584
f 4305 1584 1639
f 4305 1639 4306
f 4306 1639 4309
f 4303 4306 4309
f 4305 4306 4303
f 4305 4303 4304
f 4303 4309 4308
f 1637 4304 4303
f 1634 4303 4308
f 1637 4303 1634
f 1634 4308 4307
f 1634 1636 1637
f 1590 1634 4307
f 1634 1635 1636
f 1590 1638 1634
f 1489 1492 4149
f 1489 4149 4152
f 4152 4149 4148
f 4152 4148 4147
f 1482 4147 4148
f 1482 4148 1483
f 1491 1492 1489
f 1491 1489 1488
f 1493 1491 1488
f 1493 1488 1490
f 1488 4153 1490
f 1488 4151 4153
f 1489 4151 1488
f 1489 4152 4151
f 4150 4153 4151
f 4150 4151 4146
f 4151 4152 4147
f 4151 4147 4146
f 1482 4146 4147
f 1482 1484 4146
f 1494 4157 740
f 1494 4155 4157
f 4157 4155 4154
f 4157 4154 4156
f 1496 4156 4154
f 1496 1495 4156
f 1490 740 1493
f 1490 1494 740
f 1490 4155 1494
f 1490 4153 4155
f 4155 4153 4150
f 4155 4150 4154
f 1484 1486 4150
f 1484 4150 4146
f 1496 4154 4150
f 1496 4150 1486
f 4238 746 4235
f 4238 4235 4236
f 4238 4236 4233
f 4238 4233 4239
f 4236 4230 4233
f 1580 4236 4235
f 1580 4234 4236
f 4236 4234 4230
f 1581 1580 4235
f 1581 4235 4237
f 746 4237 4235
f 1506 1518 4169
f 1506 4169 1519
f 1519 4170 1506
f 1506 4170 4171
f 1518 1506 1517
f 1506 4168 1517
f 4168 1506 4166
f 1506 1512 4166
f 1506 4171 1556
f 1578 1581 1579
f 1578 1580 1581
f 1578 4234 1580
f 1578 4231 4234
f 4230 4234 4231
f 4230 4231 4229
f 1575 4230 4229
f 1575 4229 1573
f 4231 4232 4228
f 4231 4228 4229
f 4229 4228 1574
f 4229 1574 1573
f 1578 1579 4232
f 1578 4232 4231
f 4230 1575 1577
f 4230 1577 4233
f 4233 1577 747
f 4233 747 4239
f 1481 1604 760
f 1481 760 1605
f 4296 762 1626
f 4296 4295 762
f 1625 4295 4296
f 1625 1624 4295
f 4294 1624 1625
f 4294 4293 1624
f 1622 4293 4294
f 1622 1621 4293
f 1618 4292 1619
f 1618 4291 4292
f 1615 4291 1618
f 1615 1618 1617
f 1615 1617 1616
f 1615 4289 4291
f 1611 4292 4291
f 4291 1613 1611
f 4291 4289 1613
f 1611 1623 4292
f 1615 1616 4290
f 1615 4290 4289
f 4289 4290 1614
f 4289 1614 1613
f 1617 1618 1619
f 1617 1619 1620
f 1622 1620 1619
f 1622 1619 1621
f 4293 1621 1619
f 4293 1619 4292
f 4293 4292 1623
f 4293 1623 1624
f 1610 4287 1612
f 1610 761 4287
f 1613 4287 761
f 1613 1614 4287
f 4205 1559 4209
f 4205 4209 4210
f 1477 4139 736
f 1477 4138 4139
f 4140 4139 4138
f 4140 4138 4141
f 4140 4141 1479
f 4140 1479 1480
f 1472 735 4135
f 1472 4135 4134
f 4134 4135 4133
f 4134 4133 4131
f 4133 762 4131
f 4133 1626 762
f 1474 735 1472
f 1474 1472 1473
f 4136 1473 1472
f 4136 1472 4134
f 4136 4134 4131
f 4136 4131 4132
f 4132 4131 762
f 4132 762 1471
f 4132 1471 1478
f 4132 1478 4142
f 739 1487 1485
f 739 1485 738
f 4246 4245 1585
f 4246 1585 767
f 1576 1577 1575
f 1576 1630 1577
f 1630 1576 766
f 766 1576 1500
f 4227 1500 1576
f 4227 1576 1575
f 1577 1630 1585
f 1630 767 1585
f 1630 766 767
f 766 1500 742
f 4227 1575 1573
f 1577 1585 1583
f 1577 1583 1582
f 1577 1582 747
f 1500 739 742
f 1500 1498 739
f 1501 1500 4227
f 1499 1500 1501
f 1499 1498 1500
f 4227 1573 4226
f 739 1498 1487
f 4160 1487 1498
f 4160 1498 1499
f 1487 4160 1486
f 1485 1487 1486
f 4159 1486 4160
f 4159 4160 1499
f 4159 1499 1497
f 4159 1496 1486
f 4227 1572 1501
f 4227 4226 1572
f 738 1485 4145
f 1486 1484 1485
f 738 4145 4274
f 1484 4144 4145
f 1484 4145 1485
f 4274 4145 1481
f 4274 1481 1605
f 4144 4143 1479
f 4144 1479 1478
f 1481 4144 1478
f 1471 1481 1478
f 1481 4145 4144
f 1471 1604 1481
f 1604 1471 4276
f 762 4276 1471
f 762 4295 4276
f 4276 1603 1604
f 1603 760 1604
f 1603 759 760
f 4276 1623 1603
f 1623 4276 4295
f 1623 4295 1624
f 1603 1602 759
f 1602 1599 759
f 1603 1611 1602
f 1603 1623 1611
f 1602 1598 1599
f 1611 4283 1602
f 4283 1598 1602
f 1598 756 1599
f 1613 4283 1611
f 1613 761 4283
f 4283 1607 1598
f 1607 4283 761
f 1607 761 1610
f 1598 1596 756
f 1595 1596 1598
f 1595 1598 1607
f 1595 1593 1596
f 756 1596 1593
f 4263 756 1593
f 4263 1593 4262
f 1595 1594 1593
f 1597 1594 1595
f 1597 1595 757
f 1594 1597 4267
f 1600 4267 1597
f 1600 1597 757
f 1594 4267 4266
f 1600 757 1606
f 1600 4272 4267
f 4267 4268 4266
f 4267 4269 4268
f 4267 4272 4271
f 4267 4271 4269
f 758 4269 4271
f 4268 4269 758
f 4266 4268 4217
f 4266 4217 4265
f 4268 758 1601
f 758 4271 1561
f 4270 1601 758
f 4270 758 1561
f 4215 1601 4270
f 1561 4211 4270
f 1561 1562 4211
f 1561 4208 1562
f 1561 4207 4208
f 1562 4208 4212
f 4208 4210 4212
f 4208 4205 4210
f 4205 4208 4207
f 4205 4207 4206
f 4205 4206 1560
f 4205 1560 1559
f 1560 1557 1559
f 1557 1558 1559
f 1559 1563 1564
f 1559 1564 4209
f 4209 1564 1565
f 4209 1565 1566
f 4209 1566 4214
f 4214 4210 4209
f 4212 4210 4214
f 743 4214 1566
f 4212 4214 4213
f 4211 4212 4213
f 4211 1562 4212
f 4216 4213 4214
f 4216 4215 4213
f 4215 4211 4213
f 743 4216 4214
f 4215 4270 4211
f 4216 743 4219
f 4216 4219 4273
f 4216 4273 4265
f 4216 4265 4217
f 4215 4216 4217
f 4268 4215 4217
f 4268 1601 4215
f 1594 4266 4265
f 1594 4265 4264
f 4265 4273 4264
f 1593 1594 4264
f 1593 4264 4262
f 4273 1567 4264
f 4273 4219 1567
f 754 4263 4262
f 754 4262 751
f 755 754 751
f 755 751 753
f 751 1592 753
f 751 4222 1592
f 4261 1592 4222
f 4261 4222 4220
f 4222 751 1567
f 752 4261 4220
f 752 4220 4221
f 4218 752 4221
f 4218 1568 752
f 1567 751 4262
f 1567 4262 4264
f 1656 1568 4218
f 1656 4218 4318
f 1509 4165 1512
f 4165 1509 1510
f 4165 1510 1513
f 1510 4167 1513
f 1510 1514 4167
f 1508 1510 1509
f 1506 1508 1509
f 1506 1509 1512
f 1506 1507 1508
f 1508 1511 1510
f 1510 1511 4175
f 4175 1511 1523
f 1511 1524 1523
f 1511 1525 1524
f 4175 1523 4177
f 1522 4175 4177
f 1522 4176 4175
f 4174 4175 4176
f 1510 4175 4174
f 4174 4176 1521
f 4178 4177 1523
f 1522 4177 4178
f 1522 4178 4179
f 1510 4174 4172
f 1521 4172 4174
f 1520 1510 4172
f 1520 4172 4173
f 1521 4173 4172
f 1514 1510 1515
f 1515 1510 1516
f 1516 1510 1520
f 1526 4180 4178
f 1526 4178 1527
f 4178 4180 4179
f 1527 4178 1523
f 1527 1523 1528
f 1528 1523 4181
f 1523 1524 4181
f 1528 4181 4184
f 1528 4184 1530
f 1529 4181 1524
f 1529 4183 4181
f 4184 4181 4183
f 4182 1529 1524
f 4182 4185 1529
f 4182 1531 4185
f 4182 1532 1531
f 1533 1534 1532
f 1533 1532 1525
f 1525 1532 4182
f 1534 4186 1532
f 1532 4186 4187
f 1532 4187 1531
f 1525 4182 1524
f 4188 4187 4186
f 1536 4186 1534
f 1536 4188 4186
f 1535 4188 1536
f 1534 1537 1536
f 1533 4190 1534
f 4189 1534 4190
f 1537 1534 4189
f 1537 4189 4191
f 4190 4192 4189
f 4191 4189 4192
f 4190 1539 4192
f 1539 4190 4193
f 1533 4193 4190
f 1539 4193 4194
f 4195 4194 4193
f 1540 4193 1533
f 1540 4195 4193
f 1540 1533 1541
f 4195 1542 4194
f 1537 4191 1538
f 1540 4196 4195
f 4195 4196 4197
f 4195 4197 1542
f 1543 4197 4196
f 1540 1543 4196
f 1540 1541 1546
f 1541 1547 1546
f 1541 1548 1547
f 1540 1546 4198
f 1546 1549 4198
f 1546 1547 1549
f 1540 4198 1551
f 4199 1540 1551
f 1550 1540 4199
f 1540 1545 1544
f 1540 1544 1543
f 1545 1540 1550
f 4203 1554 1547
f 1554 4202 1547
f 1553 1547 4202
f 4203 1547 4204
f 1555 4204 1547
f 4137 4132 4142
f 4137 4136 4132
f 4137 1473 4136
f 4137 1475 1473
f 4138 1475 4137
f 1475 1474 1473
f 1475 1476 1474
f 4138 1477 1475
f 1475 736 1476
f 1475 1477 736
f 4138 4137 4142
f 4138 4142 4141
f 4142 1479 4141
f 4142 1478 1479
f 1632 1631 4285
f 1632 4285 4284
f 4300 1632 4284
f 4300 4284 4281
f 1609 4284 4285
f 1609 4281 4284
f 1609 4285 1608
f 4282 1609 1608
f 1609 4282 4281
f 4280 4300 4281
f 4280 4281 4277
f 4282 1608 4279
f 4282 4279 4275
f 4282 4275 4278
f 1606 4278 4275
f 1606 757 4278
f 1595 4278 757
f 1595 4277 4278
f 4281 4278 4277
f 4281 4282 4278
f 1595 4280 4277
f 1595 1607 4280
f 768 1631 1632
f 768 1632 1633
f 4301 1633 1632
f 4301 1632 4300
f 4301 4300 4280
f 4301 4280 4286
f 1610 4286 4280
f 1610 4280 1607
f 1633 4302 768
f 1633 4301 4302
f 4302 4301 4286
f 4302 4286 4288
f 1612 4288 4286
f 1612 4286 1610
f 4299 4298 4253
f 4299 4253 748
f 4298 750 4253
f 4298 4260 750
f 4259 1588 750
f 4259 750 4260
f 1589 1588 4259
f 1589 4259 4258
f 1590 1589 4258
f 1590 4258 4257
f 4313 4312 1640
f 4313 1640 1641
f 4314 4313 1641
f 4314 1641 1642
f 1643 4314 1642
f 1643 4315 4314
f 1644 4312 4313
f 1644 4313 1645
f 4220 4222 1567
f 4220 1567 4219
f 4221 4220 4219
f 4221 4219 743
f 4221 743 1566
f 4221 1566 4218
f 1565 4318 4218
f 1565 4218 1566
f 4317 4318 1565
f 4317 1565 1564
f 4318 4317 1655
f 4318 1655 1656
f 1646 4316 4315
f 1646 4315 1643
f 4315 4316 1650
f 4315 1650 1649
f 4164 1503 4163
f 4164 4163 1499
f 4164 1499 1501
f 4164 1505 1503
f 1572 4164 1501
f 1572 4223 4164
f 4223 1505 4164
f 1505 1569 1503
f 4223 1571 1505
f 744 1505 1571
f 744 1570 1505
f 1505 1570 1569
f 4354 1801 4579
f 4519 4576 4526
f 4576 4577 1831
f 4519 1802 4576
f 1831 4577 4578
f 4578 1668 1671
f 4578 1671 1831
f 4578 1830 1668
f 4574 1830 4578
f 4574 4578 4577
f 4574 4577 4576
f 4527 1830 4574
f 1802 4527 4574
f 4574 4576 1802
f 4527 4575 1830
f 1802 4521 4527
f 4519 4521 1802
f 4579 1831 1671
f 4579 1671 4354
f 4353 4354 1671
f 4353 1676 4354
f 1676 1801 4354
f 4353 4358 1676
f 4357 4358 4353
f 4357 4353 4356
f 4353 1675 4356
f 4351 1675 4353
f 4351 4355 1675
f 774 4358 4357
f 774 4357 4359
f 4363 774 4364
f 774 4368 4364
f 774 4359 4368
f 4368 4359 1675
f 4368 1675 4371
f 1800 4575 4527
f 1800 4527 4522
f 4521 4522 4527
f 4521 1799 4522
f 1799 4521 4519
f 1799 4519 1798
f 1797 1799 1798
f 1797 4515 1799
f 4515 4512 1799
f 4515 4513 4512
f 4511 4512 4513
f 4511 1794 4512
f 1794 4511 4510
f 1794 4510 1793
f 1793 4510 4507
f 1793 4507 4508
f 4507 4509 4502
f 4507 4502 4504
f 1795 1796 1786
f 1795 1786 1785
f 4514 1795 4511
f 4514 4511 4513
f 1797 4514 4513
f 1797 4513 4515
f 4451 1745 1748
f 4451 4448 1745
f 4451 1734 4448
f 4451 1746 1734
f 1735 1734 1746
f 1746 1747 1735
f 4452 1746 4451
f 4451 4453 4452
f 4451 1748 4453
f 4454 4452 4453
f 1750 4452 4454
f 1750 1746 4452
f 1750 4454 1749
f 1746 1751 1747
f 1747 1751 1752
f 1753 1747 1752
f 1753 1752 1754
f 1754 1752 4455
f 4455 1752 4456
f 4456 1752 1751
f 1753 1754 1763
f 1753 1763 1765
f 1753 1765 1767
f 1763 1766 1765
f 1754 4473 1763
f 1763 4474 1766
f 1763 4473 4474
f 1754 4455 4461
f 4455 4456 4458
f 4459 4455 4458
f 4459 1757 4455
f 1758 4455 1757
f 1758 4461 4455
f 4457 4458 4456
f 4457 4459 4458
f 4457 4460 4459
f 4456 1755 4457
f 4460 4457 1755
f 1758 4462 4461
f 4461 4462 1754
f 1758 4463 4462
f 4462 4463 4464
f 1754 4462 4465
f 4465 4462 4464
f 4465 4464 1759
f 4465 1759 1760
f 4465 1760 4466
f 4456 1756 1755
f 4456 1751 1756
f 1756 1751 1772
f 4480 1772 1751
f 1751 4479 4480
f 4479 1751 1746
f 1771 4480 4479
f 4479 1746 4478
f 1771 4479 4478
f 1771 4478 1770
f 1771 4481 4480
f 4480 4482 1803
f 4480 4481 4482
f 4480 1803 1772
f 1768 1746 1750
f 1768 4475 1746
f 1746 4475 4478
f 1770 4478 4475
f 1770 4475 4477
f 4475 4476 4477
f 1769 4476 4475
f 1769 4475 1768
f 1697 4395 4390
f 1697 4390 4394
f 4390 4393 4394
f 4390 4391 4393
f 1696 4393 4391
f 1696 4391 4392
f 4395 1697 1698
f 4395 1698 4396
f 4396 1698 4397
f 4396 4397 4398
f 4398 4397 4400
f 4398 4400 4401
f 1703 4401 4400
f 1703 4404 4401
f 4395 4396 1699
f 4395 1699 1691
f 1699 1690 1691
f 1699 1700 1690
f 789 1690 1700
f 789 779 1690
f 779 1688 1690
f 1690 1688 1689
f 1690 1689 1691
f 779 1826 1688
f 779 1819 1826
f 1688 1826 1686
f 1688 1686 1689
f 1818 1826 1819
f 1818 1819 1816
f 1826 1818 1825
f 1815 1825 1818
f 1815 1818 1816
f 1826 1825 1686
f 787 1815 1816
f 1815 1817 1825
f 787 1813 1815
f 1813 1817 1815
f 1813 1814 1817
f 1812 1813 787
f 1812 1811 1813
f 1817 4565 4566
f 1817 4566 1825
f 4552 1817 4549
f 4552 4565 1817
f 4560 4552 4549
f 4560 4549 4554
f 4560 4554 1820
f 4560 1820 4562
f 4549 4553 4554
f 4549 4550 4553
f 1820 1822 4562
f 1820 1821 1822
f 1740 4443 4439
f 1740 4439 1738
f 1738 4439 4440
f 1738 4440 4441
f 1732 4440 4439
f 4443 1732 4439
f 4443 1734 1732
f 4440 1732 1737
f 1732 1736 1737
f 4440 4442 4441
f 4440 1739 4442
f 4440 1737 1739
f 1734 4443 4444
f 1742 1734 4444
f 1743 4447 1734
f 4447 4448 1734
f 1742 1743 1734
f 4443 4445 4444
f 4443 1740 4445
f 1745 4448 4447
f 4444 4445 4446
f 1742 4444 4446
f 1745 4447 4450
f 1742 4446 1741
f 4449 4450 4447
f 1744 4449 4447
f 1744 4447 1743
f 4412 4416 1710
f 4412 4413 4416
f 4484 4416 4413
f 4484 4413 4415
f 4487 4416 4484
f 4487 4486 4416
f 1776 4487 4484
f 1774 4484 4415
f 1776 4484 1774
f 1774 4415 4485
f 1776 1774 1775
f 1776 1775 1777
f 1775 1774 4485
f 1775 4485 1773
f 1708 4412 4411
f 1708 1709 4412
f 4412 1709 4414
f 4412 4414 4413
f 4415 4413 4414
f 4415 4414 4483
f 4415 4483 1773
f 4415 1773 4485
f 4406 4410 1708
f 4406 1708 4411
f 4409 4410 4406
f 4409 4406 4408
f 4407 4409 4408
f 4407 781 4409
f 4403 4411 1701
f 4403 4406 4411
f 4408 4406 4403
f 4408 4403 4405
f 1705 4408 4405
f 1705 4407 4408
f 1705 1707 781
f 1705 781 4407
f 4403 1701 1699
f 4403 1699 4399
f 4403 4399 4402
f 4403 4402 4405
f 4402 1705 4405
f 4402 1704 1705
f 4402 4399 4398
f 1704 4402 4401
f 4402 4398 4401
f 1699 4398 4399
f 1699 4396 4398
f 1704 4401 4404
f 1703 1704 4404
f 1659 1661 1660
f 1659 4347 1661
f 1661 4347 1667
f 4343 4347 1659
f 4343 4345 4347
f 4345 1667 4347
f 1659 4324 4343
f 4345 4348 1667
f 4342 4345 4343
f 4340 4345 4342
f 4340 4344 4345
f 4344 4348 4345
f 4344 4346 4348
f 4343 4341 4342
f 4324 4341 4343
f 4324 1662 4341
f 4340 4342 4341
f 1662 4337 4341
f 4337 4340 4341
f 1657 4319 1658
f 1657 4320 4319
f 1660 4319 4320
f 1660 4320 1659
f 4324 1659 4320
f 4324 4320 4321
f 4322 4321 4320
f 4320 1657 4535
f 4322 4320 4323
f 4320 4535 4538
f 1806 4535 1657
f 4323 4328 4322
f 4328 4325 4322
f 4323 4326 4328
f 4536 4535 1806
f 4328 4327 4325
f 4536 1806 4533
f 4533 1806 4530
f 4533 4530 4531
f 1807 4533 4531
f 4536 4533 1807
f 4536 1807 4537
f 1807 4531 4532
f 1807 4532 4534
f 4322 4325 1662
f 4326 4545 4548
f 4545 4326 786
f 4326 4548 4328
f 4545 786 4543
f 4548 4545 4547
f 4548 4547 4331
f 4544 4547 4545
f 4544 4545 4543
f 4331 4547 1665
f 1665 4547 4544
f 4331 1665 1664
f 4331 1664 4330
f 4548 4331 4330
f 4330 1664 1663
f 1665 771 1664
f 770 1664 771
f 770 1663 1664
f 1665 772 771
f 1665 4544 1810
f 1665 1810 1811
f 1812 1665 1811
f 1812 772 1665
f 4544 4546 1810
f 4330 1663 4334
f 1663 4335 4334
f 4333 4334 4335
f 4330 4334 4333
f 4330 4333 4329
f 4335 4336 4333
f 4335 4339 4336
f 4333 4336 4338
f 4333 4338 4332
f 4338 4336 4339
f 4338 4339 773
f 4332 4338 4340
f 1666 4338 773
f 1666 4340 4338
f 4332 4340 4337
f 4346 4344 4340
f 4346 4340 1666
f 4329 4333 4332
f 4329 4332 769
f 1662 769 4332
f 1662 4332 4337
f 4548 4330 4329
f 4328 4548 4329
f 4328 4329 769
f 4327 4328 769
f 4327 769 1662
f 4327 1662 4325
f 4324 4321 4322
f 4324 4322 1662
f 4538 4535 4536
f 4537 4538 4536
f 4537 1809 4538
f 1809 4537 4539
f 4537 4534 4539
f 4537 1807 4534
f 4323 4320 4538
f 4323 4538 1809
f 786 4323 1809
f 786 4326 4323
f 4539 786 1809
f 4539 4540 786
f 4534 4540 4539
f 4534 1808 4540
f 1808 4541 4540
f 786 4540 4541
f 1808 4585 4541
f 786 4541 4542
f 4542 4541 4585
f 786 4542 4543
f 4542 4585 4546
f 4544 4542 4546
f 4544 4543 4542
f 1668 1669 1670
f 1668 1670 1671
f 1670 4349 1671
f 1670 4350 4349
f 4350 1672 4349
f 4351 4349 1672
f 4352 1671 4349
f 4352 4349 4351
f 4351 4353 4352
f 4353 1671 4352
f 4350 1673 1672
f 1672 1673 1674
f 1672 1674 1714
f 4351 1672 4355
f 1672 4417 4355
f 4417 1672 1714
f 1674 1715 1714
f 4417 1714 4418
f 4418 1714 1715
f 4418 1715 4419
f 4355 4417 4371
f 4355 4371 1675
f 4417 4418 4371
f 4371 1681 4368
f 1716 1717 1718
f 1716 1718 1719
f 1719 1718 1720
f 4420 1719 1720
f 1721 1716 1719
f 1719 4421 1721
f 4420 4421 1719
f 1721 1722 1716
f 1721 1731 1722
f 1722 1731 1732
f 1722 1732 1734
f 1722 1734 1735
f 1721 1729 1731
f 4435 1732 1731
f 1729 4435 1731
f 1721 4433 1729
f 1729 4433 1728
f 1729 1728 1730
f 4434 1729 1730
f 1729 4436 4435
f 4434 4436 1729
f 4437 4435 4436
f 4437 4436 4434
f 4437 4434 4438
f 1733 4435 4437
f 4438 1733 4437
f 1733 1736 4435
f 4435 1736 1732
f 1728 4433 4431
f 4433 1721 4431
f 1728 4431 4432
f 4431 4430 4432
f 4429 4430 4431
f 1721 4429 4431
f 4429 1727 4430
f 1721 4428 4429
f 1721 4427 4428
f 4421 4423 1721
f 1721 4423 4425
f 1721 4425 4427
f 4428 1727 4429
f 4428 1726 1727
f 4425 1725 4427
f 4425 4426 1725
f 4423 4426 4425
f 4423 4424 4426
f 4422 4423 4421
f 4423 4422 4424
f 4422 4421 1724
f 4421 1723 1724
f 4421 4420 1723
f 4363 4365 4360
f 4363 4360 774
f 4369 4364 4368
f 4369 4368 1681
f 1681 4370 4369
f 4370 1679 4369
f 1681 1713 4370
f 4370 777 1679
f 1712 777 4370
f 1713 1712 4370
f 4367 1679 777
f 4367 4365 1679
f 4363 1679 4365
f 4363 4369 1679
f 4365 4367 4366
f 1677 4366 4367
f 4361 4366 1677
f 4360 4366 4361
f 4360 4365 4366
f 4361 1677 1678
f 775 1678 1677
f 775 776 1678
f 4362 4361 1678
f 4362 1678 1680
f 1680 1678 776
f 4360 4361 4362
f 1680 776 778
f 4362 1680 4524
f 778 1796 1680
f 1680 4516 4524
f 4516 1680 1796
f 778 783 1796
f 4528 4362 4524
f 4525 4524 4516
f 4528 4524 4525
f 4360 4362 4528
f 774 4360 4528
f 4516 1796 1795
f 774 4528 4358
f 1676 4528 4525
f 1676 4358 4528
f 4525 4516 4520
f 1676 4525 4520
f 4517 4516 1795
f 4517 4520 4516
f 4517 1795 4514
f 1676 4520 785
f 4517 4514 1797
f 4518 4520 4517
f 4517 1797 4518
f 4518 785 4520
f 4523 4518 1797
f 4518 4523 785
f 4523 1797 1798
f 4526 4523 1798
f 785 4523 4526
f 4526 1798 4519
f 785 4526 1801
f 1676 785 1801
f 4576 1831 1801
f 4576 1801 4526
f 1831 4579 1801
f 1703 1706 1704
f 1704 1706 1707
f 1704 1707 1705
f 1701 4411 4412
f 1701 4412 1710
f 1702 1701 1710
f 1702 1710 1711
f 1711 789 1702
f 1700 1702 789
f 1700 1701 1702
f 1711 1788 789
f 1700 1699 1701
f 1711 782 1788
f 1711 1784 782
f 1711 1781 1784
f 1711 1710 1781
f 1783 1784 1781
f 1783 1782 1784
f 782 1784 1782
f 1787 782 1782
f 1787 1782 1786
f 783 1787 1786
f 783 1786 1796
f 1782 1783 1785
f 1782 1785 1786
f 4509 1785 1783
f 4509 1783 4497
f 4494 4497 1783
f 4494 4495 4497
f 1783 1781 4493
f 1783 4493 4494
f 4500 4497 4495
f 4500 4495 4498
f 1789 4500 4498
f 1789 4498 4501
f 1792 4500 1789
f 1792 4502 4500
f 784 1792 1789
f 1791 1789 4501
f 784 1789 1791
f 1791 4501 1790
f 1780 4494 4493
f 4496 4494 1780
f 4496 4495 4494
f 1780 4493 1779
f 4499 4495 4496
f 4499 4498 4495
f 4499 4501 4498
f 4499 1790 4501
f 4491 1779 4493
f 4491 4493 4489
f 4488 4492 4491
f 4488 4491 4489
f 4490 4492 4488
f 4490 1778 4492
f 1795 4510 4511
f 1795 1785 4510
f 4510 1785 4509
f 4510 4509 4507
f 4509 4497 4500
f 4509 4500 4502
f 4503 4504 4502
f 4503 4502 1792
f 4503 1792 784
f 4503 784 4505
f 4508 4507 4504
f 4508 4504 4506
f 4503 4506 4504
f 4503 4505 4506
f 4427 1725 1726
f 4427 1726 4428
f 4395 4387 4390
f 4395 1691 4387
f 4387 1691 1689
f 4387 1689 4381
f 4381 4389 4387
f 4390 4387 4389
f 4381 4384 4389
f 4390 4389 4391
f 4389 4392 4391
f 4389 1694 4392
f 1694 1696 4392
f 1694 1695 1696
f 4416 1781 1710
f 4416 4486 1781
f 4486 4493 1781
f 4486 4489 4493
f 4488 4489 4486
f 4488 4486 4487
f 4488 4487 1776
f 4488 1776 4490
f 1776 1778 4490
f 1776 1777 1778
f 4357 4356 1675
f 4357 1675 4359
f 1832 4580 4555
f 1832 4555 4551
f 1832 4551 4581
f 1832 4581 1833
f 4555 4580 4559
f 4555 4559 4556
f 4557 4556 4559
f 4557 4559 788
f 4470 4471 4472
f 4470 1761 4471
f 4470 4469 1761
f 4468 1761 4469
f 4468 4467 1761
f 1754 4469 4470
f 4473 1754 4470
f 4472 4473 4470
f 4472 1762 4473
f 4474 4473 1762
f 4474 1762 1764
f 1754 4466 4468
f 1754 4468 4469
f 1754 4465 4466
f 1760 4468 4466
f 1760 4467 4468
f 4551 4555 4550
f 4551 4550 1814
f 4549 1814 4550
f 4549 1817 1814
f 4551 1814 1810
f 4551 1810 4581
f 4550 4555 4556
f 4550 4556 4553
f 4558 4553 4556
f 4558 4556 4557
f 4553 4558 1820
f 4553 1820 4554
f 4558 1821 1820
f 4558 4561 1821
f 4561 4558 4557
f 4561 4557 788
f 4529 4530 1804
f 4529 4531 4530
f 4532 4531 4529
f 4532 4529 1805
f 4532 1805 1808
f 4532 1808 4534
f 1805 4585 1808
f 1805 4584 4585
f 4584 1805 4583
f 4584 4583 4582
f 4582 4583 1833
f 4582 1833 4581
f 4546 4585 4584
f 4546 4584 4582
f 4546 4582 4581
f 4546 4581 1810
f 1811 1810 1814
f 1811 1814 1813
f 1685 4379 4376
f 1685 4376 4377
f 4375 4377 4376
f 4375 4378 4377
f 4375 1684 4378
f 4375 4374 1684
f 1685 1687 4380
f 1685 4380 4379
f 4380 1687 4382
f 4380 4382 4383
f 4385 4383 4382
f 4385 4386 4383
f 4388 4386 4385
f 4388 4385 780
f 4375 1682 4374
f 4375 4372 1682
f 4375 4373 4372
f 4375 4376 4373
f 1682 4372 4572
f 4373 4572 4372
f 4373 4376 4379
f 4373 4379 1686
f 4373 1686 1825
f 4373 4569 4572
f 4373 1825 4569
f 1682 4572 1827
f 1682 1827 1829
f 1682 1829 1683
f 1684 1682 1683
f 1684 4374 1682
f 4573 4571 1828
f 4573 4570 4571
f 4570 4567 4571
f 4570 4568 4567
f 4567 4568 4566
f 4567 4566 1824
f 4565 1824 4566
f 4565 1823 1824
f 4564 1823 4565
f 4564 4565 4552
f 4560 4563 4564
f 4560 4564 4552
f 4563 4560 4562
f 4563 4562 1822
f 4573 1828 1829
f 4573 1829 1827
f 4570 4573 1827
f 4570 1827 4572
f 4568 4570 4572
f 4568 4572 4569
f 4569 4566 4568
f 4569 1825 4566
f 1689 4380 4383
f 1689 4383 4381
f 4384 4381 4383
f 4384 4383 4386
f 4384 4386 4388
f 4384 4388 1692
f 4384 1692 1694
f 4384 1694 4389
f 1692 1695 1694
f 1692 1693 1695
f 4388 1693 1692
f 4388 780 1693
f 4380 1689 1686
f 4380 1686 4379
f 4371 4418 1681
f 4363 4364 4369
f 1713 1681 4418
f 1713 4418 4419
f 4611 1847 1848
f 4611 4612 1847
f 1846 4612 4611
f 1846 4611 1845
f 4611 4606 1842
f 4611 1848 4606
f 796 797 1848
f 796 1848 1847
f 796 4613 797
f 4606 1848 797
f 4606 797 4603
f 4603 795 1842
f 4603 1842 4606
f 4603 4601 795
f 4603 4599 4601
f 4601 4599 4597
f 4601 4597 794
f 4611 1842 1843
f 4611 1843 1845
f 1837 4587 1839
f 1837 4586 4587
f 4587 4586 1835
f 4587 1835 1834
f 4588 4587 1838
f 1839 4587 4588
f 791 1837 1839
f 791 790 1837
f 791 4593 790
f 1839 4591 791
f 1839 4588 4591
f 4615 798 4593
f 4615 4613 798
f 792 4591 4588
f 792 4588 1838
f 4595 791 4591
f 4595 4594 791
f 791 4594 4593
f 793 4593 4594
f 4595 793 4594
f 4595 4597 793
f 793 4615 4593
f 1838 4616 792
f 1838 4590 4616
f 4589 4590 1838
f 4589 1838 1836
f 4617 4590 4589
f 4617 4589 1840
f 4617 1840 4619
f 4590 4617 799
f 4617 4620 799
f 4617 4619 4620
f 4590 799 4616
f 4607 4605 4604
f 4607 4604 801
f 4609 4607 801
f 4609 801 4625
f 4605 4607 1844
f 1844 4607 4609
f 4605 1844 4608
f 4605 4608 1843
f 4605 1843 1842
f 4605 1842 795
f 4605 795 4604
f 795 4602 4604
f 795 4601 4602
f 4601 4600 4602
f 4601 794 4600
f 4613 4615 793
f 4613 793 4614
f 4613 4614 797
f 797 4614 4599
f 4599 4614 793
f 4599 793 4597
f 797 4599 4603
f 4624 4600 1841
f 4624 4602 4600
f 4602 4624 801
f 4623 801 4624
f 4602 801 4604
f 792 4595 4591
f 792 4596 4595
f 4597 4595 4596
f 4597 4596 794
f 794 4598 4600
f 794 4596 4598
f 4596 4616 4598
f 4596 792 4616
f 4625 800 1850
f 4625 4623 800
f 4625 801 4623
f 4623 4624 1841
f 4623 1841 4622
f 1841 4600 4598
f 1841 4598 4618
f 4616 4618 4598
f 4616 799 4618
f 799 4621 4618
f 4610 4609 4625
f 4610 4625 1850
f 1844 4609 4610
f 4619 4592 1849
f 4619 1849 4620
f 4619 1840 4592
f 4622 1841 4618
f 4622 4618 4621
f 4620 800 4621
f 4620 4621 799
f 4620 1849 800
f 4623 4622 800
f 800 4622 4621
f 1838 4587 1834
f 1838 1834 1836
f 798 4613 796
f 4593 798 790
f 4688 813 4689
f 4688 4689 4687
f 4689 4691 4687
f 4689 1872 4691
f 4735 1872 4689
f 4689 1873 4735
f 4689 813 1873
f 1872 4694 4691
f 4687 4691 1871
f 4691 815 1871
f 4691 4694 815
f 1872 4697 4694
f 4735 4733 1872
f 4733 4697 1872
f 815 4694 4698
f 4698 4694 4697
f 4734 4733 4735
f 1873 4734 4735
f 4733 4732 4697
f 1885 4732 4733
f 4734 1885 4733
f 1873 4736 4734
f 1885 811 4732
f 4682 4732 811
f 4682 4697 4732
f 4698 4697 4682
f 4681 811 1885
f 4734 4681 1885
f 4734 4736 825
f 4681 4677 811
f 4675 811 4677
f 4682 811 4675
f 1868 4677 4681
f 4734 1868 4681
f 4677 4672 4675
f 4734 4676 1868
f 1868 1865 4677
f 4677 1865 4672
f 4734 825 4676
f 814 4688 4687
f 814 4687 4690
f 4687 1871 4690
f 4692 814 4690
f 4692 4690 1871
f 4692 4695 814
f 4692 1871 4693
f 4693 1871 815
f 4693 815 4696
f 1874 4693 4696
f 4645 4692 4693
f 4645 4693 1874
f 1874 4696 4699
f 815 4700 4696
f 4699 4696 4700
f 815 4698 4700
f 4701 1874 4699
f 4646 1874 4701
f 4646 4645 1874
f 4692 4645 816
f 4692 816 4695
f 4645 4646 1855
f 4645 1855 816
f 4701 4699 4702
f 1876 4701 4702
f 4648 4646 4701
f 4648 4701 1876
f 4699 4635 4702
f 4699 4700 4635
f 1876 4702 817
f 817 4702 4635
f 4646 4648 4647
f 4646 4647 1855
f 4707 1876 817
f 4649 1876 4707
f 4649 4648 1876
f 4648 4649 804
f 4648 804 4647
f 4707 817 4708
f 817 4630 4708
f 817 4635 4630
f 4627 4708 4630
f 4627 1878 4708
f 1878 4707 4708
f 1878 1877 4707
f 4707 1877 4651
f 4707 4651 4649
f 4650 4649 4651
f 4650 804 4649
f 1867 4670 4668
f 1867 4668 4671
f 4668 1863 4671
f 4673 4671 1863
f 4680 4671 4673
f 4680 1867 4671
f 4673 1868 4676
f 4668 4667 1863
f 4663 4667 4668
f 4668 808 4663
f 4668 4670 808
f 808 4664 4663
f 4667 809 1863
f 4667 4666 809
f 4666 4667 1862
f 4663 1862 4667
f 4660 1862 4663
f 4664 4660 4663
f 809 4666 4669
f 825 4673 4676
f 4664 4662 4660
f 825 4680 4673
f 4660 4661 1862
f 4665 1862 4661
f 4659 4661 4660
f 4659 1882 4661
f 4665 4661 1882
f 4660 807 4659
f 4660 4662 807
f 4657 4659 807
f 4659 4720 1882
f 4659 4657 4720
f 4657 807 4658
f 4657 1881 4720
f 4721 1882 4720
f 1881 4721 4720
f 4665 1882 4721
f 4666 1862 4665
f 4727 4665 4721
f 4727 4721 4724
f 4657 4655 1881
f 4657 4656 4655
f 4657 4658 4656
f 4655 4715 1881
f 1881 4715 4716
f 1881 4716 4721
f 4715 820 4716
f 4715 1880 820
f 4655 4653 4715
f 4653 1880 4715
f 4719 4716 820
f 806 4653 4655
f 4655 4656 806
f 806 4654 4653
f 4653 4652 1880
f 4654 4652 4653
f 1877 820 1880
f 1877 1880 4652
f 4654 1858 4652
f 1877 1878 820
f 1877 4652 4651
f 1858 4651 4652
f 1858 4650 4651
f 4669 4666 4665
f 4669 4665 4727
f 809 4669 4672
f 1865 1863 809
f 1865 1868 1863
f 4673 1863 1868
f 4706 4684 4685
f 4706 4704 4684
f 4684 4704 4698
f 4684 4698 4682
f 4730 4729 4726
f 4730 4731 4729
f 4729 4731 4669
f 4729 4669 4727
f 4704 4705 4703
f 4704 4706 4705
f 4706 4709 4705
f 4636 4705 4709
f 4706 4710 4709
f 4636 4709 4637
f 4710 4706 4685
f 4710 4685 4686
f 4741 4730 4726
f 4741 4726 4723
f 1887 4741 4743
f 1887 4730 4741
f 4731 4730 1887
f 4731 1887 4674
f 4731 4674 4672
f 4731 4672 4669
f 4723 4725 4722
f 4723 4726 4725
f 4726 4728 4725
f 4726 4729 4728
f 4728 4729 4727
f 4626 4725 4728
f 4626 4728 4724
f 4728 4727 4724
f 4626 4643 4725
f 4626 4724 4719
f 4712 4710 4686
f 4712 4686 4737
f 4739 4741 4723
f 4739 4723 4718
f 4739 4718 4714
f 4739 4714 4738
f 4742 4739 4738
f 4714 4737 4738
f 4714 4712 4737
f 4683 4743 4742
f 4683 4742 4740
f 4743 4741 4739
f 4743 4739 4742
f 4710 4712 4711
f 4710 4711 4709
f 4737 4683 4740
f 4737 4686 4683
f 4686 4679 4683
f 4679 4743 4683
f 4686 4685 4679
f 4679 1887 4743
f 4674 1887 4679
f 4685 4678 4679
f 4674 4679 4678
f 4685 4684 4678
f 4675 4674 4678
f 4678 4682 4675
f 4678 4684 4682
f 4675 4672 4674
f 4718 4723 4722
f 4718 4722 4717
f 4714 4718 4717
f 4714 4717 4713
f 4712 4714 4713
f 4712 4713 4711
f 4738 4737 4740
f 4738 4740 4742
f 4719 820 4627
f 4716 4719 4724
f 4716 4724 4721
f 4703 4705 4636
f 4703 4636 4639
f 4703 4639 4635
f 4703 4635 4700
f 4725 4643 4642
f 4725 4642 4722
f 4642 1853 4629
f 4642 4643 1853
f 4643 4628 1853
f 4643 4626 4628
f 4628 4626 4719
f 4628 4719 4627
f 4637 4709 4711
f 4637 4711 4638
f 4722 4642 4641
f 4722 4641 4717
f 4713 4717 4641
f 4713 4641 4640
f 4640 4641 4644
f 4638 4713 4640
f 4638 4711 4713
f 4629 4632 4634
f 4629 4634 4644
f 4641 4642 4629
f 4641 4629 4644
f 4632 4638 4634
f 4632 4637 4638
f 4631 4637 4632
f 4629 4631 4632
f 4631 4636 4637
f 4629 1853 4631
f 1853 4633 4631
f 4639 4631 4633
f 4639 4636 4631
f 1853 4628 4633
f 4633 4635 4639
f 4627 4633 4628
f 4627 4630 4633
f 4633 4630 4635
f 4634 4638 4640
f 4634 4640 4644
f 4704 4703 4700
f 4704 4700 4698
f 4627 820 1878
f 809 4672 1865
f 1888 1889 1890
f 1888 1890 1891
f 1894 1888 1891
f 1894 1896 1888
f 1895 1894 1891
f 1890 1892 1891
f 1895 1891 1892
f 1890 1893 1892
f 1892 1899 1895
f 1892 1893 1898
f 1892 1897 1899
f 1892 1898 1897
f 1897 1902 1899
f 1897 1898 1901
f 1897 1901 1900
f 1897 1900 1902
f 1900 1903 1902
f 1901 1905 1900
f 1900 1905 1903
f 1901 1904 1905
f 1906 1903 1905
f 1904 1908 1905
f 1906 1905 1908
f 1904 1907 1908
f 1910 1906 1908
f 1908 1907 1911
f 1910 1908 1909
f 1908 1911 1909
f 1911 1912 1909
f 1912 1910 1909
f 1912 1913 1910
f 1911 1914 1912
f 4744 4745 4746
f 4744 4746 4747
f 4750 4744 4747
f 4750 4752 4744
f 4748 4750 4747
f 4746 4748 4747
f 4746 4749 4748
f 4748 4751 4750
f 4748 4749 4754
f 4748 4754 4753
f 4755 4748 4753
f 4755 4751 4748
f 4753 4754 4758
f 4753 4758 4756
f 4757 4753 4756
f 4757 4755 4753
f 4758 4760 4756
f 4760 4757 4756
f 4758 4759 4760
f 4760 4761 4757
f 4759 4763 4760
f 4763 4761 4760
f 4759 4762 4763
f 4763 4764 4761
f 4762 4766 4763
f 4766 4764 4763
f 4762 4767 4766
f 4766 4765 4764
f 4768 4765 4766
f 4767 4768 4766
f 4767 4770 4768
f 4768 4769 4765
f 1920 1919 1915
f 1920 1915 1918
f 1921 1920 1918
f 1921 1923 1920
f 1917 1921 1918
f 1915 1917 1918
f 1915 1916 1917
f 1917 1922 1921
f 1924 1923 1921
f 1922 1924 1921
f 1924 1926 1923
f 1922 1925 1924
f 1925 1927 1924
f 1927 1926 1924
f 1927 1929 1926
f 1925 1928 1927
f 1928 1930 1927
f 1930 1929 1927
f 1930 1932 1929
f 1928 1931 1930
f 1931 1933 1930
f 1933 1932 1930
f 1933 1935 1932
f 1931 1934 1933
f 1934 1936 1933
f 1936 1935 1933
f 1936 1940 1935
f 1934 1937 1936
f 1941 1940 1936
f 1941 1936 1938
f 1939 1936 1937
f 1939 1938 1936
f 1944 1941 1938
f 1938 1939 1943
f 1944 1938 1942
f 1938 1943 1942
f 4773 4772 4771
f 4773 4771 4774
f 4773 4774 4777
f 4773 4777 4779
f 4771 4776 4774
f 4776 4777 4774
f 4771 4775 4776
f 4782 4779 4777
f 4776 4778 4777
f 4782 4777 4780
f 4777 4781 4780
f 4777 4778 4781
f 4785 4782 4780
f 4785 4780 4783
f 4780 4784 4783
f 4780 4781 4784
f 4788 4785 4783
f 4788 4783 4786
f 4783 4787 4786
f 4783 4784 4787
f 4791 4788 4786
f 4791 4786 4789
f 4786 4790 4789
f 4786 4787 4790
f 4794 4791 4789
f 4794 4789 4792
f 4789 4793 4792
f 4789 4790 4793
f 4797 4794 4792
f 4797 4792 4795
f 4792 4796 4795
f 4792 4793 4796
f 4800 4797 4795
f 4795 4796 4799
f 4800 4795 4798
f 4795 4799 4798
f 1945 1946 1947
f 1945 1948 1946
f 1945 1951 1948
f 1945 1953 1951
f 1951 1949 1948
f 1946 1948 1949
f 1946 1949 1950
f 1951 1952 1949
f 1955 1950 1949
f 1952 1954 1949
f 1955 1949 1954
f 1952 1956 1954
f 1954 1957 1955
f 1954 1958 1957
f 1956 1958 1954
f 1956 1959 1958
f 1959 1960 1958
f 1957 1958 1960
f 1957 1960 1961
f 1959 1962 1960
f 1961 1960 1963
f 1962 1963 1960
f 1961 1963 1965
f 1962 1964 1963
f 1963 1967 1965
f 1963 1968 1967
f 1964 1968 1963
f 1964 1966 1968
f 1966 1969 1968
f 1967 1968 1969
f 1967 1969 1971
f 1966 1970 1969
f 1969 1973 1971
f 1969 1974 1973
f 1970 1974 1969
f 1970 1972 1974
f 1972 1975 1974
f 1973 1974 1975
f 1973 1975 1977
f 1972 1976 1975
f 1976 1978 1975
f 1978 1977 1975
f 1978 1980 1977
f 1976 1979 1978
f 1981 1980 1978
f 1979 1981 1978
f 1981 1983 1980
f 1979 1982 1981
f 4801 4802 4803
f 4801 4804 4802
f 4801 4807 4804
f 4801 4809 4807
f 4807 4805 4804
f 4802 4804 4805
f 4802 4805 4806
f 4807 4808 4805
f 4811 4806 4805
f 4811 4805 4810
f 4805 4812 4810
f 4805 4808 4812
f 4810 4813 4811
f 4810 4814 4813
f 4812 4814 4810
f 4812 4815 4814
f 4815 4816 4814
f 4813 4814 4816
f 4813 4816 4818
f 4815 4817 4816
f 4817 4819 4816
f 4818 4816 4819
f 4818 4819 4821
f 4817 4820 4819
f 4819 4822 4821
f 4819 4823 4822
f 4820 4823 4819
f 4820 4824 4823
f 4824 4825 4823
f 4822 4823 4825
f 4822 4825 4827
f 4824 4826 4825
f 4825 4828 4827
f 4825 4829 4828
f 4826 4829 4825
f 4826 4830 4829
f 4830 4831 4829
f 4828 4829 4831
f 4828 4831 4833
f 4830 4832 4831
f 4836 4833 4831
f 4835 4831 4832
f 4836 4831 4835
f 4835 4832 4834
f 4834 4837 4835
f 4836 4835 4837
f 4836 4837 4839
f 4834 4838 4837
f 1985 1988 1989
f 1985 1989 1987
f 1986 1985 1987
f 1986 1984 1985
f 1990 1986 1987
f 1989 1990 1987
f 1989 1992 1990
f 1990 1991 1986
f 1993 1991 1990
f 1992 1993 1990
f 1992 1995 1993
f 1993 1994 1991
f 1996 1994 1993
f 1995 1996 1993
f 1995 1998 1996
f 1996 1997 1994
f 1999 1997 1996
f 1998 1999 1996
f 1998 2001 1999
f 1999 2000 1997
f 2002 2000 1999
f 2001 2002 1999
f 2001 2004 2002
f 2002 2003 2000
f 2005 2003 2002
f 2004 2005 2002
f 2004 2009 2005
f 2005 2006 2003
f 2005 2009 2010
f 2005 2010 2007
f 2008 2005 2007
f 2008 2006 2005
f 2007 2010 2013
f 2012 2008 2007
f 2007 2013 2011
f 2012 2007 2011
f 4840 4841 4842
f 4840 4842 4843
f 4845 4840 4843
f 4845 4844 4840
f 4846 4845 4843
f 4842 4846 4843
f 4842 4848 4846
f 4846 4847 4845
f 4846 4848 4851
f 4846 4851 4849
f 4850 4846 4849
f 4850 4847 4846
f 4849 4851 4854
f 4849 4854 4852
f 4853 4849 4852
f 4853 4850 4849
f 4852 4854 4857
f 4852 4857 4855
f 4856 4852 4855
f 4856 4853 4852
f 4855 4857 4860
f 4855 4860 4858
f 4859 4855 4858
f 4859 4856 4855
f 4858 4860 4863
f 4858 4863 4861
f 4862 4858 4861
f 4862 4859 4858
f 4861 4863 4866
f 4861 4866 4864
f 4865 4861 4864
f 4865 4862 4861
f 4864 4866 4869
f 4868 4865 4864
f 4864 4869 4867
f 4868 4864 4867
f 4871 826 827
f 4871 827 4870
f 4871 4870 828
f 4871 828 4872
f 4874 4872 828
f 4874 828 4873
f 2014 4874 4873
f 2014 4873 830
f 2016 2014 830
f 2016 830 2015
f 2015 834 2016
f 2015 833 834
f 833 4876 834
f 833 4875 4876
f 4876 4875 835
f 835 4875 836
f 835 836 2017
f 2017 836 4877
f 4877 836 4878
f 4877 4878 837
f 4878 4879 837
f 4878 838 4879
f 4881 4879 838
f 4881 838 4880
f 4881 4880 839
f 840 839 4880
f 840 841 839
f 4882 841 840
f 4882 840 842
f 4883 4882 842
f 4883 4884 4882
f 844 4884 4883
f 844 845 4884
f 2020 845 844
f 2020 4885 845
f 846 4885 2020
f 846 2022 4885
f 2022 846 832
f 2022 832 4886
f 4886 832 848
f 4887 850 849
f 4887 849 2023
f 2023 4888 4887
f 2023 851 4888
f 852 4888 851
f 854 855 853
f 854 853 4889
f 4889 4890 854
f 4889 4891 4890
f 4890 4891 2025
f 4890 2025 857
f 857 2025 2027
f 857 2027 2026
f 2027 860 2026
f 2027 861 860
f 861 4892 860
f 861 4893 4892
f 4893 862 4892
f 862 863 4892
f 862 2028 863
f 2028 864 863
f 864 4894 863
f 864 4895 4894
f 4895 865 4894
f 4895 4896 865
f 4896 4897 865
f 4896 4898 4897
f 4898 866 4897
f 866 867 4897
f 866 868 867
f 869 867 868
f 869 868 4899
f 4899 4900 869
f 4899 4901 4900
f 4901 871 4900
f 4901 872 871
f 872 2031 871
f 872 4902 2031
f 4902 873 2031
f 4902 2033 873
f 2033 858 873
f 2033 4903 858
f 4903 875 858
f 876 877 4904
f 876 4904 2034
f 4904 878 2034
f 4904 4905 878
f 878 4905 879
f 2036 880 2037
f 4906 2037 880
f 2038 4907 4908
f 4909 4908 4907
f 4909 2039 4908
f 2038 2040 4907
f 2038 4910 2040
f 2038 2041 4910
f 2041 4911 4912
f 2041 4912 4910
f 4906 2042 4911
f 4913 4911 2042
f 4913 4912 4911
f 4906 880 4914
f 4915 4906 4914
f 4915 2042 4906
f 4907 2043 4909
f 4907 4916 2043
f 2040 4916 4907
f 2040 4917 4916
f 4910 4917 2040
f 4910 4918 4917
f 4918 4910 4912
f 4918 4912 4919
f 4919 4912 4913
f 881 4913 2042
f 881 2042 4915
f 4913 881 2044
f 4919 4913 4920
f 4913 2044 4920
f 2044 881 2045
f 2045 881 4915
f 4921 4915 4914
f 4921 2046 4915
f 2045 4915 2046
f 4916 4922 2043
f 4916 4923 4922
f 4917 4923 4916
f 4917 2047 4923
f 4918 2047 4917
f 2048 4919 4920
f 2048 4920 2044
f 4924 4918 4919
f 2048 4924 4919
f 4918 4925 2047
f 4924 4925 4918
f 2049 2046 4921
f 2045 2046 2049
f 4926 4922 4923
f 2047 4927 4923
f 4926 4923 4927
f 2047 4925 4928
f 2047 4928 4927
f 4925 4924 4929
f 4925 4929 4928
f 4924 2048 4930
f 4924 4930 4929
f 4926 4931 4922
f 2043 4922 4931
f 2050 4926 4927
f 4927 4932 2050
f 4927 4928 4932
f 4928 4929 4933
f 4928 4933 4932
f 4934 4933 4929
f 4934 4929 4930
f 4926 2051 4931
f 2050 4935 4926
f 4935 2051 4926
f 4936 4931 2051
f 2043 4931 4936
f 4937 4935 2050
f 4932 4937 2050
f 4933 4938 4932
f 4932 4938 4937
f 4939 4933 4934
f 4933 4939 4938
f 4939 4934 4940
f 4941 4934 4930
f 4940 4934 4941
f 4938 4939 4942
f 4942 4939 4940
f 4938 4942 4943
f 4937 4938 4943
f 4935 4944 2051
f 4945 4944 4935
f 4937 4945 4935
f 4936 2051 2052
f 2051 4946 2052
f 2051 4944 4946
f 4937 4943 4947
f 2053 4937 4947
f 2053 4945 4937
f 4942 4940 4948
f 4948 4940 4949
f 4940 4941 4949
f 4950 4942 4948
f 4950 4951 4942
f 4951 4943 4942
f 4951 4952 4943
f 4952 4947 4943
f 4944 2054 4946
f 4944 2055 2054
f 4945 2055 4944
f 4945 2053 4953
f 4945 4953 2055
f 4953 2053 4954
f 4954 2053 4947
f 4952 4955 4947
f 4954 4947 4955
f 4948 4949 4956
f 4948 2056 4950
f 4948 4956 2056
f 2055 4953 2057
f 2055 2057 2054
f 4951 4950 4957
f 4958 4950 2056
f 4958 4957 4950
f 4952 4951 4959
f 4951 4957 4959
f 4953 4954 4960
f 2057 4953 4960
f 4952 4961 4955
f 4961 4954 4955
f 4961 2058 4954
f 4954 4962 4960
f 4954 2058 4962
f 2057 4960 4962
f 4956 4963 2056
f 4964 2056 4963
f 4964 4958 2056
f 4965 4958 4964
f 4965 4957 4958
f 4966 4959 4957
f 4965 4966 4957
f 2058 4961 4967
f 444 4962 2058
f 2058 4967 444
f 4965 4964 2059
f 4966 4965 4968
f 4968 4965 2059
f 2059 4964 4969
f 4970 4964 4963
f 4970 4969 4964
f 2059 4969 4971
f 4968 2059 4972
f 4971 4972 2059
f 2060 4969 4970
f 4971 4969 2060
f 4973 4970 4963
f 2060 4970 4974
f 4974 4970 4973
f 4975 4968 4972
f 4968 4975 2061
f 4966 4968 4976
f 4968 2061 4976
f 4975 4972 2062
f 4971 4977 4972
f 4977 2062 4972
f 4971 2060 4978
f 4971 4979 4977
f 4971 4978 4979
f 2060 4974 4980
f 4974 4973 2063
f 2063 4980 4974
f 2060 882 4978
f 2060 4981 882
f 2060 4980 4981
f 4979 4978 882
f 4977 4982 2062
f 4979 4982 4977
f 4975 2062 2064
f 4982 2064 2062
f 4981 4980 2065
f 4981 2065 882
f 4983 2065 4980
f 2063 4983 4980
f 4979 882 1
f 882 4984 1
f 882 2065 4984
f 4979 2066 4982
f 445 4979 1
f 445 2066 4979
f 4982 4985 2064
f 4985 4982 2066
f 4983 4986 2065
f 4984 2065 4986
f 4987 2066 445
f 4985 2066 4987
f 4988 1 4984
f 4989 1 4988
f 4989 445 1
f 4984 4986 4990
f 4991 4984 4990
f 4991 4988 4984
f 2067 4989 4988
f 2067 4988 4991
f 4989 2068 445
f 4987 445 4992
f 4992 445 2068
f 4992 4993 4987
f 4985 4987 4993
f 2069 2068 4989
f 2067 4994 4989
f 2069 4989 4994
f 4991 4995 2067
f 4994 2067 4995
f 4991 4996 4995
f 4996 4991 4990
f 4997 4990 4986
f 4996 4990 4997
f 2070 2068 2069
f 2070 2 2068
f 4992 2068 2
f 4992 4998 4993
f 2 4998 4992
f 883 2069 4994
f 2071 2069 883
f 2071 2070 2069
f 883 4994 3
f 4994 4995 3
f 2 4999 4998
f 2070 4999 2
f 2070 5000 4999
f 2071 5000 2070
f 4995 5001 3
f 4995 5002 5001
f 4996 5002 4995
f 883 3 5001
f 2071 883 5003
f 883 5001 5003
f 4999 5004 4998
f 4999 2072 5004
f 5000 2072 4999
f 2073 4998 5004
f 2073 4993 4998
f 5005 5001 5002
f 5001 5006 5003
f 5001 5005 5006
f 2071 5003 5007
f 5008 5003 5006
f 5008 5007 5003
f 2072 5009 5004
f 5010 5004 5009
f 5010 2073 5004
f 5000 2074 2072
f 5011 2072 2074
f 2072 5011 5009
f 5012 2073 5010
f 5012 4985 2073
f 2073 4985 4993
f 5005 5013 5006
f 2075 5006 5013
f 2075 5008 5006
f 5008 2075 5014
f 5007 5008 5014
f 5015 884 5016
f 5015 5016 5017
f 2076 5015 5017
f 5017 5016 2077
f 5017 2077 5018
f 2076 5017 5019
f 5017 2078 5019
f 5017 5018 2078
f 5019 885 2076
f 2077 5020 5018
f 5018 5021 2078
f 5018 5020 5021
f 2077 5022 5020
f 5022 5023 5020
f 5020 5023 5021
f 5024 2078 5021
f 5023 5024 5021
f 5024 886 2078
f 5019 2078 886
f 5019 886 5025
f 5019 5025 885
f 5025 2079 885
f 5022 887 5023
f 5026 5023 887
f 5026 5027 5023
f 5023 5027 5024
f 886 5024 5028
f 5024 5029 5028
f 5024 5027 5029
f 886 5028 2080
f 5025 886 2080
f 5026 5029 5027
f 5025 5030 2079
f 5025 2080 5030
f 2080 5031 5030
f 5031 2079 5030
f 5031 5032 2079
f 5026 888 5029
f 888 5033 5029
f 5028 5029 5033
f 2080 5028 5034
f 5028 5033 5034
f 2080 5034 5035
f 2080 5035 5031
f 889 5034 5033
f 888 889 5033
f 889 5036 5034
f 5036 5035 5034
f 5036 2081 5035
f 2081 5031 5035
f 890 5032 5031
f 2081 5037 5031
f 890 5031 5037
f 5038 5039 891
f 5038 5040 5039
f 2082 5040 5038
f 5040 2083 5039
f 5040 5041 2083
f 2082 5042 5040
f 5040 2084 5041
f 5040 5042 2084
f 5042 2082 892
f 2083 5041 5043
f 5041 5044 5043
f 5041 2084 5044
f 2083 5043 5045
f 5045 5043 5046
f 5043 5044 5046
f 5047 5044 2084
f 5046 5044 5047
f 5047 2084 893
f 5042 893 2084
f 5042 5048 893
f 5042 892 5048
f 5048 892 2085
f 5045 5046 894
f 5049 894 5046
f 5046 5047 5050
f 5049 5046 5050
f 893 5051 5047
f 5047 5052 5050
f 5047 5051 5052
f 893 2086 5051
f 5048 2086 893
f 5049 5050 5052
f 5048 2085 5053
f 5048 5053 2086
f 2086 5053 5054
f 5054 5053 2085
f 5054 2085 5055
f 5049 5052 895
f 895 5052 5056
f 5051 5056 5052
f 2086 5057 5051
f 5051 5057 5056
f 2086 5058 5057
f 2086 5054 5058
f 896 5056 5057
f 895 5056 896
f 896 5057 5059
f 5059 5057 5058
f 5059 5058 2087
f 2087 5058 5054
f 897 5054 5055
f 897 5060 5054
f 2087 5054 5060
f 2088 446 898
f 2088 2089 446
f 2088 2090 2089
f 5061 2089 2090
f 2088 5062 2090
f 899 5062 2088
f 5063 2090 5062
f 2091 5063 5062
f 899 2091 5062
f 5061 2090 5064
f 5064 2090 900
f 5063 900 2090
f 447 5061 5064
f 900 5063 5065
f 5065 5063 901
f 2091 901 5063
f 5066 901 2091
f 899 5066 2091
f 899 448 5066
f 5064 900 5067
f 2092 5064 5067
f 447 5064 2092
f 900 5065 449
f 5068 900 449
f 5068 5067 900
f 2092 5067 249
f 249 5067 5068
f 5065 901 2093
f 449 5065 5069
f 5069 5065 2093
f 5070 2093 901
f 5066 5070 901
f 448 2094 5066
f 2095 5066 2094
f 2095 5070 5066
f 448 2096 2094
f 449 5069 5071
f 5072 449 5071
f 5072 5068 449
f 249 5068 2097
f 2097 5068 5072
f 2092 249 450
f 2098 249 2097
f 2098 450 249
f 5069 2093 5073
f 5070 451 2093
f 451 5073 2093
f 2099 451 5070
f 2099 5070 2095
f 5074 2095 2094
f 2094 902 5074
f 2094 2096 902
f 903 2099 2095
f 5074 903 2095
f 5071 5075 5072
f 5076 5072 5075
f 2097 5072 5076
f 5077 2098 2097
f 5077 2097 5076
f 5078 450 2098
f 5079 2098 5077
f 5079 5078 2098
f 5080 451 2099
f 5080 5081 451
f 451 5081 5073
f 2099 5082 5080
f 2099 5083 5082
f 903 5083 2099
f 2100 5077 5076
f 5076 5075 2100
f 452 5079 5077
f 2100 452 5077
f 5081 5080 2101
f 5082 2101 5080
f 452 5084 5079
f 5084 5085 5079
f 5085 5078 5079
f 5086 2100 5075
f 904 2100 5086
f 904 452 2100
f 5087 5084 452
f 5087 452 904
f 5081 2101 5088
f 5073 5081 5088
f 5089 5084 5087
f 5089 2102 5084
f 5084 2102 5085
f 2103 5087 904
f 2104 904 5086
f 2104 2103 904
f 5090 5089 5087
f 2103 5090 5087
f 5091 5090 2103
f 2104 5091 2103
f 453 2102 5089
f 5090 2105 5089
f 2105 453 5089
f 2104 5092 5091
f 5093 2104 5086
f 5093 5092 2104
f 5094 2105 5090
f 5091 5095 5090
f 5094 5090 5095
f 5094 5096 2105
f 2105 5096 453
f 5097 5095 5091
f 2106 5091 5092
f 5097 5091 2106
f 453 5098 2102
f 5099 5098 453
f 5096 5099 453
f 2107 5094 5095
f 2107 5095 5097
f 2107 5100 5094
f 5094 5100 5096
f 5100 2108 5096
f 5096 2108 5099
f 2106 5092 2109
f 5101 2109 5092
f 5093 5101 5092
f 5102 2107 5097
f 5103 5097 2106
f 5103 5102 5097
f 5104 5103 2106
f 5104 2106 2109
f 5099 2110 5098
f 5105 2110 5099
f 2108 5105 5099
f 2107 2111 5100
f 5102 5106 2107
f 5106 2111 2107
f 2111 5107 5100
f 5100 5107 2108
f 5107 2112 2108
f 2108 2112 5105
f 5108 5102 5103
f 5108 5106 5102
f 905 5103 5104
f 5108 5103 905
f 5109 5104 2109
f 905 5104 2113
f 2113 5104 5109
f 5105 2114 2110
f 5110 2114 5105
f 2112 5110 5105
f 2111 2115 5107
f 5106 5111 2111
f 5111 2115 2111
f 5108 2116 5106
f 5111 5106 2116
f 5010 5009 5112
f 906 5009 5011
f 906 5112 5009
f 906 5011 5113
f 5011 2074 5113
f 907 5012 5010
f 5010 5112 300
f 907 5010 300
f 5114 2075 5013
f 5114 5014 2075
f 5012 2064 4985
f 2117 5012 907
f 2117 5115 5012
f 5012 5115 2064
f 454 300 5112
f 5116 5112 906
f 5116 454 5112
f 5117 5116 906
f 906 5113 2118
f 5117 906 2118
f 907 455 2117
f 907 5118 455
f 300 5118 907
f 300 5119 5118
f 454 5119 300
f 2064 5115 5120
f 5120 5115 2117
f 5121 2117 455
f 5120 2117 5121
f 5122 5119 454
f 5116 5122 454
f 2119 5116 5117
f 2119 2120 5116
f 5116 2120 5122
f 5118 5119 2121
f 5122 2121 5119
f 5123 5117 2118
f 2122 5117 5123
f 2122 2119 5117
f 2123 455 5118
f 5121 455 5124
f 5124 455 2123
f 2123 5118 5125
f 5118 2121 5125
f 456 2121 5122
f 2120 456 5122
f 4 5120 5121
f 5126 5121 5124
f 5126 4 5121
f 5127 2120 2119
f 908 2119 2122
f 908 5127 2119
f 2120 909 456
f 5127 909 2120
f 5124 2123 5128
f 5128 5126 5124
f 2124 2122 5123
f 457 2122 2124
f 457 908 2122
f 2123 458 5128
f 2123 5129 458
f 5129 2123 5125
f 5127 5130 909
f 5130 456 909
f 5127 5131 5130
f 908 5131 5127
f 5128 301 5126
f 458 301 5128
f 4 5126 5132
f 301 5132 5126
f 908 5133 5131
f 908 5134 5133
f 908 457 5134
f 5135 457 2124
f 5136 457 5135
f 5136 5134 457
f 5131 5133 2125
f 5134 2125 5133
f 2125 5137 5131
f 5137 5130 5131
f 301 2126 5132
f 458 910 301
f 910 2126 301
f 5134 2127 2125
f 5138 5134 5136
f 5138 2127 5134
f 459 2125 2127
f 459 2127 5138
f 5139 5138 5136
f 459 5138 5139
f 5139 5136 5140
f 5141 5136 5135
f 5141 5140 5136
f 2125 2128 5137
f 2125 5142 2128
f 2125 2129 5142
f 459 2129 2125
f 5140 5143 5139
f 459 5139 2130
f 5139 5143 2130
f 2129 459 5144
f 459 5145 5144
f 459 2130 5145
f 5140 5146 5143
f 5140 911 5146
f 5140 5141 911
f 5145 2130 912
f 2130 5143 912
f 2129 5147 5142
f 2129 5 5147
f 2129 5144 5
f 5 5144 302
f 302 5144 5145
f 5145 912 2131
f 302 5145 2131
f 912 5143 5148
f 5143 5149 5148
f 5143 5146 5149
f 5146 911 5150
f 5146 5150 5149
f 2131 912 6
f 912 5148 6
f 2132 5147 5
f 5 302 2132
f 302 2131 5151
f 460 5151 2131
f 2131 6 460
f 302 5151 5152
f 5153 302 5152
f 5153 2132 302
f 5154 5149 5150
f 5154 5155 5149
f 5155 5148 5149
f 913 6 5148
f 5155 5156 5148
f 913 5148 5156
f 6 913 303
f 6 303 460
f 460 5157 5151
f 5157 460 303
f 2133 5151 5157
f 2133 7 5151
f 7 5152 5151
f 7 461 5152
f 2134 5152 461
f 2134 5153 5152
f 5155 5154 5158
f 5159 5156 5155
f 5155 5158 5159
f 5160 913 5156
f 5159 5160 5156
f 913 8 303
f 5160 8 913
f 914 2134 461
f 914 461 7
f 5157 303 5161
f 8 5162 303
f 5161 303 5162
f 2135 2133 5157
f 2135 5157 5161
f 915 2133 2135
f 915 5163 2133
f 5163 7 2133
f 5163 916 7
f 914 7 916
f 5158 5164 5159
f 5164 5160 5159
f 5165 8 5160
f 5164 5165 5160
f 5165 917 8
f 8 917 5162
f 9 2135 5161
f 5161 5162 10
f 9 5161 10
f 5166 915 2135
f 5166 2135 9
f 2136 916 5163
f 914 916 2136
f 2137 5163 915
f 2136 5163 2137
f 2137 915 11
f 5167 915 5166
f 5167 11 915
f 918 5166 9
f 5167 5166 918
f 918 9 2138
f 10 2138 9
f 2137 12 2136
f 2137 2139 12
f 11 2139 2137
f 2140 917 5165
f 917 2140 5162
f 10 5168 2138
f 10 2141 5168
f 10 5162 2141
f 918 2138 2142
f 5168 2142 2138
f 11 919 2139
f 304 11 5167
f 304 919 11
f 918 2142 5169
f 2143 918 5169
f 5167 918 2143
f 5162 2140 5170
f 5162 5170 2141
f 2139 919 5171
f 304 5171 919
f 2139 5172 12
f 2139 5173 5172
f 2139 5171 5173
f 5168 5174 2142
f 5168 920 5174
f 5168 2141 920
f 2141 5170 2144
f 2141 2144 920
f 5169 2142 2145
f 5174 2145 2142
f 2143 5169 2146
f 5169 2145 13
f 2146 5169 13
f 5174 5175 2145
f 5174 14 5175
f 5174 920 14
f 920 2144 305
f 920 305 14
f 5176 305 2144
f 5176 2144 5170
f 13 2145 2147
f 2145 921 2147
f 2145 5175 921
f 13 2147 5177
f 2148 13 5177
f 2146 13 2148
f 921 5175 5178
f 5175 5179 5178
f 5175 14 5179
f 14 305 5180
f 14 5180 5179
f 305 880 5180
f 305 2149 880
f 5176 2149 305
f 5179 5180 2036
f 2036 5180 880
f 5178 5179 5181
f 5179 2036 5181
f 2148 5177 15
f 922 15 5177
f 922 5177 2147
f 921 5178 923
f 4914 880 2149
f 4914 2149 4921
f 4921 2149 2150
f 2149 5176 2150
f 4921 2150 5182
f 2049 4921 5182
f 2150 5176 5183
f 2151 5107 2115
f 2151 5184 5107
f 5107 5184 2112
f 5184 5185 2112
f 2112 5185 5110
f 905 16 5108
f 5108 2152 2116
f 5108 16 2152
f 2113 2153 905
f 905 2153 16
f 5186 2151 2115
f 5111 5186 2115
f 5110 5187 2114
f 5185 5188 5110
f 5188 5187 5110
f 5111 2116 306
f 2154 5111 306
f 2154 5186 5111
f 2116 2152 924
f 2116 924 306
f 5189 5184 2151
f 5186 5190 2151
f 5190 5189 2151
f 5189 5191 5184
f 5184 5191 5185
f 5190 5186 2154
f 16 2153 5192
f 2152 16 5193
f 16 5192 5193
f 2152 5193 5194
f 924 2152 5194
f 306 924 2155
f 306 2155 2154
f 5190 2154 2156
f 2154 2157 2156
f 2154 2155 2157
f 924 5194 5195
f 924 5196 2155
f 924 5195 5196
f 2158 5191 5189
f 5190 5197 5189
f 5197 2158 5189
f 5198 5197 5190
f 5198 5190 2156
f 2155 5196 5199
f 2155 5199 2157
f 2156 2157 5200
f 2156 5200 5198
f 5200 2157 5199
f 5193 5192 2159
f 5194 5193 5201
f 5193 2159 5201
f 462 5196 5195
f 462 5195 5194
f 5197 5202 2158
f 5198 5202 5197
f 462 2160 5196
f 5196 2161 5199
f 5196 2160 2161
f 5198 2162 5202
f 5198 925 2162
f 5198 5200 925
f 5200 5199 5203
f 925 5200 5203
f 5199 2161 5204
f 5199 5204 5203
f 925 5203 5205
f 5205 5203 5204
f 5206 925 5205
f 2162 925 5206
f 5202 2162 5207
f 2162 5206 5207
f 2160 462 5208
f 2161 2160 17
f 2160 5208 17
f 5209 5204 2161
f 2161 17 5209
f 5209 463 5204
f 2163 5204 463
f 5205 5204 2163
f 5210 5205 2163
f 5206 5205 5210
f 5207 5206 18
f 18 5206 5210
f 17 2164 5209
f 5209 5211 463
f 5209 2164 5211
f 17 5208 2165
f 17 5212 2164
f 17 2165 5212
f 463 5211 2166
f 2163 463 5213
f 463 2166 5213
f 5210 2163 5214
f 5213 5214 2163
f 5215 5210 5214
f 18 5210 5215
f 5216 2164 5212
f 5216 5212 2165
f 5216 5217 2164
f 2164 926 5211
f 2164 5217 926
f 5211 926 5218
f 5211 5218 2166
f 2166 5219 5213
f 5213 5219 5214
f 5218 5220 2166
f 2166 5220 5219
f 5215 5214 2167
f 2167 5214 5219
f 2167 5219 5221
f 5220 5221 5219
f 5216 2165 5222
f 5223 5217 5216
f 5223 5216 5222
f 5223 5224 5217
f 926 5217 5224
f 926 5224 5225
f 5218 926 5225
f 5218 5226 5220
f 5218 5225 5227
f 5227 5226 5218
f 5226 2168 5220
f 5220 2168 5221
f 2167 5221 5228
f 5221 5229 5228
f 5221 2168 5229
f 5224 5230 5225
f 5225 2169 5227
f 5225 5230 2169
f 5231 5224 5223
f 5231 464 5224
f 5224 464 5230
f 2170 5231 5223
f 5223 5222 927
f 2170 5223 927
f 5226 5232 2168
f 928 5232 5226
f 5227 928 5226
f 5233 928 5227
f 5233 5227 2169
f 2168 5232 5234
f 2168 5234 5229
f 5233 2169 5235
f 5230 5235 2169
f 464 307 5230
f 5230 307 5235
f 5231 19 464
f 464 19 307
f 2170 5236 5231
f 5231 5236 19
f 5233 5237 928
f 928 5237 5232
f 5232 5237 5238
f 5232 5238 5234
f 2170 927 5239
f 5222 5239 927
f 5240 307 19
f 5241 307 5240
f 5241 5235 307
f 5242 5235 5241
f 5242 5243 5235
f 5233 5235 5243
f 5244 19 5236
f 5244 2171 19
f 5240 19 2171
f 5242 5241 929
f 929 5241 5240
f 5245 5240 2171
f 929 5240 5245
f 5246 5243 5242
f 5242 929 2172
f 5246 5242 2172
f 5247 2172 929
f 5247 929 5245
f 5222 5248 5239
f 2165 5248 5222
f 930 2171 5244
f 930 5249 2171
f 5245 2171 5249
f 5250 5245 5249
f 5247 5245 5250
f 5247 5251 2172
f 5252 5247 5250
f 5252 5251 5247
f 5253 2172 5251
f 5253 931 2172
f 5246 2172 931
f 5253 5251 2173
f 5252 2173 5251
f 5254 5249 930
f 5254 2174 5249
f 5250 5249 2174
f 5255 5250 2174
f 5252 5250 5255
f 5256 2173 5252
f 5257 5252 5255
f 5257 5256 5252
f 5253 2173 2175
f 5258 931 5253
f 5258 5253 2175
f 5256 5259 2173
f 2176 2173 5259
f 2176 2175 2173
f 5260 5256 5257
f 5260 5259 5256
f 5261 2174 5254
f 5261 5262 2174
f 5255 2174 5262
f 2177 5257 5255
f 2177 5255 5262
f 5263 5257 2177
f 5260 5257 5263
f 5260 2178 5259
f 2178 2176 5259
f 932 2178 5260
f 5263 932 5260
f 5264 2175 2176
f 5264 2179 2175
f 5258 2175 2179
f 5265 2177 5262
f 5265 5262 5261
f 5266 2177 5265
f 5263 2177 5266
f 2176 933 5264
f 2176 5267 933
f 2178 5267 2176
f 5268 5263 5266
f 5268 5269 5263
f 5263 5269 932
f 932 5270 2178
f 2178 5271 5267
f 2178 5270 5271
f 933 5267 5271
f 932 2180 5270
f 932 5272 2180
f 5269 5272 932
f 5271 5270 2180
f 5273 5268 5266
f 5266 5265 5274
f 5273 5266 5274
f 2181 5269 5268
f 2181 5268 5273
f 2181 5275 5269
f 5269 5275 5272
f 2182 933 5271
f 5271 2180 5276
f 2182 5271 5276
f 2180 5277 5276
f 2180 5278 5277
f 5272 5278 2180
f 5272 934 5278
f 5272 20 934
f 5272 5275 20
f 5275 2181 5279
f 5275 5279 20
f 5182 2150 5280
f 2150 5183 5280
f 5281 2049 5182
f 5182 5280 5282
f 5281 5182 5282
f 5280 5183 935
f 5282 5280 2183
f 5280 935 2183
f 5183 5176 465
f 5176 5170 465
f 5283 935 5183
f 5284 5183 465
f 5284 5283 5183
f 2140 5284 465
f 2140 465 5170
f 2184 5281 5282
f 5282 2183 5285
f 2184 5282 5285
f 2185 2049 5281
f 2184 5286 5281
f 2185 5281 5286
f 2183 935 5287
f 5164 935 5283
f 5164 5287 935
f 5165 5164 5283
f 5165 5283 5284
f 2140 5165 5284
f 5288 2184 5285
f 936 2184 5288
f 2184 936 5286
f 2185 5286 5289
f 5286 5290 5289
f 5286 936 5290
f 5158 5287 5164
f 5288 5285 5291
f 5291 5285 2183
f 5292 5287 5158
f 2183 5287 5292
f 5291 2183 5292
f 5291 2186 5288
f 2186 5293 5288
f 936 5288 5293
f 936 5293 5294
f 936 5294 5290
f 5291 5292 2187
f 5292 5158 2187
f 5291 5295 2186
f 5291 2187 5295
f 5296 5295 2187
f 5158 5296 2187
f 5158 5154 5296
f 2186 2188 5293
f 5297 5293 2188
f 5297 5294 5293
f 2186 5298 2188
f 2186 5299 5298
f 5295 5299 2186
f 5298 5297 2188
f 5295 5300 5299
f 5296 5300 5295
f 5296 308 5300
f 5296 2189 308
f 5154 2189 5296
f 466 5298 5299
f 5300 466 5299
f 5300 308 466
f 5154 5150 2189
f 5298 5301 5297
f 466 2190 5298
f 2190 5301 5298
f 937 466 308
f 2189 5302 308
f 937 308 5302
f 2189 2191 5302
f 5150 2191 2189
f 2192 2190 466
f 2192 466 937
f 2192 5303 2190
f 2190 5303 5301
f 2191 2193 5302
f 2193 937 5302
f 2193 2194 937
f 2194 2192 937
f 5150 911 2191
f 2191 2195 2193
f 911 2195 2191
f 5304 2193 2195
f 5304 2194 2193
f 5304 2196 2194
f 2194 2197 2192
f 2197 2194 2196
f 5305 2192 2197
f 5305 5114 2192
f 2192 5114 5303
f 2197 2196 5306
f 5306 5305 2197
f 911 5141 2195
f 5304 2195 2198
f 2195 5135 2198
f 2195 5141 5135
f 5307 2196 5304
f 5307 5304 2198
f 2196 5308 5306
f 2196 467 5308
f 5307 467 2196
f 5306 2199 5305
f 5308 2199 5306
f 2199 5014 5305
f 5114 5305 5014
f 5307 2198 2124
f 5135 2124 2198
f 2124 5123 5307
f 5123 467 5307
f 21 5308 467
f 5123 21 467
f 21 5309 5308
f 5308 2200 2199
f 5309 2200 5308
f 2199 5310 5014
f 2200 5310 2199
f 5123 2118 21
f 2118 5309 21
f 5007 5014 5310
f 2118 5113 5309
f 5113 2201 5309
f 5309 2201 2200
f 2200 2201 5311
f 2200 5312 5310
f 2200 5311 5312
f 2071 5007 5310
f 2071 5310 5312
f 2071 5312 5311
f 5000 5311 2201
f 2071 5311 5000
f 5113 2074 2201
f 5000 2201 2074
f 22 5313 309
f 938 22 309
f 5314 22 938
f 938 309 2202
f 5315 5314 938
f 2203 938 2202
f 5315 938 2203
f 2203 2202 5316
f 23 5315 2203
f 5317 2203 5316
f 23 2203 5317
f 23 2204 5315
f 5315 2205 5314
f 5315 2204 2205
f 5314 2205 2206
f 939 2205 2204
f 939 5318 2205
f 5318 2206 2205
f 5318 24 2206
f 24 2207 2206
f 2208 5318 939
f 2208 2209 5318
f 2209 24 5318
f 24 5319 2207
f 2210 5319 24
f 2209 2210 24
f 940 2207 5319
f 2210 25 5319
f 940 5319 25
f 2208 5320 2209
f 2209 941 2210
f 2209 5320 941
f 2210 941 5321
f 2210 5321 25
f 2208 5322 5320
f 5323 2208 939
f 5323 5322 2208
f 940 25 2211
f 2211 25 5324
f 25 5321 5324
f 5321 941 5325
f 941 2212 5325
f 5320 2212 941
f 5322 2213 5320
f 5320 2213 5326
f 5320 5326 2212
f 5321 5325 2214
f 5321 5327 5324
f 5321 2214 5327
f 2214 5325 5328
f 2212 5328 5325
f 5322 2215 2213
f 5323 942 5322
f 942 2215 5322
f 2213 5329 5326
f 2212 5326 5329
f 2212 5329 5330
f 2212 5330 5328
f 2216 5324 5327
f 2214 5331 5327
f 2216 5327 5331
f 2214 5328 5332
f 2214 5332 5331
f 2213 2215 5333
f 2213 5334 5329
f 2213 5333 5334
f 2217 5328 5330
f 2217 5330 5329
f 2217 26 5328
f 5332 5328 26
f 2217 5329 5335
f 2218 5329 5334
f 2218 5335 5329
f 2218 5334 5333
f 5332 5336 5331
f 2216 5331 5337
f 5337 5331 5336
f 5332 26 2219
f 5332 2219 5336
f 5338 2217 5335
f 5338 5339 2217
f 5339 26 2217
f 5339 5340 26
f 2219 26 5340
f 5341 5338 5335
f 5341 5335 2218
f 2218 5333 5342
f 5342 5341 2218
f 2220 5340 5339
f 2220 5339 5338
f 2219 5343 5336
f 2221 5336 5343
f 5337 5336 2221
f 2219 5340 5344
f 2219 5344 5343
f 2220 5345 5340
f 5344 5340 5345
f 2222 5338 5341
f 2222 5346 5338
f 2220 5338 5346
f 5342 5347 5341
f 2222 5341 5347
f 5343 5344 2223
f 5344 5345 2223
f 5348 2220 5346
f 5348 5349 2220
f 5349 5345 2220
f 943 2223 5345
f 5349 943 5345
f 2221 5343 5350
f 5350 5343 5351
f 5343 2223 5351
f 5352 5348 5346
f 5352 5346 2222
f 943 5353 2223
f 5353 5351 2223
f 5354 5352 2222
f 2222 5347 5355
f 5354 2222 5355
f 5349 5348 5356
f 2181 5273 5357
f 5358 5357 5273
f 5358 5273 5274
f 944 5279 2181
f 944 2181 5357
f 945 2182 5276
f 945 5276 5277
f 5359 5277 5278
f 945 5277 5359
f 5278 934 5360
f 5359 5278 2224
f 5278 5360 2224
f 934 20 5361
f 934 5361 5360
f 20 5279 2225
f 20 2225 5361
f 5362 2225 5279
f 5362 5279 944
f 5358 2226 5357
f 5357 5363 944
f 5357 2226 5363
f 944 5363 2227
f 944 2227 5362
f 468 2225 5362
f 5361 2225 468
f 5361 468 5364
f 5360 5361 5364
f 5360 5364 5365
f 2224 5360 5365
f 2224 5365 5366
f 5359 2224 5366
f 2227 5367 5362
f 468 5362 5367
f 5364 468 310
f 310 468 5367
f 5364 310 5368
f 5365 5364 5368
f 5363 5369 2227
f 5369 5370 2227
f 2227 5370 5367
f 5363 5371 5369
f 5372 5363 2226
f 5372 5371 5363
f 5365 2228 5366
f 5365 946 2228
f 5365 5368 946
f 5367 5370 2229
f 310 5367 947
f 5367 2229 947
f 5369 5373 5370
f 2229 5370 5373
f 5374 5368 310
f 5375 5368 5374
f 5375 946 5368
f 5376 5369 5371
f 5376 2230 5369
f 2230 5373 5369
f 2231 5376 5371
f 2231 5371 5372
f 946 5375 2232
f 946 2232 2228
f 27 2230 5376
f 27 5376 2231
f 2229 5373 5377
f 5378 5377 5373
f 2230 5378 5373
f 2229 5379 947
f 2229 5380 5379
f 5380 2229 5377
f 5381 5378 2230
f 27 5381 2230
f 5382 2232 5375
f 5383 5375 5374
f 5382 5375 5383
f 5380 5377 5384
f 5384 5377 2233
f 5378 2233 5377
f 5385 2233 5378
f 5381 5385 5378
f 5379 5380 2234
f 2234 5380 5384
f 2235 5381 27
f 311 5381 2235
f 311 5385 5381
f 2234 5384 5386
f 5386 5384 5387
f 5384 2233 5387
f 5388 5387 2233
f 5385 5388 2233
f 948 5388 5385
f 948 5385 311
f 5388 5389 5387
f 5389 5388 948
f 5386 5387 2236
f 2236 5387 5389
f 5390 2234 5386
f 2236 5390 5386
f 948 311 5391
f 311 5392 5391
f 311 2235 5392
f 948 5391 5393
f 5394 948 5393
f 5389 948 5394
f 2237 5389 5394
f 2236 5389 2237
f 2236 5395 5390
f 2237 5395 2236
f 5391 5392 2238
f 5393 5391 5396
f 5391 2238 5396
f 5393 5396 2239
f 5397 5393 2239
f 5394 5393 5397
f 2237 5394 2240
f 2240 5394 5397
f 5396 2238 5398
f 5392 5399 2238
f 5399 5398 2238
f 2239 5396 5400
f 5396 5398 5400
f 5397 2239 5401
f 5401 2239 5402
f 2239 5400 5402
f 5403 5397 5401
f 2240 5397 5403
f 5404 2237 2240
f 469 2240 5403
f 5404 2240 469
f 5400 5398 250
f 5402 5400 312
f 5400 250 312
f 5399 5405 5398
f 5398 28 250
f 5398 5405 28
f 5401 5402 5406
f 5406 5402 949
f 5402 312 949
f 5403 5401 2241
f 5407 5401 5406
f 5407 2241 5401
f 5408 5403 2241
f 469 5403 5408
f 5409 5404 469
f 950 469 5408
f 5409 469 950
f 5410 250 28
f 5411 250 5410
f 5411 312 250
f 5412 949 312
f 5412 312 5411
f 5406 949 5413
f 29 5406 5413
f 29 5407 5406
f 5414 5413 949
f 5414 949 5412
f 2241 5407 5415
f 5415 5407 29
f 2241 5415 5416
f 5408 2241 5416
f 5417 5408 5416
f 950 5408 5417
f 29 5413 5414
f 5418 5409 950
f 5419 950 5417
f 5418 950 5419
f 2242 5412 5411
f 5420 5411 5410
f 2242 5411 5420
f 5421 5414 5412
f 5421 5412 2242
f 5422 5414 5421
f 29 5414 5422
f 5415 29 5423
f 5424 29 5422
f 5424 5423 29
f 5416 5415 5425
f 5425 5415 5423
f 5416 5425 2243
f 5417 5416 2243
f 5426 5417 2243
f 5419 5417 5426
f 5427 5419 5426
f 5418 5419 5427
f 2244 5424 5422
f 5422 5421 2244
f 5428 5421 2242
f 5429 2242 5420
f 5428 2242 5429
f 5430 2244 5421
f 5430 5421 5428
f 5425 5423 951
f 5431 5423 5424
f 5431 951 5423
f 5432 5431 5424
f 2244 5432 5424
f 5433 5432 2244
f 5433 2244 5430
f 5434 2243 5425
f 5435 5425 951
f 5435 5434 5425
f 5426 2243 5436
f 5434 5436 2243
f 5437 5426 5436
f 5427 5426 5437
f 5435 951 5431
f 2245 5430 5428
f 5438 5428 5429
f 2245 5428 5438
f 470 5433 5430
f 470 5430 2245
f 5432 2246 5431
f 5435 5431 5439
f 5439 5431 2246
f 5440 2246 5432
f 5440 5432 5433
f 952 5440 5433
f 952 5433 470
f 5441 5434 5435
f 5441 5435 5439
f 5441 5442 5434
f 5442 5436 5434
f 5442 5443 5436
f 5437 5436 5443
f 2247 2245 5438
f 5444 2245 2247
f 5444 470 2245
f 5445 952 470
f 5445 470 5444
f 5446 2246 5440
f 5446 5447 2246
f 5439 2246 5447
f 5441 5439 5448
f 5448 5439 5447
f 5449 5446 5440
f 5449 5440 952
f 5450 5449 952
f 5450 952 5445
f 5443 5442 5451
f 5451 5442 5441
f 5451 5441 30
f 5452 5441 5448
f 5452 30 5441
f 5444 5453 5445
f 5450 5445 5453
f 2247 5454 5444
f 5444 5454 5453
f 5455 5452 5448
f 5448 5447 5455
f 5456 5455 5447
f 5456 5447 5446
f 5457 5456 5446
f 5457 5446 5449
f 5450 5457 5449
f 5450 5453 5458
f 5459 5450 5458
f 5450 5459 5457
f 5348 2248 5356
f 5348 5352 2248
f 943 5349 2249
f 5349 5356 2249
f 5352 5354 5460
f 5352 5460 2248
f 5353 5461 5351
f 5461 2250 5351
f 5350 5351 2250
f 5462 5350 2250
f 2221 5350 5462
f 5463 2249 5356
f 31 5356 2248
f 31 5463 5356
f 5464 31 2248
f 5464 2248 5460
f 5463 5465 2249
f 5354 2251 5460
f 5466 5460 2251
f 5466 5464 5460
f 5461 5467 2250
f 5467 5468 2250
f 5462 2250 5468
f 5463 31 2252
f 5465 5463 5469
f 5463 2252 5469
f 31 5464 5470
f 31 5470 2252
f 2253 5470 5464
f 2253 5464 5466
f 2253 5466 5471
f 5471 5466 2251
f 5472 5470 2253
f 2252 5470 5472
f 2252 5472 5473
f 5469 2252 5473
f 5467 5474 5468
f 2253 5471 5475
f 5472 2253 5476
f 5476 2253 5475
f 2254 5472 5476
f 2254 5477 5472
f 5477 5473 5472
f 5477 2255 5473
f 5478 2254 5476
f 5476 5475 313
f 5478 5476 313
f 5479 2254 5478
f 5479 5480 2254
f 5480 5477 2254
f 5481 2255 5477
f 5480 5481 5477
f 2256 5479 5478
f 313 2256 5478
f 313 5482 2256
f 5475 5482 313
f 953 5480 5479
f 953 2257 5480
f 2257 5481 5480
f 2256 5483 5479
f 5479 2258 953
f 5479 5483 2258
f 2259 5483 2256
f 5482 2259 2256
f 5484 2257 953
f 2258 5484 953
f 5481 5485 2255
f 5486 5485 5481
f 2257 5486 5481
f 5487 5486 2257
f 5484 5487 2257
f 2259 5488 5483
f 5489 5488 2259
f 5482 5490 2259
f 5490 5489 2259
f 5487 5491 5486
f 5491 2260 5486
f 5486 2260 5485
f 5491 5492 2260
f 5492 5493 2260
f 2260 5494 5485
f 2260 5493 5494
f 5485 5494 5495
f 5485 5495 2255
f 5489 5496 5488
f 5488 5496 32
f 5496 5489 5497
f 5498 5497 5489
f 5490 5498 5489
f 5496 5497 2261
f 32 5496 2261
f 5492 5499 5493
f 5499 2262 5493
f 2262 5494 5493
f 5500 5495 5494
f 2262 5500 5494
f 5500 2263 5495
f 32 2261 5501
f 5502 32 5501
f 2261 5503 5501
f 2261 5504 5503
f 2261 5497 5504
f 5503 5502 5501
f 5497 314 5504
f 5497 2264 314
f 5498 2264 5497
f 2262 5505 5500
f 5500 5505 954
f 5500 954 2263
f 5506 5502 5503
f 5507 5506 5503
f 5504 955 5503
f 5507 5503 955
f 5504 2265 955
f 314 2265 5504
f 5508 314 2264
f 2266 314 5508
f 2266 471 314
f 314 471 2265
f 5509 5507 955
f 2265 5510 955
f 5509 955 5510
f 471 5511 2265
f 2265 5511 5510
f 2267 5506 5507
f 5512 5507 5509
f 5512 2267 5507
f 2267 5513 5506
f 5513 5514 5506
f 5515 471 2266
f 5515 5516 471
f 471 5516 5511
f 2266 5508 5517
f 5515 2266 956
f 2266 5517 956
f 5518 5509 5510
f 2268 5509 5518
f 2268 5512 5509
f 5518 5510 5519
f 5511 5519 5510
f 5511 2269 5519
f 5516 2269 5511
f 5513 2267 5520
f 2267 5521 5520
f 2267 5512 5521
f 5512 2268 5522
f 5512 5522 5521
f 5515 956 5523
f 2270 5516 5515
f 2270 5515 5523
f 2270 5524 5516
f 5516 5524 2269
f 5525 956 5517
f 5525 2271 956
f 2271 5523 956
f 5526 5518 5519
f 2272 5518 5526
f 2272 2268 5518
f 2268 2272 5527
f 2268 5527 5522
f 5526 5519 957
f 2269 957 5519
f 2269 5528 957
f 5524 5528 2269
f 5521 5522 33
f 5520 5521 5529
f 5521 33 5529
f 5522 5527 958
f 5522 958 33
f 5530 2272 5526
f 5530 5526 957
f 5528 5530 957
f 5531 5524 2270
f 5531 5532 5524
f 5524 5532 5528
f 5528 5532 5530
f 5527 2272 251
f 5527 251 958
f 2272 315 251
f 2272 2273 315
f 2273 2272 5530
f 2273 5530 472
f 5532 472 5530
f 5532 5533 472
f 5531 5533 5532
f 2273 34 315
f 2273 2274 34
f 2274 2273 472
f 2274 472 959
f 5533 959 472
f 5533 5534 959
f 5531 316 5533
f 5534 5533 316
f 2274 2275 34
f 2274 2276 2275
f 2276 2274 959
f 5534 2277 959
f 2276 959 2277
f 5534 5535 2277
f 5534 316 2278
f 5535 5534 2278
f 2276 317 2275
f 2276 2279 317
f 2279 2276 2277
f 5535 473 2277
f 2279 2277 473
f 5535 35 473
f 5535 2278 2280
f 35 5535 2280
f 2278 316 474
f 2280 2278 960
f 2278 474 960
f 2279 36 317
f 2279 2281 36
f 2281 2279 473
f 35 2282 473
f 2281 473 2282
f 35 5536 2282
f 35 2280 318
f 5536 35 318
f 2280 960 5537
f 318 2280 5537
f 37 960 474
f 37 2283 960
f 2283 5537 960
f 2281 961 36
f 2281 2284 961
f 2284 2281 2282
f 5536 962 2282
f 2284 2282 962
f 5536 5538 962
f 5536 318 2285
f 5538 5536 2285
f 318 5537 252
f 2285 318 252
f 2283 2286 5537
f 2286 252 5537
f 5539 2286 2283
f 37 5540 2283
f 5539 2283 5540
f 2284 319 961
f 2284 38 319
f 38 2284 962
f 5538 475 962
f 38 962 475
f 5539 2287 2286
f 2286 2287 252
f 2287 5541 252
f 2285 252 5541
f 2288 2285 5541
f 5538 2285 2288
f 5538 5542 475
f 5542 5538 2288
f 5539 5543 2287
f 2289 5539 5540
f 2289 5543 5539
f 2290 5453 5454
f 5458 5453 2290
f 5455 2291 5452
f 5544 30 5452
f 5544 5452 2291
f 5545 2291 5455
f 5545 5455 5456
f 2292 5545 5456
f 2292 5456 5457
f 5545 5544 2291
f 5546 2292 5457
f 5546 5457 5459
f 5458 2290 5547
f 5548 5458 5547
f 5459 5458 5548
f 5546 5459 5549
f 5549 5459 5548
f 5545 2292 5550
f 5545 5550 5544
f 5551 5550 2292
f 5551 2292 5546
f 5546 5549 2293
f 5551 5546 2293
f 2294 5550 5551
f 5544 5550 2294
f 2290 5552 5547
f 5552 2295 5547
f 5548 5547 2295
f 5548 2295 5553
f 5549 5548 5554
f 5548 5553 5554
f 5549 320 2293
f 5549 5555 320
f 5555 5549 5554
f 5551 2293 5556
f 2294 5551 5557
f 5556 5557 5551
f 2293 320 5558
f 2293 5558 5556
f 5555 5554 5559
f 5553 5559 5554
f 2295 5560 5553
f 2295 5561 5560
f 5552 5561 2295
f 5560 2296 5553
f 5553 2296 5559
f 5556 2297 5557
f 5558 2297 5556
f 5555 2298 320
f 320 5562 5558
f 320 2298 5562
f 5555 2299 2298
f 5559 2299 5555
f 2296 5563 5559
f 5559 5563 2299
f 5558 5562 5564
f 5558 963 2297
f 5558 5564 963
f 2299 2300 2298
f 2300 5562 2298
f 2300 5565 5562
f 5564 5562 5565
f 2296 2301 5563
f 5560 5566 2296
f 5566 2301 2296
f 2299 2302 2300
f 5567 2302 2299
f 5568 2299 5563
f 5567 2299 5568
f 5569 5563 2301
f 5569 5570 5563
f 5568 5563 5570
f 5569 2301 5571
f 5566 5571 2301
f 2303 2300 2302
f 964 2300 2303
f 964 5565 2300
f 2304 5570 5569
f 5568 5570 2304
f 5572 2302 5567
f 5572 2305 2302
f 2303 2302 2305
f 2306 5567 5568
f 2307 5567 2306
f 2307 5572 5567
f 2306 5568 5573
f 5568 2304 5573
f 321 964 2303
f 965 2303 2305
f 965 321 2303
f 5574 965 2305
f 5574 2305 5572
f 5575 5574 5572
f 5575 5572 2307
f 321 965 2308
f 2308 965 5574
f 5573 5576 2306
f 966 2306 5576
f 966 2307 2306
f 5577 5575 2307
f 5577 2307 966
f 2308 5574 5578
f 5578 5574 5575
f 2309 5575 5577
f 5578 5575 2309
f 5576 5579 966
f 5577 966 5579
f 321 2308 2310
f 967 2310 2308
f 967 2308 5578
f 5573 5580 5576
f 5576 5581 5579
f 5580 5581 5576
f 5577 5579 5582
f 2309 5577 5583
f 5583 5577 5582
f 5584 2309 5583
f 5578 2309 5584
f 5578 5584 5585
f 967 5578 5585
f 5582 5579 322
f 5581 322 5579
f 5581 2311 322
f 5586 2311 5581
f 5580 5586 5581
f 5582 322 476
f 5583 5582 5587
f 5587 5582 476
f 968 5583 5587
f 5584 5583 968
f 2312 5585 5584
f 5588 5584 968
f 5588 2312 5584
f 5588 968 39
f 968 5587 39
f 5587 476 2313
f 39 5587 2313
f 322 5589 476
f 476 5590 2313
f 476 5589 5590
f 322 2311 5591
f 322 969 5589
f 322 5591 969
f 5590 5592 2313
f 39 2313 5592
f 5593 39 5592
f 5588 39 5593
f 970 2312 5588
f 5594 5588 5593
f 5594 970 5588
f 2314 969 5591
f 5589 969 2314
f 5589 2314 5595
f 2315 5589 5595
f 2315 5590 5589
f 5590 971 5592
f 971 5590 2315
f 5593 5592 2316
f 971 2316 5592
f 2316 5594 5593
f 2316 5596 5594
f 5596 5597 5594
f 5597 970 5594
f 5598 2315 5595
f 2314 5599 5595
f 5598 5595 5599
f 971 2315 5600
f 5600 2315 5598
f 971 5601 2316
f 5601 971 5600
f 2316 5601 5602
f 2316 5602 5596
f 5596 5603 5597
f 5602 5603 5596
f 5604 5602 5601
f 5601 5600 2317
f 5604 5601 2317
f 5602 5605 5603
f 5604 5605 5602
f 5600 5598 5606
f 5607 5600 5606
f 5607 2317 5600
f 5608 5606 5598
f 2318 5598 5599
f 5608 5598 2318
f 2317 5607 5609
f 2317 5609 5604
f 5609 5610 5604
f 5604 5610 5605
f 2319 5607 5606
f 2319 5606 5608
f 5611 5609 5607
f 5611 5607 2319
f 40 5608 2318
f 40 2319 5608
f 5611 2319 5612
f 40 5612 2319
f 5609 5613 5610
f 5609 2320 5613
f 5609 5611 2320
f 2321 5605 5610
f 5614 5610 5613
f 5614 2321 5610
f 5615 5614 5613
f 5615 5613 2320
f 5616 2320 5611
f 5611 5612 5617
f 5616 5611 5617
f 5618 5615 2320
f 5618 2320 5616
f 2321 5614 5619
f 5620 5614 5615
f 5620 5619 5614
f 5621 5620 5615
f 5621 5615 5618
f 5622 5618 5616
f 972 5616 5617
f 5622 5616 972
f 5623 5621 5618
f 5623 5618 5622
f 41 5620 5621
f 5624 5620 41
f 5624 5619 5620
f 5625 5621 5623
f 41 5621 5625
f 972 5626 5622
f 5622 5627 5623
f 5622 5626 5627
f 5623 5627 5628
f 5625 5623 973
f 5623 5628 973
f 5629 41 5625
f 5629 5630 41
f 5630 5624 41
f 5631 5629 5625
f 5631 5625 973
f 973 5628 5632
f 973 5632 5631
f 5626 5633 5627
f 5627 2322 5628
f 5627 5633 2322
f 5628 2322 5634
f 5628 5634 5632
f 5635 5629 5631
f 2323 5629 5635
f 2323 5630 5629
f 5631 5632 5636
f 5635 5631 2324
f 5631 5636 2324
f 5632 5634 2325
f 5632 2325 5636
f 2322 5637 5634
f 2325 5634 5637
f 2322 5638 5637
f 5633 5638 2322
f 5639 2323 5635
f 2287 2326 5541
f 2326 2287 5543
f 2326 974 5541
f 2288 5541 974
f 323 2288 974
f 5542 2288 323
f 38 975 319
f 38 2327 975
f 2327 38 475
f 5542 976 475
f 2327 475 976
f 5542 5640 976
f 5640 5542 323
f 2326 2328 974
f 323 974 5641
f 2328 5641 974
f 2329 323 5641
f 5640 323 2329
f 2326 5642 2328
f 2326 5643 5642
f 2326 5543 5643
f 2327 253 975
f 2327 2330 253
f 2330 2327 976
f 5640 2331 976
f 2330 976 2331
f 5640 5644 2331
f 2329 5644 5640
f 2328 5642 2332
f 2328 477 5641
f 2328 2332 477
f 477 977 5641
f 2329 5641 977
f 42 2329 977
f 2329 42 5644
f 324 2332 5642
f 324 5642 5643
f 5543 324 5643
f 477 2333 977
f 2333 477 2332
f 2333 2332 2334
f 2334 2332 324
f 2330 43 253
f 2330 2335 43
f 2335 2330 2331
f 5644 978 2331
f 2335 2331 978
f 5644 2336 978
f 2336 5644 42
f 2333 5645 977
f 42 977 5645
f 325 42 5645
f 2336 42 325
f 2337 2333 2334
f 2337 254 2333
f 2333 254 5645
f 979 2337 2334
f 2334 324 2338
f 979 2334 2338
f 254 980 5645
f 325 5645 980
f 2335 2339 43
f 2335 2340 2339
f 2340 2335 978
f 2336 44 978
f 2340 978 44
f 2336 5646 44
f 5646 2336 325
f 478 254 2337
f 979 478 2337
f 478 2341 254
f 254 2341 980
f 5647 325 980
f 5647 2342 325
f 5646 325 2342
f 2341 5647 980
f 2340 45 2339
f 2340 2343 45
f 2343 2340 44
f 5646 981 44
f 2343 44 981
f 5646 46 981
f 46 5646 2342
f 2341 478 47
f 2341 2344 5647
f 2341 47 2344
f 5648 2342 5647
f 5649 5647 2344
f 5647 5649 5648
f 5648 2345 2342
f 46 2342 2345
f 2343 48 45
f 2343 2346 48
f 2346 2343 981
f 46 2347 981
f 2346 981 2347
f 46 5650 2347
f 5650 46 2345
f 2345 5648 5651
f 5651 5648 5649
f 2345 5651 49
f 5650 2345 49
f 5651 5649 5652
f 5652 5649 982
f 5649 2344 982
f 47 5653 2344
f 2344 5654 982
f 2344 5653 5654
f 2346 50 48
f 2346 5655 50
f 5655 2346 2347
f 5650 983 2347
f 5655 2347 983
f 5650 5656 983
f 5656 5650 49
f 2348 982 5654
f 5652 982 2348
f 5657 5652 2348
f 5657 5651 5652
f 49 5651 5658
f 5657 5658 5651
f 49 5658 51
f 5656 49 51
f 5655 5659 50
f 5655 5660 5659
f 5660 5655 983
f 5656 5661 983
f 5660 983 5661
f 5656 5662 5661
f 5662 5656 51
f 5662 51 5663
f 5663 51 5658
f 5663 5658 5664
f 5657 5664 5658
f 5657 2348 984
f 5657 5665 5664
f 984 5665 5657
f 5660 985 5659
f 5660 5666 985
f 5666 5660 5661
f 5662 986 5661
f 5666 5661 986
f 5662 5667 986
f 5667 5662 5663
f 5667 5663 2349
f 2349 5663 5664
f 2349 5664 5668
f 5665 5668 5664
f 5666 52 985
f 5666 5669 52
f 5669 5666 986
f 5667 2350 986
f 5669 986 2350
f 5667 5670 2350
f 5670 5667 2349
f 5670 2349 479
f 479 2349 5668
f 5669 987 52
f 5671 5669 2350
f 5669 5671 987
f 5670 988 2350
f 5671 2350 988
f 5670 479 5672
f 5670 5673 988
f 5670 5672 5673
f 479 5668 5674
f 5672 479 5674
f 5671 2351 987
f 5671 5675 2351
f 5675 5671 988
f 5673 2352 988
f 5675 988 2352
f 5673 5676 2352
f 5672 5676 5673
f 5672 2353 5676
f 2353 5672 326
f 5672 5674 326
f 5675 53 2351
f 5675 5677 53
f 5677 5675 2352
f 5676 5678 2352
f 5677 2352 5678
f 5676 5679 5678
f 5676 5680 5679
f 5676 2353 5680
f 2353 326 5681
f 5680 2353 5681
f 5682 5681 326
f 5674 5682 326
f 5677 989 53
f 5677 5683 989
f 5683 5677 5678
f 5679 990 5678
f 5683 5678 990
f 5679 5684 990
f 5679 2354 5684
f 5679 5680 2354
f 5680 5681 5685
f 2354 5680 5685
f 5681 5686 5685
f 5681 5687 5686
f 5682 5687 5681
f 2354 5685 5688
f 5686 5688 5685
f 5684 2354 480
f 480 2354 5688
f 5683 481 989
f 5683 5689 481
f 5689 5683 990
f 5684 5690 990
f 5689 990 5690
f 5684 5691 5690
f 5684 480 5691
f 54 5686 5687
f 5692 5686 54
f 5686 5692 5688
f 480 5688 5693
f 5688 5694 5693
f 5688 5692 5694
f 480 5695 5691
f 480 2355 5695
f 2355 480 5693
f 5691 5695 2356
f 5691 2356 5690
f 5696 5689 5690
f 5696 5690 2356
f 5689 5696 55
f 5689 55 481
f 5692 54 991
f 5694 5692 991
f 2355 5693 5697
f 5693 5698 5697
f 5693 5694 5698
f 5694 991 5699
f 5698 5694 5699
f 5695 992 2356
f 5695 5700 992
f 2355 5700 5695
f 2355 5701 5700
f 5701 2355 5697
f 5702 5696 2356
f 5702 2356 992
f 5696 5702 993
f 5696 993 55
f 5701 5697 5703
f 5697 5704 5703
f 5697 5698 5704
f 5698 5699 2357
f 5704 5698 2357
f 5700 5701 327
f 327 5701 5703
f 5700 2358 992
f 5705 992 2358
f 5705 5702 992
f 5700 5706 2358
f 5700 327 5706
f 5707 5635 2324
f 5707 5639 5635
f 2324 5636 5708
f 2324 5708 5707
f 5636 2325 5709
f 5636 5709 5708
f 5710 5709 2325
f 2325 5637 5711
f 5710 2325 5711
f 5638 56 5637
f 2359 5637 56
f 2359 5711 5637
f 5712 5710 5711
f 5712 5711 2359
f 5707 5708 5713
f 328 5639 5707
f 5707 5713 328
f 5708 5709 2360
f 5708 2360 5713
f 5714 2360 5709
f 5714 5709 5710
f 329 5714 5710
f 329 5710 5712
f 5712 2359 5715
f 2359 5716 5715
f 2359 56 5716
f 329 5712 5717
f 5712 5715 5717
f 5713 2360 5718
f 328 5713 5719
f 5713 5718 5719
f 5720 5718 2360
f 5720 2360 5714
f 994 5720 5714
f 994 5714 329
f 994 329 5721
f 329 5717 5721
f 5717 5715 2361
f 2361 5715 5716
f 5717 2361 5722
f 5721 5717 5722
f 5723 5718 5720
f 5719 5718 5723
f 5724 5720 994
f 5724 5725 5720
f 5723 5720 5725
f 994 5721 5726
f 5724 994 5726
f 5726 5721 2362
f 5721 5722 2362
f 5727 5722 2361
f 5727 5728 5722
f 5728 2362 5722
f 5724 5726 5729
f 57 5724 5729
f 57 5725 5724
f 5730 5723 5725
f 57 5730 5725
f 5726 2362 5731
f 5732 5726 5731
f 5732 5729 5726
f 5733 5731 2362
f 5728 5733 2362
f 5734 5729 5732
f 57 5729 5734
f 5735 57 5734
f 5735 5730 57
f 5733 5736 5731
f 5736 5732 5731
f 2363 5728 5727
f 2363 5737 5728
f 5737 5733 5728
f 5737 330 5733
f 330 5736 5733
f 5734 5732 2364
f 5736 5738 5732
f 5738 2364 5732
f 5739 5734 2364
f 5735 5734 5739
f 330 995 5736
f 995 5738 5736
f 330 5737 5740
f 5737 5741 5740
f 5737 2363 5741
f 995 330 5742
f 330 5740 5742
f 5738 5743 2364
f 5743 5744 2364
f 5739 2364 5744
f 5745 5743 5738
f 995 5745 5738
f 995 5742 5746
f 5747 995 5746
f 5747 5745 995
f 5740 5741 2365
f 5742 5740 5748
f 5740 2365 5748
f 5746 5742 2366
f 5742 5748 2366
f 5745 2367 5743
f 2367 5745 5747
f 5743 5749 5744
f 2367 5749 5743
f 5746 2366 5750
f 58 5746 5750
f 58 5747 5746
f 5751 5747 58
f 2367 5747 5751
f 2367 5752 5749
f 5752 2367 5751
f 2366 5748 5753
f 5748 5754 5753
f 5748 2365 5754
f 5750 2366 5755
f 2366 5753 5755
f 5750 5755 5239
f 5248 5750 5239
f 5248 58 5750
f 5751 58 2368
f 2368 58 5248
f 5756 5751 2368
f 5752 5751 5756
f 2170 5239 5755
f 2170 5755 5753
f 5752 5757 5749
f 5752 996 5757
f 996 5752 5756
f 5753 5754 2369
f 2170 5753 5758
f 5753 2369 5758
f 5756 2368 5759
f 2368 5248 5760
f 5759 2368 5760
f 5761 5756 5759
f 996 5756 5761
f 2165 5760 5248
f 2369 5236 5758
f 2170 5758 5236
f 996 5762 5757
f 996 59 5762
f 59 996 5761
f 5761 5759 2370
f 5759 5760 5763
f 2370 5759 5763
f 5208 5763 5760
f 5208 5760 2165
f 5764 5761 2370
f 59 5761 5764
f 2369 5244 5236
f 59 5765 5762
f 59 5766 5765
f 5766 59 5764
f 5764 2370 2371
f 2370 5763 5767
f 2371 2370 5767
f 462 5767 5763
f 462 5763 5208
f 5768 5764 2371
f 5766 5764 5768
f 5769 5767 462
f 2371 5767 5769
f 5768 2371 5770
f 5770 2371 5769
f 5766 5771 5765
f 5766 2372 5771
f 2372 5766 5768
f 5772 5768 5770
f 2372 5768 5772
f 5769 462 2373
f 5770 5769 5773
f 5773 5769 2373
f 5772 5770 2374
f 2374 5770 5773
f 462 5194 2373
f 5194 5201 2373
f 5773 2373 5201
f 331 5773 5201
f 2374 5773 331
f 2372 5774 5771
f 2372 997 5774
f 997 2372 5772
f 5775 5772 2374
f 997 5772 5775
f 5775 2374 482
f 482 2374 331
f 5776 5775 482
f 5776 997 5775
f 331 5201 2159
f 5777 331 2159
f 482 331 5777
f 997 5778 5774
f 997 5779 5778
f 5776 5779 997
f 5776 482 5780
f 60 482 5777
f 60 5780 482
f 60 5777 2375
f 5777 2159 2375
f 2376 5778 5779
f 5776 2376 5779
f 5776 5781 2376
f 5780 5781 5776
f 2375 2159 5192
f 5782 5780 60
f 5782 2377 5780
f 5780 2377 5781
f 60 2375 5783
f 2378 60 5783
f 2378 5782 60
f 2375 5192 5784
f 998 2375 5784
f 998 5783 2375
f 2378 5783 998
f 5781 999 2376
f 5781 5785 999
f 2377 5785 5781
f 2153 5784 5192
f 2379 998 5784
f 2153 2379 5784
f 5786 2377 5782
f 5787 5782 2378
f 5787 5786 5782
f 5786 5788 2377
f 2377 5788 5785
f 2378 1000 5787
f 2378 5789 1000
f 2378 998 5789
f 5790 5789 998
f 2379 5790 998
f 5785 2380 999
f 5785 5791 2380
f 5788 5791 5785
f 5786 2381 5788
f 5788 2381 5791
f 5786 5792 2381
f 5787 5792 5786
f 2113 2379 2153
f 5793 5790 2379
f 5793 2379 2113
f 2382 1000 5789
f 5790 2382 5789
f 2383 2382 5790
f 2383 5790 5793
f 5787 1000 2384
f 2382 5794 1000
f 5794 2384 1000
f 5791 483 2380
f 5791 5795 483
f 2381 5795 5791
f 5796 5794 2382
f 5796 2382 2383
f 5797 2381 5792
f 5797 2385 2381
f 2381 2385 5795
f 2113 5109 5793
f 5793 5109 5798
f 5702 5705 255
f 5702 255 993
f 327 5703 5799
f 5703 5800 5799
f 5703 5704 5800
f 5704 2357 61
f 5800 5704 61
f 5706 327 5801
f 5801 327 5799
f 5706 1001 2358
f 5802 2358 1001
f 5802 5705 2358
f 5705 5802 1002
f 5705 1002 255
f 5706 5803 1001
f 5706 5801 5803
f 5801 5799 1003
f 5799 5804 1003
f 5799 5800 5804
f 5800 61 256
f 5804 5800 256
f 5803 5801 484
f 484 5801 1003
f 5803 2386 1001
f 5805 1001 2386
f 5805 5802 1001
f 5802 5805 485
f 5802 485 1002
f 5803 5806 2386
f 5803 484 5806
f 484 1003 5807
f 1003 2387 5807
f 1003 5804 2387
f 5804 256 5808
f 2387 5804 5808
f 5806 484 5809
f 5809 484 5807
f 5806 1004 2386
f 5810 2386 1004
f 5810 5805 2386
f 5805 5810 1005
f 5805 1005 485
f 5806 5811 1004
f 5806 5809 5811
f 5809 5807 332
f 5807 5812 332
f 5807 2387 5812
f 2387 5808 2388
f 5812 2387 2388
f 5811 5809 2389
f 2389 5809 332
f 5811 2390 1004
f 5813 1004 2390
f 5813 5810 1004
f 5810 5813 2391
f 5810 2391 1005
f 5811 5814 2390
f 5811 2389 5814
f 2389 332 5815
f 332 2392 5815
f 332 5812 2392
f 5812 2388 5816
f 2392 5812 5816
f 5817 5814 2389
f 2393 2389 5815
f 5817 2389 2393
f 5814 5817 2394
f 5814 2394 2390
f 2393 5815 5818
f 5815 1006 5818
f 5815 2392 1006
f 2392 5816 2395
f 1006 2392 2395
f 5818 333 2396
f 5818 1006 333
f 1006 2395 486
f 1006 2397 333
f 1006 486 2397
f 2396 333 2398
f 333 2397 2399
f 333 2399 2398
f 2399 2397 487
f 486 487 2397
f 2399 487 1007
f 1007 487 2400
f 257 2400 487
f 257 5819 2400
f 486 257 487
f 488 5819 257
f 2395 257 486
f 2395 488 257
f 5820 1008 5819
f 488 5820 5819
f 5820 334 1008
f 334 490 489
f 334 491 490
f 5820 491 334
f 1009 489 490
f 491 1010 490
f 2401 490 1010
f 2401 1009 490
f 1009 2401 2402
f 491 2404 1010
f 492 1010 2404
f 2401 1010 492
f 2401 5821 2402
f 2401 5822 5821
f 2401 492 5822
f 2402 5821 5823
f 2402 5823 2403
f 493 2403 5823
f 5821 5822 2405
f 2405 5822 492
f 5823 5821 5824
f 5821 2405 5824
f 492 2404 335
f 2405 492 1011
f 1011 492 335
f 5824 2405 5825
f 5825 2405 1011
f 2406 493 5823
f 5823 5824 1012
f 2406 5823 1012
f 5826 493 2406
f 5824 5825 62
f 1012 5824 62
f 1012 62 5827
f 5827 2406 1012
f 5826 2406 1013
f 5827 5828 2406
f 5793 5798 2383
f 2383 5798 5829
f 2383 5829 5796
f 2407 5794 5796
f 2407 2408 5794
f 5794 2408 2384
f 5796 5829 1014
f 5796 1014 2407
f 5795 1015 483
f 5795 5830 1015
f 2385 5830 5795
f 1016 5798 5109
f 5829 5798 1016
f 5829 1016 5831
f 1014 5829 5831
f 2385 5797 5832
f 2385 5833 5830
f 2385 5832 5833
f 5834 2408 2407
f 2407 5835 5834
f 2407 1014 5835
f 1014 5831 2409
f 5836 1014 2409
f 5836 5835 1014
f 2410 1015 5830
f 5837 5830 5833
f 2410 5830 5837
f 5838 5835 5836
f 5834 5835 5838
f 1016 5839 5831
f 5831 5840 2409
f 5831 5839 5840
f 2409 5840 5841
f 2409 5841 5836
f 5842 5833 5832
f 5842 2411 5833
f 5837 5833 2411
f 5836 5841 5843
f 5838 5836 2412
f 5836 5843 2412
f 5843 5841 494
f 494 5841 5840
f 5839 2413 5840
f 494 5840 2413
f 5844 2410 5837
f 5845 5837 2411
f 5845 5844 5837
f 5845 2411 5842
f 5846 5838 2412
f 2412 5847 5846
f 2412 5843 5847
f 5843 494 2414
f 5843 5848 5847
f 5843 2414 5848
f 2414 494 5849
f 5849 494 2413
f 5845 5842 5850
f 5850 2415 5845
f 2415 5844 5845
f 5851 5846 5847
f 495 5847 5848
f 495 5851 5847
f 5852 5848 2414
f 5852 495 5848
f 2414 5849 5853
f 5852 2414 5853
f 495 5854 5851
f 5851 2416 5846
f 2416 5851 5854
f 5849 2101 5853
f 5853 5855 5852
f 5853 2101 5855
f 5852 5856 495
f 2417 5852 5855
f 2417 5856 5852
f 495 5857 5854
f 5858 495 5856
f 5858 5857 495
f 5082 5855 2101
f 5082 2417 5855
f 5859 5858 5856
f 5859 5856 2417
f 5859 2417 5860
f 5082 5860 2417
f 2416 5854 5861
f 5861 5854 5862
f 5854 2418 5862
f 5854 5857 2418
f 5857 5858 5863
f 5857 5863 2418
f 5858 5859 2419
f 5858 2419 5863
f 5083 5860 5082
f 5859 5860 5864
f 5859 5865 2419
f 5859 5864 5865
f 5864 5860 496
f 5083 496 5860
f 497 5862 2418
f 5866 2418 5863
f 5866 497 2418
f 5867 5866 5863
f 5867 5863 2419
f 5868 5867 2419
f 5868 2419 5865
f 497 5869 5862
f 5861 5862 2420
f 5869 2420 5862
f 5870 5866 5867
f 5870 497 5866
f 903 496 5083
f 5864 2421 5865
f 5864 5871 2421
f 5864 496 5871
f 498 5868 5865
f 498 5865 2421
f 5871 496 2422
f 903 2422 496
f 5870 5867 2423
f 2423 5867 5868
f 2423 5868 5872
f 5872 5868 498
f 5873 5870 2423
f 5873 2423 5872
f 5074 2422 903
f 1017 498 2421
f 5871 258 2421
f 1017 2421 258
f 5871 2422 1018
f 5871 1018 258
f 2424 498 1017
f 5872 498 2424
f 1018 2422 2425
f 5074 2425 2422
f 5873 5872 5874
f 5872 5875 5874
f 5872 2424 5875
f 902 2425 5074
f 5876 1017 258
f 2424 1017 2426
f 2426 1017 5876
f 5876 258 63
f 1018 63 258
f 1018 2425 5877
f 1018 5877 63
f 2424 2426 5878
f 2424 5878 5875
f 499 5877 2425
f 902 499 2425
f 2427 5876 63
f 5877 2427 63
f 5878 500 5875
f 5875 5879 5874
f 5875 500 5879
f 499 1019 5877
f 5877 1019 2427
f 2426 5876 2428
f 5880 2426 2428
f 5880 5878 2426
f 2427 501 5876
f 5876 2429 2428
f 5876 501 2429
f 5878 1020 500
f 2430 5878 5880
f 2430 1020 5878
f 2428 2429 5881
f 2428 5881 5880
f 5881 2430 5880
f 5882 500 1020
f 5883 500 5882
f 5883 5879 500
f 5882 1020 5884
f 5884 1020 2430
f 5883 2431 5879
f 5874 5879 2431
f 5884 2430 5885
f 5885 2430 502
f 5881 502 2430
f 5884 5885 2432
f 503 5882 5884
f 5884 2432 503
f 503 2433 5882
f 5882 5886 5883
f 5882 2433 5886
f 5883 5887 2431
f 2434 5883 5886
f 2434 5887 5883
f 2432 1021 503
f 1021 2433 503
f 5874 2431 5873
f 5888 5873 2431
f 5889 2431 5887
f 5889 5888 2431
f 5885 502 5890
f 5885 504 2432
f 5885 5890 504
f 505 5889 5887
f 505 5887 2434
f 1021 5891 2433
f 2433 5892 5886
f 2433 5891 5892
f 5893 2434 5886
f 5893 5886 5892
f 1022 505 2434
f 1022 2434 5893
f 5889 506 5888
f 5889 5894 506
f 505 5894 5889
f 505 2435 5894
f 1022 2435 505
f 5888 5895 5873
f 5888 5896 5895
f 5888 506 5896
f 5897 5893 5892
f 5891 5897 5892
f 5898 1022 5893
f 5897 2436 5893
f 5898 5893 2436
f 1022 5899 2435
f 5898 5899 1022
f 5900 5896 506
f 5901 506 5894
f 5901 5900 506
f 5902 5901 5894
f 5902 5894 2435
f 5903 5902 2435
f 5903 2435 5899
f 5904 5898 2436
f 5904 2437 5898
f 5898 2437 5899
f 5904 2436 5905
f 5905 2436 5897
f 5906 5903 5899
f 5906 5899 2437
f 5901 2438 5900
f 5901 5907 2438
f 5902 5907 5901
f 5903 2439 5902
f 5902 2439 5907
f 5906 5908 5903
f 5903 5908 2439
f 5909 5904 5905
f 5909 5910 5904
f 5904 5910 2437
f 5911 5906 2437
f 5911 2437 5910
f 5906 2440 5908
f 5911 2440 5906
f 2438 5907 5912
f 2439 5912 5907
f 2439 5913 5912
f 5908 5913 2439
f 5908 5914 5913
f 2440 5914 5908
f 1023 5911 5910
f 5909 2441 5910
f 1013 2406 5828
f 1011 335 2442
f 5825 1011 5915
f 5916 1011 2442
f 5916 5915 1011
f 5825 5917 62
f 5825 2443 5917
f 2443 5825 5915
f 62 5917 2444
f 62 2444 5827
f 2445 5828 5827
f 2445 5827 2444
f 5918 5915 5916
f 2443 5915 5918
f 259 5826 1013
f 5919 259 1013
f 1013 5828 5919
f 5828 2445 2446
f 5828 2446 5919
f 5917 2443 5920
f 5920 2443 5918
f 2444 5917 5921
f 5917 5920 5921
f 2445 2444 5922
f 2444 5921 5922
f 507 2446 2445
f 2445 5922 507
f 5923 5919 2446
f 5923 5924 5919
f 5919 5924 259
f 5925 5923 2446
f 507 5925 2446
f 5921 1024 5922
f 5921 5926 1024
f 5920 5926 5921
f 5922 1024 2447
f 5922 2447 507
f 1025 5925 507
f 1025 507 2447
f 5924 5923 336
f 5925 5927 5923
f 336 5923 5927
f 5928 5927 5925
f 5928 5925 1025
f 1024 5926 64
f 2447 1024 5929
f 1024 64 5929
f 5930 1025 2447
f 2447 5929 5931
f 5930 2447 5931
f 5932 5928 1025
f 5932 1025 5930
f 5927 5928 2448
f 2448 5928 5932
f 5927 2448 65
f 336 5927 65
f 5929 64 5933
f 5931 5929 2449
f 5929 5933 2449
f 2450 5930 5931
f 5931 2449 2450
f 2450 2451 5930
f 2451 5932 5930
f 2448 5932 5934
f 5934 5932 5935
f 2451 5935 5932
f 65 2448 1026
f 1026 2448 5934
f 5936 2450 2449
f 1027 2449 5933
f 5936 2449 1027
f 2450 5936 1028
f 2450 1028 2451
f 2451 1028 5937
f 2451 5937 5935
f 1026 5934 5938
f 5938 5934 2452
f 5934 5935 2452
f 5935 5937 66
f 5935 66 2452
f 2453 5937 1028
f 5936 2453 1028
f 5936 260 2453
f 1027 260 5936
f 2453 5939 5937
f 5937 2454 66
f 5937 5939 2454
f 5939 2453 5940
f 5940 2453 260
f 2452 66 1029
f 5938 2452 2455
f 2452 1029 2455
f 66 2454 337
f 66 337 1029
f 5939 5941 2454
f 337 2454 5941
f 5939 5940 5942
f 5939 5942 5941
f 5943 5941 5942
f 5943 5942 5940
f 5940 260 338
f 1030 5940 338
f 5943 5940 1030
f 338 260 2456
f 1027 2456 260
f 337 5941 508
f 5943 2457 5941
f 2457 508 5941
f 5944 337 508
f 5944 5945 337
f 1029 337 5945
f 1031 5944 508
f 2457 1031 508
f 1030 338 2458
f 2458 338 5946
f 338 2456 5946
f 5943 1030 5947
f 5947 1030 2458
f 5943 5948 2457
f 1031 2457 5948
f 5949 2456 1027
f 1027 5933 5949
f 5947 2458 5950
f 5950 2458 1032
f 2458 5946 1032
f 2459 5945 5944
f 1031 5951 5944
f 5951 5952 5944
f 2459 5944 5952
f 1031 5948 5953
f 5954 1031 5953
f 5954 5951 1031
f 2460 5951 5954
f 5951 2460 5952
f 2461 5947 5950
f 5950 1032 67
f 2461 5950 67
f 5955 2459 5952
f 2460 68 5952
f 5955 5952 68
f 2460 5954 5956
f 2460 1033 68
f 1033 2460 5956
f 5954 5953 69
f 5956 5954 5957
f 5954 69 5957
f 5955 68 5958
f 1033 5958 68
f 5953 2462 69
f 5953 5948 2462
f 5957 69 5959
f 5959 69 2462
f 1033 5956 5960
f 5956 5957 2463
f 5961 5956 2463
f 5961 5960 5956
f 5962 1033 5960
f 5962 509 1033
f 1033 509 5958
f 5957 5959 5963
f 5957 5964 2463
f 5957 5963 5964
f 2464 5962 5960
f 2464 5960 5961
f 2463 5964 5965
f 2463 5965 5961
f 1034 2462 5948
f 1034 2465 2462
f 5959 2462 2465
f 2466 5963 5959
f 2465 2466 5959
f 5961 5965 5966
f 5961 5966 2464
f 5967 5964 5963
f 2466 5967 5963
f 2467 5965 5964
f 5967 2467 5964
f 5968 509 5962
f 2464 5969 5962
f 5968 5962 5969
f 2464 5970 5969
f 5966 5970 2464
f 5971 5966 5965
f 2467 5971 5965
f 1034 5972 2465
f 2465 2468 2466
f 5972 2468 2465
f 339 5967 2466
f 339 2466 2468
f 5966 5973 5970
f 5971 2469 5966
f 2469 5973 5966
f 339 5974 5967
f 5967 261 2467
f 5967 5974 261
f 2467 261 5975
f 2467 5975 5971
f 5971 5975 2470
f 5971 2470 2469
f 5969 5970 2471
f 5970 70 2471
f 5970 5973 70
f 5976 70 5973
f 2469 5976 5973
f 2469 2470 5977
f 2469 5977 5976
f 5972 1035 2468
f 5974 339 5978
f 5974 5978 5979
f 261 5974 5979
f 261 5979 5980
f 5975 261 5980
f 2470 5975 1036
f 5975 5980 1036
f 340 5977 2470
f 2470 1036 340
f 5977 2472 5976
f 5976 2472 70
f 5981 2471 70
f 2472 5981 70
f 5978 5982 5979
f 5979 5982 2473
f 5979 2473 5980
f 5980 2473 5983
f 5980 5983 1036
f 1036 5983 2474
f 1036 2474 340
f 340 2474 5984
f 340 5985 5977
f 340 5984 5985
f 2473 5982 5986
f 2473 5987 5983
f 2473 5988 5987
f 2473 5986 5988
f 5983 5987 5989
f 5983 5989 2474
f 2474 5989 5990
f 2474 5990 5984
f 5986 2475 5988
f 5988 2475 5991
f 5988 5991 5987
f 5987 5991 2476
f 5987 2476 5989
f 5989 2476 5992
f 5989 5992 5990
f 5993 5985 5984
f 5994 5984 5990
f 5994 2477 5984
f 5993 5984 2477
f 2478 5994 5990
f 2478 5990 5992
f 5995 2477 5994
f 5994 5996 5995
f 5994 2478 5996
f 5997 5993 2477
f 5995 5997 2477
f 1023 5910 2441
f 1023 5998 5911
f 5911 5998 2440
f 2440 5999 5914
f 5998 5999 2440
f 5913 5914 6000
f 5912 5913 2479
f 5913 6000 2479
f 5914 5999 2480
f 5914 2480 6000
f 1023 2481 5998
f 2481 6001 5998
f 5998 6001 5999
f 5999 6001 6002
f 5999 6002 2480
f 6003 2481 1023
f 6004 1023 2441
f 6004 6003 1023
f 2480 6005 6000
f 6000 341 2479
f 6000 6005 341
f 2480 2482 6005
f 6002 2482 2480
f 2481 6006 6001
f 6001 71 6002
f 6001 6006 71
f 6003 510 2481
f 2481 6007 6006
f 2481 510 6007
f 6002 6008 2482
f 6002 2483 6008
f 6002 71 2483
f 6004 6009 6003
f 6003 2484 510
f 6003 6009 2484
f 2484 6007 510
f 6006 6007 6010
f 6006 6010 71
f 71 6010 6011
f 71 6011 2483
f 6008 6012 2482
f 2482 6013 6005
f 2482 6012 6013
f 2484 6014 6007
f 6007 2485 6010
f 6007 6014 2485
f 2485 6011 6010
f 6009 2486 2484
f 2486 6014 2484
f 6008 2483 6015
f 6008 6016 6012
f 6008 6015 6016
f 2483 6011 6017
f 2483 6017 6015
f 2485 2487 6011
f 2487 6017 6011
f 2488 2487 2485
f 6014 2488 2485
f 2486 6018 6014
f 6014 6018 2488
f 6019 6012 6016
f 6019 6016 6015
f 6019 2489 6012
f 6012 1037 6013
f 6012 2489 1037
f 6017 2490 6015
f 6019 6015 2490
f 2488 2491 2487
f 6020 2491 2488
f 6018 6020 2488
f 6021 6018 2486
f 6018 6021 6020
f 6022 2487 2491
f 6022 6023 2487
f 2487 6023 6017
f 6019 2492 2489
f 2489 6024 1037
f 2489 2492 6024
f 6019 2490 511
f 6019 1038 2492
f 6019 511 1038
f 6020 6025 2491
f 6026 2491 6025
f 6026 6022 2491
f 2493 6025 6020
f 6020 6027 2493
f 6020 6021 6027
f 6028 6022 6026
f 6028 2494 6022
f 2494 6023 6022
f 2493 2495 6025
f 6026 6025 2495
f 6028 6026 6029
f 6026 2495 6029
f 1038 511 72
f 2492 1038 6030
f 1038 72 6030
f 2493 6027 6031
f 73 2495 2493
f 2493 6031 73
f 6032 2494 6028
f 6028 6029 2496
f 6032 6028 2496
f 73 2497 2495
f 2495 6033 6029
f 2495 2497 6033
f 6029 6033 2498
f 6029 2498 2496
f 73 6031 6034
f 2499 2497 73
f 73 6034 2499
f 6032 2496 1039
f 2496 6035 1039
f 2496 2498 6035
f 2499 2500 2497
f 2497 512 6033
f 2497 2500 512
f 6033 512 2501
f 6033 2501 2498
f 6036 6035 2498
f 6036 2498 2501
f 6034 6037 2499
f 6037 2500 2499
f 2502 6032 1039
f 2502 1039 6035
f 6035 6036 2503
f 2502 6035 2504
f 6035 2503 2504
f 6037 6038 2500
f 2500 6039 512
f 2500 6038 6039
f 1040 2501 512
f 1040 512 6039
f 6040 6036 2501
f 6040 2501 1040
f 74 2503 6036
f 74 6036 6040
f 6037 2505 6038
f 6039 6038 2505
f 6039 2505 6041
f 1040 6039 6041
f 1040 6041 2506
f 6040 1040 2506
f 2504 2503 6042
f 6043 2503 74
f 6043 6042 2503
f 2504 6042 6044
f 2502 2504 6044
f 6040 2506 6045
f 74 6040 6045
f 74 6045 2507
f 6043 74 2507
f 6046 2506 6041
f 2505 6047 6041
f 6046 6041 6047
f 2506 6046 6048
f 2506 6048 6045
f 6045 6048 6049
f 6045 6049 2507
f 6050 6042 6043
f 6050 6051 6042
f 6044 6042 6051
f 6043 2507 6052
f 6050 6043 6052
f 2507 6049 6053
f 2507 6053 6052
f 6048 2508 6049
f 6053 6049 2508
f 6046 6054 6048
f 6048 6054 2508
f 6046 2509 6054
f 6046 1041 2509
f 6046 6047 1041
f 1042 6051 6050
f 6050 6052 6055
f 1042 6050 6055
f 6052 6053 6056
f 6052 6056 6055
f 6053 2508 6057
f 6056 6053 6057
f 6057 2508 6058
f 2508 75 6058
f 2508 6054 75
f 6054 2509 6059
f 6054 6059 75
f 2509 1041 513
f 2509 513 6059
f 6055 6056 6060
f 1042 6055 2510
f 6055 6060 2510
f 75 6059 2511
f 513 2511 6059
f 6056 2512 6060
f 6056 1043 2512
f 6056 6057 1043
f 6057 6058 6061
f 1043 6057 6061
f 6058 6062 6061
f 6058 2513 6062
f 75 2513 6058
f 75 2511 6063
f 75 6063 2513
f 2512 1043 6064
f 1043 6061 6064
f 6060 2512 6065
f 2510 6060 6066
f 6060 6065 6066
f 2512 6064 6067
f 6065 2512 6067
f 6061 6062 1044
f 6061 1044 6064
f 2511 5228 6063
f 2513 6063 5228
f 6062 2513 5229
f 2513 5228 5229
f 6062 5229 5234
f 1044 6062 5234
f 2514 6067 6064
f 2514 6064 1044
f 5238 2514 1044
f 1044 5234 5238
f 6065 6067 6068
f 6067 6069 6068
f 6067 2514 6069
f 76 6065 6068
f 6070 6065 76
f 6070 6066 6065
f 76 6068 2515
f 2515 6068 6069
f 6071 76 2515
f 6070 76 6071
f 5238 6072 2514
f 2514 6073 6069
f 2514 6072 6073
f 2515 6069 514
f 514 6069 6073
f 6071 2515 1045
f 1045 2515 514
f 5237 6072 5238
f 2516 6073 6072
f 5237 2516 6072
f 514 6073 6074
f 2516 6075 6073
f 6074 6073 6075
f 5233 2516 5237
f 5233 6075 2516
f 1045 514 1046
f 6076 514 6074
f 6076 1046 514
f 6077 1045 1046
f 6078 1045 6077
f 6078 6071 1045
f 262 1046 6076
f 6077 1046 262
f 6074 931 6076
f 6074 5246 931
f 6079 5996 2478
f 5995 5996 2517
f 2517 5996 6079
f 2518 5997 5995
f 5995 2517 77
f 2518 5995 77
f 2518 1047 5997
f 5997 1047 5993
f 2517 6079 6080
f 77 2517 6081
f 6080 6081 2517
f 2518 6082 1047
f 77 6083 2518
f 6083 6082 2518
f 77 6081 6084
f 77 6084 6083
f 6080 6085 6081
f 2519 6084 6081
f 6085 2519 6081
f 2519 78 6084
f 78 6083 6084
f 6085 6086 2519
f 6082 6087 1047
f 6082 2520 6087
f 6083 6088 6082
f 6088 2520 6082
f 78 263 6083
f 6083 6089 6088
f 6083 263 6089
f 6089 6090 6088
f 6088 6090 2520
f 2521 6087 2520
f 6090 2521 2520
f 2519 6091 78
f 78 6091 6092
f 78 6092 263
f 6092 6089 263
f 6089 342 6090
f 6089 6093 342
f 6089 6094 6093
f 6092 6094 6089
f 6090 342 79
f 6093 79 342
f 6090 79 6095
f 6090 6095 2521
f 6092 6096 6094
f 6094 6096 2522
f 6094 2522 6093
f 6093 6097 79
f 6093 2523 6097
f 6093 2522 2523
f 6095 79 6098
f 6097 6098 79
f 6095 6098 6099
f 2521 6095 6099
f 2523 2522 6100
f 6096 6100 2522
f 6097 6101 6098
f 2523 6101 6097
f 2524 6099 6098
f 2524 6098 6101
f 2523 6100 6102
f 6102 6103 2523
f 2523 6103 6101
f 6100 2525 6102
f 6102 6104 6103
f 2525 6104 6102
f 2526 6103 6104
f 6101 6103 2526
f 2524 6101 6105
f 6101 2526 6105
f 2524 6106 6099
f 80 2524 6105
f 80 6106 2524
f 2525 81 6104
f 2526 6104 6107
f 6104 2527 6107
f 6104 81 2527
f 6107 6108 2526
f 6108 6105 2526
f 80 6105 6109
f 6108 6109 6105
f 6107 6110 6108
f 2527 6110 6107
f 2528 6108 6110
f 6109 6108 2528
f 80 6109 6111
f 6109 2528 6111
f 6112 2527 81
f 6113 2527 6112
f 6113 6114 2527
f 2527 6114 6110
f 2528 6110 1048
f 6110 2529 1048
f 6110 6114 2529
f 2529 6114 6113
f 1048 6115 2528
f 6115 6111 2528
f 1048 6116 6115
f 2529 6116 1048
f 2530 6113 6112
f 2529 6113 6117
f 6117 6113 6118
f 2530 6118 6113
f 6117 6119 2529
f 2529 6119 6116
f 6120 6115 6116
f 2531 6116 6119
f 2531 6120 6116
f 2531 6119 6121
f 6117 6121 6119
f 6117 6118 515
f 515 6121 6117
f 2530 6122 6118
f 6118 6122 1049
f 6118 1049 515
f 515 6123 6121
f 1049 6123 515
f 6124 6121 6123
f 2531 6121 6124
f 6125 2531 6124
f 6125 6126 2531
f 6126 6120 2531
f 1049 6122 6127
f 1049 6127 2532
f 2532 82 1049
f 1049 82 6123
f 6124 6123 2533
f 6128 6123 82
f 6128 2533 6123
f 6129 6125 6124
f 6129 6124 2533
f 6128 82 6130
f 2532 6130 82
f 6125 6129 6131
f 6126 6125 6132
f 6125 6131 6132
f 6133 6129 2533
f 6133 2533 6128
f 6133 6131 6129
f 2532 6127 6134
f 2532 6134 6135
f 6135 6130 2532
f 6128 6130 2534
f 2535 6128 2534
f 2535 6133 6128
f 2534 6130 6136
f 6135 6136 6130
f 2535 2536 6133
f 6133 2536 6131
f 6134 1050 6135
f 1050 6136 6135
f 6131 2536 1051
f 2535 1051 2536
f 6137 6132 6131
f 6131 1051 6138
f 6137 6131 6138
f 6139 2535 2534
f 1051 2535 6139
f 2534 6136 6140
f 6139 2534 6140
f 6138 1051 6141
f 1051 6139 6141
f 6136 343 6140
f 6136 516 343
f 1050 516 6136
f 1052 6139 6140
f 6141 6139 1052
f 1052 6140 343
f 6138 344 6137
f 6138 2537 344
f 6138 6141 2537
f 6142 2537 6141
f 6141 1052 264
f 6142 6141 264
f 344 2537 6142
f 343 516 6143
f 343 6143 2538
f 83 343 2538
f 83 1052 343
f 2539 264 1052
f 2540 1052 83
f 2540 2539 1052
f 344 6142 6144
f 2541 6144 6142
f 2541 6142 264
f 2539 6145 264
f 2541 264 6145
f 6146 6145 2539
f 6146 2539 2540
f 6147 2538 6143
f 6148 2538 6147
f 6148 83 2538
f 6149 2540 83
f 6149 83 6148
f 6150 2540 6149
f 6146 2540 6150
f 6146 6151 6145
f 2541 6145 6151
f 1053 6146 6150
f 1053 6151 6146
f 2541 2542 6144
f 2541 6151 6152
f 6152 2542 2541
f 6152 6151 6153
f 1053 6153 6151
f 2543 6149 6148
f 6150 6149 6154
f 2543 6154 6149
f 2544 6150 6154
f 1053 6150 2544
f 2543 6148 1054
f 2545 6148 6147
f 2545 1054 6148
f 84 1053 2544
f 84 517 1053
f 517 6153 1053
f 6152 6153 2546
f 6155 2546 6153
f 517 6155 6153
f 6152 6156 2542
f 2547 6152 2546
f 2547 6156 6152
f 2548 2543 1054
f 2543 6157 6154
f 2548 6157 2543
f 2548 1054 6158
f 6158 1054 2545
f 2549 517 84
f 2549 6155 517
f 6159 84 2544
f 345 84 6159
f 2549 84 345
f 6155 6160 2546
f 6161 2546 6160
f 6161 2547 2546
f 6161 6162 2547
f 6162 6156 2547
f 6155 2550 6160
f 6155 6163 2550
f 2549 6163 6155
f 2548 6164 6157
f 6164 2548 2551
f 6158 2551 2548
f 2552 6161 6160
f 2552 6160 2550
f 6161 6165 6162
f 2553 6162 6165
f 2553 6165 6166
f 6074 6075 5246
f 5246 6075 5243
f 5233 5243 6075
f 262 6076 5258
f 5258 6076 931
f 2554 262 5258
f 6077 262 2554
f 6077 2554 2555
f 2556 6077 2555
f 2556 6078 6077
f 6167 6078 2556
f 6167 6071 6078
f 2554 5258 2179
f 2554 2179 5264
f 2555 2554 6168
f 2554 5264 6168
f 2555 6168 6169
f 6170 2555 6169
f 6170 2556 2555
f 6167 2556 6171
f 6172 2556 6170
f 6172 6171 2556
f 1055 6167 6171
f 1055 6173 6167
f 6167 6173 6071
f 6172 6170 2557
f 2557 6170 6169
f 6168 6174 6169
f 2557 6169 6174
f 5264 2558 6168
f 6168 2558 6174
f 6070 6071 6173
f 5264 933 2558
f 1055 6171 2559
f 6175 6171 6172
f 6175 2559 6171
f 6175 6172 6176
f 6172 2557 6176
f 6177 6176 2557
f 6177 2557 6174
f 6178 1055 2559
f 6178 2560 1055
f 1055 2560 6173
f 6179 6070 6173
f 6179 6173 2560
f 6174 2558 1056
f 6177 6174 1057
f 6174 1056 1057
f 2558 933 2182
f 2558 2182 1056
f 6179 6066 6070
f 6178 2559 6180
f 6181 2559 6175
f 6181 6180 2559
f 6175 6176 2561
f 6181 6175 2561
f 6182 2561 6176
f 6177 6182 6176
f 6177 6183 6182
f 6177 2562 6183
f 2562 6177 1057
f 1056 6184 1057
f 2562 1057 6184
f 2182 518 1056
f 1056 518 6184
f 2182 945 518
f 6181 2561 6185
f 6186 6181 6185
f 6186 6180 6181
f 6182 1058 2561
f 6187 2561 1058
f 6187 6185 2561
f 6182 6183 2563
f 6182 2563 1058
f 2563 6183 6188
f 2562 6188 6183
f 6189 2562 6184
f 2562 6189 6188
f 6187 1058 2563
f 945 2564 518
f 2564 6184 518
f 2564 1059 6184
f 6189 6184 1059
f 6186 6185 2565
f 85 6185 6187
f 85 2565 6185
f 6187 2563 6190
f 85 6187 6190
f 6190 2563 1060
f 2563 6188 1060
f 2566 1060 6188
f 6191 6188 6189
f 2566 6188 6191
f 86 6189 1059
f 6191 6189 86
f 1059 2564 346
f 86 1059 6192
f 1059 346 6192
f 6193 2565 85
f 85 6190 347
f 6193 85 347
f 6190 1060 6194
f 347 6190 6194
f 6195 6194 1060
f 6195 1060 2566
f 6196 6195 2566
f 6197 2566 6191
f 6197 6196 2566
f 6198 6197 6191
f 6198 6191 86
f 86 6199 6198
f 86 6200 6199
f 6192 6200 86
f 346 1061 6192
f 6192 1061 6200
f 6193 347 2567
f 347 6194 6201
f 2567 347 6201
f 2568 6201 6194
f 2568 6194 6195
f 6196 6202 6195
f 6202 2568 6195
f 6202 6196 2569
f 6197 2569 6196
f 6197 6203 2569
f 6198 6203 6197
f 6198 6199 6204
f 6198 2570 6203
f 6198 6204 2570
f 6205 6204 6199
f 6200 6205 6199
f 6200 2571 6205
f 1061 2571 6200
f 2567 6201 6206
f 2572 6201 2568
f 2572 6206 6201
f 6207 2572 2568
f 6202 6207 2568
f 6208 6203 2570
f 6208 2570 6204
f 6202 2569 6209
f 2573 6202 6209
f 2573 6207 6202
f 6203 1062 2569
f 2569 6210 6209
f 2569 1062 6210
f 6208 6211 6203
f 6203 6211 1062
f 6209 6210 6212
f 6209 6212 2573
f 6212 2574 2573
f 2574 6207 2573
f 2574 265 6207
f 6207 265 2572
f 265 2575 2572
f 2575 6206 2572
f 1062 6211 6213
f 6210 1062 2576
f 1062 6213 2576
f 6210 2576 519
f 6212 6210 519
f 6211 6208 2577
f 6211 2577 6213
f 6214 265 2574
f 265 6214 2575
f 6212 1063 2574
f 1063 6212 2578
f 6212 519 2578
f 1063 2579 2574
f 6214 2574 2579
f 2577 6215 6213
f 6213 348 2576
f 6213 6215 348
f 2576 348 6216
f 2576 6216 519
f 519 6216 6217
f 519 6217 2578
f 6218 6214 2579
f 6214 6219 2575
f 6214 6218 6219
f 1063 6220 2579
f 6220 1063 349
f 1063 2578 349
f 2578 6217 6221
f 2578 6221 349
f 6220 6222 2579
f 6218 2579 6222
f 348 6223 6216
f 6217 6216 6223
f 348 1064 6223
f 6215 1064 348
f 6221 6217 2580
f 6217 6223 2580
f 2581 349 6221
f 6220 349 2581
f 6224 6220 2581
f 6220 6224 6222
f 2582 6222 6224
f 6218 6222 2582
f 6218 2582 6225
f 6218 2583 6219
f 6218 6225 2583
f 6221 2580 1065
f 2581 6221 6226
f 6226 6221 1065
f 2584 6223 1064
f 2584 520 6223
f 2580 6223 520
f 1065 2580 2585
f 2580 520 2585
f 2581 6226 6227
f 6224 2581 6228
f 2581 6227 6228
f 2586 6224 6228
f 2586 350 6224
f 2582 6224 350
f 2587 2582 350
f 2587 6225 2582
f 2587 6229 6225
f 6225 1066 2583
f 6225 6229 1066
f 2585 520 6230
f 2584 6230 520
f 6226 1065 2588
f 6226 6231 6227
f 6226 2588 6231
f 6228 6227 6232
f 6228 6232 2586
f 2589 6232 6227
f 2589 6227 6231
f 6233 2586 6232
f 6233 2590 2586
f 2590 350 2586
f 2590 6234 350
f 2587 350 6234
f 6235 2587 6234
f 6235 351 2587
f 351 6229 2587
f 351 6236 6229
f 6229 6237 1066
f 6229 6236 6237
f 6235 6234 2590
f 6232 2589 2591
f 6232 2591 6233
f 2591 2589 521
f 6231 521 2589
f 2588 6238 6231
f 6231 6238 521
f 6233 2591 6239
f 2590 6233 6240
f 6233 6239 6240
f 2590 6240 6241
f 6235 2590 6241
f 6242 6235 6241
f 6242 351 6235
f 2591 521 87
f 6244 6166 6243
f 6244 2553 6166
f 6243 2592 6244
f 6243 88 2592
f 6246 2592 88
f 6247 6246 88
f 6239 2591 87
f 87 521 352
f 6238 352 521
f 6242 2593 351
f 351 6248 6236
f 351 2593 6248
f 6236 6248 2594
f 6236 2594 6237
f 6239 87 6249
f 2595 6240 6239
f 2595 6239 6249
f 2595 6250 6240
f 6241 6240 6250
f 6241 6250 2596
f 6242 6241 2596
f 6249 87 2597
f 87 352 2597
f 6242 6251 2593
f 6248 2593 6251
f 6252 6242 2596
f 6242 6252 6251
f 6248 6251 6253
f 6248 1067 2594
f 6248 6253 1067
f 2595 6249 6254
f 6249 2597 6255
f 6254 6249 6255
f 6256 2595 6254
f 6250 2595 6256
f 6250 6256 6257
f 6257 2596 6250
f 6257 6258 2596
f 6252 2596 6258
f 6252 353 6251
f 6253 6251 353
f 6259 6252 6258
f 6252 6259 353
f 6253 353 6260
f 6253 2598 1067
f 6253 6260 2598
f 6256 6254 1068
f 6254 6255 2599
f 1068 6254 2599
f 2600 6256 1068
f 2600 6257 6256
f 2600 6261 6257
f 6258 6257 6261
f 6258 6261 2601
f 6259 6258 2601
f 6259 6262 353
f 353 6263 6260
f 353 6262 6263
f 522 6259 2601
f 6259 522 6262
f 6260 6263 89
f 6260 89 2598
f 6264 2601 6261
f 522 2601 6264
f 6265 6261 2600
f 6264 6261 6265
f 2600 1068 6266
f 1068 2599 6267
f 6267 6266 1068
f 6266 6268 2600
f 6265 2600 6268
f 6264 6269 522
f 6262 522 6269
f 6262 6269 2602
f 6263 6262 2602
f 6265 2603 6264
f 6264 2603 6269
f 6270 6265 6268
f 6265 6270 2603
f 6263 2602 6271
f 6263 2604 89
f 6263 6271 2604
f 6266 523 6268
f 6267 2605 6266
f 523 6266 2605
f 2606 6268 523
f 6270 6268 2606
f 6272 6269 2603
f 6272 6273 6269
f 6273 2602 6269
f 6271 2602 354
f 6273 354 2602
f 6274 6272 2603
f 6274 2603 6270
f 6275 6274 6270
f 6275 6270 2606
f 6271 6276 2604
f 6271 1069 6276
f 6271 354 1069
f 2606 523 6277
f 523 2605 6278
f 6277 523 6278
f 1070 6275 2606
f 1070 2606 6277
f 2607 354 6273
f 1069 354 2607
f 6279 6274 6275
f 6279 6272 6274
f 6279 2608 6272
f 2608 6273 6272
f 2608 6280 6273
f 2607 6273 6280
f 6277 6278 355
f 355 1070 6277
f 6281 6275 1070
f 6281 2609 6275
f 6279 6275 2609
f 6282 6281 1070
f 355 6282 1070
f 1069 2607 6283
f 1069 2610 6276
f 1069 6283 2610
f 6284 6279 2609
f 6284 2608 6279
f 6284 6285 2608
f 6285 6280 2608
f 6285 6286 6280
f 6286 2607 6280
f 6286 6287 2607
f 6283 2607 6287
f 6288 2610 6283
f 6283 6287 6288
f 6282 2611 6281
f 2611 6289 6281
f 6289 2609 6281
f 6284 2609 6290
f 6289 6290 2609
f 6284 6290 2612
f 6285 6284 6291
f 6284 2612 6291
f 6285 6291 2613
f 524 6285 2613
f 524 6286 6285
f 6286 524 356
f 6286 356 6287
f 1071 6288 6287
f 1071 6287 356
f 6290 6289 266
f 6290 266 2612
f 6292 266 6289
f 2611 6292 6289
f 6293 2613 6291
f 524 2613 6293
f 6294 6291 2612
f 6293 6291 6294
f 6295 2612 266
f 6294 2612 6295
f 524 6293 6296
f 6296 356 524
f 6296 6297 356
f 1071 356 6297
f 6294 2614 6293
f 6293 6298 6296
f 6293 2614 6298
f 6296 6298 2615
f 6296 2615 6297
f 6294 6295 2616
f 6294 6299 2614
f 6294 2616 6299
f 6295 266 6300
f 6300 2616 6295
f 2614 6301 6298
f 2615 6298 6301
f 6299 6302 2614
f 2614 6302 6301
f 6299 2616 6303
f 6304 6303 2616
f 6300 6304 2616
f 6299 6303 6305
f 6299 6305 6302
f 2615 6301 357
f 6306 6297 2615
f 1072 2615 357
f 1072 6306 2615
f 6302 6307 6301
f 6301 2617 357
f 6301 6307 2617
f 6302 2618 6307
f 6305 2618 6302
f 6305 6308 2618
f 6303 6308 6305
f 6309 1072 357
f 6309 357 2617
f 6304 1073 6303
f 1073 2619 6303
f 6303 2619 6308
f 1072 2620 6306
f 1072 6310 2620
f 6309 6310 1072
f 6311 2617 6307
f 6312 2617 6311
f 6312 6309 2617
f 6312 2621 6309
f 6309 2621 6310
f 6313 6307 2618
f 6313 525 6307
f 6311 6307 525
f 6314 6313 2618
f 6314 2618 6308
f 6308 2619 6315
f 6308 6315 6314
f 2619 526 6315
f 2619 6316 526
f 1073 6316 2619
f 2620 6310 6317
f 6310 6318 6317
f 6310 2621 6318
f 6319 6311 525
f 6319 358 6311
f 358 6312 6311
f 525 6313 2622
f 525 2622 6319
f 6313 6314 6320
f 6313 6320 2622
f 6314 6315 2623
f 6314 2623 6320
f 6321 2623 6315
f 6321 6315 526
f 6316 6322 526
f 526 2624 6321
f 526 6322 2624
f 6323 2622 6320
f 6319 2622 6323
f 6319 6323 6324
f 6324 358 6319
f 2623 6325 6320
f 6323 6320 6325
f 6325 2625 6323
f 6324 6323 2625
f 2623 6321 1074
f 2623 6326 6325
f 2623 1074 6326
f 6327 1074 6321
f 6327 6321 2624
f 6328 6325 6326
f 6325 6328 2625
f 6322 6329 2624
f 6330 2624 6329
f 6330 6327 2624
f 6331 2625 6328
f 6324 2625 6332
f 6332 2625 6331
f 6326 1074 6333
f 1074 2626 6333
f 1074 6327 2626
f 6326 6333 2627
f 6328 6326 2627
f 6327 6330 6334
f 6327 6334 2626
f 2627 6335 6328
f 6331 6328 6335
f 6334 6330 1075
f 1076 2628 527
f 267 2628 6336
f 267 527 2628
f 528 267 6336
f 528 6336 6337
f 2629 1076 527
f 6337 359 529
f 528 6337 6338
f 6337 529 6338
f 2629 527 2630
f 530 527 267
f 530 2630 527
f 2631 530 267
f 2631 267 528
f 528 6338 1077
f 2631 528 1077
f 1077 6338 6339
f 6339 6338 529
f 360 2629 2630
f 360 2632 2629
f 1078 360 2630
f 1078 2630 530
f 1078 530 2631
f 2631 1077 6340
f 1078 2631 2633
f 2633 2631 6340
f 1077 6339 531
f 6340 1077 531
f 2634 2632 360
f 6341 2634 360
f 6341 360 1078
f 6342 6341 1078
f 6342 1078 2633
f 6340 531 2635
f 2633 6340 6343
f 6343 6340 2635
f 361 6342 2633
f 361 2633 6343
f 2636 6341 6342
f 2637 6342 361
f 2636 6342 2637
f 6344 2636 2637
f 6343 2635 2638
f 6345 6343 2638
f 6345 361 6343
f 6346 361 6345
f 2637 361 6346
f 6347 2637 6346
f 6347 6348 2637
f 6344 2637 6348
f 6347 2639 6348
f 6346 6345 532
f 532 6345 1079
f 1079 6345 2638
f 6349 6347 6346
f 6349 6346 532
f 6349 1080 6347
f 6347 1080 2639
f 6350 2639 1080
f 6351 6349 532
f 532 1079 6352
f 6351 532 6352
f 6351 2640 6349
f 6349 2640 1080
f 6353 1080 2640
f 6350 1080 6353
f 6353 2641 6350
f 6351 1081 2640
f 6354 1081 6351
f 6354 6351 6352
f 6355 2640 1081
f 6353 2640 6355
f 6353 1082 2641
f 6355 1082 6353
f 6354 2642 1081
f 6355 1081 6356
f 6356 1081 2642
f 6355 533 1082
f 6356 533 6355
f 6356 1083 533
f 6356 2642 6357
f 6357 1083 6356
f 6330 2643 1075
f 6330 6329 2643
f 2644 6331 6335
f 6332 6331 6358
f 6358 6331 2644
f 2627 6333 6359
f 6333 6360 6359
f 6333 2626 6360
f 2626 6334 6361
f 2626 6361 6360
f 2627 6359 6362
f 2627 6362 6335
f 6361 6334 2645
f 6334 1075 2645
f 6363 6335 6362
f 2644 6335 6363
f 1075 2646 2645
f 1075 6364 2646
f 6364 1075 2643
f 6362 6359 90
f 6359 2647 90
f 6359 6360 2647
f 6360 6361 362
f 6360 362 2647
f 6365 362 6361
f 6361 2645 6365
f 6363 6362 2648
f 6362 90 2648
f 2645 2646 6366
f 2645 6366 6365
f 2646 6367 6366
f 2646 6368 6367
f 6364 6368 2646
f 2648 90 534
f 90 2649 534
f 90 2647 2649
f 2647 362 6369
f 2647 6369 2649
f 6365 2650 362
f 2650 6369 362
f 6365 6366 2651
f 6365 2651 2650
f 6366 6367 6370
f 6366 6370 2651
f 6368 6371 6367
f 6367 2652 6370
f 6367 6371 2652
f 2650 2651 2653
f 2650 2654 6369
f 2650 2653 2654
f 6372 2653 2651
f 6372 2651 6370
f 6370 2652 2655
f 6370 2655 6372
f 1084 6369 2654
f 1084 6373 6369
f 2649 6369 6373
f 6374 1084 2654
f 6374 2654 2653
f 2653 6372 535
f 2653 535 6374
f 6372 2655 6375
f 6372 6375 535
f 2656 2655 2652
f 6376 2652 6371
f 6376 2656 2652
f 2657 6375 2655
f 2656 2657 2655
f 1084 6374 2658
f 6373 1084 6377
f 1084 2658 6377
f 6378 2658 6374
f 6378 6374 535
f 535 6375 2659
f 535 2659 6378
f 6375 2660 2659
f 6375 1085 2660
f 2657 1085 6375
f 6379 2657 2656
f 6380 2656 6376
f 6380 6379 2656
f 6381 1085 2657
f 6379 6381 2657
f 2658 6382 6377
f 2658 2661 6382
f 2661 2658 6378
f 2661 6378 6383
f 6378 6384 6383
f 6378 2659 6384
f 2659 2660 1086
f 2659 1086 6384
f 2660 6385 1086
f 2660 6386 6385
f 1085 6386 2660
f 1085 6387 6386
f 6381 6387 1085
f 6380 6388 6379
f 6379 1087 6381
f 6379 6388 1087
f 6381 1087 536
f 6381 536 6387
f 2661 1088 6382
f 2661 2662 1088
f 6383 2662 2661
f 6383 6384 2663
f 6383 1089 2662
f 6383 2663 1089
f 6384 1086 2664
f 6384 2664 2663
f 1086 6385 6389
f 1086 6389 2664
f 6387 536 2665
f 6387 2665 6386
f 6386 2665 1090
f 6386 1090 6385
f 1089 2663 6390
f 2664 6390 2663
f 6389 6391 2664
f 2664 6391 6390
f 2662 6392 1088
f 2662 6393 6392
f 1089 6393 2662
f 1089 6390 537
f 1089 537 6393
f 537 6390 2666
f 6390 1091 2666
f 6390 6391 1091
f 6391 6394 1091
f 6391 6395 6394
f 6389 6395 6391
f 537 2667 6393
f 1092 6393 2667
f 1092 6392 6393
f 537 2666 1093
f 537 1093 2667
f 1093 2666 6396
f 1091 6396 2666
f 6394 6397 1091
f 1091 6397 6396
f 6398 1092 2667
f 6399 2667 1093
f 6398 2667 6399
f 1093 6396 6400
f 6399 1093 6400
f 6395 6401 6394
f 6394 6402 6397
f 6394 1094 6402
f 6394 6401 1094
f 6400 6396 2668
f 6396 2669 2668
f 6396 6397 2669
f 6397 6402 6403
f 6397 6403 2669
f 6402 1094 2670
f 6402 2670 6403
f 6399 6404 6398
f 6399 2671 6404
f 2671 6399 6400
f 6400 2668 6405
f 2671 6400 6405
f 6405 2668 6406
f 2669 6406 2668
f 6403 6407 2669
f 2669 6407 6406
f 6403 2670 6408
f 6403 6409 6407
f 6403 6408 6409
f 6410 6404 2671
f 6405 6411 2671
f 6410 2671 6411
f 6405 6406 6412
f 6405 6412 6411
f 6412 6406 2672
f 6407 2672 6406
f 6409 1095 6407
f 6407 1095 2672
f 6409 6408 1096
f 6409 1096 6413
f 6409 6413 1095
f 6404 6410 6414
f 6414 6410 1097
f 6411 1097 6410
f 6411 2673 1097
f 2673 6411 6412
f 2673 6412 1098
f 6412 2672 1098
f 1098 2672 6415
f 2672 6416 6415
f 2672 1095 6416
f 1095 6413 6417
f 1095 6417 6416
f 6413 1096 6418
f 6413 6418 6417
f 6419 1097 2673
f 1098 6419 2673
f 1098 6420 6419
f 1098 6415 6420
f 6420 6415 2674
f 6416 2674 6415
f 6417 2675 6416
f 6416 2675 2674
f 6420 2674 6421
f 6419 6420 6421
f 6421 2674 2676
f 2675 2676 2674
f 6417 6418 6422
f 6417 6423 2675
f 6417 6422 6423
f 6423 1099 2675
f 2675 1099 2676
f 6421 2676 538
f 6419 6421 2677
f 2677 6421 538
f 538 2676 6424
f 1099 6424 2676
f 6423 6422 539
f 6423 539 6425
f 6423 6425 1099
f 6425 6426 1099
f 1099 6426 6424
f 2677 538 2678
f 538 6424 6427
f 6427 2678 538
f 6427 6424 2679
f 6426 2679 6424
f 6428 6425 539
f 6428 6429 6425
f 6425 6429 6426
f 6429 2680 6426
f 6426 2680 2679
f 2681 6429 6428
f 6429 6430 2680
f 2681 6430 6429
f 6431 2680 6430
f 2679 2680 6431
f 6427 2679 6432
f 6432 2679 6433
f 2679 6431 6433
f 2682 6427 6432
f 2682 6434 6427
f 6427 6434 2678
f 6435 6430 2681
f 6431 6430 6436
f 6435 6436 6430
f 6431 6436 6437
f 6433 6431 1100
f 6431 6437 1100
f 6432 6433 6438
f 6439 6432 6438
f 6439 2682 6432
f 6438 6433 2683
f 6433 1100 2683
f 6440 2682 6439
f 6434 2682 6440
f 540 6437 6436
f 540 6436 6435
f 6441 2642 6354
f 6441 1101 2642
f 6357 2642 1101
f 6441 6354 363
f 6354 6352 363
f 6357 268 1083
f 6442 268 6357
f 6357 1101 6442
f 6443 1101 6441
f 6443 2684 1101
f 6442 1101 2684
f 2685 6443 6441
f 6441 363 6444
f 2685 6441 6444
f 363 6445 6444
f 363 6446 6445
f 6352 6446 363
f 6352 1079 6446
f 6444 6445 6447
f 6444 6447 2685
f 6442 1102 268
f 6448 1102 6442
f 6442 2684 6448
f 6449 2684 6443
f 541 6443 2685
f 541 6449 6443
f 6449 6450 2684
f 6448 2684 6450
f 2685 6447 6451
f 2685 6451 541
f 6445 6446 6452
f 6447 6445 6453
f 6445 6452 6453
f 6446 1079 6454
f 6446 6454 6452
f 6447 6453 6455
f 6451 6447 6455
f 6456 6450 6449
f 6456 6449 541
f 1079 2638 6454
f 6448 91 1102
f 6457 91 6448
f 6448 6450 6457
f 6456 1103 6450
f 6457 6450 1103
f 6456 541 2686
f 541 6458 2686
f 541 6451 6458
f 6451 6455 6459
f 6458 6451 6459
f 6460 1103 6456
f 6460 6456 2686
f 6454 269 6452
f 6454 6461 269
f 2638 6461 6454
f 2638 2635 6461
f 6457 542 91
f 6462 542 6457
f 6457 1103 6462
f 6460 6463 1103
f 6462 1103 6463
f 6460 2686 6464
f 2686 6465 6464
f 2686 6458 6465
f 6466 6463 6460
f 6466 6460 6464
f 2635 1104 6461
f 1104 269 6461
f 2635 531 1104
f 6462 1105 542
f 6467 1105 6462
f 6462 6463 6467
f 6466 2687 6463
f 6467 6463 2687
f 6466 6464 2688
f 6464 6468 2688
f 6464 6465 6468
f 6469 2687 6466
f 6470 6466 2688
f 6470 6469 6466
f 2688 6468 364
f 2688 364 6470
f 6467 92 1105
f 6471 92 6467
f 6467 2687 6471
f 6469 1106 2687
f 6471 2687 1106
f 6472 6469 6470
f 6472 1106 6469
f 6472 6470 543
f 6470 6473 543
f 6470 364 6473
f 6474 364 6468
f 6473 364 6474
f 6471 2689 92
f 6475 2689 6471
f 6471 1106 6475
f 6472 2690 1106
f 6475 1106 2690
f 6476 2690 6472
f 6472 2691 6476
f 6472 543 2691
f 543 6473 6477
f 543 6477 2691
f 6473 6474 6478
f 6477 6473 6478
f 6475 1107 2689
f 6475 2690 6479
f 6479 1107 6475
f 6476 1108 2690
f 6479 2690 1108
f 6480 1108 6476
f 6476 6481 6480
f 6476 2691 6481
f 2691 6477 6482
f 2691 6482 6481
f 6477 6478 6483
f 6484 6477 6483
f 6484 6482 6477
f 6479 93 1107
f 6485 93 6479
f 6479 1108 6485
f 6480 6486 1108
f 6485 1108 6486
f 6487 6486 6480
f 6480 94 6487
f 6480 6481 94
f 6481 6482 6488
f 6481 6488 94
f 6489 6488 6482
f 6489 6482 6484
f 95 94 6488
f 6487 94 95
f 95 6488 6490
f 6489 6490 6488
f 6485 1109 93
f 6491 1109 6485
f 6485 6486 6491
f 6487 1110 6486
f 6491 6486 1110
f 6492 1110 6487
f 6487 95 6492
f 2692 95 6490
f 6492 95 2692
f 6491 6493 1109
f 6494 6493 6491
f 6491 1110 6494
f 6492 2693 1110
f 6494 1110 2693
f 96 2693 6492
f 6492 2692 96
f 2692 6490 6495
f 6489 6496 6490
f 6490 6497 6495
f 6490 6496 6497
f 6495 2694 2692
f 96 2692 2694
f 6495 6498 2694
f 6498 6495 6497
f 6494 97 6493
f 2695 97 6494
f 6494 2693 2695
f 96 1111 2693
f 2695 2693 1111
f 6499 1111 96
f 96 2694 6499
f 6498 365 2694
f 6499 2694 365
f 6496 1112 6497
f 6497 2696 6498
f 6497 1112 2696
f 2697 6498 2696
f 2697 1113 6498
f 6498 1113 365
f 2695 98 97
f 2698 98 2695
f 2695 1111 2698
f 6499 99 1111
f 2698 1111 99
f 2699 99 6499
f 6499 365 2699
f 365 1113 6500
f 2699 365 100
f 365 6500 100
f 270 6500 1113
f 270 1113 2697
f 2697 2696 101
f 544 270 2697
f 2697 101 544
f 2698 102 98
f 2700 102 2698
f 2698 99 2700
f 2699 1114 99
f 2700 99 1114
f 6501 1114 2699
f 2699 100 6501
f 2701 6500 270
f 2701 1115 6500
f 100 6500 1115
f 100 1115 2702
f 2702 6501 100
f 544 2703 270
f 2703 2701 270
f 101 1116 544
f 914 544 1116
f 914 2703 544
f 2700 2704 102
f 2705 2704 2700
f 2700 1114 2705
f 6501 2706 1114
f 2705 1114 2706
f 6502 2706 6501
f 2702 6502 6501
f 2703 2707 2701
f 914 2707 2703
f 545 1115 2701
f 2701 2708 545
f 2701 2707 2708
f 545 6503 1115
f 2702 1115 6503
f 2702 6503 366
f 6502 2702 366
f 2709 545 2708
f 2709 6503 545
f 2705 103 2704
f 2710 103 2705
f 2705 2706 2710
f 6502 1117 2706
f 2710 2706 1117
f 6504 1117 6502
f 6502 366 6504
f 2709 1118 6503
f 366 6503 1118
f 366 1118 2711
f 6504 366 2711
f 2709 2708 6505
f 367 6505 2708
f 2707 367 2708
f 2712 2709 6505
f 2712 1118 2709
f 2712 6506 1118
f 2711 1118 6506
f 2710 271 103
f 2713 271 2710
f 2710 1117 2713
f 6504 546 1117
f 2713 1117 546
f 6507 546 6504
f 6504 2711 6507
f 2711 6506 2714
f 6507 2711 2714
f 2712 6505 6508
f 367 6508 6505
f 2715 6506 2712
f 2712 5172 2715
f 2712 6508 5172
f 6509 1100 6437
f 6510 1100 6509
f 6510 2683 1100
f 6509 6437 6511
f 6512 6437 540
f 6512 6511 6437
f 6438 2683 547
f 2716 6438 547
f 2716 6439 6438
f 6513 547 2683
f 6513 2683 6510
f 2716 547 6513
f 1119 6439 2716
f 1119 6514 6439
f 6440 6439 6514
f 6509 6511 6515
f 6515 6511 6512
f 6509 6515 2717
f 2718 6509 2717
f 2718 6510 6509
f 6516 6513 6510
f 6516 6510 2718
f 1119 2716 6517
f 2716 6513 6517
f 6517 6513 6516
f 6515 6512 2719
f 1119 6517 6518
f 6514 1119 2720
f 6518 2720 1119
f 6515 2719 6519
f 6520 2717 6515
f 6515 6519 6520
f 6520 6521 2717
f 6521 2718 2717
f 6522 6516 2718
f 6521 6523 2718
f 6522 2718 6523
f 6517 6516 2721
f 2721 6516 6522
f 6524 6518 6517
f 6524 6517 2721
f 6518 2722 2720
f 2722 6518 6524
f 6519 6525 6520
f 6525 6521 6520
f 6525 1120 6521
f 1120 6523 6521
f 6526 6524 2721
f 2721 6522 6526
f 6519 548 6525
f 6522 2723 6526
f 6522 549 2723
f 549 6522 6523
f 549 6523 2724
f 1120 2724 6523
f 6527 6525 548
f 6527 1120 6525
f 6527 2725 1120
f 2725 2724 1120
f 6526 6528 6524
f 2723 6528 6526
f 2722 6524 2726
f 2726 6524 6528
f 6527 548 6529
f 6530 6527 6529
f 6530 2725 6527
f 2727 2723 549
f 1121 2723 2727
f 2723 1121 6528
f 6531 549 2724
f 2727 549 6531
f 6531 2724 2728
f 2725 2728 2724
f 6530 6532 2725
f 6532 2728 2725
f 2726 6528 6533
f 6528 2729 6533
f 6528 1121 2729
f 1121 2727 6534
f 2729 1121 6534
f 6534 2727 6535
f 6535 2727 6531
f 6536 6531 2728
f 6535 6531 6536
f 6536 2728 6537
f 6532 6537 2728
f 6530 6529 6538
f 1122 6532 6530
f 2730 6532 1122
f 2730 6537 6532
f 1123 6535 6536
f 1123 6536 6537
f 1123 6537 2730
f 6534 6535 6539
f 2731 6534 6539
f 2729 6534 2731
f 6540 6533 2729
f 6541 2729 2731
f 6540 2729 6541
f 6535 1124 6539
f 6535 2732 1124
f 1123 2732 6535
f 2732 1123 6542
f 6542 1123 2730
f 2731 6539 6543
f 6543 6539 1124
f 6541 2731 6544
f 6544 2731 6543
f 6542 2730 6545
f 6546 2730 1122
f 6546 6545 2730
f 6547 1124 2732
f 2732 6542 6547
f 6548 6542 6545
f 6548 6547 6542
f 6540 6541 550
f 6541 2733 550
f 6541 6544 2733
f 6544 6543 6549
f 6543 1124 2734
f 2734 6549 6543
f 6544 6549 6550
f 6544 6550 2733
f 6548 6545 2735
f 2736 6545 6546
f 2736 2735 6545
f 6551 6548 2735
f 2737 6548 6551
f 6548 2737 6547
f 6551 2735 6552
f 6552 2735 2736
f 368 550 2733
f 6550 2738 2733
f 368 2733 2738
f 2734 6553 6549
f 6549 1125 6550
f 6549 6553 1125
f 1125 6554 6550
f 6550 6554 2738
f 1126 6551 6552
f 2737 6551 6555
f 6555 6551 1126
f 6556 6553 2734
f 1125 6553 6556
f 1125 2739 6554
f 1125 6556 6557
f 6557 2739 1125
f 2739 6558 6554
f 2738 6554 6558
f 6559 368 2738
f 2738 6558 6560
f 6559 2738 6560
f 2739 6561 6558
f 6557 369 2739
f 6561 2739 369
f 369 6557 2740
f 6557 6562 2740
f 6557 6556 6562
f 2741 6560 6558
f 6561 6563 6558
f 2741 6558 6563
f 2742 6559 6560
f 2742 6560 2741
f 6561 369 6564
f 6564 2743 6561
f 6561 2743 6563
f 369 2740 2744
f 2744 6564 369
f 2744 2740 6565
f 6565 2740 6562
f 6566 2741 6563
f 2743 6566 6563
f 6567 2742 2741
f 6566 6567 2741
f 2744 6568 6564
f 6564 6569 2743
f 6569 6564 6568
f 2743 6570 6566
f 6569 6570 2743
f 6568 2744 6571
f 2744 6565 6571
f 6572 6567 6566
f 6572 6566 6570
f 6568 6571 6215
f 2577 6568 6215
f 6569 6568 2577
f 6569 1127 6570
f 6208 6569 2577
f 6208 1127 6569
f 6572 6570 2745
f 6204 6570 1127
f 6204 2745 6570
f 6208 6204 1127
f 6215 6571 1064
f 6571 2584 1064
f 6571 6565 2584
f 6573 6572 2745
f 6205 2745 6204
f 6573 2745 6205
f 6574 2584 6565
f 6565 6562 6574
f 6574 6575 2584
f 2584 6575 6230
f 6574 6562 2746
f 6576 6575 6574
f 6574 2746 6576
f 6230 6575 2747
f 6576 2747 6575
f 6205 6577 6573
f 6205 2571 6577
f 2746 6578 6576
f 6576 1128 2747
f 6576 6578 1128
f 2746 6579 6578
f 6562 6580 2746
f 6579 2746 6580
f 6562 6556 6580
f 2747 1128 6581
f 6230 2747 6582
f 2747 6581 6582
f 6555 6578 6579
f 6578 2748 1128
f 6578 6555 2748
f 1128 2748 6583
f 1128 6583 6581
f 6555 6579 2737
f 6584 2737 6579
f 6579 6580 6584
f 6556 2734 6580
f 6580 1124 6584
f 6580 2734 1124
f 6584 6547 2737
f 6547 6584 1124
f 6555 1126 2748
f 551 6583 2748
f 551 2748 1126
f 2749 6581 6583
f 1129 6583 551
f 1129 2749 6583
f 551 1126 2750
f 1129 551 6585
f 551 2750 6585
f 1126 6552 2750
f 1130 2750 6552
f 6585 2750 1130
f 6586 2749 1129
f 6586 1129 2751
f 1129 6585 2751
f 6585 1130 6587
f 2752 6585 6587
f 2752 2751 6585
f 6586 2751 6588
f 6588 2751 2752
f 6587 1130 6589
f 6589 1130 6590
f 1130 6552 6590
f 2715 272 6506
f 2714 6506 272
f 5172 6508 367
f 2713 1131 271
f 104 1131 2713
f 2713 546 104
f 6507 1132 546
f 104 546 1132
f 6591 1132 6507
f 6507 2714 6591
f 2714 272 370
f 6591 2714 370
f 5173 2715 5172
f 5173 2753 2715
f 2753 272 2715
f 370 272 6592
f 2753 6592 272
f 104 371 1131
f 2754 371 104
f 104 1132 2754
f 6591 2755 1132
f 2754 1132 2755
f 105 2755 6591
f 6591 370 105
f 370 6592 2756
f 105 370 2756
f 5173 2757 2753
f 2757 6592 2753
f 2756 6592 1133
f 2757 1133 6592
f 5173 5171 2757
f 106 2757 5171
f 106 1133 2757
f 2754 1134 371
f 2758 1134 2754
f 2754 2755 2758
f 105 552 2755
f 2758 2755 552
f 6593 552 105
f 105 2756 6593
f 2756 1133 2759
f 6593 2756 2759
f 2759 1133 553
f 106 553 1133
f 106 5171 6594
f 6595 553 106
f 6594 6595 106
f 304 6594 5171
f 2758 107 1134
f 2760 107 2758
f 2758 552 2760
f 6593 2761 552
f 2760 552 2761
f 6594 6596 6595
f 304 6596 6594
f 2760 372 107
f 2762 372 2760
f 2760 2761 2762
f 2762 2761 1135
f 304 6597 6596
f 304 1136 6597
f 304 5167 1136
f 2762 2763 372
f 2764 2763 2762
f 2762 1135 2764
f 2764 1135 554
f 6597 1136 108
f 1136 2765 108
f 1136 6598 2765
f 5167 6598 1136
f 5167 2143 6598
f 2764 109 2763
f 2766 109 2764
f 2764 554 2766
f 2766 554 6599
f 6598 2767 2765
f 6598 6600 2767
f 2143 6600 6598
f 2767 6601 2765
f 2143 2146 6600
f 2766 373 109
f 2768 373 2766
f 2766 6599 2768
f 2767 6602 6601
f 6600 6603 2767
f 2767 6604 6602
f 2767 6603 6604
f 6600 2769 6603
f 6600 1137 2769
f 2146 1137 6600
f 2769 6604 6603
f 2770 6602 6604
f 2770 6601 6602
f 2146 2148 1137
f 2768 273 373
f 6605 273 2768
f 2148 6606 1137
f 6606 6607 1137
f 1137 6607 2769
f 2769 6608 6604
f 2769 6609 6608
f 2769 6607 6609
f 2771 6604 6608
f 2771 6610 6604
f 2770 6604 6610
f 2771 6608 6609
f 6606 2772 6607
f 2772 6609 6607
f 2148 15 6606
f 6605 1138 273
f 6611 1138 6605
f 6606 6612 2772
f 6606 6613 6612
f 15 6613 6606
f 2771 6609 110
f 2772 6614 6609
f 6614 110 6609
f 2772 6612 6615
f 2772 6615 6614
f 2773 6612 6613
f 2773 6615 6612
f 6611 111 1138
f 6616 111 6611
f 2774 6613 15
f 2774 6617 6613
f 2773 6613 6617
f 922 2774 15
f 6614 2775 110
f 6614 6615 6618
f 6614 6618 2775
f 6619 6618 6615
f 2773 6619 6615
f 2774 6620 6617
f 2773 6617 6620
f 2774 6621 6620
f 922 6621 2774
f 2773 6620 6622
f 2773 6623 6619
f 2773 6622 6623
f 6616 6624 111
f 6625 6624 6616
f 6626 6620 6621
f 2776 6620 6626
f 2776 6622 6620
f 555 6623 6622
f 555 6622 2776
f 6626 6621 2777
f 6627 6621 922
f 6627 2777 6621
f 6626 2777 6628
f 6627 6628 2777
f 6626 6628 112
f 2776 6626 112
f 2776 112 374
f 555 2776 374
f 6625 556 6624
f 6629 556 6625
f 555 374 6630
f 2778 374 112
f 2778 6630 374
f 6631 112 6628
f 2778 112 6631
f 1139 6628 6627
f 6629 6632 556
f 6633 6632 6629
f 6633 375 6632
f 2779 1139 6627
f 113 1139 2779
f 6634 113 2779
f 6634 2779 114
f 2779 6627 114
f 114 6627 922
f 6634 6635 113
f 6635 6636 113
f 6637 6635 6634
f 6635 6638 6636
f 6638 6635 6637
f 6637 6634 2780
f 6634 114 376
f 2780 6634 376
f 6639 376 114
f 114 922 6640
f 6639 114 6640
f 922 2147 6640
f 2147 6639 6640
f 6639 1140 376
f 2780 376 1140
f 6641 6637 2780
f 6638 6637 6642
f 6642 6637 6641
f 6641 2780 2781
f 2781 2780 1140
f 2782 6638 6642
f 2147 921 6639
f 6643 6639 921
f 6639 6643 1140
f 115 1140 6643
f 115 6644 1140
f 2781 1140 6644
f 2783 6641 2781
f 2783 2781 6644
f 2783 6645 6641
f 6642 6641 6646
f 6645 6646 6641
f 2784 2782 6642
f 2784 6642 6646
f 115 6643 923
f 6643 921 923
f 116 6644 115
f 2783 6644 116
f 6647 2784 6646
f 6645 6647 6646
f 6648 6645 2783
f 6647 6645 6648
f 6648 2783 1141
f 2783 6649 1141
f 2783 116 6649
f 6647 117 2784
f 6649 116 2785
f 2786 117 6647
f 6647 6648 6650
f 2786 6647 6650
f 118 6648 1141
f 6650 6648 118
f 118 1141 2787
f 1141 6651 2787
f 1141 6649 6651
f 2786 6650 6652
f 6650 118 6652
f 6649 2785 274
f 119 6649 274
f 119 6651 6649
f 2785 6653 274
f 119 274 6653
f 2786 6652 2788
f 2789 118 2787
f 2789 6654 118
f 6652 118 6654
f 2787 6651 6655
f 2787 6655 2789
f 2790 6655 6651
f 2790 6651 119
f 2788 6652 6656
f 6652 6654 6656
f 119 6653 6657
f 2790 119 6657
f 6658 6655 2790
f 6658 2789 6655
f 1142 6654 2789
f 6658 1142 2789
f 1142 6659 6654
f 6659 6656 6654
f 6653 2791 6657
f 2788 6656 2792
f 6660 2792 6656
f 6659 6660 6656
f 6552 2736 6590
f 6586 2793 2749
f 6661 6586 6588
f 2793 6586 6661
f 6587 6589 6662
f 6663 6587 6662
f 6663 2752 6587
f 1143 2752 6663
f 6588 2752 1143
f 6661 6588 2794
f 2794 6588 1143
f 6590 2736 6664
f 6589 6590 6665
f 6590 6664 6665
f 6662 6589 6666
f 6589 1144 6666
f 6589 6665 1144
f 6662 6666 557
f 6663 6662 557
f 6664 2736 6546
f 6665 6664 2795
f 6665 2795 1144
f 6663 557 6667
f 6668 6663 6667
f 1143 6663 6668
f 2796 1143 6668
f 2794 1143 2796
f 6664 6669 2795
f 6664 6670 6669
f 6664 6546 6670
f 6670 6546 1122
f 6668 6667 1145
f 6671 6668 1145
f 2796 6668 6671
f 6670 1146 6669
f 6670 6672 1146
f 6670 1122 6672
f 1122 6530 6672
f 6672 6530 6538
f 6672 6538 1146
f 6671 1145 2797
f 6673 6671 2797
f 1147 6671 6673
f 1147 2796 6671
f 6673 2797 558
f 6674 6673 558
f 6674 1147 6673
f 6674 558 1148
f 6675 6674 1148
f 6675 2798 6674
f 6674 2798 1147
f 6675 1148 6676
f 6677 6675 6676
f 6677 2799 6675
f 6675 2799 2798
f 2798 6678 1147
f 2798 2800 6678
f 2799 2800 2798
f 6678 2796 1147
f 6677 6676 6679
f 6680 6677 6679
f 6680 6681 6677
f 6677 6681 2799
f 2799 2801 2800
f 6681 2801 2799
f 6682 2800 2801
f 6682 6683 2800
f 6683 6678 2800
f 6683 559 6678
f 559 2794 6678
f 6678 2794 2796
f 6680 6679 2802
f 6680 2803 6681
f 2803 6684 6681
f 6681 6684 2801
f 6685 6682 2801
f 6685 2801 6684
f 6686 6680 2802
f 1149 6680 6686
f 1149 2803 6680
f 6687 6682 6685
f 6687 2804 6682
f 6683 6682 2804
f 6683 2804 2805
f 2805 559 6683
f 559 6661 2794
f 6661 559 6688
f 2805 6688 559
f 6686 2802 1150
f 2803 2806 6684
f 1151 2803 1149
f 1151 2806 2803
f 6689 6685 6684
f 6689 6684 2806
f 2807 6687 6685
f 2807 6685 6689
f 6690 6686 1150
f 2808 6686 6690
f 2808 1149 6686
f 2809 1151 1149
f 2809 1149 2808
f 6691 2804 6687
f 6691 2810 2804
f 2810 2805 2804
f 2810 2811 2805
f 6688 2805 2811
f 6692 6689 2806
f 6692 2806 1151
f 560 6692 1151
f 560 1151 2809
f 6693 2807 6689
f 6693 6689 6692
f 6690 1150 561
f 6694 2808 6690
f 6694 6690 561
f 6694 6695 2808
f 6695 2809 2808
f 6692 560 2812
f 6692 2812 6693
f 6696 560 2809
f 6695 6697 2809
f 6696 2809 6697
f 6698 2812 560
f 6698 560 6696
f 6691 6699 2810
f 2810 6700 2811
f 2810 6699 6700
f 6694 561 6701
f 6702 6694 6701
f 6702 6695 6694
f 6702 2813 6695
f 2813 6697 6695
f 2812 6698 6703
f 6693 2812 2814
f 2812 6703 2814
f 6704 6696 6697
f 2815 6696 6704
f 2815 6698 6696
f 6704 6697 2816
f 2813 2816 6697
f 6698 2815 2817
f 6698 2817 6703
f 6702 6701 2818
f 6705 2813 6702
f 1152 6702 2818
f 1152 6705 6702
f 1153 2816 2813
f 6705 1153 2813
f 6706 2817 2815
f 6704 6706 2815
f 1154 6704 2816
f 1153 1154 2816
f 6704 6707 6706
f 1154 6707 6704
f 2819 6705 1152
f 2819 6708 6705
f 2820 6705 6708
f 2820 1153 6705
f 2821 1154 1153
f 2821 1153 2820
f 6709 6707 1154
f 6709 1154 2821
f 6707 6709 2822
f 6707 2822 6706
f 6710 6708 2819
f 6711 2820 6708
f 6710 6711 6708
f 6711 6712 2820
f 6712 2821 2820
f 6713 6709 2821
f 6712 6713 2821
f 6709 6714 2822
f 6709 6715 6714
f 6713 6715 6709
f 1155 6713 6712
f 1155 6715 6713
f 1156 6712 6711
f 1155 6712 1156
f 6714 6715 120
f 1155 120 6715
f 562 6711 6710
f 1156 6711 6716
f 562 6716 6711
f 1156 6716 6717
f 6717 6716 562
f 1156 6717 6718
f 1155 1156 6718
f 1155 6718 6719
f 1155 6720 120
f 1155 6719 6720
f 6714 120 2823
f 6721 120 6720
f 6721 2823 120
f 6722 6721 6720
f 6719 6722 6720
f 6719 2824 6722
f 6718 2824 6719
f 6717 2825 6718
f 6718 2825 2824
f 6717 562 6723
f 6717 6724 2825
f 6717 2826 6724
f 6717 6723 2826
f 6722 2824 1157
f 2824 1158 1157
f 2824 2825 1158
f 2825 6724 6725
f 2825 6725 1158
f 6724 2826 1159
f 6724 1159 6725
f 6722 1157 6726
f 6722 2827 6721
f 6726 2827 6722
f 1157 6727 6726
f 1157 2828 6727
f 1158 2828 1157
f 1158 2829 2828
f 6725 2829 1158
f 6725 6728 2829
f 1159 6728 6725
f 6726 6729 2827
f 6727 6729 6726
f 6727 2828 6730
f 2829 6730 2828
f 6728 6731 2829
f 2829 6731 6730
f 1159 2830 6728
f 6727 6730 6732
f 6727 2831 6729
f 2831 6727 6732
f 6732 6730 2832
f 6731 2832 6730
f 6728 2830 6733
f 6728 6734 6731
f 6728 6733 6734
f 6734 2833 6731
f 6731 2833 2832
f 6732 2832 563
f 2831 6732 6735
f 6735 6732 563
f 6735 2834 2831
f 6729 2831 2834
f 563 2832 1160
f 2832 1161 1160
f 2832 2833 1161
f 6734 6733 564
f 6734 564 6736
f 6734 6736 2833
f 2833 6736 6737
f 2833 6737 1161
f 563 1160 6738
f 6738 2835 563
f 6735 563 2835
f 6735 6739 2834
f 2835 6739 6735
f 6736 564 1162
f 2790 6657 6740
f 6657 1163 6740
f 6657 2791 1163
f 6658 2790 2836
f 6741 2790 6740
f 6741 2836 2790
f 1142 6742 6659
f 1142 2837 6742
f 6658 2837 1142
f 6659 6742 6743
f 6659 6743 6660
f 2838 6741 6740
f 2838 6740 1163
f 6658 2836 2839
f 6741 2839 2836
f 1163 2791 6744
f 6741 6745 2839
f 2838 6745 6741
f 6660 121 2792
f 6660 6743 2840
f 6660 2840 121
f 1163 6744 122
f 6746 1163 122
f 6746 2838 1163
f 6746 2841 2838
f 2838 2841 6745
f 6742 2837 6747
f 6743 6742 6748
f 6742 6747 6748
f 2840 6743 6749
f 6743 6748 6749
f 2842 122 6744
f 2842 6746 122
f 123 2839 6745
f 6750 6745 2841
f 123 6745 6750
f 121 2840 6751
f 2840 6749 6752
f 6751 2840 6752
f 6746 6753 2841
f 2843 6753 6746
f 2842 2843 6746
f 6754 2841 6753
f 6754 6755 2841
f 6750 2841 6755
f 6749 2844 6752
f 6749 6756 2844
f 6748 6756 6749
f 6757 6752 2844
f 6751 6752 6757
f 2845 2843 2842
f 123 6750 6758
f 6750 2846 6758
f 6750 6755 2846
f 6754 2846 6755
f 124 6754 6753
f 2843 2847 6753
f 124 6753 2847
f 2848 2847 2843
f 2848 2843 2845
f 6754 2849 2846
f 124 2849 6754
f 6759 124 2847
f 6759 2847 2848
f 6759 6760 124
f 124 6760 2849
f 6757 2844 6761
f 6762 2846 2849
f 6762 1164 2846
f 1164 6758 2846
f 6763 6762 2849
f 6763 2849 6760
f 6760 6764 6763
f 6762 2850 1164
f 6762 2851 2850
f 6763 2851 6762
f 6763 6764 2852
f 6763 6765 2851
f 6763 2852 6765
f 2852 6766 6765
f 6766 2851 6765
f 6767 2850 2851
f 6766 6767 2851
f 6767 6768 2850
f 6768 2853 2850
f 1164 2850 2853
f 6764 2854 2852
f 2854 6769 2852
f 2852 6769 6766
f 6764 6770 2854
f 6767 1165 6768
f 6767 2855 1165
f 6766 2855 6767
f 6766 6769 2856
f 6766 6771 2855
f 6766 2856 6771
f 6768 6772 2853
f 6768 2857 6772
f 6768 1165 2857
f 6770 6773 2854
f 6773 6774 2854
f 2854 6774 6769
f 6769 6774 377
f 6769 377 2856
f 2856 6775 6771
f 6775 2855 6771
f 6776 1165 2855
f 6775 6776 2855
f 6776 6777 1165
f 6777 2857 1165
f 2856 6778 6775
f 377 6778 2856
f 6777 125 2857
f 125 6779 2857
f 6772 2857 6779
f 6773 6780 6774
f 6774 6781 377
f 6774 6780 6781
f 377 126 6778
f 6782 377 6781
f 6782 126 377
f 6776 2858 6777
f 6776 2859 2858
f 6775 2859 6776
f 6777 2858 378
f 6777 378 125
f 6780 2860 6781
f 2860 6782 6781
f 6775 6778 2861
f 6778 2862 2861
f 6778 126 2862
f 2862 126 6782
f 125 6783 6779
f 125 6784 6783
f 125 378 6784
f 2859 6785 2858
f 2858 6786 378
f 2858 6785 6786
f 378 6786 6787
f 378 6787 6784
f 6784 6787 1166
f 6783 6784 2863
f 6784 1166 2863
f 2864 6786 6785
f 2864 2865 6786
f 2865 6787 6786
f 6788 1166 6787
f 2865 6788 6787
f 2863 1166 6789
f 2866 6789 1166
f 6788 2866 1166
f 6790 2865 2864
f 6791 2865 6790
f 6791 6788 2865
f 6792 2866 6788
f 6792 6788 6791
f 2867 2864 6785
f 275 2864 2867
f 6790 2864 275
f 6793 2866 6792
f 6793 6794 2866
f 2866 6794 6789
f 6791 2868 6792
f 6793 6792 2868
f 2869 6790 275
f 2869 2870 6790
f 2870 6791 6790
f 6791 6795 2868
f 2870 6795 6791
f 6796 2869 275
f 275 2867 6796
f 6797 2870 2869
f 6795 2870 6797
f 6793 2868 6798
f 6799 6794 6793
f 6799 6793 6798
f 2868 6795 6800
f 6795 6797 6800
f 6798 2868 1167
f 2868 6800 1167
f 6796 2871 2869
f 1168 2869 2871
f 6797 2869 1168
f 6797 565 6800
f 6797 2872 565
f 1168 2872 6797
f 6800 565 2873
f 6800 2873 1167
f 6798 1167 6801
f 1167 6802 6801
f 1167 2873 6802
f 6803 6798 6801
f 6803 2874 6798
f 6799 6798 2874
f 6801 6802 2875
f 6801 2875 6803
f 1168 2871 6804
f 6804 379 1168
f 1168 379 2872
f 565 2872 6805
f 2873 565 6806
f 565 6805 6806
f 2872 379 6807
f 2872 6807 6805
f 6802 2873 6808
f 2873 6806 6808
f 2875 6802 6809
f 6802 6808 6809
f 2876 6807 379
f 6804 2876 379
f 6808 6806 6810
f 6805 6810 6806
f 6807 2877 6805
f 6805 2877 6810
f 6808 6810 380
f 6809 6808 380
f 6807 1169 2877
f 2876 6811 6807
f 6811 1169 6807
f 2878 380 6810
f 2877 566 6810
f 2878 6810 566
f 1169 2879 2877
f 2877 2879 566
f 6809 380 6812
f 6812 380 2878
f 2879 6813 566
f 2878 566 6813
f 1169 2880 2879
f 6811 2881 1169
f 2881 2880 1169
f 2880 6814 2879
f 2879 6814 6813
f 6812 2878 6815
f 2878 6813 6816
f 6817 2878 6816
f 6817 6815 2878
f 6813 2882 6816
f 6813 6818 2882
f 6814 6818 6813
f 6819 6817 6816
f 6819 6816 2882
f 6814 2883 6818
f 6820 2883 6814
f 2880 6820 6814
f 2881 2884 2880
f 2880 6821 6820
f 2880 2884 6821
f 2882 6818 6392
f 6392 6818 2883
f 2882 6392 1092
f 6819 2882 1092
f 6817 6819 2885
f 6815 6817 6822
f 6817 2885 6822
f 2885 6819 6398
f 6736 1162 6737
f 6738 1160 2886
f 1160 2887 2886
f 1160 1161 2887
f 1161 6737 6823
f 1161 6823 2887
f 6737 1162 2888
f 6737 2888 6823
f 6738 2886 6368
f 6738 6364 2835
f 6364 6738 6368
f 2835 2643 6739
f 6364 2643 2835
f 6368 2886 6371
f 2887 6371 2886
f 6823 6376 2887
f 2887 6376 6371
f 6823 2888 6824
f 6823 6380 6376
f 6823 6824 6380
f 6739 2643 6329
f 6380 6824 6388
f 6322 6825 6329
f 6739 6329 6825
f 381 6825 6322
f 381 6826 6825
f 6826 6739 6825
f 6316 381 6322
f 6826 2834 6739
f 381 6316 1073
f 6826 381 6827
f 381 1073 6827
f 6826 6827 6828
f 2834 6826 6828
f 6827 1073 6304
f 6828 6827 2889
f 6827 6304 2889
f 6828 2889 6829
f 1170 6828 6829
f 2834 6828 1170
f 6729 2834 1170
f 2890 6729 1170
f 1170 6829 2890
f 2889 6304 6300
f 2889 6300 6830
f 6829 2889 6830
f 6829 6830 6831
f 2890 6829 6831
f 2890 2827 6729
f 2890 6831 6832
f 6832 2827 2890
f 6830 6300 266
f 6831 6830 382
f 6830 266 382
f 6833 6832 6831
f 6831 382 6833
f 6832 6721 2827
f 1171 6721 6832
f 6833 1171 6832
f 6292 382 266
f 6834 6833 382
f 6834 382 6292
f 6833 6834 6835
f 6833 6835 1171
f 1171 2823 6721
f 1171 6835 6714
f 1171 6714 2823
f 6836 6834 6292
f 2891 6834 6836
f 2891 6835 6834
f 6835 2891 2822
f 6835 2822 6714
f 6836 6292 2611
f 1172 2891 6836
f 6837 6836 2611
f 1172 6836 6837
f 2891 1172 6706
f 2891 6706 2822
f 2817 1172 6837
f 6706 1172 2817
f 6837 2611 6282
f 6838 6837 6282
f 2817 6837 6838
f 6838 6703 2817
f 6838 6282 355
f 355 6839 6838
f 6838 6839 6703
f 355 6278 6839
f 6278 6840 6839
f 6703 6839 6840
f 6703 6840 2814
f 6278 2605 6840
f 6841 6840 2605
f 6841 2814 6840
f 6841 2605 6267
f 6267 6842 6841
f 6841 1173 2814
f 6842 1173 6841
f 6693 2814 1173
f 6267 2599 6842
f 2599 6843 6842
f 6842 2892 1173
f 6843 2892 6842
f 1173 2892 2807
f 1173 2807 6693
f 2599 6255 6843
f 6255 6699 6843
f 6691 6843 6699
f 6843 6691 2892
f 2892 6691 6687
f 2892 6687 2807
f 6255 2597 6699
f 2597 6700 6699
f 2597 352 6700
f 352 6844 6700
f 1174 6700 6844
f 1174 2811 6700
f 6688 2811 1174
f 1174 2893 6688
f 1174 6845 2893
f 6844 6845 1174
f 6844 2894 6845
f 352 6846 6844
f 6846 2894 6844
f 6238 6846 352
f 6661 6688 2893
f 2893 6845 6847
f 2793 6661 2893
f 2893 6847 2793
f 2895 6847 6845
f 2895 6845 2894
f 6848 2895 2894
f 6846 6848 2894
f 2896 6848 6846
f 2896 6846 6238
f 2793 6847 1175
f 1175 6847 2895
f 2588 2896 6238
f 2588 2897 2896
f 2897 6848 2896
f 6848 6849 2895
f 2897 6849 6848
f 6849 2898 2895
f 1175 2895 2898
f 2793 1175 2749
f 6581 1175 2898
f 2749 1175 6581
f 6849 6850 2898
f 2897 6850 6849
f 6581 2898 6582
f 6850 6582 2898
f 2588 1065 2897
f 1065 2585 2897
f 2897 2585 6850
f 6850 6230 6582
f 2585 6230 6850
f 5849 5088 2101
f 6851 5088 5849
f 5849 2413 6851
f 2413 6852 6851
f 6852 2899 6851
f 6851 2899 5088
f 5073 5088 2899
f 6852 6853 2899
f 2899 5069 5073
f 2899 6853 5069
f 6854 6853 6852
f 2413 1176 6852
f 1176 6854 6852
f 5839 1176 2413
f 5839 567 1176
f 1176 567 6854
f 6854 2900 6853
f 5071 6853 2900
f 5071 5069 6853
f 6855 2900 6854
f 567 6855 6854
f 6855 5075 2900
f 5071 2900 5075
f 5839 6856 567
f 6856 5093 567
f 567 5093 6855
f 5086 5075 6855
f 5093 5086 6855
f 1016 6856 5839
f 6857 6856 1016
f 6857 5101 6856
f 6856 5101 5093
f 1016 5109 6857
f 5101 6857 2109
f 5109 2109 6857
f 2901 2432 504
f 2901 6858 2432
f 2432 6858 1021
f 2901 2902 6858
f 6858 2903 1021
f 6858 2902 2903
f 2901 6859 2902
f 6859 6860 2902
f 6860 2903 2902
f 6860 1177 2903
f 1021 2903 2904
f 1177 2904 2903
f 1021 2904 5891
f 6859 1178 6860
f 5891 2904 5897
f 1177 6861 2904
f 2904 6862 5897
f 2904 6861 6862
f 1177 2905 6861
f 1177 276 2905
f 6860 276 1177
f 6860 2906 276
f 6860 2907 2906
f 6860 1178 2907
f 6861 2905 6863
f 6861 6863 6862
f 5905 5897 6862
f 2908 5905 6862
f 2908 6862 6863
f 6864 2905 276
f 6865 2905 6864
f 6865 6863 2905
f 6864 276 127
f 2906 127 276
f 2907 6866 2906
f 2906 6866 127
f 6867 2908 6863
f 6867 6863 6865
f 6868 6867 6865
f 6864 6868 6865
f 2907 6869 6866
f 6866 568 127
f 568 6864 127
f 568 2909 6864
f 6864 2909 6868
f 5909 5905 2908
f 6870 5909 2908
f 6870 2908 6867
f 6870 6867 2910
f 6868 2910 6867
f 6866 2911 568
f 2912 6866 6869
f 2912 2911 6866
f 2913 2910 6868
f 6871 6868 2909
f 2913 6868 6871
f 2914 2909 568
f 6871 2909 2914
f 6870 2910 6872
f 6872 2910 2913
f 2914 568 2915
f 568 2916 2915
f 568 2911 2916
f 2916 2911 2912
f 6870 2441 5909
f 6819 1092 6398
f 6820 2917 2883
f 6821 2917 6820
f 6392 2883 1088
f 1088 2883 2917
f 6821 2918 2917
f 2884 6873 6821
f 6873 2918 6821
f 2885 6398 6404
f 6822 2885 6414
f 6404 6414 2885
f 1088 2917 6382
f 2917 6377 6382
f 2917 2918 6377
f 6373 6377 2918
f 6873 6373 2918
f 2649 6373 6873
f 6874 2649 6873
f 2884 6874 6873
f 6874 534 2649
f 2881 6874 2884
f 2881 6875 6874
f 6875 534 6874
f 6811 6875 2881
f 6875 2919 534
f 2919 6875 6876
f 6811 6876 6875
f 2648 534 2919
f 6877 2648 2919
f 2919 6876 6877
f 2876 6876 6811
f 2876 6878 6876
f 6878 6877 6876
f 6877 6363 2648
f 6878 2920 6877
f 6363 6877 2920
f 6879 6878 2876
f 2920 6878 6879
f 6879 2876 6804
f 6363 2920 2644
f 2920 6879 383
f 2644 2920 383
f 6804 6880 6879
f 2921 6879 6880
f 2921 383 6879
f 6804 2871 6880
f 6881 6880 2871
f 6881 2921 6880
f 2644 383 6882
f 2922 383 2921
f 2922 6882 383
f 2922 2921 6883
f 6881 6883 2921
f 6358 2644 6882
f 6358 6882 2922
f 6881 2871 6796
f 6881 2923 6883
f 6881 6884 2923
f 6796 6884 6881
f 6358 2922 384
f 2922 6883 6885
f 384 2922 6885
f 6883 2923 1179
f 6883 1179 6885
f 6332 6358 384
f 6796 2867 6884
f 2923 6884 6886
f 1179 2923 6887
f 2923 6886 6887
f 6884 2867 6888
f 6884 6888 6886
f 384 6885 6889
f 6885 6890 6889
f 6885 1179 6890
f 6890 1179 6891
f 1179 6887 6891
f 6332 384 2924
f 384 6892 2924
f 384 6889 6892
f 2861 6891 6887
f 6886 2861 6887
f 6893 6886 6888
f 6886 6893 2861
f 6889 6890 2925
f 6889 2925 6892
f 2925 6890 6894
f 6890 6891 6894
f 2867 6785 6888
f 2859 6888 6785
f 6893 6888 2859
f 2862 6894 6891
f 2861 2862 6891
f 6775 2861 6893
f 6775 6893 2859
f 6892 2925 1180
f 2925 6894 6895
f 1180 2925 6895
f 6896 6895 6894
f 2862 6896 6894
f 6892 6897 2924
f 6892 6898 6897
f 6892 1180 6898
f 2862 6782 6896
f 6896 2926 6895
f 6782 2926 6896
f 1180 6895 6899
f 2927 1180 6899
f 6898 1180 2927
f 6895 2926 6900
f 6895 6900 6899
f 6782 6901 2926
f 6901 6900 2926
f 6900 6902 6899
f 2927 6899 6902
f 6898 358 6897
f 6898 6903 358
f 6898 2927 6903
f 6903 2927 128
f 128 2927 6902
f 2860 6901 6782
f 358 6903 6312
f 6903 128 6312
f 6900 569 6902
f 6901 1181 6900
f 1181 569 6900
f 129 1181 6901
f 129 6901 2860
f 569 6904 6902
f 128 6902 6904
f 6312 128 2621
f 2621 128 6904
f 385 1181 129
f 385 6905 1181
f 1181 6905 569
f 569 6906 6904
f 6907 569 6905
f 6907 6906 569
f 6907 6905 385
f 6906 6318 6904
f 2621 6904 6318
f 6908 385 129
f 6909 129 2860
f 6909 6908 129
f 6910 6908 6909
f 6910 6909 2928
f 6911 6910 2928
f 6912 6911 2928
f 6912 2928 6773
f 2928 6780 6773
f 2928 6909 6780
f 6780 6909 2860
f 6770 6912 6773
f 5323 939 6913
f 5323 6913 1182
f 6913 2929 1182
f 1182 2929 2930
f 2929 6914 2930
f 1182 2930 6915
f 5323 1182 130
f 2931 1182 6915
f 2931 130 1182
f 6915 2930 131
f 2930 6916 131
f 2930 6914 6916
f 386 5323 130
f 386 942 5323
f 570 6916 6914
f 6915 131 1183
f 2932 6915 1183
f 2932 2931 6915
f 130 2931 2289
f 386 130 1184
f 130 2289 1184
f 2931 2932 132
f 2931 132 2289
f 979 2932 1183
f 979 1183 131
f 979 131 571
f 131 6917 571
f 131 6916 6917
f 570 2933 6916
f 387 6916 2933
f 387 6917 6916
f 2289 5540 1184
f 386 1184 5540
f 979 2338 2932
f 324 2932 2338
f 324 132 2932
f 2289 132 5543
f 5543 132 324
f 979 571 2934
f 2934 571 6917
f 2934 6917 6918
f 6918 6917 387
f 387 2933 6919
f 979 2934 1185
f 979 1185 478
f 1185 2934 572
f 572 2934 6918
f 6918 387 2935
f 387 6919 6920
f 133 387 6920
f 133 2935 387
f 572 6918 134
f 134 6918 2935
f 573 6920 6919
f 2936 133 6920
f 2936 6920 573
f 1185 572 388
f 47 1185 388
f 47 478 1185
f 388 572 1186
f 1186 572 134
f 2935 133 6921
f 2936 6921 133
f 2935 6921 2937
f 134 2935 2937
f 1186 134 6922
f 6922 134 2937
f 388 1186 6923
f 47 388 6923
f 573 2938 2936
f 2936 6924 6921
f 2938 6924 2936
f 6925 2937 6921
f 6925 6921 6924
f 6925 2939 2937
f 6922 2937 2939
f 6923 1186 2940
f 1186 6926 2940
f 1186 6922 6926
f 6922 2939 2941
f 6922 2941 6926
f 6927 2941 2939
f 6927 2939 6925
f 2940 6926 389
f 389 6926 2941
f 6925 6924 1187
f 2938 2942 6924
f 2942 1187 6924
f 574 6927 6925
f 574 6925 1187
f 2938 6928 2942
f 2941 6927 6929
f 574 6929 6927
f 2941 6929 2943
f 389 2941 2943
f 2942 6930 1187
f 574 1187 6930
f 6930 2942 6928
f 2940 389 135
f 2943 6931 389
f 1188 389 6931
f 1188 135 389
f 6929 6932 2943
f 2943 6932 6931
f 6870 6004 2441
f 6870 2944 6004
f 6870 6872 2944
f 2916 2912 575
f 6872 2913 6933
f 6933 2913 6934
f 6934 2913 6871
f 6934 6871 6935
f 6935 6871 2914
f 6936 2914 2915
f 6935 2914 6936
f 6872 6933 2945
f 6872 2945 2944
f 6936 2915 6937
f 6937 2915 2916
f 6004 2944 6009
f 6009 2944 2945
f 2916 575 6938
f 6937 2916 6939
f 2916 6938 6939
f 6933 6934 6940
f 6941 6933 6940
f 6941 2945 6933
f 6940 6934 2946
f 2946 6934 6935
f 2946 6935 6942
f 6935 2947 6942
f 6935 6936 2947
f 6936 6937 1189
f 6936 1189 2947
f 6937 6939 2948
f 6937 2948 1189
f 2948 6939 6938
f 6009 2945 6943
f 1190 2945 6941
f 1190 6943 2945
f 6009 6943 2486
f 2948 6938 1191
f 6940 2946 6944
f 2949 6940 6944
f 2949 6941 6940
f 6945 1190 6941
f 6945 6941 2949
f 6944 2946 2950
f 6942 2950 2946
f 6942 6946 2950
f 2947 6946 6942
f 2948 576 1189
f 576 2947 1189
f 576 2951 2947
f 2947 2951 6946
f 6947 2486 6943
f 6947 6943 1190
f 2952 6947 1190
f 2952 1190 6945
f 6945 2949 2953
f 2953 2949 6944
f 6944 2950 6948
f 2953 6944 6948
f 6945 2953 6949
f 2952 6945 6949
f 6948 2950 2954
f 2954 2950 6946
f 2954 6946 6950
f 2951 6950 6946
f 576 2955 2951
f 2951 2955 6950
f 2953 6951 6949
f 2953 2956 6951
f 2956 2953 6948
f 6948 2954 6952
f 2956 6948 6952
f 2957 6949 6951
f 2952 6949 2957
f 6952 2954 6953
f 6953 2954 6950
f 6027 6947 2952
f 6031 2952 2957
f 6031 6027 2952
f 6953 6950 6954
f 6954 6950 2955
f 6951 2956 577
f 577 2956 6952
f 6952 6953 6955
f 577 6952 6955
f 2957 6951 2958
f 2958 6031 2957
f 6951 577 6956
f 2958 6951 6956
f 6955 6953 2959
f 2959 6953 6954
f 6956 577 2960
f 2960 577 6955
f 6955 2959 6957
f 2960 6955 6957
f 2958 6034 6031
f 2958 6956 6958
f 6959 2958 6958
f 6959 6034 2958
f 6956 2960 6960
f 6958 6956 6960
f 6957 2959 6961
f 6962 6961 2959
f 2959 6954 6962
f 6957 6961 6963
f 2960 6957 6963
f 2960 6964 6960
f 2960 6965 6964
f 2960 6963 6965
f 6034 6959 6037
f 6958 6960 2961
f 6966 6958 2961
f 6966 6959 6958
f 6959 6966 2962
f 6959 2962 6037
f 6967 2961 6960
f 6967 6960 6964
f 1192 6964 6965
f 1192 6965 6963
f 6968 6967 6964
f 1192 6968 6964
f 6963 6961 2963
f 6969 2963 6961
f 6962 6969 6961
f 6963 2963 6970
f 1192 6963 6970
f 6971 6966 2961
f 6971 2961 6967
f 2962 6966 6971
f 6968 2964 6967
f 6971 6967 2964
f 6037 2962 2505
f 2962 6971 6972
f 6972 2505 2962
f 6968 1192 578
f 1192 6973 578
f 1192 6970 6973
f 2964 6968 6974
f 6968 578 6974
f 6970 2963 6975
f 6970 6975 6973
f 6971 2964 6976
f 6972 6971 6976
f 2964 6974 6977
f 6976 2964 6977
f 6977 6974 6978
f 6978 6974 578
f 6978 578 2965
f 2965 578 6973
f 6972 6976 2966
f 2966 136 6972
f 6972 136 2505
f 2505 136 6047
f 6976 6977 6979
f 2966 6976 6979
f 6973 6975 2967
f 2965 6973 6980
f 6973 2967 6980
f 6978 2965 1193
f 1193 2965 6980
f 6977 6978 2968
f 6981 6977 2968
f 6981 6979 6977
f 6978 1193 6982
f 2968 6978 6982
f 6983 6979 6981
f 2966 6979 6983
f 2966 390 136
f 390 2966 6983
f 136 390 1041
f 136 1041 6047
f 6980 2967 6984
f 1193 6980 6985
f 6980 6984 6985
f 1193 6986 6982
f 1193 2969 6986
f 2969 1193 6985
f 6987 6982 6986
f 2968 6982 6987
f 6988 6981 2968
f 6988 2968 6987
f 2970 6981 6988
f 6983 6981 2970
f 390 6983 6989
f 2970 6989 6983
f 1041 390 6989
f 1041 6989 513
f 6985 6984 2971
f 2969 6985 6990
f 6985 2971 6990
f 6987 6986 2972
f 2972 6986 6991
f 6991 6986 2969
f 6991 2969 2973
f 2973 2969 6990
f 6992 6988 6987
f 6992 6987 2972
f 2974 6988 6992
f 2974 6993 6988
f 2970 6988 6993
f 6993 2975 2970
f 2970 2975 6989
f 6989 2975 6994
f 6989 6994 513
f 513 6994 2511
f 6990 2971 6995
f 2973 6990 579
f 6990 6995 579
f 2972 6991 6996
f 6997 2972 6996
f 6997 6992 2972
f 5207 2974 6992
f 5207 6992 6997
f 2974 6998 6993
f 6993 6998 2975
f 5207 18 2974
f 2974 18 6998
f 2975 6998 1194
f 2975 1194 6994
f 6994 1194 6999
f 6994 6999 2511
f 2511 6999 5228
f 6998 18 5215
f 6998 5215 1194
f 1194 5215 2167
f 1194 2167 6999
f 2167 5228 6999
f 2158 6997 6996
f 2158 5202 6997
f 5202 5207 6997
f 6996 7000 2158
f 6996 6991 7000
f 2158 7000 5191
f 5185 5191 7000
f 2976 7000 6991
f 5185 7000 2976
f 2976 6991 2973
f 5185 2976 5188
f 5188 2976 2973
f 5188 2973 579
f 579 2977 5188
f 5188 2977 5187
f 579 6995 2977
f 7001 5187 2977
f 7002 2977 6995
f 7002 7001 2977
f 7001 7003 5187
f 2978 7001 7002
f 7003 7001 2978
f 2114 5187 7003
f 6995 7004 7002
f 2978 7002 7005
f 7004 7005 7002
f 6995 2971 7004
f 2114 7003 7006
f 7003 2978 7007
f 574 6930 7008
f 574 7009 6929
f 574 7010 7009
f 574 7008 7010
f 6929 7011 6932
f 2979 7011 6929
f 2979 6929 7009
f 2979 7009 7010
f 7012 6932 7011
f 6931 6932 7012
f 6930 6928 7013
f 6930 2980 7008
f 6930 7013 2980
f 7008 2980 7014
f 7008 7014 7010
f 2981 1188 6931
f 6931 7012 137
f 2981 6931 137
f 2979 7010 7015
f 7014 7015 7010
f 7016 2979 7015
f 2979 7016 7011
f 7012 7011 580
f 7011 7016 580
f 2981 137 391
f 7012 391 137
f 7012 7017 391
f 7018 7017 7012
f 7012 580 7018
f 7016 7015 7019
f 580 7016 7019
f 7014 2982 7015
f 7015 2983 7019
f 7015 2982 2983
f 2980 581 7014
f 1195 7014 581
f 1195 2982 7014
f 2983 2982 1195
f 580 7019 7020
f 2983 7020 7019
f 2984 7018 580
f 2984 580 7020
f 7018 7021 7017
f 2984 7021 7018
f 2983 2985 7020
f 2985 2983 582
f 2983 1195 582
f 7022 2984 7020
f 7022 7020 2985
f 2984 7023 7021
f 7022 7023 2984
f 2985 582 1196
f 7022 2985 1196
f 1195 2986 582
f 1195 392 2986
f 581 392 1195
f 582 2986 2987
f 582 2987 1196
f 392 7024 2986
f 2987 2986 7024
f 7022 7025 7023
f 7025 7022 583
f 7022 1196 583
f 2988 583 1196
f 2988 1196 2987
f 2987 2989 2988
f 2987 7026 2989
f 2987 7024 7026
f 7025 583 7027
f 584 7023 7025
f 7027 584 7025
f 583 2988 2990
f 583 2990 7027
f 2988 2989 2991
f 2988 2991 2990
f 7026 2992 2989
f 2991 2989 2992
f 7026 1197 2992
f 1197 7026 7024
f 2993 7027 2990
f 2993 2994 7027
f 7027 2994 584
f 585 2993 2990
f 585 2990 2991
f 2991 2992 2995
f 585 2991 2995
f 2992 1197 7028
f 2995 2992 7029
f 2992 7028 7029
f 7030 2994 2993
f 7031 2993 585
f 7031 7030 2993
f 7030 7032 2994
f 2994 7032 584
f 585 7033 7031
f 585 2996 7033
f 585 2995 2996
f 2995 7029 7034
f 7034 2996 2995
f 2997 7031 7033
f 2997 7030 7031
f 2997 2998 7030
f 2998 7032 7030
f 7029 7028 2999
f 7034 7029 277
f 7029 2999 277
f 7034 138 2996
f 138 7033 2996
f 7034 3000 138
f 7034 7035 3000
f 7034 277 7035
f 3001 7035 277
f 3001 277 2999
f 138 3000 7036
f 138 7036 7033
f 7037 7033 7036
f 7037 3002 7033
f 2997 7033 3002
f 2997 1198 2998
f 2997 3003 1198
f 3003 2997 3002
f 7038 3000 7035
f 3001 7038 7035
f 7038 3004 3000
f 7036 3000 3004
f 7036 3004 7039
f 7036 7040 7037
f 7036 7039 7040
f 3001 7041 7038
f 3004 7038 7041
f 7042 7039 3004
f 3004 7041 7042
f 7037 7040 3005
f 7040 7039 7043
f 7042 7043 7039
f 7040 7043 7044
f 3005 7040 7044
f 1199 7043 7042
f 7044 7043 1199
f 3003 3006 1198
f 3003 7045 3006
f 7042 7041 586
f 1199 7042 7046
f 7042 586 7046
f 7047 3005 7044
f 7047 7044 7048
f 7044 1199 7048
f 586 7049 7046
f 1199 7046 7049
f 1199 7049 3007
f 7048 1199 3007
f 7048 3007 3008
f 7047 7048 3008
f 7045 7050 3006
f 3009 3008 3007
f 3007 7049 7051
f 3009 3007 7052
f 3007 7051 7052
f 586 3010 7049
f 7053 7049 3010
f 7053 7051 7049
f 7052 7051 7053
f 3010 586 7054
f 7055 7053 3010
f 3010 7054 7055
f 7055 7056 7053
f 7057 7056 7055
f 3011 7055 7054
f 3011 3012 7055
f 7057 7055 3012
f 3011 7058 3012
f 7057 3012 7058
f 7057 7058 7059
f 3011 1200 7058
f 139 3011 7054
f 139 7060 3011
f 1200 3011 7060
f 7041 139 7054
f 7041 7054 586
f 3001 139 7041
f 3001 7060 139
f 7061 7058 1200
f 7061 7062 7058
f 7059 7058 7062
f 7059 7062 7063
f 1200 7064 7061
f 1200 7065 7064
f 1200 7060 7065
f 3001 3013 7060
f 7065 7060 3013
f 7065 3013 7066
f 7064 7065 7066
f 3001 2999 3013
f 2999 7066 3013
f 7061 7064 7067
f 7068 7062 7061
f 7061 7067 7068
f 7069 7063 7062
f 7068 7069 7062
f 7064 7066 3014
f 7067 7064 3014
f 3015 3014 7066
f 2999 3015 7066
f 7069 3016 7063
f 7068 7070 7069
f 7070 3016 7069
f 7068 3017 7070
f 7067 3017 7068
f 7028 3015 2999
f 7067 3014 7071
f 7067 7072 3017
f 7071 7072 7067
f 7073 7071 3014
f 3015 7073 3014
f 7073 3015 7074
f 7028 7074 3015
f 7070 7075 3016
f 7073 7076 7071
f 7073 7074 7077
f 7077 7076 7073
f 7028 587 7074
f 140 7074 587
f 140 7077 7074
f 7028 1197 587
f 1197 7024 587
f 140 587 7024
f 140 7024 7078
f 392 7078 7024
f 7079 7078 392
f 581 7079 392
f 3018 7079 581
f 3018 581 7080
f 2980 7080 581
f 1201 7080 2980
f 7080 7081 3018
f 7080 1201 7081
f 3018 7081 7082
f 7082 7081 3019
f 3019 7081 1201
f 1201 2980 7013
f 7083 1201 7013
f 3019 1201 7083
f 7082 3019 7084
f 588 3019 7083
f 7083 7013 7085
f 7086 7083 7085
f 7086 588 7083
f 7013 7086 7085
f 7013 6928 7086
f 6928 7087 7086
f 7087 588 7086
f 3006 7050 7088
f 3006 7088 7089
f 1198 3006 7089
f 589 7089 7088
f 3020 7089 589
f 7006 7003 7007
f 7007 2978 3021
f 3021 2978 7005
f 2110 2114 7006
f 7004 3022 7005
f 3022 590 7005
f 3021 7005 590
f 7090 7004 2971
f 7091 7004 7090
f 7091 3022 7004
f 7090 2971 6984
f 7007 3021 7092
f 7006 7007 3023
f 3023 7007 7092
f 2110 7006 7093
f 7006 3024 7093
f 7006 3023 3024
f 7094 7090 6984
f 7094 7091 7090
f 3025 7092 3021
f 7095 3021 590
f 7095 3025 3021
f 7095 590 3026
f 3022 3026 590
f 7096 3026 3022
f 7096 3022 7091
f 3027 7096 7091
f 7094 3027 7091
f 7094 6984 2967
f 7097 7094 2967
f 7097 3027 7094
f 3025 7098 7092
f 3023 7092 3028
f 3028 7092 7098
f 3023 3028 591
f 3023 591 3024
f 7098 3025 3029
f 3029 3025 7095
f 7095 3026 3030
f 3030 592 7095
f 3029 7095 592
f 7099 3030 3026
f 7099 3026 7096
f 7099 7096 1202
f 3027 1202 7096
f 7100 1202 3027
f 7097 7100 3027
f 7097 2967 6975
f 2963 7097 6975
f 2963 7101 7097
f 7101 7100 7097
f 7098 3029 7102
f 3031 7098 7102
f 3028 7098 3031
f 3028 3031 3032
f 3028 3032 591
f 7103 3030 7099
f 7103 3033 3030
f 3030 3033 592
f 7103 7099 3034
f 7099 1202 3034
f 1202 141 3034
f 1202 393 141
f 7100 393 1202
f 3035 393 7100
f 7101 3035 7100
f 3031 7102 3036
f 3036 3032 3031
f 6969 7101 2963
f 7104 3035 7101
f 7104 7101 6969
f 1203 141 393
f 3035 1203 393
f 7105 1203 3035
f 7105 3035 7104
f 7103 3034 1204
f 593 1204 3034
f 593 3034 141
f 1203 3037 141
f 3037 593 141
f 7106 3037 1203
f 7106 1203 7105
f 594 7105 7104
f 3038 7104 6969
f 594 7104 3038
f 3039 7106 7105
f 3039 7105 594
f 3038 6969 6962
f 3037 1205 593
f 7106 1205 3037
f 7107 3039 594
f 7107 594 3038
f 7107 3038 7108
f 7108 3038 6962
f 7106 3039 595
f 7106 7109 1205
f 7106 595 7109
f 7110 595 3039
f 7107 7110 3039
f 7108 3040 7107
f 3040 7110 7107
f 7108 6962 6954
f 7108 2955 3040
f 6954 2955 7108
f 7110 7111 595
f 7110 3041 7111
f 7110 3042 3041
f 3040 3042 7110
f 3040 3043 3042
f 3040 576 3043
f 576 3040 2955
f 596 3041 3042
f 596 3042 3043
f 2948 596 3043
f 2948 3043 576
f 2948 1191 596
f 6021 2486 6947
f 6027 6021 6947
f 5098 2110 7093
f 5098 7093 7112
f 7112 2102 5098
f 7112 5085 2102
f 7093 7113 7112
f 7113 5085 7112
f 7093 3024 7113
f 3024 7114 7113
f 7114 3044 7113
f 7113 3044 5085
f 5085 3044 5078
f 3024 591 7114
f 7114 1206 3044
f 3044 7115 5078
f 3044 1206 7115
f 7114 591 3032
f 1206 7114 7116
f 7114 3032 7116
f 5078 7115 450
f 7117 450 7115
f 1206 7117 7115
f 1206 7116 3045
f 1206 3045 7117
f 1207 7117 3045
f 7116 1207 3045
f 3046 7116 3032
f 3046 7118 7116
f 7116 7118 1207
f 3036 3046 3032
f 1207 7119 7117
f 7119 142 7117
f 7117 142 450
f 2092 450 142
f 3036 597 3046
f 1208 597 3036
f 7119 1209 142
f 142 1209 447
f 142 447 2092
f 5873 5895 5870
f 5895 3047 5870
f 5895 5896 3047
f 5870 3047 497
f 7120 497 3047
f 5896 7120 3047
f 7120 5869 497
f 5896 7121 7120
f 5900 7121 5896
f 7120 7122 5869
f 7120 3048 7122
f 7121 3048 7120
f 5900 7123 7121
f 7121 7123 3048
f 5869 7122 2420
f 5900 2438 7123
f 7122 7124 2420
f 7122 7125 7124
f 3048 7125 7122
f 3048 7126 7125
f 7123 7126 3048
f 7123 7127 7126
f 2438 7127 7123
f 7128 7125 7126
f 7125 394 7124
f 7125 7128 394
f 7129 2420 7124
f 7130 7124 394
f 7130 7129 7124
f 7129 5861 2420
f 5861 7129 7131
f 7131 7129 7130
f 7126 7127 7132
f 7128 7126 3049
f 7126 7132 3049
f 2438 7133 7127
f 7127 3050 7132
f 7127 7133 3050
f 7128 3051 394
f 7128 7134 3051
f 3049 7134 7128
f 7135 7130 394
f 7135 394 3051
f 3049 3052 7134
f 7132 3052 3049
f 3050 7136 7132
f 7132 7136 3052
f 7130 7135 3053
f 7131 7130 3054
f 7130 3053 3054
f 5861 7131 2416
f 7137 7135 3051
f 3053 7135 7137
f 7134 598 3051
f 7137 3051 598
f 3052 1210 7134
f 7134 1210 598
f 3052 7136 7138
f 3052 7139 1210
f 3052 7138 7139
f 3050 3055 7136
f 3055 7138 7136
f 3053 7137 7140
f 3054 3053 7141
f 7141 3053 7140
f 7142 7140 7137
f 7142 7137 598
f 1210 143 598
f 7142 598 143
f 3056 1210 7139
f 7138 3056 7139
f 1210 7143 143
f 3056 7143 1210
f 7138 7144 3056
f 7145 7144 7138
f 3055 7145 7138
f 3057 7143 3056
f 7144 3057 3056
f 7142 3058 7140
f 7146 7142 143
f 7146 3058 7142
f 7143 3059 143
f 7146 143 3059
f 7140 3058 7147
f 7141 7140 1211
f 7140 7147 1211
f 7143 7148 3059
f 3057 7148 7143
f 7146 3060 3058
f 7147 3058 3060
f 3060 7146 7149
f 7149 7146 3059
f 7145 1212 7144
f 7144 7150 3057
f 1212 7150 7144
f 7151 7148 3057
f 7151 3057 7150
f 7148 7152 3059
f 7149 3059 7152
f 7148 7153 7152
f 1198 7089 3020
f 3061 3020 589
f 7154 3020 3061
f 7154 1198 3020
f 7154 2998 1198
f 3062 7154 3061
f 7154 3062 3063
f 7154 3064 2998
f 7154 3063 3064
f 2998 3064 7032
f 3063 7032 3064
f 3062 7023 3063
f 3063 584 7032
f 584 3063 7023
f 3062 3061 1213
f 3061 589 3065
f 599 3061 3065
f 599 1213 3061
f 3062 7021 7023
f 7017 3062 1213
f 7017 7021 3062
f 599 7017 1213
f 599 391 7017
f 599 7155 391
f 599 3066 7155
f 3065 3066 599
f 2981 391 7155
f 2981 7155 7156
f 3066 7156 7155
f 3065 3067 3066
f 589 3067 3065
f 3066 7157 7156
f 7157 3066 3067
f 7157 7158 7156
f 2981 7156 7159
f 7159 7156 7158
f 1188 2981 7159
f 589 144 3067
f 7157 3067 1214
f 1214 3067 144
f 7157 1215 7158
f 1215 7157 1214
f 589 1216 144
f 1214 144 7160
f 7160 144 1216
f 1215 1214 7160
f 5946 7158 1215
f 7159 7158 3068
f 2456 7158 5946
f 2456 3068 7158
f 5946 1215 1032
f 1032 1215 7160
f 1217 7159 3068
f 1217 7161 7159
f 1188 7159 7161
f 135 1188 7161
f 3068 2456 145
f 3068 145 1217
f 7160 1216 1218
f 67 7160 1218
f 1032 7160 67
f 7162 7161 1217
f 135 7161 7162
f 3069 1217 145
f 7162 1217 3069
f 5949 145 2456
f 3069 145 3070
f 3070 145 5949
f 67 1218 3071
f 2461 67 3071
f 1219 7162 3069
f 1219 7163 7162
f 7163 135 7162
f 395 1219 3069
f 395 3069 3070
f 3070 5949 7164
f 1220 3070 7164
f 1220 395 3070
f 278 2461 3071
f 7165 7163 1219
f 3072 1219 395
f 7165 1219 3072
f 3072 395 3073
f 3073 395 1220
f 3074 7164 5949
f 7164 7166 1220
f 7164 3074 7166
f 1220 7166 3075
f 3073 1220 7167
f 1220 3075 7167
f 7168 3073 7167
f 3072 3073 7168
f 3072 7168 7169
f 7169 7165 3072
f 7170 3075 7166
f 3074 7170 7166
f 7171 7167 3075
f 7170 7172 3075
f 7171 3075 7172
f 7171 7173 7167
f 7168 7167 7173
f 1221 7172 7170
f 3074 7174 7170
f 7174 1221 7170
f 7168 7175 7169
f 7168 279 7175
f 7168 7173 7176
f 7168 7176 279
f 7177 7176 7173
f 7177 7173 7171
f 7171 7172 7178
f 7179 7171 7178
f 7179 7177 7171
f 7172 7180 7178
f 7172 3076 7180
f 1221 3076 7172
f 7176 7177 3077
f 3077 7177 7179
f 7181 7179 7178
f 7181 7178 7180
f 279 1222 7175
f 279 146 1222
f 7176 146 279
f 7176 3077 1223
f 7176 1223 146
f 7179 7181 991
f 3077 7179 54
f 7179 991 54
f 5687 1223 3077
f 54 5687 3077
f 3076 7182 7180
f 7183 7180 7182
f 7183 7181 7180
f 7181 7183 5699
f 7181 5699 991
f 5687 5682 1223
f 146 1223 5682
f 146 7184 1222
f 146 7185 7184
f 146 5682 7185
f 5699 7183 7186
f 7186 7183 7182
f 5699 7186 2357
f 5674 7185 5682
f 5668 7184 7185
f 5668 7185 5674
f 7186 61 2357
f 7186 7187 61
f 7187 7186 7188
f 7186 7182 7188
f 5665 7184 5668
f 1222 7184 5665
f 61 7187 600
f 61 600 256
f 7187 7188 7189
f 7190 7187 7189
f 7190 600 7187
f 1224 256 600
f 1224 600 7190
f 1224 5808 256
f 3078 7189 7188
f 7182 3078 7188
f 3078 5916 7189
f 7189 2442 7190
f 7189 5916 2442
f 2442 7191 7190
f 1224 7190 7191
f 601 1224 7191
f 2388 1224 601
f 2388 5808 1224
f 5918 5916 3078
f 7182 7192 3078
f 5918 3078 7192
f 3076 7192 7182
f 2442 335 7191
f 335 7193 7191
f 601 7191 7193
f 1225 601 7193
f 5816 601 1225
f 5816 2388 601
f 7192 3076 1221
f 5918 7192 602
f 7192 1221 602
f 5920 5918 602
f 3079 5920 602
f 3079 602 1221
f 335 2404 7193
f 1225 7193 7194
f 7193 491 7194
f 7193 2404 491
f 488 1225 7194
f 2395 1225 488
f 2395 5816 1225
f 5820 7194 491
f 488 7194 5820
f 7174 3079 1221
f 5920 3079 5926
f 5926 3079 7174
f 5926 7174 64
f 64 7174 3074
f 64 3074 5933
f 3074 5949 5933
f 5520 5529 603
f 7195 5520 603
f 5513 5520 7195
f 7195 603 7196
f 7197 5513 7195
f 7197 7195 3080
f 7198 3080 7195
f 7198 7195 7196
f 7198 3081 3080
f 3081 7197 3080
f 7198 7196 375
f 7198 7199 3081
f 375 7199 7198
f 3081 7200 7197
f 7200 3082 7197
f 7197 3082 5513
f 5513 3082 5514
f 7200 3083 3082
f 3083 5514 3082
f 3083 7200 7201
f 7201 7200 3081
f 3083 7202 5514
f 3083 7201 3084
f 7202 3083 3084
f 2594 7203 6237
f 6237 7203 7204
f 3085 7204 7203
f 6237 7204 1066
f 3086 7204 3085
f 3086 7205 7204
f 1066 7204 7205
f 7206 3086 3085
f 1066 7205 2583
f 2583 7205 7207
f 7207 7205 3086
f 7208 3086 7206
f 7208 7209 3086
f 7207 3086 7209
f 3087 7208 7206
f 2583 7207 6219
f 7209 7210 7207
f 6219 7207 7210
f 7209 3088 7210
f 7208 3088 7209
f 6219 7210 2575
f 3088 6206 7210
f 2575 7210 6206
f 3087 7211 7208
f 7208 7212 3088
f 7208 3089 7212
f 7208 7211 3089
f 3088 2567 6206
f 7212 2567 3088
f 7213 7211 3087
f 7151 7153 7148
f 3060 7149 7214
f 7147 3060 7215
f 7215 3060 7214
f 7216 7214 7149
f 7216 7149 7152
f 7216 7152 3090
f 7153 3090 7152
f 7153 7217 3090
f 7217 7153 7151
f 7216 3091 7214
f 3091 7218 7214
f 7215 7214 7218
f 3091 7216 7219
f 7219 7216 3090
f 7217 7220 3090
f 7219 3090 7220
f 3091 7219 7221
f 147 7221 7219
f 147 7219 7220
f 3091 1226 7218
f 3091 7222 1226
f 3091 7221 7222
f 3092 7218 1226
f 3092 7223 7218
f 7223 7215 7218
f 7224 3092 1226
f 7224 1226 7222
f 7217 1227 7220
f 147 7220 3093
f 1227 3093 7220
f 148 3092 7224
f 148 7223 3092
f 147 3094 7221
f 7221 7225 7222
f 7221 3094 7225
f 7226 3094 147
f 7226 147 3093
f 7222 7225 3095
f 7222 3095 7224
f 3095 7227 7224
f 148 7224 7227
f 7226 7228 3094
f 7225 3094 7228
f 1227 7229 3093
f 7226 3093 396
f 7229 396 3093
f 148 7230 7223
f 3096 7230 148
f 3096 148 7227
f 7225 7231 3095
f 7225 1228 7231
f 7225 7228 1228
f 3095 7232 7227
f 7231 7232 3095
f 7226 3097 7228
f 7226 7233 3097
f 7233 7226 396
f 7228 3097 7234
f 7228 7234 1228
f 7227 7232 3098
f 3096 7227 7235
f 7227 3098 7235
f 1228 7234 3099
f 1228 3099 7231
f 7229 1229 396
f 1229 3100 396
f 7233 396 3100
f 7231 3099 7236
f 7231 7237 7232
f 7231 7236 7237
f 7232 7237 7238
f 7232 7238 3098
f 7233 7239 3097
f 3097 7240 7234
f 3097 7239 7240
f 7233 604 7239
f 604 7233 3100
f 7234 7240 7241
f 7234 7241 3099
f 3099 7241 7242
f 3099 7242 7236
f 7237 7236 3101
f 7237 3101 7238
f 7236 7242 7243
f 7236 7243 3101
f 3102 7239 604
f 7240 7239 3102
f 1229 7244 3100
f 604 3100 7245
f 7244 7245 3100
f 3102 604 7246
f 7246 604 7245
f 7240 3103 7241
f 7240 149 3103
f 7240 3102 149
f 7241 3103 7247
f 7241 7247 7242
f 7242 7247 3104
f 7242 3104 7243
f 3101 7243 7248
f 3104 7248 7243
f 7249 3102 7246
f 149 3102 7249
f 7244 5474 7245
f 5474 3105 7245
f 7246 7245 3105
f 7249 7246 7250
f 7250 7246 3105
f 3103 150 7247
f 3103 7251 150
f 149 7251 3103
f 149 7252 7251
f 149 7249 7252
f 7247 150 7253
f 7247 7253 3104
f 3106 7249 7250
f 7252 7249 3106
f 3104 7254 7248
f 3104 7255 7254
f 3104 7253 7255
f 7251 7252 7256
f 7252 3106 7256
f 150 7251 3107
f 7251 7256 3107
f 150 3107 7257
f 7253 150 7257
f 5474 5467 3105
f 7250 3105 7258
f 5467 7258 3105
f 3106 7250 7259
f 7259 7250 7258
f 7260 7255 7253
f 7253 7257 3108
f 7260 7253 3108
f 7254 7255 7261
f 7261 7255 7260
f 3106 7259 7262
f 7256 3106 7263
f 3106 7262 7263
f 7256 954 3107
f 7256 7264 954
f 7256 7263 7264
f 3107 954 5505
f 3107 5505 7257
f 7257 5505 7265
f 7257 7265 3108
f 7262 7259 3109
f 7259 7258 3109
f 5467 5461 7258
f 5461 3109 7258
f 3108 7265 7266
f 3108 7266 7260
f 7261 7260 3110
f 7260 7267 3110
f 7260 7266 7267
f 7263 7262 5465
f 5465 7262 7268
f 7262 3109 7268
f 7263 5465 3111
f 7264 7263 3111
f 5461 5353 3109
f 5353 7268 3109
f 2263 954 7264
f 7264 3111 7269
f 2263 7264 7269
f 7270 7266 7265
f 2262 7265 5505
f 7270 7265 2262
f 3112 7267 7266
f 3112 7266 7270
f 7271 3110 7267
f 7272 7267 3112
f 7272 7271 7267
f 5353 943 7268
f 5465 7268 2249
f 943 2249 7268
f 3112 7270 5499
f 5499 7270 2262
f 5465 5469 3111
f 3111 7273 7269
f 3111 5469 7273
f 5495 2263 7269
f 5495 7269 7273
f 3112 5499 7274
f 7275 3112 7274
f 7275 7272 3112
f 7276 7272 7275
f 7276 3113 7272
f 3113 7271 7272
f 7276 7275 7277
f 7277 7275 7274
f 3114 7274 5499
f 7277 7274 3114
f 2255 5495 7273
f 5469 5473 7273
f 2255 7273 5473
f 3113 7276 7278
f 7276 7277 3115
f 3115 7278 7276
f 7277 7279 3115
f 7277 7280 7279
f 3114 7280 7277
f 3115 7279 7281
f 3115 7282 7278
f 3115 7281 7282
f 3116 7281 7279
f 7279 7283 3116
f 7279 7280 7283
f 3114 7284 7280
f 7283 7280 7284
f 7284 3114 5492
f 3114 5499 5492
f 7282 7281 7285
f 7278 7282 3117
f 7282 7285 3117
f 3116 7286 7281
f 7281 3118 7285
f 7281 7286 3118
f 3116 7287 7286
f 3116 7288 7287
f 7283 7288 3116
f 7289 3117 7285
f 7289 7285 3118
f 7283 7290 7288
f 3119 7290 7283
f 7283 7284 3119
f 7284 5492 5491
f 3119 7284 5491
f 7286 7287 7291
f 7286 7291 3118
f 7289 3118 7292
f 3118 7293 7292
f 3118 7291 7293
f 3120 7287 7288
f 7294 7288 7290
f 7294 3120 7288
f 3120 7295 7287
f 7287 3121 7291
f 7287 7295 3121
f 7296 7293 7291
f 7296 7291 3121
f 3119 7297 7290
f 3122 7290 7297
f 3122 7294 7290
f 7297 3119 5487
f 3119 5491 5487
f 3123 7293 7296
f 3123 397 7293
f 7292 7293 397
f 3084 7295 3120
f 7298 3120 7294
f 7298 3084 3120
f 3124 7298 7294
f 3124 7294 3122
f 3084 7201 7295
f 7213 3089 7211
f 5993 5977 5985
f 5993 3125 5977
f 1047 3125 5993
f 5977 3125 2472
f 6087 2472 3125
f 1047 6087 3125
f 6087 7299 2472
f 2472 7299 5981
f 2521 7299 6087
f 7299 2521 7300
f 7299 7300 5981
f 2521 6099 7300
f 3126 5981 7300
f 6099 3126 7300
f 6099 6106 3126
f 3126 7301 5981
f 7302 3126 6106
f 7301 3126 7302
f 5981 7301 2471
f 7301 7302 7303
f 2471 7301 7303
f 3127 7303 7302
f 7302 6106 7304
f 7304 3127 7302
f 80 7304 6106
f 80 7305 7304
f 7304 7305 3127
f 3127 1230 7303
f 7306 3127 7305
f 1230 3127 7306
f 7303 1230 3128
f 2471 7303 7307
f 7303 3128 7307
f 5969 2471 7307
f 3128 5969 7307
f 1230 7306 7308
f 3128 1230 7308
f 3128 5968 5969
f 3128 7308 7309
f 5968 3128 7309
f 80 605 7305
f 80 6111 605
f 7305 605 7310
f 7306 7305 7311
f 7305 7310 7311
f 6111 7310 605
f 7312 7308 7306
f 3129 7306 7311
f 7312 7306 3129
f 3130 7309 7308
f 3130 7308 7312
f 3130 7313 7309
f 5968 7309 7313
f 7310 7314 7311
f 3129 7311 7314
f 509 5968 7313
f 7315 7312 3129
f 7316 7312 7315
f 7316 3130 7312
f 7315 3129 7317
f 7317 3129 7314
f 3130 7318 7313
f 7319 3130 7316
f 7319 7318 3130
f 7318 5958 7313
f 509 7313 5958
f 7317 7320 7315
f 7315 1231 7316
f 7315 7320 1231
f 7316 1231 7321
f 7316 7321 7319
f 7317 3131 7320
f 7317 7314 7322
f 7322 3131 7317
f 7318 3132 5958
f 7323 7318 7319
f 7323 3132 7318
f 7319 7321 7324
f 7319 7324 7323
f 7325 7324 7321
f 7325 7321 1231
f 5955 5958 3132
f 7320 3131 7326
f 1231 7320 7327
f 7320 7326 7327
f 7325 1231 7328
f 1231 7327 7328
f 7326 3131 7329
f 7322 7329 3131
f 7330 5955 3132
f 7330 3132 7323
f 7330 7323 7324
f 7325 7331 7324
f 7328 398 7325
f 7331 7325 398
f 7324 7331 1232
f 7330 7324 3133
f 7324 1232 3133
f 3134 5955 7330
f 3134 7330 3133
f 3134 3133 1232
f 3134 2459 5955
f 7327 7326 3135
f 7326 7329 7332
f 3135 7326 7332
f 7327 3135 7333
f 7328 7327 7333
f 7328 1233 398
f 7328 7333 1233
f 7334 2459 3134
f 1232 7334 3134
f 7331 7335 1232
f 1232 7335 7334
f 7331 398 3136
f 7331 3136 7335
f 7333 7336 1233
f 398 1233 7336
f 7334 5945 2459
f 1029 5945 7334
f 7335 1029 7334
f 3135 7332 7337
f 7338 3135 7337
f 7333 3135 7338
f 7333 7339 7336
f 7333 7338 7339
f 7340 7335 3136
f 7340 280 7335
f 7335 280 1029
f 398 7340 3136
f 2455 1029 280
f 398 7336 7341
f 398 7341 7340
f 7339 7342 7336
f 3137 7336 7342
f 3137 7341 7336
f 7339 7343 7342
f 7343 7339 7338
f 3138 7340 7341
f 3138 280 7340
f 3138 7341 3137
f 2455 280 7344
f 3138 7344 280
f 7338 7337 7345
f 7345 3139 7338
f 7343 7338 3139
f 1234 3137 7342
f 7343 1234 7342
f 7343 7346 1234
f 3139 7346 7343
f 5938 2455 7344
f 5938 7344 7347
f 3138 7347 7344
f 7348 3138 3137
f 3138 7348 7347
f 7348 3137 7349
f 1234 7349 3137
f 7350 7346 3139
f 7345 7350 3139
f 7351 7349 1234
f 7346 7351 1234
f 7351 3140 7349
f 3140 7348 7349
f 7346 3141 7351
f 7350 7352 7346
f 7352 3141 7346
f 1026 5938 7347
f 7348 7353 7347
f 1026 7347 7353
f 3140 3142 7348
f 7348 3142 7353
f 7354 3140 7351
f 7354 3142 3140
f 3141 7355 7351
f 7354 7351 7355
f 3141 7356 7355
f 7352 7357 3141
f 7357 7356 3141
f 2592 7357 7352
f 1235 7352 7350
f 2592 7352 1235
f 7356 7358 7355
f 7358 7354 7355
f 7359 7353 3142
f 606 7353 7359
f 606 1026 7353
f 7359 3142 7360
f 7354 7360 3142
f 7358 3143 7354
f 3143 7360 7354
f 6246 7357 2592
f 7357 6246 7356
f 7356 3144 7358
f 6246 3144 7356
f 7359 7360 3145
f 3143 3145 7360
f 7359 3145 7361
f 3146 7359 7361
f 3146 606 7359
f 3146 7361 7362
f 6246 6247 3144
f 3146 7362 7363
f 7364 3146 7363
f 7364 336 3146
f 5924 336 7364
f 151 5924 7364
f 151 259 5924
f 7295 3147 3121
f 7295 7201 3147
f 7365 7296 3121
f 7365 3121 3147
f 1236 3123 7296
f 1236 7296 7365
f 7297 5487 5484
f 7366 7297 5484
f 7366 3122 7297
f 7367 3124 3122
f 7367 3122 7366
f 1236 7368 3123
f 3123 7369 397
f 3123 7368 7369
f 3081 7365 3147
f 7201 3081 3147
f 7202 3084 7298
f 3148 7298 3124
f 3148 7202 7298
f 7370 3148 3124
f 7370 3124 7367
f 3081 7199 7365
f 7365 281 1236
f 7365 7199 281
f 7371 1236 281
f 1236 7371 7368
f 2258 7366 5484
f 3149 7366 2258
f 3149 7367 7366
f 32 7370 7367
f 32 7367 3149
f 7368 7372 7369
f 7368 3150 7372
f 7371 3150 7368
f 3148 7370 5502
f 5502 7370 32
f 3148 5502 7373
f 5514 3148 7373
f 5514 7202 3148
f 375 281 7199
f 7371 281 7374
f 375 7374 281
f 7371 3151 3150
f 3152 7371 7374
f 3152 3151 7371
f 5488 32 3149
f 5483 3149 2258
f 5483 5488 3149
f 5506 7373 5502
f 5506 5514 7373
f 7375 3150 3151
f 7376 3150 7375
f 7376 7372 3150
f 6633 3152 7374
f 375 6633 7374
f 7377 3151 3152
f 7375 3151 7377
f 3153 7376 7375
f 3154 7375 7377
f 3154 3153 7375
f 6633 3155 3152
f 7377 3152 7378
f 3152 7379 7378
f 3152 3155 7379
f 3156 3154 7377
f 3156 7377 7378
f 7379 3155 6629
f 6633 6629 3155
f 7378 7379 3157
f 7378 3157 3156
f 7379 6629 7380
f 7379 7380 3157
f 7381 3153 3154
f 7382 3154 3156
f 7382 7381 3154
f 3153 7383 7376
f 7381 7384 3153
f 7384 7383 3153
f 3156 3157 7385
f 3156 7385 7382
f 7380 7385 3157
f 3158 7381 7382
f 7385 3158 7382
f 3159 7384 7381
f 3158 3159 7381
f 7384 7386 7383
f 3159 3160 7384
f 3160 7386 7384
f 7380 7387 7385
f 3161 7387 7380
f 7380 6629 6625
f 7380 6625 3161
f 7385 7388 3158
f 7387 7388 7385
f 7389 3159 3158
f 3158 7390 7389
f 3158 7388 7390
f 7391 3160 3159
f 7389 7391 3159
f 7387 7390 7388
f 7391 7392 3160
f 7392 7393 3160
f 3160 7393 7386
f 152 7391 7389
f 7390 152 7389
f 7387 7394 7390
f 3161 7395 7387
f 7395 7394 7387
f 7390 7396 152
f 7394 7396 7390
f 3161 6625 6616
f 7397 7395 3161
f 3161 6616 7397
f 3162 7392 7391
f 152 3162 7391
f 7392 7398 7393
f 3162 3163 7392
f 3163 7398 7392
f 3164 7396 7394
f 152 7396 3164
f 152 3164 7399
f 7400 152 7399
f 7400 3162 152
f 3164 7394 7401
f 7401 7394 1237
f 7395 1237 7394
f 7402 1237 7395
f 7397 7402 7395
f 7403 3163 3162
f 7403 3162 7400
f 7399 3164 7404
f 3164 7401 7404
f 7397 6616 6611
f 3165 7402 7397
f 7397 6611 3165
f 7405 7400 7399
f 7399 7404 7405
f 3166 7403 7400
f 7405 3166 7400
f 7401 1237 3167
f 7404 7401 399
f 399 7401 3167
f 7402 7406 1237
f 3167 1237 7406
f 7407 7406 7402
f 3165 7407 7402
f 7404 399 3168
f 7408 7404 3168
f 7408 7405 7404
f 7409 3166 7405
f 7409 7405 7408
f 3165 6611 6605
f 2768 7407 3165
f 3165 6605 2768
f 399 3167 607
f 607 3167 7410
f 3167 7406 7410
f 7407 7411 7406
f 7410 7406 7411
f 7412 7411 7407
f 2768 7412 7407
f 7409 7408 608
f 7408 3168 608
f 3169 608 3168
f 7413 3168 399
f 7413 3169 3168
f 607 7410 7414
f 7414 7410 3170
f 7410 7411 3170
f 7412 1238 7411
f 3170 7411 1238
f 6599 1238 7412
f 6599 7412 2768
f 3170 1238 7415
f 7415 1238 6599
f 7416 3170 7415
f 7414 3170 7416
f 7415 6599 7417
f 7416 7415 7417
f 7413 7418 3169
f 3169 7419 608
f 3169 282 7419
f 3169 7418 282
f 3171 7414 7416
f 7420 7416 7417
f 7420 3171 7416
f 3171 7421 7414
f 7421 607 7414
f 7417 6599 554
f 7420 7417 7422
f 7417 554 7422
f 3171 7423 7421
f 3171 7424 7423
f 7420 7424 3171
f 7420 1239 7424
f 7420 7422 400
f 400 1239 7420
f 7421 7423 1240
f 7421 3172 607
f 7421 1240 3172
f 3172 399 607
f 7422 554 1135
f 7425 400 7422
f 7422 1135 7425
f 3173 1240 7423
f 7426 7423 7424
f 3173 7423 7426
f 7426 7424 3174
f 3174 7424 1239
f 400 553 1239
f 6595 1239 553
f 3174 1239 6595
f 2759 553 400
f 7425 2759 400
f 3172 1240 7427
f 7428 1240 3173
f 7428 7427 1240
f 3172 7427 7413
f 3172 7413 399
f 7425 1135 2761
f 6593 2759 7425
f 7425 2761 6593
f 7429 7428 3173
f 7426 7430 3173
f 7429 3173 7430
f 7426 7431 7430
f 7426 7432 7431
f 7426 3174 7432
f 6596 7432 3174
f 6596 3174 6595
f 3175 7427 7428
f 3175 7428 7429
f 7413 7427 7418
f 3175 7418 7427
f 7433 7429 7430
f 7434 7429 7433
f 3175 7429 7434
f 7433 7430 3176
f 7431 3176 7430
f 7435 7418 3175
f 7435 3175 7434
f 7431 7436 3176
f 3177 7431 7432
f 3177 7436 7431
f 6597 3177 7432
f 6597 7432 6596
f 401 3176 7436
f 401 7433 3176
f 7435 282 7418
f 7437 282 7435
f 7435 7434 7437
f 7437 7434 3178
f 7434 7433 3178
f 401 7438 7433
f 7438 3178 7433
f 6597 108 3177
f 3146 336 65
f 3146 65 606
f 65 1026 606
f 310 947 5379
f 310 5379 3179
f 5374 310 3179
f 3179 5379 7439
f 5379 2234 7439
f 3179 7439 3180
f 7440 3179 3180
f 7440 5374 3179
f 5383 5374 7440
f 7441 3180 7439
f 7442 7439 2234
f 7442 7441 7439
f 7443 7440 3180
f 7441 7443 3180
f 7444 7443 7441
f 7444 7441 7442
f 5390 7442 2234
f 7444 7442 7445
f 7445 7442 5390
f 7443 7446 7440
f 7440 7447 5383
f 7440 7446 7447
f 7446 7443 7448
f 7444 7448 7443
f 7449 7444 7445
f 7448 7444 7449
f 5382 5383 7447
f 7446 7448 7450
f 7447 7446 7450
f 7448 7449 7451
f 7450 7448 7451
f 7445 5390 7452
f 7449 7445 3181
f 3181 7445 7452
f 7451 7449 7453
f 7453 7449 3181
f 7452 5390 5395
f 5382 7447 3182
f 3182 7447 609
f 7447 7450 609
f 7450 7451 3183
f 7450 3183 609
f 7453 3181 7454
f 3181 7452 7454
f 7451 7453 7455
f 7451 7456 3183
f 7451 7455 7456
f 7452 5395 7457
f 7452 7458 7454
f 7452 7457 7458
f 7455 7453 7459
f 7453 7454 7460
f 7453 7460 7459
f 7460 7454 7458
f 3182 609 3184
f 7461 609 3183
f 7461 3184 609
f 7462 7461 3183
f 7462 3183 7456
f 7462 7456 7463
f 7455 7463 7456
f 7455 7464 7463
f 7455 7459 7464
f 7460 7458 7465
f 7459 7460 7465
f 7458 7457 7466
f 7465 7458 3185
f 7458 7466 3185
f 7464 7467 7463
f 7462 7463 7467
f 7468 7462 7467
f 7468 7461 7462
f 7464 7469 7467
f 108 7436 3177
f 401 7436 7470
f 108 7470 7436
f 3186 401 7470
f 401 7471 7438
f 401 3186 7471
f 7437 7472 282
f 7437 3178 7473
f 7473 7472 7437
f 7473 3178 7474
f 7438 7474 3178
f 3187 7474 7438
f 3187 7438 7471
f 7419 282 7472
f 3186 7470 7475
f 2765 7470 108
f 2765 7475 7470
f 3187 1241 7474
f 7473 7474 1241
f 1241 3188 7473
f 7473 3188 7472
f 3189 7472 3188
f 7419 7472 3189
f 3186 7475 6601
f 7471 3186 7476
f 3186 6601 7476
f 7471 7476 7477
f 3187 7471 7477
f 2765 6601 7475
f 1241 7478 3188
f 3187 7479 1241
f 7479 7478 1241
f 3187 7480 7479
f 3187 7481 7480
f 3187 7477 7481
f 7482 3188 7478
f 3189 3188 7482
f 7480 3190 7479
f 7479 3190 7478
f 7483 7478 3190
f 7482 7478 7483
f 2770 7476 6601
f 7476 7484 7477
f 7476 2770 7484
f 3191 7481 7477
f 3191 7477 7484
f 7480 7481 3191
f 7480 7485 3190
f 7480 3191 7486
f 7486 7485 7480
f 7483 3190 7487
f 7487 3190 7485
f 7488 7482 7483
f 3192 7483 7487
f 3192 7488 7483
f 3192 7487 7489
f 7487 7485 7489
f 7486 3193 7485
f 7489 7485 3193
f 7484 2770 6610
f 3191 7484 7490
f 7484 6610 7490
f 7486 3191 7491
f 3191 7490 7491
f 7492 3193 7486
f 7486 7491 7492
f 7492 7491 3194
f 3194 7491 7490
f 3192 7489 7493
f 153 7493 7489
f 7489 3193 153
f 7492 7494 3193
f 153 3193 7494
f 7495 7488 3192
f 7496 3192 7493
f 7496 7495 3192
f 7497 7494 7492
f 7492 3194 7497
f 153 3195 7493
f 3195 7496 7493
f 7490 6610 2771
f 3194 7490 7498
f 7490 2771 7498
f 7499 3195 153
f 153 7494 7499
f 7497 3196 7494
f 7499 7494 3196
f 7497 3194 7500
f 3194 7501 7500
f 3194 7498 7501
f 1242 3196 7497
f 7497 7500 1242
f 7498 2771 110
f 7498 110 7501
f 7499 7502 3195
f 7502 7503 3195
f 3195 7503 7496
f 7504 7502 7499
f 7499 3196 7504
f 1242 7505 3196
f 7504 3196 7505
f 1242 7500 3197
f 7506 7500 7501
f 7506 3197 7500
f 2775 7506 7501
f 2775 7501 110
f 7507 7505 1242
f 1242 3197 7507
f 7504 3198 7502
f 3198 7508 7502
f 7502 7508 7503
f 2775 7509 7506
f 7509 3197 7506
f 7507 3197 7510
f 7509 7510 3197
f 7511 3198 7504
f 7504 7505 7512
f 7511 7504 7512
f 7507 3199 7505
f 7512 7505 3199
f 7513 3199 7507
f 7507 7510 7513
f 3198 7514 7508
f 7515 3198 7511
f 7515 7514 3198
f 7513 7510 3200
f 7516 7510 7509
f 7516 3200 7510
f 2775 6618 7509
f 3201 7509 6618
f 3201 7516 7509
f 3202 7511 7512
f 7517 7511 3202
f 7517 7515 7511
f 3202 7512 7518
f 7512 3199 7518
f 7513 7519 3199
f 7518 3199 7519
f 7520 7519 7513
f 7513 3200 7520
f 3201 7521 7516
f 7521 3200 7516
f 7520 3200 7522
f 7521 7522 3200
f 3203 7514 7515
f 7517 1243 7515
f 3203 7515 1243
f 3202 7518 7523
f 7518 7519 7523
f 7520 3204 7519
f 7523 7519 3204
f 6619 3201 6618
f 3201 7524 7521
f 6619 7524 3201
f 7525 3204 7520
f 7520 7522 7525
f 154 7521 7524
f 154 7526 7521
f 7526 7522 7521
f 283 7525 7522
f 7526 283 7522
f 7525 7527 3204
f 7528 3204 7527
f 7523 3204 7528
f 7529 7527 7525
f 283 7529 7525
f 154 7530 7526
f 7530 283 7526
f 6619 6623 7524
f 555 7524 6623
f 555 154 7524
f 555 7531 154
f 154 7531 7530
f 283 1244 7529
f 283 7532 1244
f 7530 7532 283
f 1244 3205 7529
f 7529 3205 7527
f 610 7527 3205
f 7528 7527 610
f 3206 7530 7531
f 3206 7533 7530
f 7533 7532 7530
f 555 6630 7531
f 7534 7531 6630
f 7534 3206 7531
f 1244 402 3205
f 7532 7535 1244
f 7535 402 1244
f 7532 3207 7535
f 7533 3207 7532
f 610 3205 7536
f 7536 3205 402
f 3206 7537 7533
f 7537 3207 7533
f 3206 1245 7537
f 7538 3206 7534
f 7538 1245 3206
f 7539 7538 7534
f 2778 7534 6630
f 7539 7534 2778
f 7535 3208 402
f 7536 402 7540
f 7540 402 3208
f 1246 3208 7535
f 3207 1246 7535
f 3207 7541 1246
f 7537 7541 3207
f 1245 155 7537
f 7541 7537 155
f 1245 3209 155
f 7542 1245 7538
f 7542 3209 1245
f 3210 7542 7538
f 3210 7538 7539
f 3210 7539 1247
f 7539 6631 1247
f 7539 2778 6631
f 1246 7543 3208
f 7540 3208 156
f 156 3208 7543
f 7544 7543 1246
f 7541 7544 1246
f 7541 3211 7544
f 7541 155 3211
f 155 3209 7545
f 3209 7546 7545
f 3209 7542 7546
f 7542 3210 157
f 7542 157 7546
f 3210 1247 7547
f 7548 3210 7547
f 7548 157 3210
f 6631 7549 1247
f 7549 7547 1247
f 7544 3212 7543
f 156 7543 7550
f 7550 7543 3212
f 7548 3213 157
f 3213 7546 157
f 3213 7551 7546
f 7551 7545 7546
f 7552 3212 7544
f 7544 7553 7552
f 7544 3211 7553
f 3214 7548 7547
f 7549 3214 7547
f 7550 3212 7554
f 7552 7555 3212
f 7554 3212 7555
f 7556 7555 7552
f 7553 7556 7552
f 7556 3215 7555
f 7554 7555 7557
f 7557 7555 3215
f 3216 7550 7554
f 7469 7464 7459
f 7465 3185 7558
f 7459 7465 7558
f 7468 7559 7461
f 7461 7560 3184
f 7461 7559 7560
f 7558 3185 7561
f 7466 7561 3185
f 7468 7467 7562
f 7469 7562 7467
f 7559 7468 7562
f 7559 7562 7563
f 7560 7559 7563
f 7564 7563 7562
f 7469 7564 7562
f 7564 7565 7563
f 7565 3217 7563
f 7560 7563 3217
f 7565 7564 7566
f 7469 7566 7564
f 7566 7469 7567
f 7469 7459 7567
f 7568 7459 7558
f 7558 7561 7568
f 7568 7567 7459
f 7565 7566 7569
f 7569 3218 7565
f 7565 3218 3217
f 3218 7570 3217
f 7560 3217 7570
f 7566 7567 7571
f 7569 7566 7571
f 7567 7572 7571
f 7568 7572 7567
f 3218 7573 7570
f 7574 7573 3218
f 7569 7574 3218
f 7569 7571 7575
f 3219 7569 7575
f 3219 7574 7569
f 7571 7572 7576
f 7571 7576 7575
f 7576 3219 7575
f 7568 7577 7572
f 7576 7572 7577
f 7561 7577 7568
f 7561 7578 7577
f 7576 7577 7578
f 7579 7574 3219
f 7579 7580 7574
f 7574 7580 7573
f 7579 3219 7581
f 7576 7581 3219
f 3220 7581 7576
f 3220 7576 7578
f 7582 3220 7578
f 7582 7578 7561
f 7583 7581 3220
f 7579 7581 7583
f 7466 7582 7561
f 7584 7580 7579
f 7585 7579 7583
f 7584 7579 7585
f 3220 7582 7586
f 7583 3220 7587
f 3220 7586 7587
f 7588 7586 7582
f 7588 7582 7466
f 5418 7583 7587
f 7585 7583 5418
f 7589 7580 7584
f 7589 7573 7580
f 7457 7588 7466
f 7590 7584 7585
f 5418 5427 7585
f 7590 7585 5427
f 7590 3221 7584
f 7584 403 7589
f 7584 3221 403
f 2237 7586 7588
f 2237 5404 7586
f 5404 7587 7586
f 5404 5409 7587
f 5418 7587 5409
f 2237 7588 5395
f 7457 5395 7588
f 7589 403 3222
f 7573 7589 3223
f 7589 3222 3223
f 7573 3223 7570
f 7591 3221 7590
f 7590 5427 3224
f 7591 7590 3224
f 3224 5427 5437
f 7591 7592 3221
f 3221 7593 403
f 3221 7592 7593
f 403 7593 7594
f 403 7594 3222
f 3223 3222 3225
f 3225 3222 7594
f 7591 3224 7595
f 7596 7595 3224
f 3224 5437 7596
f 7592 7591 7597
f 3226 7591 7595
f 3226 7597 7591
f 7592 7597 3227
f 7593 7592 3227
f 7598 3226 7595
f 7596 7598 7595
f 7596 5437 5443
f 7596 5443 3228
f 7596 3228 7598
f 7593 6577 7594
f 7593 1248 6577
f 7593 3227 1248
f 3225 7594 7599
f 6577 7599 7594
f 7600 7597 3226
f 3227 7597 7600
f 3227 7600 7601
f 1248 3227 7601
f 5443 5451 3228
f 7598 3228 5451
f 7600 3226 7602
f 3229 7602 3226
f 7598 3229 3226
f 1248 6573 6577
f 1248 7603 6573
f 1248 7601 7603
f 6577 2571 7599
f 7604 7600 7602
f 7600 3230 7601
f 7600 7604 3230
f 7601 3230 3231
f 7601 3231 7603
f 7603 3231 6572
f 7603 6572 6573
f 7604 7602 3232
f 7605 3232 7602
f 3229 7605 7602
f 6572 3231 6567
f 6567 3231 3230
f 3230 7604 7606
f 7604 7607 7606
f 7604 3232 7607
f 3230 7606 611
f 6567 3230 611
f 611 7606 7608
f 7608 7606 7607
f 7609 7607 3232
f 7605 3233 3232
f 7609 3232 3233
f 611 7608 2742
f 6567 611 2742
f 7607 7609 3234
f 7608 7607 3235
f 7607 3234 3235
f 7610 7608 3235
f 7610 2742 7608
f 3236 7609 3233
f 3236 158 7609
f 3234 7609 158
f 3233 7605 7611
f 3233 7611 3236
f 7610 6559 2742
f 7612 3235 3234
f 7612 7613 3235
f 7610 3235 7613
f 7614 7612 3234
f 3234 158 3237
f 7614 3234 3237
f 7610 368 6559
f 7610 7615 368
f 7615 7610 7613
f 3238 7612 7614
f 7613 7612 3238
f 3236 7616 158
f 3236 3239 7616
f 3239 3236 7611
f 3240 3237 158
f 3240 158 7616
f 7614 3237 3240
f 7613 3238 404
f 7615 7613 404
f 7615 550 368
f 7615 7617 550
f 7617 7615 404
f 3238 7614 405
f 7614 3240 7618
f 3241 7614 7618
f 3241 405 7614
f 612 3238 405
f 612 3242 3238
f 404 3238 3242
f 612 405 3241
f 404 3242 3243
f 7617 404 3243
f 7616 3239 3244
f 7619 3240 7616
f 7616 3244 7619
f 7618 3240 3245
f 7619 3245 3240
f 7620 3241 7618
f 7618 3245 7620
f 6540 550 7617
f 7621 6540 7617
f 7621 7617 3243
f 7622 7621 3243
f 7622 3243 3242
f 3242 612 7623
f 3242 7623 7622
f 612 3241 3246
f 3246 7623 612
f 406 3246 3241
f 7620 406 3241
f 7624 7620 3245
f 7625 3245 7619
f 7624 3245 7625
f 7626 406 7620
f 7626 7620 7624
f 7627 7619 3244
f 7627 7628 7619
f 7625 7619 7628
f 6533 6540 7621
f 7621 7622 2722
f 6533 7621 2726
f 7621 2722 2726
f 7622 7623 2720
f 7622 2720 2722
f 7629 2720 7623
f 3246 7629 7623
f 7629 3246 3247
f 406 3247 3246
f 7630 3247 406
f 7630 406 7626
f 7624 7625 3248
f 613 7625 7628
f 613 3248 7625
f 3249 613 7628
f 3249 7628 7627
f 7629 3247 7631
f 7631 3247 7630
f 7629 3250 2720
f 7631 3250 7629
f 7632 3248 613
f 7632 613 3249
f 6514 2720 3250
f 3250 6440 6514
f 3250 3251 6440
f 7631 3251 3250
f 7631 7630 7633
f 7634 7631 7633
f 7634 3251 7631
f 3251 7634 7635
f 7554 7636 3216
f 7554 7557 7636
f 7637 3215 7556
f 7553 3252 7556
f 3252 7637 7556
f 7637 159 3215
f 7557 3215 7638
f 7638 3215 159
f 3253 7636 7557
f 3253 7557 7638
f 3216 7636 7639
f 7640 7636 3253
f 7640 7639 7636
f 1249 159 7637
f 3252 3254 7637
f 3254 1249 7637
f 1249 614 159
f 7638 159 7641
f 7641 159 614
f 7638 7641 3255
f 7638 3255 3253
f 7642 7640 3253
f 7642 3253 3255
f 7643 7639 7640
f 3256 7640 7642
f 7643 7640 3256
f 7641 7644 3255
f 7644 7642 3255
f 7641 7645 7644
f 7641 614 7645
f 7646 614 1249
f 7646 3257 614
f 7645 614 3257
f 3254 7647 1249
f 3258 1249 7647
f 3258 7646 1249
f 3256 7642 3259
f 7644 1250 7642
f 3259 7642 1250
f 7648 3256 3259
f 7649 3256 7648
f 7649 7643 3256
f 3260 7644 7645
f 7650 7644 3260
f 7650 1250 7644
f 7645 3257 7651
f 3260 7645 7651
f 7652 3257 7646
f 3261 7646 3258
f 3261 7652 7646
f 7652 407 3257
f 7651 3257 407
f 3259 1250 7653
f 7650 7653 1250
f 7648 3259 615
f 160 3259 7653
f 160 615 3259
f 7654 3260 7651
f 7651 407 7654
f 7654 3262 3260
f 3262 7650 3260
f 7650 3263 7653
f 3262 7655 7650
f 7655 3263 7650
f 7656 160 7653
f 7656 7653 3263
f 7652 3261 7657
f 7658 407 7652
f 7652 7657 7658
f 7658 7659 407
f 7654 407 7659
f 3264 7656 3263
f 7655 3264 3263
f 3264 7655 7660
f 7660 7655 3262
f 7661 3262 7654
f 7660 3262 7661
f 7654 7659 7662
f 7661 7654 7662
f 7663 7659 7658
f 3265 7658 7657
f 3265 7663 7658
f 7662 7659 3266
f 7663 3266 7659
f 7664 7661 7662
f 7662 3266 7664
f 3264 7665 7656
f 3264 7660 7666
f 7665 3264 7666
f 7667 7666 7660
f 7667 7660 7661
f 7664 3267 7661
f 7667 7661 3267
f 7668 3266 7663
f 7669 7663 3265
f 7669 7668 7663
f 7668 7670 3266
f 7664 3266 7670
f 3267 7664 7671
f 7664 7670 7671
f 3267 7671 7672
f 7672 7667 3267
f 616 7670 7668
f 7669 616 7668
f 616 3268 7670
f 7671 7670 3268
f 7667 3269 7666
f 7672 7673 7667
f 3269 7667 7673
f 7666 3269 7674
f 7665 7666 7675
f 7666 7674 7675
f 617 7672 7671
f 617 7673 7672
f 617 7671 7676
f 7671 3268 7676
f 7674 3269 7677
f 3269 7673 7677
f 7677 7673 7678
f 617 7678 7673
f 7676 3268 7679
f 7680 3268 616
f 7680 7679 3268
f 7681 617 7676
f 7676 7679 7681
f 7681 7682 617
f 7683 617 7682
f 7683 7678 617
f 7677 7678 3270
f 7683 3270 7678
f 7674 7677 7684
f 7677 618 7684
f 7677 3270 618
f 7685 7679 7680
f 7685 3271 7679
f 7681 7679 3271
f 7686 7682 7681
f 7681 3271 7686
f 7686 3272 7682
f 3272 7683 7682
f 7683 7687 3270
f 3272 7688 7683
f 7687 7683 7688
f 3270 7687 7689
f 3270 7689 618
f 618 7690 7684
f 618 3273 7690
f 7689 3273 618
f 7689 7687 3274
f 7687 7688 3274
f 7691 3274 7688
f 7691 7688 3272
f 7686 7692 3272
f 7691 3272 7692
f 7686 3271 7693
f 7694 3271 7685
f 7694 7693 3271
f 7686 7695 7692
f 7686 7693 7695
f 7689 3274 7696
f 7697 7689 7696
f 7689 7697 3273
f 7698 7696 3274
f 7691 7699 3274
f 7698 3274 7699
f 3275 7699 7691
f 7700 7691 7692
f 3275 7691 7700
f 7695 619 7692
f 7700 7692 619
f 620 7693 7694
f 620 3276 7693
f 7695 7693 3276
f 7695 3276 7701
f 7695 7701 619
f 7699 3275 621
f 7699 621 7698
f 7702 7696 7698
f 621 7702 7698
f 7697 7696 3277
f 7702 3277 7696
f 1251 3275 7700
f 1251 7700 619
f 7701 3278 619
f 1251 619 3278
f 3275 7703 621
f 3275 3279 7703
f 1251 3279 3275
f 621 3280 7702
f 7703 3280 621
f 3277 7702 7704
f 7704 7702 3280
f 1252 3276 620
f 1252 284 3276
f 7701 3276 284
f 7701 1253 3278
f 7701 284 1253
f 7705 3279 1251
f 7705 1251 3278
f 1253 3281 3278
f 7705 3278 3281
f 3279 7706 7703
f 7706 1254 7703
f 7703 1254 3280
f 3279 3282 7706
f 7705 3282 3279
f 7707 3280 1254
f 7704 3280 7707
f 3282 7705 1255
f 1255 7705 3281
f 7708 284 1252
f 7708 161 284
f 1253 284 161
f 1253 7709 3281
f 1253 161 7709
f 622 3281 7709
f 1255 3281 622
f 7707 1254 7710
f 3283 7710 1254
f 7706 3283 1254
f 623 7706 3282
f 1256 7706 623
f 1256 3283 7706
f 623 3282 3284
f 3282 1255 3284
f 3285 161 7708
f 7709 161 3285
f 622 7709 1257
f 7709 3285 1257
f 1256 7711 3283
f 3283 7711 7710
f 1258 7707 7710
f 7710 3286 1258
f 7710 7711 3286
f 3287 3286 7711
f 1256 3287 7711
f 3287 3288 3286
f 7712 1258 3286
f 7713 3286 3288
f 7713 7712 3286
f 3287 624 3288
f 3287 1259 624
f 625 7712 7713
f 7712 7714 1258
f 3289 7714 7712
f 625 3289 7712
f 3289 285 7714
f 7715 1258 7714
f 285 7715 7714
f 162 3289 625
f 3289 626 285
f 3289 162 626
f 162 625 1260
f 285 3290 7715
f 3291 285 626
f 3291 3290 285
f 3251 7635 6440
f 7633 3292 7634
f 7635 7634 3292
f 6434 6440 7635
f 7635 3292 1261
f 2678 7635 1261
f 2678 6434 7635
f 1261 2677 2678
f 1261 7716 2677
f 3292 7716 1261
f 7633 7717 3292
f 7717 3293 3292
f 3292 3293 7716
f 7633 627 7717
f 7633 7630 627
f 7716 6419 2677
f 7716 7718 6419
f 3293 7718 7716
f 7717 7719 3293
f 7717 3294 7719
f 7717 627 3294
f 3293 7720 7718
f 7719 7720 3293
f 6419 7718 1097
f 7720 1097 7718
f 7626 627 7630
f 7626 408 627
f 408 3294 627
f 7719 7721 7720
f 7719 7722 7721
f 7719 3294 7722
f 408 3295 3294
f 7722 3294 3295
f 3296 7720 7721
f 7720 3296 1097
f 6414 1097 3296
f 7624 408 7626
f 7624 7723 408
f 7723 3295 408
f 3296 7721 7724
f 7721 1262 7724
f 7721 7722 1262
f 1262 7722 7725
f 7722 3295 7725
f 7726 6414 3296
f 7726 3296 7724
f 1262 7726 7724
f 7723 7727 3295
f 3295 7728 7725
f 3295 7727 7728
f 3248 7727 7723
f 7624 3248 7723
f 1262 7725 3297
f 3297 7725 7728
f 7729 1262 3297
f 1262 7729 7726
f 6822 6414 7726
f 7729 6822 7726
f 3248 3298 7727
f 3298 7728 7727
f 3297 7728 7730
f 7730 7728 7731
f 3298 7731 7728
f 7730 409 3297
f 7729 3297 409
f 409 3299 7729
f 7729 3299 6822
f 7632 3298 3248
f 7732 7731 3298
f 7732 3298 7632
f 7730 7731 3300
f 3300 7731 7732
f 7730 7733 409
f 7733 7730 3300
f 409 3301 3299
f 3301 409 7733
f 3301 6815 3299
f 6815 6822 3299
f 7734 7732 7632
f 3300 7732 7735
f 7734 7735 7732
f 7733 3300 7736
f 7736 3300 7735
f 3301 7733 7737
f 7736 7737 7733
f 7737 6812 3301
f 3301 6812 6815
f 7734 7632 3302
f 7632 3249 3302
f 7737 6809 6812
f 2875 6809 7737
f 7736 2875 7737
f 7736 7735 1263
f 6803 7736 1263
f 6803 2875 7736
f 7734 3303 7735
f 7738 7735 3303
f 7738 1263 7735
f 6803 1263 7738
f 7739 7734 3302
f 7740 3302 3249
f 7740 7739 3302
f 6803 7738 2874
f 7741 7740 3249
f 7741 3249 7627
f 2297 7740 7741
f 963 7740 2297
f 963 7739 7740
f 6799 2874 7738
f 7742 7738 3303
f 7742 7743 7738
f 6799 7738 7743
f 7744 7742 3303
f 7744 3303 7734
f 7739 7744 7734
f 963 7744 7739
f 963 5564 7744
f 7742 7744 5564
f 2297 7741 5557
f 7627 7745 7741
f 7741 2294 5557
f 7741 7745 2294
f 7627 3244 7745
f 7746 7743 7742
f 7742 5564 3304
f 7746 7742 3304
f 163 6799 7743
f 163 7743 7746
f 6799 163 6794
f 5564 5565 3304
f 964 7746 3304
f 964 3304 5565
f 7747 163 7746
f 7747 7746 964
f 7748 7745 3244
f 3305 7745 7748
f 3305 2294 7745
f 5544 2294 3305
f 7748 3244 3239
f 163 7747 1264
f 6794 163 7749
f 163 1264 7749
f 321 7747 964
f 1264 7747 321
f 7748 1265 3305
f 1265 5544 3305
f 3239 7611 7748
f 7748 7611 1265
f 6794 7749 6789
f 1264 321 2310
f 7749 1264 7750
f 2310 7750 1264
f 7749 7750 3306
f 3306 6789 7749
f 1265 7751 5544
f 5544 7751 30
f 1265 7598 7751
f 7598 30 7751
f 7605 1265 7611
f 7605 3229 1265
f 1265 3229 7598
f 3306 7752 6789
f 2863 6789 7752
f 7753 7752 3306
f 3306 1266 7753
f 3306 7750 1266
f 1267 1266 7750
f 2310 628 7750
f 1267 7750 628
f 7754 2863 7752
f 7753 7754 7752
f 7598 5451 30
f 7755 1266 1267
f 7753 1266 7755
f 7753 7756 7754
f 7753 3307 7756
f 7753 7755 3307
f 3308 1267 628
f 3309 1267 3308
f 7755 1267 3309
f 7754 1268 2863
f 7754 3310 1268
f 7754 7756 3310
f 7757 7755 3309
f 7757 7758 7755
f 3307 7755 7758
f 7759 3310 7756
f 7760 7756 3307
f 7759 7756 7760
f 7760 3307 7761
f 3307 7758 7761
f 3311 7758 7757
f 7761 7758 3311
f 7762 7757 3309
f 3309 3308 1269
f 7762 3309 1269
f 3312 7757 7762
f 3311 7757 3312
f 7760 7761 3313
f 7761 3311 3313
f 7759 7760 7763
f 7760 3313 7763
f 7764 3311 3312
f 3313 3311 7764
f 7759 7763 3314
f 7765 3310 7759
f 7765 7759 3314
f 7766 7763 3313
f 3313 7764 7767
f 7766 3313 7767
f 1270 3314 7763
f 1270 7763 7766
f 3315 7762 1269
f 3312 7762 3316
f 7762 3317 3316
f 7762 3315 3317
f 3312 3316 7768
f 7764 3312 286
f 3312 7768 286
f 7768 3316 3317
f 7764 286 1271
f 7767 7764 1272
f 7764 1271 1272
f 7766 7767 7769
f 7767 1272 7769
f 1270 7766 7770
f 7766 7769 7770
f 7771 3314 1270
f 7771 1270 3318
f 1270 7770 3318
f 286 7768 7772
f 286 7772 1271
f 1272 1271 629
f 7772 629 1271
f 7769 1272 3319
f 1272 629 3319
f 3315 3320 3317
f 7773 3317 3320
f 7768 3317 7773
f 7768 7773 1273
f 7768 1273 7772
f 7772 7774 629
f 7774 7772 1273
f 7769 3319 164
f 7775 7769 164
f 7775 7770 7769
f 7776 3318 7770
f 7776 7770 7775
f 7771 3318 3321
f 123 3318 7776
f 123 3321 3318
f 3319 629 7777
f 629 7778 7777
f 629 7774 7778
f 164 3319 7779
f 3319 7777 7779
f 7780 162 1260
f 7780 7781 162
f 7781 626 162
f 7781 7782 626
f 7783 626 7782
f 7783 3291 626
f 7784 3290 3291
f 7785 3291 7783
f 7785 7784 3291
f 3290 7786 7715
f 3290 7787 7786
f 7784 7787 3290
f 1274 7781 7780
f 1274 3322 7781
f 1275 7781 3322
f 1275 7782 7781
f 3323 7783 7782
f 3323 7782 1275
f 7788 7785 7783
f 7788 7783 3323
f 630 7784 7785
f 3324 7784 630
f 3324 7787 7784
f 7789 7785 7788
f 630 7785 7789
f 7787 3324 7790
f 7787 7790 7786
f 7791 3322 1274
f 1275 3322 7791
f 7792 3323 1275
f 1275 7791 7792
f 7792 7793 3323
f 7793 7788 3323
f 7791 1274 7794
f 7789 7788 3325
f 7795 3325 7788
f 7793 7795 7788
f 7796 630 7789
f 7796 1276 630
f 1276 3324 630
f 7797 7790 3324
f 1276 7797 3324
f 7798 7796 7789
f 7798 7789 3325
f 3326 7791 7794
f 3326 3327 7791
f 7792 7791 3327
f 7792 3327 631
f 3328 7792 631
f 3328 7793 7792
f 7799 7795 7793
f 7799 7793 3328
f 7800 7795 7799
f 7795 7800 3325
f 632 7798 3325
f 632 3325 7800
f 7801 7796 7798
f 3329 7796 7801
f 3329 1276 7796
f 3330 7797 1276
f 3330 1276 3329
f 3331 7798 632
f 7801 7798 3331
f 3332 631 3327
f 3333 631 3332
f 3333 3328 631
f 7802 7799 3328
f 7802 3328 3333
f 3334 7799 7802
f 7800 7799 3334
f 7803 632 7800
f 7803 7800 3334
f 7804 632 7803
f 3331 632 7804
f 7805 3329 7801
f 3330 3329 7805
f 7806 7801 3331
f 7806 3331 7804
f 7806 7807 7801
f 7805 7801 7807
f 3333 3332 7808
f 7802 3333 7809
f 3333 7808 7809
f 3334 7802 3335
f 3335 7802 7810
f 7802 7809 7810
f 7811 7803 3334
f 7811 3334 3335
f 3336 7803 7811
f 7804 7803 3336
f 7812 7804 3336
f 7806 7804 7812
f 3337 7806 7812
f 3337 7807 7806
f 7813 7805 7807
f 3337 7813 7807
f 7809 7808 3338
f 7810 7809 3339
f 7809 3338 3339
f 7814 7811 3335
f 3335 7810 7815
f 7814 3335 7815
f 7816 7815 7810
f 7810 3339 7816
f 3340 7811 7814
f 3336 7811 3340
f 7817 3336 3340
f 7812 3336 7817
f 3337 7812 3341
f 3341 7812 7817
f 7818 3337 3341
f 7819 3337 7818
f 7819 7813 3337
f 3339 7820 7816
f 3339 7821 7820
f 3338 7821 3339
f 7816 3342 7815
f 7820 3342 7816
f 7822 7814 7815
f 7822 7815 3342
f 7823 7814 7822
f 3340 7814 7823
f 7824 3340 7823
f 7817 3340 7824
f 3341 7817 3343
f 3344 7817 7824
f 3344 3343 7817
f 7825 3341 3343
f 7818 3341 7825
f 7826 7819 7818
f 7825 3345 7818
f 7826 7818 3345
f 7827 7820 7821
f 7828 7820 7827
f 7820 7828 3342
f 633 7822 3342
f 633 3342 7828
f 7829 3343 3344
f 7825 3343 7829
f 7823 7822 3346
f 7822 3347 3346
f 7822 633 3347
f 7830 3344 7824
f 7824 7823 7831
f 7830 7824 7831
f 7832 3344 7830
f 7829 3344 7832
f 7825 410 3345
f 3348 7825 7829
f 3348 410 7825
f 7832 3348 7829
f 7833 633 7828
f 3347 633 7833
f 7833 7828 3349
f 7828 7827 3349
f 3347 7833 3350
f 7834 3347 3350
f 3346 3347 7834
f 3351 7830 7831
f 7832 7830 7835
f 7835 7830 3351
f 7836 7833 3349
f 3350 7833 7836
f 7832 3352 3348
f 7837 7832 7835
f 7837 3352 7832
f 3348 3352 3353
f 410 3348 3354
f 3348 3353 3354
f 7835 3351 7838
f 7837 7835 7838
f 7834 3350 7839
f 1277 7839 3350
f 3350 7836 1277
f 3352 7837 7840
f 3352 7840 3353
f 3354 3353 7841
f 7840 7841 3353
f 7837 7838 3355
f 7837 1278 7840
f 7837 3355 1278
f 7840 7842 7841
f 1278 7842 7840
f 7838 7843 3355
f 3355 7844 1278
f 3355 7843 7844
f 1278 7845 7842
f 7844 7845 1278
f 7841 7842 7846
f 7845 7846 7842
f 7838 7847 7843
f 3351 7847 7838
f 7843 165 7844
f 7844 7848 7845
f 165 7848 7844
f 7848 3356 7845
f 7845 3356 7846
f 7843 7847 7849
f 7843 3357 165
f 7843 7849 3357
f 7847 3358 7849
f 7847 7850 3358
f 3351 7850 7847
f 3357 7851 165
f 7851 7852 165
f 165 7852 7848
f 7852 7853 7848
f 7848 7853 3356
f 3356 634 7846
f 3356 7854 634
f 7854 3356 7853
f 7849 3358 7855
f 3357 7849 7856
f 7849 7855 7856
f 3357 7856 7857
f 3357 7857 7851
f 3358 7850 7834
f 7855 3358 7839
f 3358 7834 7839
f 7857 3359 7851
f 3359 1279 7851
f 7851 1279 7852
f 7852 3360 7853
f 1279 3360 7852
f 3360 7858 7853
f 7854 7853 7858
f 3361 7854 7858
f 634 7854 3361
f 3362 7857 7856
f 7857 3362 3359
f 7855 7839 7859
f 7856 7855 3363
f 3363 7855 7859
f 7856 3363 7860
f 3362 7856 7860
f 1277 7859 7839
f 3362 7861 3359
f 7861 7862 3359
f 3359 7862 1279
f 1279 7863 3360
f 7862 7863 1279
f 7864 3362 7860
f 3362 7864 7861
f 7865 7859 1277
f 3363 7859 7865
f 7866 3363 7865
f 7860 3363 7866
f 7860 7866 7867
f 7864 7860 7867
f 7862 3364 7863
f 7861 635 7862
f 635 3364 7862
f 411 7861 7864
f 1280 7861 411
f 1280 635 7861
f 3365 7864 7867
f 164 7779 7868
f 7775 164 7868
f 7775 7868 7869
f 7776 7775 7869
f 123 7776 7870
f 7776 7869 7870
f 7774 1273 7871
f 7774 7872 7778
f 7774 7871 7872
f 7868 7779 7873
f 7873 7779 7777
f 3366 7777 7778
f 7873 7777 3366
f 3366 7778 7874
f 3367 7778 7872
f 3367 7874 7778
f 7868 7873 3368
f 6747 7868 3368
f 6747 7869 7868
f 2837 7870 7869
f 2837 7869 6747
f 3368 7873 7875
f 3366 7875 7873
f 7871 7876 7872
f 7877 7872 7876
f 7877 3367 7872
f 7877 7878 3367
f 7878 7874 3367
f 7879 3366 7874
f 7878 7879 7874
f 3366 1281 7875
f 7879 1281 3366
f 3368 7875 1282
f 6748 3368 1282
f 6748 6747 3368
f 7880 7875 1281
f 1282 7875 7880
f 1282 7880 6756
f 6748 1282 6756
f 7877 1283 7878
f 7881 7879 7878
f 1283 7881 7878
f 1281 7879 7882
f 7881 7882 7879
f 7880 1281 7883
f 1281 7882 7883
f 7884 7880 7883
f 6756 7880 7884
f 6756 7884 2844
f 7877 7885 1283
f 1283 7886 7881
f 7885 7886 1283
f 7886 3369 7881
f 3369 7882 7881
f 7883 7882 7887
f 3369 7887 7882
f 7884 7883 3370
f 7883 7887 3370
f 166 7884 3370
f 2844 7884 166
f 2844 166 6761
f 7886 7888 3369
f 7885 7889 7886
f 7889 7888 7886
f 7888 7890 3369
f 7890 7887 3369
f 3370 7887 7891
f 7890 7891 7887
f 166 3370 7892
f 3370 7891 7892
f 6761 166 7893
f 166 3364 7893
f 166 7892 3364
f 3364 7892 7891
f 7889 3361 7888
f 3361 7858 7888
f 7888 7858 7890
f 3360 7891 7890
f 3360 7890 7858
f 3360 7863 7891
f 3364 7891 7863
f 7894 3361 7889
f 634 3361 7894
f 7895 634 7894
f 7894 7889 1284
f 3371 7894 1284
f 7895 7894 3371
f 7895 7846 634
f 7895 3372 7846
f 3372 7895 167
f 167 7895 3371
f 7841 7846 3372
f 7896 7841 3372
f 3372 167 3373
f 7896 3372 3373
f 3371 1284 7897
f 7898 3371 7897
f 7898 7899 3371
f 167 3371 7899
f 3373 167 7900
f 167 3374 7900
f 167 7899 3374
f 7898 3374 7899
f 636 7896 3373
f 3373 7900 636
f 3354 7841 7896
f 636 7901 7896
f 1285 7896 7901
f 1285 3354 7896
f 7898 7902 3374
f 7903 7898 7897
f 7903 7902 7898
f 636 7904 7901
f 1285 7901 7904
f 7900 3374 7905
f 636 7900 7906
f 7900 7905 7906
f 3374 7902 7907
f 3374 7907 7905
f 410 3354 1285
f 3345 410 1285
f 1285 7904 3375
f 3345 1285 3375
f 7902 7908 7907
f 7902 1286 7908
f 7903 1286 7902
f 7909 7906 7905
f 3376 7905 7907
f 7909 7905 3376
f 3376 7907 168
f 7907 7910 168
f 7907 7908 7910
f 3377 1286 7903
f 3377 7908 1286
f 3377 7911 7908
f 7910 7908 7911
f 7826 3345 3375
f 7912 7909 3376
f 7913 3376 168
f 7912 3376 7913
f 7913 168 7914
f 168 7915 7914
f 168 7910 7915
f 7915 7910 3378
f 7910 7911 3378
f 3377 7916 7911
f 3378 7911 7916
f 7917 7912 7913
f 3379 7913 7914
f 7917 7913 3379
f 3379 7914 7918
f 7914 1287 7918
f 7914 7915 1287
f 7915 3378 7919
f 1287 7915 7919
f 7919 3378 7920
f 3378 7916 7920
f 7918 7921 3379
f 3379 7922 7917
f 3379 7921 7922
f 7918 7923 7921
f 1287 7923 7918
f 1287 7919 328
f 328 5719 1287
f 1287 5719 7923
f 7919 7920 5639
f 328 7919 5639
f 7921 7924 7922
f 7921 3380 7924
f 7923 3380 7921
f 7923 5723 3380
f 5719 5723 7923
f 5639 7920 2323
f 7920 7925 2323
f 7920 7916 7925
f 5730 3380 5723
f 7926 3380 5730
f 7926 7924 3380
f 7922 7924 3381
f 7927 7924 7926
f 7927 3381 7924
f 7925 5630 2323
f 7916 3382 7925
f 3382 7928 7925
f 7925 7928 5630
f 5735 7926 5730
f 1288 7927 7926
f 1288 7926 5735
f 7916 7929 3382
f 3377 7929 7916
f 3382 7929 7930
f 3377 7930 7929
f 5630 7928 5624
f 3382 7930 7931
f 7932 3382 7931
f 3382 7932 7928
f 7928 7932 3383
f 7928 3383 5624
f 1288 5735 5739
f 3383 7932 1289
f 7932 7931 1289
f 7931 7930 169
f 7933 169 7930
f 3377 7933 7930
f 7931 169 3384
f 1289 7931 3384
f 3377 7903 7933
f 3383 5619 5624
f 3383 1289 7934
f 7935 3383 7934
f 3383 7935 5619
f 7934 1289 7936
f 1289 3384 7936
f 7933 7903 7937
f 7933 637 169
f 7933 7937 637
f 7938 3384 169
f 637 412 169
f 7938 169 412
f 7939 7936 3384
f 7939 3384 7938
f 7903 7897 7937
f 7937 7940 637
f 637 7940 412
f 2321 5619 7935
f 2321 7935 7941
f 7935 7934 7941
f 7934 7936 3385
f 7941 7934 3385
f 7942 3385 7936
f 7942 7936 7939
f 7937 7943 7940
f 1284 7937 7897
f 1284 7943 7937
f 1290 7939 7938
f 7944 7938 412
f 1290 7938 7944
f 7944 412 7945
f 7940 7945 412
f 7946 7942 7939
f 7946 7939 1290
f 7940 3386 7945
f 7943 3386 7940
f 2321 7941 7947
f 7941 3385 7948
f 7947 7941 7948
f 7949 7948 3385
f 7949 3385 7942
f 7950 7949 7942
f 7950 7942 7946
f 7951 7944 7945
f 7951 1290 7944
f 7946 1290 3387
f 7951 3387 1290
f 7946 3387 7952
f 7950 7946 7952
f 411 7864 3365
f 7953 7867 7866
f 3365 7867 7953
f 3365 170 411
f 170 1280 411
f 7866 7865 7954
f 3388 7866 7954
f 7953 7866 3388
f 7955 3365 7953
f 3365 7955 170
f 7956 7953 3388
f 7955 7953 7956
f 635 7893 3364
f 3389 635 1280
f 3389 7893 635
f 7957 3389 1280
f 170 7958 1280
f 7957 1280 7958
f 7955 3390 170
f 3390 7958 170
f 3391 7955 7956
f 7955 3391 3390
f 6761 7893 3389
f 7957 6761 3389
f 3388 7954 7959
f 7956 3388 7960
f 7959 7960 3388
f 7957 7958 7961
f 3390 7961 7958
f 7956 7960 3392
f 3391 7956 7962
f 7956 3392 7962
f 7957 6757 6761
f 3393 6757 7957
f 7957 7961 3393
f 7963 3391 7962
f 7963 7964 3391
f 7964 3390 3391
f 7964 7965 3390
f 7966 3390 7965
f 7966 7961 3390
f 1291 3393 7961
f 1291 7961 7966
f 7962 3392 7967
f 7962 7967 7963
f 7960 7968 3392
f 7967 3392 7968
f 7959 7969 7960
f 7960 7969 7968
f 7964 3394 7965
f 3394 7966 7965
f 1291 7966 638
f 3394 638 7966
f 3393 6751 6757
f 7970 3393 1291
f 7970 6751 3393
f 7970 1291 3395
f 1291 638 3395
f 7971 7964 7963
f 7971 3396 7964
f 7964 3396 3394
f 3396 3397 3394
f 3397 638 3394
f 7972 3395 638
f 3397 7972 638
f 3398 7968 7969
f 7967 7968 7973
f 7973 7968 3398
f 171 3396 7971
f 3396 171 3397
f 171 3399 3397
f 3399 7972 3397
f 7970 3395 7974
f 121 6751 7970
f 121 7970 7974
f 7974 3395 3400
f 7972 3400 3395
f 7975 3400 7972
f 3399 7975 7972
f 171 7971 7976
f 171 3401 3399
f 3401 171 7976
f 3401 7977 3399
f 7978 3399 7977
f 7978 7975 3399
f 7974 3400 7979
f 121 7974 2792
f 7979 2792 7974
f 3402 7979 3400
f 7975 3402 3400
f 7980 3402 7975
f 7980 7975 7978
f 3401 7981 7977
f 7981 3401 7982
f 3401 7976 7982
f 7981 3403 7977
f 7978 7977 3403
f 7980 7978 7983
f 7978 3403 7983
f 7984 3402 7980
f 7984 1292 3402
f 3402 1292 7979
f 7984 7980 3404
f 7980 7983 3404
f 7979 2788 2792
f 2786 7979 1292
f 2786 2788 7979
f 2786 1292 7984
f 7981 3405 3403
f 7983 3403 3406
f 3405 3406 3403
f 3404 7983 7985
f 7983 3406 7985
f 7981 7982 7986
f 7987 7981 7986
f 7987 3405 7981
f 7984 3404 7988
f 7988 3404 3407
f 3404 7985 3407
f 2786 7984 117
f 7984 2784 117
f 7984 7988 2784
f 7989 3407 7985
f 3406 7989 7985
f 3405 3408 3406
f 7990 3405 7987
f 7990 3408 3405
f 3408 7991 3406
f 3406 7991 7989
f 3409 7990 7987
f 7986 3409 7987
f 7988 3407 1293
f 7988 2782 2784
f 7988 1293 2782
f 7989 413 3407
f 3407 7992 1293
f 3407 413 7992
f 1293 7992 7993
f 1293 7993 2782
f 3408 7994 7991
f 7995 3408 7990
f 7995 7994 3408
f 3410 7995 7990
f 3409 3410 7990
f 7992 413 3411
f 7989 3411 413
f 7992 3411 639
f 7993 7992 639
f 2782 7993 6638
f 6638 7993 172
f 7993 639 172
f 173 7991 7994
f 7996 7994 7995
f 7996 173 7994
f 3412 7996 7995
f 3410 640 7995
f 3412 7995 640
f 3412 7997 7996
f 7997 173 7996
f 1294 172 639
f 7998 639 3411
f 7998 1294 639
f 7999 640 3410
f 7999 3412 640
f 6638 172 6636
f 8000 6636 172
f 1294 8000 172
f 3413 8000 1294
f 7998 3413 1294
f 7999 1295 3412
f 1295 8001 3412
f 3412 8001 7997
f 3413 8002 8000
f 3214 8000 8002
f 3214 8003 8000
f 8000 8003 6636
f 3214 8002 7548
f 3413 7548 8002
f 7998 3414 3413
f 3413 8004 7548
f 3414 8004 3413
f 7549 8003 3214
f 8003 113 6636
f 8003 8005 113
f 7549 8005 8003
f 7548 8004 3213
f 8004 3415 3213
f 8004 1296 3415
f 3414 1296 8004
f 113 8005 1139
f 8005 3416 1139
f 8005 7549 3416
f 6631 3416 7549
f 1139 3416 6628
f 6631 6628 3416
f 8006 1296 3414
f 7998 8006 3414
f 1296 8007 3415
f 1296 8008 8007
f 8006 8008 1296
f 3415 8007 174
f 3213 3415 641
f 3415 174 641
f 3213 641 7551
f 8009 8007 8008
f 8009 414 8007
f 414 174 8007
f 3417 8009 8008
f 3417 8008 8006
f 7998 8010 8006
f 8011 8006 8010
f 8011 3417 8006
f 174 1297 641
f 641 3418 7551
f 641 1297 3418
f 174 8012 1297
f 8013 8012 174
f 414 8013 174
f 7551 3418 7545
f 3419 8009 3417
f 3419 8014 8009
f 8014 414 8009
f 3420 8013 414
f 8014 3420 414
f 8015 3419 3417
f 8015 3417 8011
f 1297 8016 3418
f 7545 3418 8016
f 8012 8017 1297
f 1297 8017 8016
f 8012 8018 8017
f 3421 8018 8012
f 8013 3421 8012
f 3420 8019 8013
f 8019 3421 8013
f 8020 3419 8015
f 8021 3419 8020
f 8021 8014 3419
f 8022 3420 8014
f 8022 8014 8021
f 8023 8019 3420
f 8023 3420 8022
f 8017 3252 8016
f 8017 3254 3252
f 8018 3254 8017
f 8019 3422 3421
f 3421 8024 8018
f 3422 8024 3421
f 8025 3422 8019
f 8025 8019 8023
f 8018 7647 3254
f 3258 8018 8024
f 3258 7647 8018
f 8026 8022 8021
f 3423 8021 8020
f 3423 8026 8021
f 7889 7943 1284
f 3424 7948 7949
f 7947 7948 3424
f 7951 7945 7876
f 7877 7945 3386
f 7877 7876 7945
f 3424 7949 8027
f 8027 7949 7950
f 7871 7951 7876
f 7871 3387 7951
f 7950 7952 3320
f 8028 7950 3320
f 8027 7950 8028
f 7773 7952 3387
f 7773 3320 7952
f 7773 3387 1273
f 7871 1273 3387
f 5597 3424 8027
f 8029 8027 8028
f 8029 5597 8027
f 8028 3320 8030
f 8029 8028 8030
f 5597 5603 3424
f 5603 7947 3424
f 3315 8030 3320
f 8029 8030 3425
f 3425 8030 3315
f 970 8029 3425
f 5597 8029 970
f 5603 5605 7947
f 2321 7947 5605
f 3425 3315 8031
f 3315 1269 8031
f 3425 8031 8032
f 1269 8032 8031
f 970 3425 8033
f 3425 8032 8033
f 970 8033 2312
f 8032 2312 8033
f 3308 8032 1269
f 3308 8034 8032
f 8032 8034 2312
f 2312 8034 5585
f 967 5585 8034
f 967 8034 3308
f 3308 628 967
f 967 628 2310
f 3182 3184 7560
f 3182 7560 8035
f 7560 7570 8035
f 8036 3182 8035
f 8036 8035 7570
f 8036 5382 3182
f 8036 7570 3223
f 2232 5382 8036
f 8037 8036 3223
f 2232 8036 8037
f 2228 2232 8037
f 2228 8037 8038
f 8037 3223 3426
f 8038 8037 3426
f 3223 3225 3426
f 5366 2228 8038
f 8038 3426 3427
f 5366 8038 8039
f 8039 8038 3427
f 3428 3427 3426
f 3428 3426 3225
f 1298 3427 3428
f 8039 3427 1298
f 5359 5366 8039
f 3429 5359 8039
f 3429 8039 1298
f 1298 3428 346
f 346 3429 1298
f 346 3428 1061
f 1061 3428 3225
f 1061 3225 7599
f 945 5359 3429
f 945 3429 2564
f 346 2564 3429
f 1061 7599 2571
f 6385 1090 8040
f 6385 8040 6389
f 6389 8040 642
f 6389 642 6395
f 6395 642 6401
f 3285 7708 643
f 7708 3430 643
f 7976 3431 7982
f 7982 3431 8041
f 3431 1299 8041
f 7982 8041 7986
f 8041 1299 8042
f 7986 8041 3409
f 8041 8042 3409
f 1299 3432 8042
f 8043 8042 3432
f 8043 3409 8042
f 8043 3410 3409
f 8043 3432 3433
f 8044 8043 3433
f 8044 7999 8043
f 7999 3410 8043
f 8045 8044 3433
f 8044 1295 7999
f 8044 3434 1295
f 8045 3434 8044
f 1295 3434 8046
f 1295 8046 8047
f 1295 8047 8001
f 8047 8046 3435
f 8048 3435 8046
f 8047 3423 8001
f 8047 8049 3423
f 8047 3435 8049
f 8049 3435 8050
f 8048 8051 3435
f 8051 8050 3435
f 8048 3436 8051
f 8001 3423 8020
f 8001 8020 7997
f 8049 8050 8052
f 8052 8050 3437
f 8051 1300 8050
f 1300 3437 8050
f 8051 3436 8053
f 8051 8053 1300
f 8020 8015 7997
f 7997 8015 173
f 1300 644 3437
f 8052 3437 8054
f 8054 3437 8055
f 644 8055 3437
f 8052 8054 3438
f 8054 8056 3438
f 8054 8057 8056
f 8054 8055 8057
f 8015 3439 173
f 8015 8011 3439
f 173 3439 7991
f 3438 8056 8023
f 8057 3440 8056
f 3440 8023 8056
f 3439 7989 7991
f 3439 8058 7989
f 8011 8058 3439
f 8011 8010 8058
f 7989 8058 3411
f 7998 3411 8058
f 7998 8058 8010
f 5172 367 12
f 367 2136 12
f 367 3441 2136
f 2707 3441 367
f 914 2136 3441
f 914 3441 2707
f 914 1116 2134
f 1116 645 2134
f 645 5153 2134
f 1116 415 645
f 101 415 1116
f 415 1301 645
f 1301 175 645
f 645 175 5153
f 415 8059 1301
f 101 8059 415
f 175 2132 5153
f 1301 8060 175
f 175 3442 2132
f 8060 3442 175
f 8059 3443 1301
f 1301 8061 8060
f 1301 3443 8061
f 8059 8062 3443
f 8062 8059 3444
f 101 3444 8059
f 2132 3442 5147
f 8060 3445 3442
f 8060 3446 3445
f 8060 8061 3446
f 8063 5147 3442
f 8063 3442 3445
f 3443 416 8061
f 416 3446 8061
f 3443 8062 1302
f 3443 176 416
f 3443 1302 176
f 1302 8062 177
f 8062 3444 177
f 8064 8063 3445
f 8064 3445 3446
f 8063 5142 5147
f 3446 8065 8064
f 3446 3447 8065
f 416 3447 3446
f 8063 1303 5142
f 646 8063 8064
f 646 1303 8063
f 646 8064 8065
f 1304 416 176
f 1304 8066 416
f 3447 416 8066
f 1302 177 3448
f 8067 176 1302
f 3448 8067 1302
f 8067 8068 176
f 176 8069 1304
f 176 8068 8069
f 8065 3447 8070
f 3447 8066 8070
f 2128 5142 1303
f 2128 1303 8071
f 646 8071 1303
f 3449 8066 1304
f 1304 8072 3449
f 1304 8069 8072
f 8068 1305 8069
f 1305 8072 8069
f 3449 178 8066
f 8066 8073 8070
f 8066 178 8073
f 3448 8074 8067
f 1306 8068 8067
f 8074 1306 8067
f 8068 3450 1305
f 1306 3450 8068
f 3449 417 178
f 8073 178 417
f 8071 5137 2128
f 3449 8075 417
f 3449 8076 8075
f 3449 8072 8076
f 8072 8077 8076
f 8072 3451 8077
f 1305 3451 8072
f 3450 179 1305
f 3451 1305 179
f 8074 3452 1306
f 418 3450 1306
f 3452 418 1306
f 3450 3453 179
f 418 3453 3450
f 3454 8077 3451
f 3451 179 3454
f 3453 8078 179
f 8078 3454 179
f 647 417 8075
f 3455 8075 8076
f 647 8075 3455
f 8079 8076 8077
f 3455 8076 8079
f 3454 8080 8077
f 8080 1307 8077
f 8079 8077 1307
f 3452 3456 418
f 3438 8023 8022
f 8026 3438 8022
f 3422 8081 8024
f 8081 3258 8024
f 8082 8081 3422
f 8082 3422 8025
f 3440 8082 8025
f 3440 8025 8023
f 8081 3261 3258
f 7657 3261 8081
f 7657 8081 8082
f 8083 7657 8082
f 3440 8083 8082
f 8049 8026 3423
f 8049 8052 8026
f 8052 3438 8026
f 8083 3265 7657
f 8084 8083 3440
f 8084 8085 8083
f 8085 3265 8083
f 8085 7669 3265
f 8086 7669 8085
f 8084 8086 8085
f 8057 8084 3440
f 8057 648 8084
f 8084 648 8086
f 8086 3457 7669
f 7669 3457 616
f 8087 3457 8086
f 8088 8086 648
f 8088 8087 8086
f 8089 616 3457
f 8087 8089 3457
f 8088 8090 8087
f 8090 8089 8087
f 8057 8055 648
f 8091 648 8055
f 8091 8088 648
f 8088 3458 8090
f 8091 3458 8088
f 8089 7680 616
f 8089 7685 7680
f 8089 3459 7685
f 8090 3459 8089
f 8090 8092 3459
f 8090 8093 8092
f 8093 8090 3458
f 3459 8092 7694
f 3459 7694 7685
f 8091 8094 3458
f 644 8094 8091
f 644 8091 8055
f 8093 3458 8095
f 8096 3458 8094
f 8096 8095 3458
f 8097 8093 8095
f 8092 8093 8097
f 644 3460 8094
f 3460 8096 8094
f 8092 8097 3461
f 8092 620 7694
f 8092 3461 620
f 8096 649 8095
f 8097 8095 649
f 8098 8097 649
f 3461 8097 8098
f 3460 8099 8096
f 8096 8100 649
f 8100 8096 8099
f 8098 649 1308
f 8100 1308 649
f 1300 3460 644
f 1300 8053 3460
f 8053 8099 3460
f 3461 1252 620
f 3461 3462 1252
f 3461 8098 3462
f 3463 8098 1308
f 3463 8101 8098
f 8101 3462 8098
f 8100 8102 1308
f 8102 3463 1308
f 8053 8103 8099
f 8100 8099 3464
f 3464 8099 8103
f 650 8102 8100
f 650 8100 3464
f 3462 7708 1252
f 3462 3465 7708
f 8101 3465 3462
f 8104 8101 3463
f 3465 8101 8104
f 8102 8105 3463
f 8105 651 3463
f 8104 3463 651
f 8102 650 3466
f 8102 3466 8105
f 3466 650 1309
f 1309 650 3464
f 1309 3464 8106
f 3464 8103 8106
f 7708 3465 3430
f 3465 8104 3430
f 8106 8103 8107
f 8107 8103 8053
f 1309 8106 3467
f 8106 8107 3467
f 8105 8108 651
f 8105 652 8108
f 8105 3466 652
f 3468 652 3466
f 3466 1309 8109
f 3468 3466 8109
f 8109 1309 3469
f 1309 3467 3469
f 3468 8109 3470
f 8109 3469 3470
f 8107 8053 3436
f 3467 8107 8110
f 8111 8107 3436
f 8111 8110 8107
f 1310 3469 3467
f 3467 8110 8112
f 1310 3467 8112
f 8113 3470 3469
f 8113 3469 1310
f 8114 3470 8113
f 3468 3470 8114
f 3471 8110 8111
f 3471 8115 8110
f 8112 8110 8115
f 1310 8112 3472
f 8112 8115 3472
f 1310 3472 287
f 8113 1310 287
f 8048 8111 3436
f 8116 8111 8048
f 8116 3471 8111
f 8114 8113 1311
f 8113 287 3473
f 8113 3474 1311
f 8113 3473 3474
f 8045 3471 8116
f 8045 8117 3471
f 8117 8115 3471
f 8117 8118 8115
f 8118 3472 8115
f 8119 287 3472
f 8118 8119 3472
f 8119 180 287
f 3473 287 180
f 3474 3473 8120
f 3473 180 8120
f 8116 8048 8046
f 8045 8116 3434
f 8116 8046 3434
f 8121 8118 8117
f 8119 8118 8121
f 8045 3475 8117
f 8121 8117 3475
f 8120 180 653
f 653 180 8119
f 653 8119 3476
f 8119 8121 3476
f 3474 8120 8122
f 8120 653 3477
f 3478 8120 3477
f 3478 8122 8120
f 3479 8121 3475
f 3479 8123 8121
f 8123 3476 8121
f 3480 653 3476
f 8123 3480 3476
f 3481 3478 3477
f 653 3481 3477
f 3480 3482 653
f 653 3482 3481
f 8124 3479 3475
f 8045 8124 3475
f 3481 654 3478
f 8124 8125 3479
f 8125 8126 3479
f 8126 8123 3479
f 8126 8127 8123
f 8127 3480 8123
f 8128 3482 3480
f 8127 8128 3480
f 8128 8129 3482
f 8129 3481 3482
f 3481 8130 654
f 3481 8131 8130
f 8129 8131 3481
f 8045 3433 8124
f 8124 3432 8125
f 8124 3433 3432
f 8125 8132 8126
f 8133 8125 3432
f 8133 8132 8125
f 8132 3483 8126
f 3483 8127 8126
f 3484 8130 8131
f 8129 3484 8131
f 8128 1312 8129
f 8129 1312 3484
f 8128 3485 1312
f 8127 3485 8128
f 3483 8134 8127
f 8127 8134 3485
f 3484 1313 8130
f 3484 1312 655
f 655 1312 3485
f 8132 8135 3483
f 3486 8132 8133
f 3486 8135 8132
f 8135 3487 3483
f 8134 3483 3487
f 1299 8133 3432
f 8136 8133 1299
f 8136 3486 8133
f 8134 3487 8137
f 3485 8134 8137
f 655 3485 3488
f 3485 8137 3488
f 8136 3489 3486
f 3489 8135 3486
f 8135 8138 3487
f 3489 8138 8135
f 8138 3490 3487
f 3490 8137 3487
f 3490 8139 8137
f 3488 8137 8139
f 655 3488 3491
f 3488 8139 3491
f 3431 8136 1299
f 3431 8140 8136
f 8136 8140 3489
f 3489 8140 8141
f 3492 8138 3489
f 3489 8141 3492
f 8138 8142 3490
f 3492 8142 8138
f 8142 8143 3490
f 8143 8139 3490
f 8143 8144 8139
f 8144 3491 8139
f 3493 8141 8140
f 3431 3493 8140
f 8141 656 3492
f 656 8142 3492
f 8142 8145 8143
f 656 8145 8142
f 8145 3494 8143
f 3494 8144 8143
f 3493 3495 8141
f 3495 7973 8141
f 8141 7973 656
f 1314 3453 418
f 3456 1314 418
f 3453 8146 8078
f 1314 8146 3453
f 419 8080 3454
f 419 3454 288
f 1315 288 3454
f 8078 1315 3454
f 3496 8078 8146
f 3496 8147 8078
f 1315 8078 8147
f 8146 1314 8148
f 8146 8148 3496
f 8080 1316 1307
f 3497 8080 419
f 3497 1316 8080
f 1314 3498 8148
f 1314 8149 3498
f 3456 8149 1314
f 8150 419 288
f 1317 419 8150
f 1317 3497 419
f 8151 8148 3498
f 3496 8148 8151
f 8150 288 2545
f 1315 6158 288
f 6158 2545 288
f 6158 1315 2551
f 1315 8147 2551
f 181 8147 3496
f 8152 8147 181
f 8152 2551 8147
f 8153 1316 3497
f 8154 8153 3497
f 8154 3497 1317
f 8155 8154 1317
f 8155 1317 8150
f 6147 8150 2545
f 6147 8156 8150
f 8155 8150 8156
f 6164 2551 8152
f 1318 8152 181
f 3499 8152 1318
f 3499 6164 8152
f 6147 6143 8156
f 8155 8156 6143
f 6157 6164 3499
f 8157 3499 1318
f 1318 181 8158
f 8159 1318 8158
f 8159 8157 1318
f 6157 3499 1319
f 1319 3499 657
f 8157 657 3499
f 6154 6157 1319
f 3500 657 8157
f 3501 8157 8159
f 3500 8157 3501
f 8160 8159 8158
f 8161 8159 8160
f 3501 8159 8161
f 1319 657 8162
f 8163 1319 8162
f 6154 1319 8163
f 657 3500 3502
f 657 3502 8162
f 2544 6154 8163
f 8164 3502 3500
f 3500 8165 8164
f 3500 3501 8165
f 182 8165 3501
f 182 3501 8161
f 6159 2544 8163
f 8163 8162 6159
f 8162 3502 8166
f 8162 8166 6159
f 8164 8167 3502
f 8166 3502 8167
f 8168 182 8161
f 8161 8160 3503
f 8168 8161 3503
f 1320 8167 8164
f 8165 3504 8164
f 1320 8164 3504
f 1321 8165 182
f 8165 1321 3504
f 8169 182 8168
f 1321 182 8169
f 345 6159 8166
f 8166 8167 8170
f 8170 345 8166
f 8167 1320 289
f 8167 289 8170
f 289 1320 8171
f 8171 1320 3504
f 3504 1321 8172
f 8172 1321 8169
f 8171 3504 658
f 3504 8172 658
f 8172 8169 8173
f 8169 8168 3505
f 8173 8169 3505
f 8170 8174 345
f 8174 2549 345
f 658 8172 3506
f 3507 3506 8172
f 3507 8172 8173
f 3508 3507 8173
f 8173 3505 8175
f 3508 8173 8175
f 8174 6245 2549
f 3508 8175 659
f 3505 659 8175
f 3505 1322 659
f 8168 1322 3505
f 8168 8176 1322
f 3503 8176 8168
f 359 660 529
f 529 660 1323
f 3508 1323 660
f 3508 659 1323
f 659 3509 1323
f 529 1323 3509
f 6339 529 3509
f 420 6339 3509
f 659 420 3509
f 1322 420 659
f 8177 1322 8176
f 8178 8177 8176
f 3503 8178 8176
f 8160 8178 3503
f 1322 3510 420
f 8177 3510 1322
f 420 8179 6339
f 3510 8179 420
f 531 6339 8179
f 8178 3511 8177
f 3511 8180 8177
f 8180 3510 8177
f 3510 8181 8179
f 8180 8181 3510
f 531 8179 1104
f 1104 8179 8181
f 8178 8182 3511
f 8178 661 8182
f 8160 661 8178
f 3511 8183 8180
f 8184 3511 8182
f 8184 8183 3511
f 8185 8180 8183
f 8181 8180 8185
f 8181 8185 662
f 1104 8181 662
f 8186 8183 8184
f 8185 8183 8186
f 8186 183 8185
f 183 662 8185
f 1104 662 269
f 183 269 662
f 8182 661 1324
f 3512 8184 8182
f 8182 1324 3512
f 3512 8187 8184
f 8186 8184 8188
f 8188 8184 8187
f 8189 8187 3512
f 1324 8189 3512
f 8186 3513 183
f 8190 8186 8188
f 8190 3513 8186
f 6453 183 3513
f 6452 183 6453
f 6452 269 183
f 8191 8190 8188
f 8188 8187 8191
f 8189 8192 8187
f 8191 8187 8192
f 6455 3513 8190
f 6453 3513 6455
f 8191 1325 8190
f 6455 8190 6459
f 6459 8190 1325
f 8193 1325 8191
f 8191 8192 8193
f 8194 8192 8189
f 8193 8192 8194
f 8193 184 1325
f 8195 1325 184
f 6459 1325 8195
f 6458 6459 8195
f 8195 184 8196
f 8196 6458 8195
f 3514 184 8193
f 8193 8194 8197
f 3514 8193 8197
f 184 3514 8198
f 184 8198 8196
f 8196 6465 6458
f 6468 6465 8196
f 7976 3493 3431
f 3495 3493 7976
f 7973 3398 656
f 3398 8145 656
f 8145 8199 3494
f 3398 8199 8145
f 8199 8200 3494
f 8201 3494 8200
f 3494 8201 8144
f 8199 8202 8200
f 3398 8202 8199
f 3495 7967 7973
f 3495 7976 7971
f 7963 3495 7971
f 7963 7967 3495
f 8202 3515 8200
f 8203 8200 3515
f 8201 8200 8203
f 3398 8204 8202
f 3398 7969 8204
f 8202 8205 3515
f 1326 8202 8204
f 1326 8205 8202
f 1326 8204 7969
f 1326 7969 7959
f 8205 8206 3515
f 8205 8207 8206
f 1326 8207 8205
f 8203 3515 8208
f 3515 8209 8208
f 3515 8206 8209
f 7959 663 1326
f 1326 663 8207
f 8207 3516 8206
f 8209 8206 3516
f 7959 7954 663
f 8207 8210 3516
f 3517 8207 663
f 3517 8210 8207
f 7865 3517 663
f 7865 663 7954
f 7865 1277 3517
f 1277 8210 3517
f 8210 8211 3516
f 8212 3516 8211
f 8209 3516 8212
f 8210 7836 8211
f 1277 7836 8210
f 8209 8212 3518
f 8208 8209 8213
f 8209 3518 8213
f 7836 3349 8211
f 8214 8211 3349
f 8212 8211 8214
f 8212 8214 8215
f 8212 8215 3518
f 8214 3349 7827
f 8215 8214 7827
f 8213 3518 1327
f 3518 8216 1327
f 3518 8215 8216
f 8216 8215 3519
f 8215 7827 3519
f 7827 7821 3519
f 8216 3519 3520
f 8217 8216 3520
f 8217 1327 8216
f 3519 7821 664
f 3519 664 3520
f 3338 664 7821
f 8218 3520 664
f 8218 664 3338
f 8217 3520 3521
f 8218 3521 3520
f 8219 8217 3521
f 8217 3522 1327
f 8219 3522 8217
f 8219 3521 3523
f 3521 665 3523
f 3521 8218 665
f 8218 3338 3524
f 3525 8218 3524
f 3525 665 8218
f 3524 3338 7808
f 8220 3525 3524
f 3524 7808 8220
f 8219 1328 3522
f 8220 8221 3525
f 3332 8220 7808
f 3332 3526 8220
f 3526 8221 8220
f 666 3522 1328
f 666 185 3522
f 1327 3522 185
f 3526 3527 8221
f 3332 3327 3526
f 3527 3526 3327
f 3527 3327 3326
f 3528 185 666
f 3528 666 1329
f 1330 185 3528
f 1330 421 185
f 1327 185 421
f 8222 1330 3528
f 8222 3528 1329
f 8213 1327 421
f 3529 8213 421
f 3529 421 1330
f 8222 8223 1330
f 8223 3529 1330
f 3527 3326 667
f 1331 3527 667
f 8222 1329 8224
f 8222 8224 668
f 3530 8223 8222
f 8222 668 3530
f 8208 8213 3529
f 8223 8225 3529
f 8225 8208 3529
f 3530 669 8223
f 669 8225 8223
f 8226 3530 668
f 8227 3530 8226
f 8227 669 3530
f 669 3531 8225
f 8227 3531 669
f 8225 8203 8208
f 3531 8203 8225
f 8226 668 8228
f 3532 8227 8226
f 8229 8227 3532
f 8227 8229 3531
f 3531 8201 8203
f 8229 8201 3531
f 8226 8228 3533
f 3532 8226 3534
f 8226 3533 3534
f 8229 3532 3491
f 8229 8144 8201
f 8144 8229 3491
f 3532 3534 3535
f 655 3491 3532
f 3532 3535 655
f 670 3535 3534
f 670 3534 3533
f 3484 3535 670
f 3484 655 3535
f 3484 670 1313
f 2438 5912 7133
f 7133 5912 8230
f 5912 2479 8230
f 7133 8230 3050
f 2479 8231 8230
f 8230 3055 3050
f 8230 8231 3055
f 2479 341 8231
f 341 186 8231
f 8231 7145 3055
f 8231 186 7145
f 186 1212 7145
f 341 8232 186
f 6005 8232 341
f 3536 186 8232
f 3536 671 186
f 186 671 1212
f 1037 3536 8232
f 6005 6013 8232
f 1037 8232 6013
f 3537 671 3536
f 6024 3536 1037
f 6024 3537 3536
f 3537 8233 671
f 671 3538 1212
f 671 8233 3538
f 1212 3538 7150
f 8234 7150 3538
f 8233 8234 3538
f 3537 8235 8233
f 8233 8235 8234
f 8236 3537 6024
f 8236 187 3537
f 3537 187 8235
f 2492 8236 6024
f 3539 8234 8235
f 8237 8235 187
f 3539 8235 8237
f 8237 187 3540
f 8236 3540 187
f 8234 8238 7150
f 188 8234 3539
f 188 8238 8234
f 7151 7150 8238
f 188 7151 8238
f 1332 188 3539
f 8237 1332 3539
f 3540 8239 8237
f 8237 8239 1332
f 2492 8240 8236
f 3541 8236 8240
f 3541 8241 8236
f 8236 8241 3540
f 2492 6030 8240
f 3541 8240 6030
f 3540 8241 1333
f 3540 8242 8239
f 3540 1333 8242
f 8243 1333 8241
f 8243 8241 3541
f 3541 6030 8244
f 8243 3541 8244
f 1332 8245 188
f 8239 3542 1332
f 3542 8245 1332
f 8242 8246 8239
f 8239 8246 3542
f 8242 1333 8247
f 8247 1333 8243
f 8242 8247 3543
f 8242 3543 8246
f 8247 8243 3544
f 8243 8244 8248
f 8248 3544 8243
f 6030 8249 8244
f 8244 8250 8248
f 8244 8249 8250
f 8250 1334 8248
f 8248 1334 3544
f 1334 8251 3544
f 8247 3544 8251
f 8247 8251 189
f 3543 8247 189
f 3543 8252 8246
f 8246 8253 3542
f 8246 8252 8253
f 3543 189 422
f 3543 422 8252
f 672 8253 8252
f 672 8252 422
f 8250 190 1334
f 1334 8254 8251
f 190 8254 1334
f 8255 190 8250
f 8256 8250 8249
f 8255 8250 8256
f 3545 422 189
f 672 422 3545
f 8257 189 8251
f 3545 189 8257
f 8257 8251 3546
f 8254 3546 8251
f 8255 191 190
f 190 191 8254
f 191 940 8254
f 8254 8258 3546
f 8254 940 8258
f 8257 3546 8258
f 6468 8196 8198
f 8198 3514 1335
f 8259 3514 8197
f 8259 1335 3514
f 8197 8194 8260
f 8197 8260 8259
f 8198 1335 6474
f 6474 6468 8198
f 8259 192 1335
f 192 6474 1335
f 8259 290 192
f 8261 8259 8260
f 8261 290 8259
f 192 6478 6474
f 192 6483 6478
f 192 1336 6483
f 290 1336 192
f 290 8262 1336
f 8261 8262 290
f 8261 8260 8149
f 8194 8149 8260
f 1336 6484 6483
f 1336 8263 6484
f 1336 8264 8263
f 1336 8262 8264
f 1337 8263 8264
f 1337 6484 8263
f 8262 8265 8264
f 8262 8266 8265
f 8261 8266 8262
f 1337 6489 6484
f 1337 8264 8267
f 8264 8268 8267
f 8264 8265 8268
f 8267 3547 1337
f 6489 1337 3547
f 8267 8269 3547
f 8268 8269 8267
f 8266 8074 8265
f 8265 3448 8268
f 8265 8074 3448
f 6489 3547 6496
f 8268 8270 8269
f 177 8268 3448
f 177 8270 8268
f 3547 8269 8271
f 6496 3547 1112
f 3547 8271 1112
f 193 8271 8269
f 193 8269 8270
f 3444 193 8270
f 3444 8270 177
f 2696 1112 8271
f 2696 8271 8272
f 8271 8273 8272
f 8271 193 8273
f 101 8273 193
f 101 193 3444
f 101 2696 8272
f 101 8272 8273
f 8266 3452 8074
f 3452 8266 8261
f 3452 8261 3456
f 8261 8149 3456
f 8194 3498 8149
f 8194 8189 3498
f 8151 3498 8189
f 1324 8151 8189
f 8274 8151 1324
f 3496 8151 8274
f 181 3496 8274
f 8158 181 8274
f 8274 1324 3548
f 8158 8274 3548
f 3548 1324 661
f 8160 8158 3548
f 3548 661 8160
f 3549 7376 7383
f 3549 8275 7376
f 3549 8276 8275
f 8275 7372 7376
f 8275 3550 7372
f 8276 3550 8275
f 3550 7369 7372
f 8276 8277 3550
f 8278 8277 8276
f 8279 3550 8277
f 8279 8280 3550
f 3550 8280 7369
f 8279 8277 3551
f 8278 3551 8277
f 8280 397 7369
f 8279 3551 8281
f 8282 8279 8281
f 8282 8280 8279
f 8280 3552 397
f 8282 3552 8280
f 7292 397 3552
f 8282 7292 3552
f 8282 8281 194
f 8282 7289 7292
f 8282 8283 7289
f 8282 194 8283
f 194 8284 8283
f 7289 8283 3117
f 8283 8284 8285
f 8283 8285 3117
f 8284 3553 8285
f 7278 3117 8285
f 8286 7278 8285
f 8286 8285 3553
f 8287 8286 3553
f 3113 7278 8286
f 3113 8286 8287
f 7553 8016 3252
f 7553 8288 8016
f 7545 8016 8288
f 155 8288 7553
f 155 7545 8288
f 155 7553 3211
f 5114 5013 5303
f 5303 5013 8289
f 5005 8289 5013
f 5303 8289 5301
f 5301 8289 8290
f 8289 3554 8290
f 8289 5005 3554
f 5005 5002 3554
f 8291 8290 3554
f 5002 8291 3554
f 5301 8290 5297
f 8290 5294 5297
f 8290 8292 5294
f 8291 8292 8290
f 8292 5290 5294
f 8292 8291 8293
f 8292 8294 5290
f 8292 8293 8294
f 8291 8295 8293
f 8291 8296 8295
f 5002 8296 8291
f 4996 8296 5002
f 8295 8296 4996
f 3555 8294 8293
f 8295 3555 8293
f 3555 8297 8294
f 8297 5290 8294
f 8297 5289 5290
f 8295 4996 4997
f 8295 8298 3555
f 8298 8295 4997
f 3556 8297 3555
f 8298 3556 3555
f 3556 8299 8297
f 8297 8300 5289
f 8297 8299 8300
f 2185 5289 8300
f 8298 4997 8301
f 8298 8302 3556
f 8301 8302 8298
f 3557 8299 3556
f 8302 3557 3556
f 4997 4986 8301
f 8299 8303 8300
f 8299 8304 8303
f 3557 8304 8299
f 8300 8303 2045
f 8300 2045 2185
f 2045 2049 2185
f 4983 8301 4986
f 4983 8305 8301
f 8301 8305 8302
f 8302 8305 8306
f 8302 8307 3557
f 8302 8306 8307
f 4983 8306 8305
f 8304 3557 8308
f 3557 8309 8308
f 3557 8307 8309
f 8303 8310 2045
f 8303 8311 8310
f 8304 8311 8303
f 8304 8312 8311
f 8304 8308 8312
f 8307 8306 8313
f 8307 8313 8309
f 2044 2045 8310
f 4983 2063 8306
f 8306 2063 4973
f 8306 4973 8313
f 2044 8310 8314
f 8311 8314 8310
f 8311 8312 8314
f 8312 8308 8315
f 8312 8315 8314
f 8308 8309 195
f 8308 195 8315
f 3558 195 8309
f 3558 8309 8313
f 8316 3558 8313
f 8316 8313 4973
f 3559 8314 8315
f 195 3559 8315
f 3559 8317 8314
f 2044 8314 8317
f 4941 195 3558
f 195 4941 3559
f 2048 2044 8317
f 4941 3558 4949
f 4949 3558 8316
f 4973 4963 8316
f 4956 8316 4963
f 4949 8316 4956
f 4930 8317 3559
f 4941 4930 3559
f 4930 2048 8317
f 6783 2863 1268
f 6783 1268 3310
f 6783 3310 6779
f 7765 6779 3310
f 6772 6779 7765
f 6772 7765 8318
f 7765 3314 8318
f 6772 8318 2853
f 7771 8318 3314
f 8319 8318 7771
f 8319 2853 8318
f 1164 2853 8319
f 8319 7771 3321
f 1164 8319 6758
f 8319 3321 6758
f 123 6758 3321
f 123 7870 2839
f 6658 2839 7870
f 6658 7870 2837
f 6324 6897 358
f 6332 6897 6324
f 6332 2924 6897
f 7877 3386 7885
f 3545 8257 8320
f 8257 8258 8320
f 3545 8320 8321
f 672 3545 8321
f 2211 8320 8258
f 940 2211 8258
f 8322 8255 8256
f 8322 3560 8255
f 3560 423 8255
f 8255 423 191
f 8323 191 423
f 8323 8324 191
f 191 8324 940
f 2211 8325 8320
f 2216 8320 8325
f 2216 8321 8320
f 8323 423 1338
f 3560 1338 423
f 940 8324 2207
f 2207 8324 8323
f 2211 5324 8325
f 2216 8325 5324
f 8326 3560 8322
f 8326 3561 3560
f 3561 1338 3560
f 2207 8323 1339
f 8327 1339 8323
f 8323 1338 8327
f 196 8327 1338
f 3561 8328 1338
f 196 1338 8328
f 3562 3561 8326
f 3562 8328 3561
f 196 1340 8327
f 8327 1340 1339
f 197 196 8328
f 3562 197 8328
f 196 3563 1340
f 8329 3563 196
f 197 8329 196
f 1339 1340 8330
f 8330 1340 3563
f 1339 8330 8331
f 2206 1339 8331
f 2206 2207 1339
f 197 8332 8329
f 197 3564 8332
f 8333 3564 197
f 3562 8333 197
f 8334 8329 8332
f 8334 1341 8329
f 8329 1341 3563
f 3563 1341 198
f 8330 3563 8335
f 3563 198 8335
f 8331 8330 8336
f 8330 8337 8336
f 8330 8335 8337
f 5314 2206 8331
f 5314 8331 22
f 8331 8336 22
f 8338 198 1341
f 8338 1341 8334
f 199 8332 3564
f 199 8339 8332
f 8339 8334 8332
f 8339 1342 8334
f 1342 8338 8334
f 8335 198 8340
f 8335 8340 8337
f 8341 8340 198
f 8341 198 8338
f 22 8336 5313
f 8336 3565 5313
f 8336 8337 3565
f 8337 8342 3565
f 8337 8343 8342
f 8337 8340 8343
f 8344 8339 199
f 8344 1342 8339
f 8343 8340 3566
f 8341 3566 8340
f 1342 8345 8338
f 8338 424 8341
f 8338 8345 424
f 8344 1343 1342
f 1343 8345 1342
f 3565 8342 8346
f 8346 8342 8343
f 8346 8343 3567
f 3567 8343 3566
f 424 673 8341
f 673 8347 8341
f 8341 8347 3566
f 3567 3566 8348
f 8347 8348 3566
f 1343 8349 8345
f 8349 424 8345
f 8349 7088 424
f 7088 3568 424
f 424 3568 673
f 8344 1216 1343
f 589 8349 1343
f 589 1343 1216
f 589 7088 8349
f 8350 8346 3567
f 8351 3567 8348
f 8350 3567 8351
f 673 3568 1344
f 8352 8347 673
f 673 1344 8352
f 8352 3569 8347
f 8347 3569 8348
f 8351 8348 8353
f 200 8348 3569
f 200 8353 8348
f 200 3569 8352
f 1344 8354 8352
f 200 8352 8354
f 3568 3570 1344
f 3568 7050 3570
f 7088 7050 3568
f 3571 8350 8351
f 3572 8351 8353
f 3572 3571 8351
f 8355 3572 8353
f 8355 8353 200
f 3573 8355 200
f 3573 200 8354
f 1344 8356 8354
f 1344 8357 8356
f 1344 3570 8357
f 8354 8356 3574
f 8354 3574 3573
f 8357 3574 8356
f 7045 3570 7050
f 8358 3570 7045
f 8358 8357 3570
f 3572 8355 8359
f 8360 8355 3573
f 8360 8359 8355
f 3573 3574 8361
f 3573 8361 8360
f 3572 8359 3575
f 3572 8362 3571
f 3572 3575 8362
f 8357 3576 3574
f 8363 8357 8358
f 8363 3576 8357
f 8364 8361 3574
f 8364 3574 3576
f 8361 3577 8360
f 8359 8360 3577
f 8359 3577 8365
f 3575 8359 8365
f 3575 8365 8366
f 8362 3575 8366
f 3003 8358 7045
f 3003 3578 8358
f 3578 8363 8358
f 7047 8364 3576
f 7047 3576 8363
f 3579 8361 8364
f 3579 8367 8361
f 8361 8367 3577
f 8368 3579 8364
f 8368 8364 7047
f 8363 3005 7047
f 8363 8369 3005
f 3578 8369 8363
f 3577 8367 8370
f 8365 3577 8371
f 3577 8370 8371
f 8365 8371 8372
f 8366 8365 8372
f 8367 3579 3580
f 3580 3579 8368
f 8367 3580 8370
f 3003 3002 3578
f 3578 7037 8369
f 3578 3002 7037
f 7037 3005 8369
f 8373 8371 8370
f 8373 8370 3580
f 8373 8372 8371
f 7047 3008 8368
f 3580 8368 8374
f 8374 8368 3008
f 8375 8373 3580
f 8375 3580 8374
f 8373 8376 8372
f 3581 8373 8375
f 3581 8376 8373
f 3582 8372 8376
f 8366 8372 3582
f 8374 3008 3009
f 8377 8374 3009
f 8377 8375 8374
f 8378 3581 8375
f 8378 8375 8377
f 8379 3581 8378
f 8376 3581 8379
f 3582 8376 8380
f 8376 8379 8380
f 8381 8366 3582
f 3582 8380 8382
f 8381 3582 8382
f 8362 8366 8381
f 3583 8378 8377
f 8377 7052 3583
f 8377 3009 7052
f 8379 8378 8383
f 8384 8379 8383
f 8380 8379 8384
f 8382 8380 8385
f 8380 8384 8385
f 8382 8385 8386
f 8386 8381 8382
f 8378 8387 8383
f 8378 8388 8387
f 3583 8388 8378
f 7052 7053 3583
f 7053 8388 3583
f 8381 8389 8362
f 8381 8390 8389
f 8386 8390 8381
f 3571 8362 8389
f 8384 8383 8391
f 8383 8392 8391
f 8383 8387 8392
f 8391 8393 8384
f 8393 8385 8384
f 8386 8385 8394
f 8393 8394 8385
f 8386 8394 3584
f 3584 8390 8386
f 7059 8392 8387
f 7057 8387 8388
f 7059 8387 7057
f 7057 8388 7056
f 7053 7056 8388
f 8391 8395 8393
f 8392 8395 8391
f 3571 8389 8396
f 8390 8397 8389
f 8397 8396 8389
f 8390 8398 8397
f 3584 8398 8390
f 8395 8399 8393
f 8399 8394 8393
f 7063 8392 7059
f 7063 8400 8392
f 8392 8400 8395
f 8394 8401 3584
f 8394 3585 8401
f 8399 3585 8394
f 7943 7885 3386
f 7889 7885 7943
f 1015 8402 483
f 2380 483 8402
f 2380 8402 8403
f 999 2380 8403
f 1015 8404 8402
f 8403 8402 3586
f 8402 8405 3586
f 8402 8404 8405
f 999 8403 8406
f 8406 8403 3587
f 8403 3586 3587
f 8407 8404 1015
f 8407 1015 2410
f 3588 8405 8404
f 3588 8404 8407
f 2376 999 8406
f 3586 8405 8408
f 3587 3586 8409
f 3586 8408 8409
f 8405 3588 8410
f 8405 8410 8408
f 2376 8406 8411
f 8411 8406 8412
f 8406 3587 8412
f 3587 8409 8413
f 8414 3587 8413
f 8414 8412 3587
f 2410 8415 8407
f 8407 8416 3588
f 8407 8415 8416
f 8417 8410 3588
f 8417 3588 8416
f 2376 8411 5778
f 8411 8412 3589
f 5778 8411 3589
f 8412 8414 8418
f 8412 8418 3589
f 8409 8408 1345
f 8413 8409 674
f 8409 1345 674
f 8413 674 3590
f 8414 8413 3590
f 8418 8414 1346
f 8414 3590 1346
f 8419 8417 8416
f 8415 3591 8416
f 8419 8416 3591
f 3589 8418 8420
f 5778 3589 8421
f 3589 8420 8421
f 8418 1346 3592
f 8420 8418 3592
f 5774 5778 8421
f 8422 674 1345
f 8423 674 8422
f 8423 3590 674
f 8424 1346 3590
f 8424 3590 8423
f 8425 3592 1346
f 8425 1346 8424
f 8420 3592 201
f 8426 8420 201
f 8421 8420 8426
f 8421 8426 3593
f 5774 8421 3593
f 8427 201 3592
f 8427 3592 8425
f 3594 8423 8422
f 8424 8423 3594
f 8428 8425 8424
f 8424 3594 8428
f 8428 3595 8425
f 3595 8427 8425
f 5771 5774 3593
f 8426 201 291
f 8429 201 8427
f 8429 291 201
f 3593 8426 8430
f 8430 8426 291
f 3593 8430 3596
f 5771 3593 3596
f 8431 8429 8427
f 3595 8431 8427
f 8432 8428 3594
f 8433 8428 8432
f 8433 3595 8428
f 8434 8431 3595
f 8434 3595 8433
f 5765 5771 3596
f 8430 291 425
f 8435 291 8429
f 8435 425 291
f 8431 3597 8429
f 3597 8435 8429
f 3596 8430 8436
f 8436 8430 425
f 3596 8436 8437
f 5765 3596 8437
f 8438 3597 8431
f 8438 8431 8434
f 3598 8433 8432
f 3598 8434 8433
f 1347 8438 8434
f 3598 8439 8434
f 1347 8434 8439
f 5762 5765 8437
f 8436 425 202
f 8440 425 8435
f 8440 202 425
f 3597 3599 8435
f 3599 8440 8435
f 8441 3599 3597
f 8441 3597 8438
f 8437 8436 8442
f 8442 8436 202
f 8437 8442 3600
f 5762 8437 3600
f 3601 8441 8438
f 3601 8438 1347
f 8443 8439 3598
f 8443 1347 8439
f 8443 8444 1347
f 1347 8445 3601
f 1347 8444 8445
f 5757 5762 3600
f 8442 202 3602
f 8446 202 8440
f 8446 3602 202
f 8447 8446 8440
f 3599 8447 8440
f 8448 8447 3599
f 8448 3599 8441
f 8449 8448 8441
f 8449 8441 3601
f 3600 8442 8450
f 8450 8442 3602
f 3600 8450 3603
f 5757 3600 3603
f 3601 8445 8451
f 3601 8451 8449
f 8443 675 8444
f 8444 3604 8445
f 8444 675 3604
f 8445 3604 8452
f 8445 8452 8451
f 5749 5757 3603
f 8450 3602 1288
f 7927 3602 8446
f 7927 1288 3602
f 3605 7927 8446
f 8447 3605 8446
f 8453 3605 8447
f 8453 8447 8448
f 203 8453 8448
f 203 8448 8449
f 8449 8451 8454
f 8449 8454 203
f 5749 3603 5744
f 8450 5744 3603
f 8451 8452 3606
f 8451 3606 8454
f 675 426 3604
f 3604 8455 8452
f 3604 426 8455
f 8452 8455 8456
f 8452 8456 3606
f 3605 3381 7927
f 8457 3381 3605
f 8457 3605 8453
f 1348 8457 8453
f 1348 8453 203
f 203 8454 8458
f 203 8458 1348
f 8454 3606 3607
f 8454 3607 8458
f 3606 8456 8459
f 3606 8459 3607
f 8455 3608 8456
f 8455 8460 3608
f 426 8460 8455
f 8456 3608 636
f 8456 636 8459
f 3607 8459 7906
f 636 7906 8459
f 8458 3607 7909
f 3607 7906 7909
f 8458 7909 7912
f 1348 8458 7912
f 7917 8457 1348
f 1348 7912 7917
f 7922 3381 8457
f 7917 7922 8457
f 7904 3608 8460
f 636 3608 7904
f 7904 8460 8461
f 8461 8460 3609
f 426 3609 8460
f 3375 7904 8461
f 8461 3609 8462
f 3375 8461 204
f 204 8461 8462
f 3610 8462 3609
f 8463 3609 426
f 8463 3610 3609
f 675 8463 426
f 205 3610 8463
f 205 8463 675
f 7826 3375 204
f 3610 8464 8462
f 3611 8462 8464
f 204 8462 3611
f 1349 7826 204
f 1349 204 3611
f 205 8465 3610
f 1350 3610 8465
f 1350 8464 3610
f 3612 8464 1350
f 3611 8464 3612
f 3613 1349 3611
f 3613 3611 3612
f 3614 1350 8465
f 3614 8465 205
f 3614 205 8466
f 8466 205 8467
f 205 675 8467
f 8443 8467 675
f 1349 3613 8468
f 7826 1349 8469
f 1349 8468 8469
f 3612 1350 8470
f 8470 1350 8471
f 3614 8471 1350
f 8472 3613 3612
f 8472 3612 8470
f 3613 8472 8473
f 3613 8473 8468
f 3614 1351 8471
f 3614 8474 1351
f 8474 3614 8466
f 8474 8466 8475
f 8475 8466 3615
f 8466 8467 3615
f 8467 8443 8476
f 8467 8476 3615
f 3616 8471 1351
f 8470 8471 3616
f 3617 8472 8470
f 3617 8470 3616
f 8472 3617 8477
f 8472 8477 8473
f 8474 3618 1351
f 3616 1351 8478
f 8478 1351 3618
f 8479 3617 3616
f 3584 8401 3619
f 3584 3619 8398
f 8397 8398 3619
f 8395 8480 8399
f 8400 8480 8395
f 8397 3620 8396
f 8397 3619 1352
f 1352 3620 8397
f 3585 8481 8401
f 3619 8401 8481
f 8399 8480 3621
f 206 3585 8399
f 8399 3621 206
f 3585 8482 8481
f 206 8482 3585
f 8400 8483 8480
f 8400 3016 8483
f 8400 7063 3016
f 8480 8483 8484
f 8480 8484 3621
f 3619 3622 1352
f 3619 8485 3622
f 3619 8481 8485
f 3622 8486 1352
f 1352 8486 3620
f 8483 3016 7075
f 8483 7075 8484
f 8487 8481 8482
f 8488 8481 8487
f 8488 8485 8481
f 8487 8482 8489
f 8489 8482 206
f 3621 8490 206
f 8489 206 8490
f 8491 3622 8485
f 8491 8485 8488
f 8492 8488 8487
f 8492 8487 8489
f 8492 8491 8488
f 8492 8489 3623
f 3623 8489 8490
f 8493 8491 8492
f 3623 8493 8492
f 8494 3622 8491
f 8493 8494 8491
f 3623 3624 8493
f 3624 8495 8493
f 8495 8494 8493
f 3623 8490 8496
f 8497 3623 8496
f 8497 3624 3623
f 8496 8490 8498
f 3621 8498 8490
f 8497 8496 8499
f 8496 8498 8499
f 3624 3625 8495
f 8500 3624 8497
f 8500 3625 3624
f 8497 8499 8501
f 8502 8497 8501
f 8502 8500 8497
f 8484 8498 3621
f 8484 8503 8498
f 8499 8498 8503
f 8504 8502 8501
f 8504 8501 8499
f 8499 8503 3626
f 8504 8499 3626
f 8500 8502 8505
f 8506 3625 8500
f 8500 8505 8506
f 8504 8507 8502
f 8505 8502 8507
f 8503 8484 7075
f 8503 7075 8508
f 8509 8503 8508
f 8509 3626 8503
f 3626 8509 8510
f 3626 8510 8504
f 8504 8510 3627
f 8504 3627 8507
f 8505 8507 8511
f 8506 8505 8512
f 8512 8505 8511
f 8513 8511 8507
f 8513 8507 3627
f 3628 8510 8509
f 3628 8509 8508
f 8514 3627 8510
f 3628 8514 8510
f 8514 1353 3627
f 1353 8513 3627
f 3628 1353 8514
f 8512 8511 8515
f 8515 8511 8513
f 8508 7075 7070
f 3628 8508 8516
f 8508 7070 8516
f 8515 8513 8517
f 1353 207 8513
f 8517 8513 207
f 3628 8518 1353
f 8519 3628 8516
f 8519 8518 3628
f 8520 207 1353
f 8520 1353 8518
f 8519 8520 8518
f 3017 8519 8516
f 3017 8516 7070
f 8515 8521 8512
f 8515 3629 8521
f 3629 8515 8517
f 3629 8517 8522
f 8522 8517 207
f 676 207 8520
f 8522 207 676
f 8523 8521 3629
f 3629 8522 8523
f 8519 8524 8520
f 8519 7072 8524
f 8519 3017 7072
f 8520 8524 8525
f 676 8520 3630
f 8520 8525 3630
f 8524 7072 3631
f 8524 3631 8525
f 8522 676 3632
f 3633 8522 3632
f 3633 8523 8522
f 8526 3632 676
f 8527 676 3630
f 8527 8526 676
f 8528 8527 3630
f 8528 3630 8525
f 8525 3631 3634
f 8525 3634 8528
f 7071 3634 3631
f 7071 3631 7072
f 8526 8527 8529
f 8528 8529 8527
f 3635 3633 3632
f 8526 208 3632
f 3635 3632 208
f 8526 8529 8530
f 208 8526 8530
f 3636 8530 8529
f 3636 8529 8528
f 8531 3636 8528
f 8531 8528 3634
f 208 8530 8532
f 3635 208 8532
f 8532 8530 8533
f 3636 8533 8530
f 8531 8534 3636
f 8534 8533 3636
f 7071 7076 3634
f 8531 3634 8535
f 3634 8536 8535
f 3634 7076 8536
f 1354 8534 8531
f 3637 8531 8535
f 3637 1354 8531
f 8536 3637 8535
f 8532 8533 3638
f 3635 8532 8537
f 8537 8532 3638
f 3638 8533 8538
f 8534 8538 8533
f 1354 427 8534
f 8534 8539 8538
f 8534 427 8539
f 1354 3637 677
f 427 1354 7082
f 1354 677 7082
f 8540 677 3637
f 8536 8540 3637
f 140 8540 8536
f 7077 8536 7076
f 140 8536 7077
f 8537 3638 3639
f 8541 3639 3638
f 3638 8538 8541
f 1355 8541 8538
f 1355 8538 8539
f 427 7082 7084
f 678 427 7084
f 678 8539 427
f 8542 1355 8539
f 8542 8539 678
f 3018 7082 677
f 8540 8543 677
f 8543 3018 677
f 7078 8543 8540
f 7078 8540 140
f 1355 8544 8541
f 8541 8544 3639
f 8545 678 7084
f 8542 678 8545
f 8546 1355 8542
f 8546 3640 1355
f 1355 3640 8544
f 8543 7079 3018
f 7079 8543 7078
f 3641 8546 8542
f 8542 8545 3642
f 3641 8542 3642
f 8545 7084 3019
f 3642 8545 588
f 588 8545 3019
f 8547 3640 8546
f 3643 8546 3641
f 3643 8547 8546
f 8547 209 3640
f 3640 8548 8544
f 3640 209 8548
f 8549 3641 3642
f 1356 3641 8549
f 1356 3643 3641
f 3642 588 1357
f 8549 3642 1357
f 3644 8547 3643
f 679 3643 1356
f 679 3644 3643
f 3644 8550 8547
f 8547 680 209
f 8547 8550 680
f 209 680 8551
f 209 8551 8548
f 8549 1357 7087
f 7087 1357 588
f 8549 7087 8552
f 1356 8549 8552
f 1356 8552 8553
f 1356 8554 679
f 1356 8553 8554
f 3645 8551 680
f 8550 3645 680
f 8550 3644 3646
f 8555 3644 679
f 8555 3646 3644
f 8556 8555 679
f 8556 679 8554
f 8550 8557 3645
f 8550 3646 8557
f 8552 2938 8553
f 8554 8553 2938
f 2938 8552 6928
f 6928 8552 7087
f 8557 3646 3647
f 3647 3646 8555
f 8558 8555 8556
f 3647 8555 8558
f 8554 2938 3648
f 8559 8554 3648
f 8559 8556 8554
f 8560 8556 8559
f 8479 3616 8478
f 8474 3649 3618
f 8474 8561 3649
f 8474 8475 8561
f 3617 8479 8562
f 3617 8562 8477
f 8475 3615 8563
f 8475 3650 8561
f 8475 8563 3650
f 3615 8476 8564
f 3615 8564 8563
f 3651 8479 8478
f 8478 3618 3652
f 3651 8478 3652
f 8479 3651 1358
f 8479 1358 8562
f 3618 3649 615
f 3652 3618 160
f 3618 615 160
f 3653 3649 8561
f 3653 615 3649
f 8565 8561 3650
f 3653 8561 8565
f 8563 8564 8566
f 8563 8566 3650
f 8565 3650 3654
f 3650 8567 3654
f 3650 8566 8567
f 7665 3651 3652
f 3651 7675 1358
f 3651 7665 7675
f 3652 160 7656
f 7665 3652 7656
f 3654 8568 8565
f 8568 3653 8565
f 3653 7648 615
f 8568 8569 3653
f 8569 7648 3653
f 3654 8570 8568
f 3654 8571 8570
f 3654 8567 8571
f 8566 681 8567
f 8567 1359 8571
f 8567 681 1359
f 8572 8568 8570
f 3655 8568 8572
f 3655 8569 8568
f 3655 7649 8569
f 8569 7649 7648
f 8572 8570 3656
f 8573 8570 8571
f 8573 3656 8570
f 3657 8573 8571
f 3657 8571 1359
f 8574 8572 3656
f 8574 3656 8573
f 8574 8575 8572
f 8575 3655 8572
f 8576 8573 3657
f 8574 8573 8576
f 8575 8574 3658
f 3658 8574 8576
f 1359 681 8577
f 1359 8577 8578
f 8579 1359 8578
f 8579 3657 1359
f 8576 3657 8580
f 3657 8581 8580
f 3657 8579 8581
f 8582 8576 8580
f 3658 8576 8582
f 3659 8579 8578
f 8577 8583 8578
f 3659 8578 8583
f 8579 3659 8584
f 8579 8584 8581
f 8582 8580 3660
f 8580 8585 3660
f 8580 8581 8585
f 8581 8584 3661
f 8581 3661 8585
f 8582 3660 428
f 3658 8582 8586
f 8582 428 8586
f 3660 8585 8587
f 3660 8587 428
f 8585 3661 8588
f 8585 8588 8587
f 8589 8584 3659
f 8583 8590 3659
f 8589 3659 8590
f 8591 3661 8584
f 8591 8584 8589
f 8592 8588 3661
f 8592 3661 8591
f 682 428 8587
f 682 8586 428
f 682 8587 8593
f 8587 3662 8593
f 8587 8588 3662
f 8594 3662 8588
f 8594 8588 8592
f 3663 8591 8589
f 210 8589 8590
f 3663 8589 210
f 429 8592 8591
f 429 8591 3663
f 3664 8594 8592
f 3664 8592 429
f 8594 8595 3662
f 8593 3662 8595
f 682 8593 8596
f 8593 8595 8596
f 8594 8597 8595
f 3664 8597 8594
f 429 3663 8419
f 3663 8417 8419
f 3663 210 8417
f 3664 429 8598
f 429 8419 8598
f 3664 8598 8599
f 8598 8419 3591
f 8599 8598 8600
f 8598 3591 8600
f 210 8410 8417
f 8599 8600 3665
f 8601 3665 8600
f 8602 8600 3591
f 8602 8601 8600
f 8415 8602 3591
f 8603 8602 8415
f 8603 3666 8602
f 3666 8601 8602
f 3666 430 8601
f 8604 3666 8603
f 8604 430 3666
f 2410 8603 8415
f 8604 8603 5844
f 5844 8603 2410
f 8604 8605 430
f 2415 8604 5844
f 2415 8605 8604
f 210 3667 8410
f 8408 8410 3667
f 210 8590 3667
f 8408 3667 1345
f 8606 3667 8590
f 8606 1345 3667
f 8583 8606 8590
f 8422 1345 8606
f 3668 8422 8606
f 3668 8606 8583
f 8577 3668 8583
f 3594 8422 3668
f 8607 3594 3668
f 8607 3668 8577
f 8432 3594 8607
f 3669 8607 8577
f 1360 8607 3669
f 1360 8432 8607
f 3669 8577 681
f 3598 8432 1360
f 8566 3669 681
f 8564 3669 8566
f 8564 1360 3669
f 8476 3598 1360
f 8476 1360 8564
f 8443 3598 8476
f 8450 5739 5744
f 1288 5739 8450
f 7674 1358 7675
f 7674 3670 1358
f 3670 7674 7684
f 1358 3670 8608
f 8608 3670 7690
f 3670 7684 7690
f 1358 8608 8562
f 8608 7690 8609
f 1361 8608 8609
f 8562 8608 1361
f 8609 7690 3273
f 8562 1361 8477
f 1361 8473 8477
f 1361 8609 8610
f 8611 1361 8610
f 1361 8611 8473
f 8609 3273 1362
f 8609 683 8610
f 8609 1362 683
f 8611 8610 8612
f 8610 8613 8612
f 8610 683 8613
f 8612 3671 8611
f 8473 8611 3671
f 8612 8614 3671
f 8613 8614 8612
f 8473 3671 8468
f 3672 3671 8614
f 8468 3671 3672
f 683 8615 8613
f 683 8616 8615
f 1362 8616 683
f 8613 3330 8614
f 8613 7797 3330
f 8613 8615 7797
f 3672 8614 7805
f 3330 7805 8614
f 8468 3672 8469
f 7813 3672 7805
f 8469 3672 7813
f 8615 8616 3673
f 7797 8615 7790
f 8615 3673 7790
f 8469 7813 7819
f 7826 8469 7819
f 8616 8617 3673
f 8618 3673 8617
f 8618 7790 3673
f 8616 8619 8617
f 1362 8619 8616
f 8618 7786 7790
f 8619 3277 8617
f 3277 7704 8617
f 8618 8617 7704
f 684 8618 7704
f 7786 8618 684
f 8619 7697 3277
f 3273 8619 1362
f 3273 7697 8619
f 7786 684 7715
f 684 7704 7707
f 1258 684 7707
f 7715 684 1258
f 47 8620 5653
f 5654 5653 8620
f 47 211 8620
f 5654 8620 211
f 47 3674 211
f 47 6923 3674
f 211 8621 5654
f 211 8622 8621
f 3674 8622 211
f 2348 5654 8621
f 8623 3674 6923
f 8623 212 3674
f 3674 212 8622
f 8624 8621 8622
f 212 8624 8622
f 8625 2348 8621
f 8624 8625 8621
f 6923 2940 8623
f 1363 212 8623
f 2940 1363 8623
f 1363 3675 212
f 212 3675 8624
f 8625 984 2348
f 8560 8626 8556
f 8558 8556 8626
f 8626 1364 8558
f 1364 3647 8558
f 573 3648 2938
f 573 8559 3648
f 573 8560 8559
f 8557 3647 3676
f 3677 3676 3647
f 1364 3677 3647
f 8626 8560 8627
f 573 3678 8560
f 8560 3678 8627
f 8626 8627 8628
f 8626 8628 1364
f 8628 8629 1364
f 8629 3677 1364
f 8627 8630 8628
f 8628 8630 8629
f 3677 8631 3676
f 8629 3679 3677
f 3679 8631 3677
f 8632 8629 8630
f 8632 3679 8629
f 8627 8633 8630
f 1365 8633 8627
f 3678 1365 8627
f 6919 1365 3678
f 573 6919 3678
f 8632 8630 8634
f 8634 8630 8633
f 3676 8631 1366
f 3679 431 8631
f 1366 8631 431
f 8635 431 3679
f 8632 8635 3679
f 8636 8635 8632
f 8634 8636 8632
f 6919 2933 1365
f 2933 213 1365
f 1365 213 8633
f 1367 8633 213
f 1367 8637 8633
f 8634 8633 8637
f 8634 8638 8636
f 8638 8634 8637
f 1366 431 685
f 8635 8639 431
f 8639 685 431
f 8635 8640 8639
f 8635 3680 8640
f 8636 3680 8635
f 8641 8637 1367
f 8638 8637 8641
f 8636 8638 8642
f 8642 8638 8641
f 8643 3680 8636
f 8636 8642 8644
f 8643 8636 8644
f 2933 570 213
f 213 432 1367
f 213 570 432
f 1367 432 214
f 8641 1367 214
f 8640 8645 8639
f 8639 8645 685
f 8646 8640 3680
f 8646 3680 8643
f 8646 3681 8640
f 8640 3681 8645
f 8647 8641 214
f 8642 8641 8647
f 8646 8643 3682
f 3682 8643 8644
f 3682 8644 1368
f 8642 1368 8644
f 8642 8648 1368
f 8647 8648 8642
f 8647 214 1369
f 214 5317 1369
f 214 432 5317
f 6914 432 570
f 6914 8649 432
f 8649 5317 432
f 8646 8650 3681
f 8650 8646 8651
f 8646 3682 8651
f 3683 8647 1369
f 1369 5317 3683
f 3683 8652 8647
f 8647 8652 8648
f 8648 8653 1368
f 8652 8653 8648
f 8654 3682 1368
f 8654 1368 8653
f 8655 8651 3682
f 8655 3682 8654
f 3684 8651 8655
f 8650 8651 3684
f 3683 686 8652
f 8652 686 8653
f 5317 5316 3683
f 3683 5316 686
f 2929 8649 6914
f 8649 23 5317
f 215 8649 2929
f 215 23 8649
f 8656 686 5316
f 8653 686 8656
f 3685 8654 8653
f 3685 8653 8656
f 8657 8655 8654
f 8657 8654 3685
f 3684 8655 8658
f 8658 8655 8657
f 3686 3685 8656
f 8659 3685 3686
f 8659 8657 3685
f 3687 8657 8659
f 8658 8657 3687
f 8656 309 3686
f 8656 2202 309
f 8656 5316 2202
f 6913 215 2929
f 939 215 6913
f 939 2204 215
f 23 215 2204
f 309 1370 3686
f 8660 3686 1370
f 8660 8659 3686
f 3687 8659 3688
f 8659 8486 3688
f 8659 8660 8486
f 8661 8660 1370
f 8486 8660 8661
f 3622 3687 3688
f 3622 3688 8486
f 3622 3689 3687
f 3689 8658 3687
f 8486 8661 3620
f 309 5313 1370
f 8661 1370 3690
f 3565 1370 5313
f 3565 3690 1370
f 8350 8661 3690
f 8661 8396 3620
f 8661 8350 8396
f 3565 8346 3690
f 8350 3690 8346
f 8494 3689 3622
f 3689 8662 8658
f 3689 8663 8662
f 3689 8494 8663
f 3684 8658 8662
f 3571 8396 8350
f 8495 8663 8494
f 8662 8663 8664
f 8495 8664 8663
f 3684 8662 1371
f 8662 8664 1371
f 1371 8650 3684
f 1371 8665 8650
f 1371 8666 8665
f 1371 8664 8666
f 8495 8667 8664
f 8668 8664 8667
f 8668 8666 8664
f 3625 8667 8495
f 3625 8669 8667
f 8668 8667 8669
f 3681 8650 8665
f 3681 8665 3691
f 8670 8665 8666
f 8670 3691 8665
f 8671 8670 8666
f 8671 8666 8668
f 8668 8669 8672
f 8672 8671 8668
f 8506 8669 3625
f 8672 8669 8506
f 8673 3691 8670
f 3681 3691 8673
f 8673 8670 8674
f 8674 8670 8671
f 3681 8673 8645
f 8674 8671 8675
f 8672 3692 8671
f 8675 8671 3692
f 8672 8506 8676
f 8677 8672 8676
f 8677 3692 8672
f 8675 3692 8678
f 8678 3692 8677
f 8506 8512 8676
f 8512 8677 8676
f 3693 8673 8674
f 685 8673 3693
f 685 8645 8673
f 8679 8674 8675
f 3693 8674 8679
f 8679 8675 8680
f 8678 8680 8675
f 3694 685 3693
f 3694 3693 8679
f 8512 8521 8677
f 8521 8681 8677
f 8678 8677 8681
f 8678 8682 8680
f 8681 8682 8678
f 8683 8679 8680
f 3694 8679 8683
f 8683 8680 3695
f 3695 8680 8682
f 3694 1366 685
f 3695 8682 8684
f 8684 8682 8685
f 8681 8685 8682
f 8684 8686 3695
f 8683 3695 8686
f 8687 3694 8683
f 8683 8686 8687
f 3696 1366 3694
f 8687 3697 3694
f 3696 3694 3697
f 8521 216 8681
f 1372 8681 216
f 1372 8685 8681
f 8684 8685 8688
f 8688 8686 8684
f 3698 8688 8685
f 3698 8685 1372
f 3676 1366 3696
f 3699 8687 8686
f 8688 8689 8686
f 3699 8686 8689
f 8690 3697 8687
f 8690 8687 3699
f 3698 8689 8688
f 3697 8690 3645
f 3697 3645 3696
f 8557 3676 3696
f 8557 3696 3645
f 1372 216 8523
f 3698 1372 3633
f 1372 8523 3633
f 8523 216 8521
f 8551 8690 3699
f 3645 8690 8551
f 3700 3699 8689
f 8551 3699 3700
f 3700 8689 8691
f 3698 8691 8689
f 3700 8691 8692
f 3698 8692 8691
f 3698 3633 3635
f 8548 8551 3700
f 984 8625 8693
f 8693 8625 8624
f 8693 8624 8694
f 8694 8624 3675
f 2940 135 1363
f 3675 1363 7163
f 7163 1363 135
f 3675 7163 7165
f 8694 3675 7165
f 7175 8693 8694
f 7169 8694 7165
f 7175 8694 7169
f 984 8693 8695
f 1222 8693 7175
f 1222 8695 8693
f 984 8695 5665
f 1222 5665 8695
f 37 8696 5540
f 386 5540 8696
f 8696 37 8697
f 386 8696 8698
f 8696 8697 8698
f 8697 37 474
f 8698 8697 3701
f 8697 474 1373
f 3701 8697 1373
f 386 8698 8699
f 8698 3701 8700
f 8699 8698 8700
f 386 8699 942
f 316 1373 474
f 8701 8700 3701
f 3701 1373 8702
f 8701 3701 8702
f 5531 8702 1373
f 316 5531 1373
f 8699 217 942
f 8699 3702 217
f 8699 8700 3702
f 8701 8703 8700
f 3702 8700 8703
f 942 217 2215
f 217 3702 8704
f 3702 8703 8704
f 217 8704 8705
f 2215 217 8705
f 5531 2270 8702
f 2270 5523 8702
f 8701 8702 5523
f 8701 8706 8703
f 8701 2271 8706
f 2271 8701 5523
f 8703 8706 3703
f 8703 3703 8704
f 433 8705 8704
f 433 8704 3703
f 3704 8705 433
f 3704 8707 8705
f 2215 8705 8707
f 2215 8707 5333
f 3704 5333 8707
f 8708 3703 8706
f 433 3703 8708
f 8708 8706 8709
f 8709 8706 2271
f 8709 2271 5525
f 433 8708 8710
f 433 8711 3704
f 433 8710 8711
f 3704 5342 5333
f 8711 5342 3704
f 8712 8708 8709
f 8712 3705 8708
f 8710 8708 3705
f 3706 8712 8709
f 3706 8709 5525
f 3706 5525 5517
f 8710 3705 8713
f 3707 8710 8713
f 3707 8711 8710
f 8711 5347 5342
f 3707 5347 8711
f 8714 3705 8712
f 8715 8712 3706
f 8715 8714 8712
f 8716 8713 3705
f 8714 8716 3705
f 8715 3706 8717
f 3706 5517 8717
f 3707 8713 1374
f 8716 1374 8713
f 8715 8717 292
f 8714 8715 292
f 8714 292 8718
f 8716 8714 8718
f 5508 8717 5517
f 1374 8716 3708
f 8716 8718 3708
f 5508 3709 8717
f 3709 292 8717
f 3707 5355 5347
f 8719 8718 292
f 3709 8719 292
f 3710 3708 8718
f 8719 3710 8718
f 5508 2264 3709
f 3709 2264 687
f 3709 687 8719
f 3711 3710 8719
f 3711 8719 687
f 1374 3708 8720
f 3710 8721 3708
f 8721 8720 3708
f 3712 8721 3710
f 3712 3710 3711
f 5498 687 2264
f 5490 3711 687
f 5490 687 5498
f 5482 3712 3711
f 5482 3711 5490
f 5475 8721 3712
f 5475 3712 5482
f 5475 5471 8721
f 8721 5471 8720
f 5471 2251 8720
f 8722 8720 2251
f 8722 1374 8720
f 5354 8722 2251
f 3707 1374 8722
f 3707 8722 5354
f 3707 5354 5355
f 293 5468 5474
f 293 5474 7244
f 293 7244 1229
f 293 1229 8723
f 8724 5468 293
f 8725 293 8723
f 8725 8724 293
f 8724 5462 5468
f 218 5462 8724
f 218 8724 8725
f 8723 1229 7229
f 8723 7229 3713
f 8726 8723 3713
f 8726 8725 8723
f 218 8725 8253
f 3542 8725 8726
f 3542 8253 8725
f 3542 8726 8245
f 8245 8726 3713
f 672 218 8253
f 672 8727 218
f 218 8727 5462
f 2221 5462 8727
f 3713 7229 1227
f 3713 1227 8728
f 8245 3713 8728
f 8728 188 8245
f 5337 2221 8727
f 672 8729 8727
f 5337 8727 8729
f 672 8321 8729
f 2216 5337 8729
f 2216 8729 8321
f 8728 1227 7217
f 8728 7217 3714
f 8728 3714 188
f 188 3714 7151
f 7217 7151 3714
f 1035 3715 3716
f 3716 3715 1375
f 5972 3715 1035
f 5972 3717 3715
f 3715 278 1375
f 3715 3717 278
f 1034 3717 5972
f 1034 1376 3717
f 3717 2461 278
f 3717 1376 2461
f 1376 1034 8730
f 2461 1376 5947
f 1376 8730 5947
f 1034 5948 8730
f 5943 5947 8730
f 5943 8730 5948
f 294 7350 7345
f 294 7345 7337
f 294 3718 7350
f 1235 7350 3718
f 294 8731 3718
f 1235 3718 8731
f 294 7337 219
f 294 8732 8731
f 294 8733 8732
f 294 219 8733
f 219 7337 7332
f 219 7332 8734
f 219 8735 8733
f 219 8734 8735
f 8732 3719 8731
f 8732 8736 3719
f 8736 8732 8733
f 8736 8733 3720
f 3720 8733 8735
f 1235 8731 8737
f 8731 8738 8737
f 8731 3719 8738
f 2592 1235 8737
f 8739 3719 8736
f 3719 8739 8738
f 7329 8734 7332
f 7329 1377 8734
f 8740 8734 1377
f 8740 8735 8734
f 3720 8735 8741
f 8741 8735 8740
f 8742 8736 3720
f 8742 8743 8736
f 8739 8736 8743
f 8744 8742 3720
f 8744 3720 8741
f 2592 8737 6244
f 8737 2553 6244
f 8737 8738 2553
f 8738 6162 2553
f 8738 1378 6162
f 8739 1378 8738
f 8743 8745 8739
f 8739 8745 1378
f 8743 8746 8745
f 8742 8746 8743
f 1377 7329 7322
f 1377 8747 8740
f 8747 3721 8740
f 8741 8740 3721
f 8748 8744 8741
f 8748 8741 3721
f 8749 8742 8744
f 1379 8744 8748
f 1379 8749 8744
f 2542 8745 8746
f 1378 8745 2542
f 6162 1378 6156
f 1378 2542 6156
f 8750 8748 3721
f 8747 8750 3721
f 8750 8751 8748
f 8751 1379 8748
f 2542 8746 6144
f 8751 8750 3722
f 8750 8752 3722
f 8750 8747 8752
f 8752 8747 8753
f 1377 8753 8747
f 8751 3722 6120
f 6126 8751 6120
f 8548 3700 3723
f 3700 8692 3723
f 8544 8548 3723
f 8544 3723 3639
f 8537 3723 8692
f 8537 3639 3723
f 3698 8537 8692
f 3698 3635 8537
f 5846 2416 7131
f 5846 7131 8754
f 5846 8754 5838
f 8754 7131 3054
f 3724 5838 8754
f 8754 3054 8755
f 3724 8754 8755
f 5834 5838 3724
f 3054 7141 8755
f 8755 7141 3725
f 8755 3725 3724
f 3724 3725 8756
f 3724 8756 5834
f 8756 3725 8757
f 7141 8757 3725
f 5834 8756 2408
f 8756 8757 220
f 2408 8756 220
f 7141 1211 8757
f 220 8757 3726
f 3726 8757 1211
f 2408 220 2384
f 220 3726 688
f 2384 220 688
f 3726 1211 7147
f 8758 688 3726
f 3727 3726 7147
f 8758 3726 3727
f 3728 688 8758
f 3728 3729 688
f 2384 688 3729
f 5787 2384 3729
f 5787 3729 5792
f 3728 5792 3729
f 3727 7147 7215
f 7230 8758 3727
f 8759 8758 7230
f 8759 3728 8758
f 7230 3727 7223
f 7223 3727 7215
f 3728 5797 5792
f 5832 3728 8759
f 5832 5797 3728
f 3096 5832 8759
f 3096 8759 7230
f 3096 5842 5832
f 5850 5842 3096
f 5850 3096 7235
f 7235 8760 5850
f 5850 8760 2415
f 7235 3098 8760
f 8760 8761 2415
f 8760 8762 8761
f 3098 8762 8760
f 3098 7238 8762
f 8763 8761 8762
f 3101 8762 7238
f 3101 8763 8762
f 8763 3730 8761
f 8764 8761 3730
f 8764 8605 8761
f 2415 8761 8605
f 8763 8765 3730
f 8763 7248 8765
f 3101 7248 8763
f 8766 8764 3730
f 8766 3730 8765
f 689 8605 8764
f 689 8764 8766
f 7254 8765 7248
f 7254 3731 8765
f 8767 8765 3731
f 8767 8766 8765
f 689 8766 8768
f 3732 8766 8767
f 3732 8768 8766
f 3732 8767 8769
f 8769 8767 3731
f 7254 7261 3731
f 8769 3731 7261
f 689 8768 8770
f 3732 8770 8768
f 689 8770 8771
f 689 430 8605
f 689 8601 430
f 689 8771 8601
f 8771 8770 8772
f 8601 8771 3665
f 8771 8772 3665
f 3732 8773 8770
f 8770 3733 8772
f 8770 8773 3733
f 3732 8774 8773
f 3732 8775 8774
f 3732 8769 8775
f 3734 8775 8769
f 8776 8769 7261
f 3734 8769 8776
f 8776 7261 3110
f 3734 8774 8775
f 8773 8774 8777
f 8773 8777 3733
f 8778 8772 3733
f 8778 3733 8777
f 8778 8779 8772
f 8599 8772 8779
f 8599 3665 8772
f 3734 8780 8774
f 8774 3735 8777
f 8774 8780 3735
f 8778 8777 8781
f 8781 8777 3735
f 3736 8778 8781
f 3736 8779 8778
f 3734 8287 8780
f 3734 1380 8287
f 1380 3734 8776
f 1380 8776 7271
f 7271 8776 3110
f 8780 8287 8782
f 8780 8782 3735
f 3736 295 8779
f 3664 8779 295
f 3664 8599 8779
f 3113 8287 1380
f 3113 1380 7271
f 8781 3735 8783
f 3735 8784 8783
f 3735 8782 8784
f 221 8781 8783
f 3736 8781 221
f 3736 8597 295
f 3664 295 8597
f 3736 221 8785
f 3736 8786 8597
f 3736 8785 8786
f 8787 8784 8782
f 8287 3553 8782
f 8787 8782 3553
f 8783 8784 1381
f 221 8783 222
f 8783 1381 222
f 3737 1381 8784
f 3737 8784 8787
f 221 222 8788
f 221 8788 8785
f 8788 222 1381
f 3737 8789 1381
f 8788 1381 8789
f 8786 8785 8790
f 8785 3738 8790
f 8785 8788 3738
f 3738 8788 8789
f 8786 8595 8597
f 8786 3739 8595
f 8786 8790 3739
f 8284 8787 3553
f 8791 8787 8284
f 8791 3737 8787
f 8791 8792 3737
f 3737 8792 8789
f 3738 8789 8793
f 8792 8793 8789
f 8794 8790 3738
f 8795 8790 8794
f 8795 3739 8790
f 8796 3738 8793
f 8794 3738 8796
f 8596 8595 3739
f 8596 3739 8795
f 3740 8795 8794
f 3740 8596 8795
f 194 8791 8284
f 8791 8797 8792
f 194 8797 8791
f 8797 3741 8792
f 8792 3741 8793
f 8798 8793 3741
f 8796 8793 8798
f 3742 8796 8798
f 3742 8794 8796
f 3740 8794 8799
f 3742 8799 8794
f 3740 8799 8800
f 3742 8800 8799
f 8797 8801 3741
f 194 8281 8797
f 8281 8801 8797
f 8802 3741 8801
f 8798 3741 8802
f 3742 8798 1382
f 3743 8798 8802
f 3743 1382 8798
f 1382 8803 3742
f 3742 8803 8800
f 3743 8802 8804
f 8802 8801 8804
f 8281 3551 8801
f 8804 8801 3551
f 1382 8805 8803
f 3743 8805 1382
f 3743 8804 8806
f 3743 8807 8805
f 8806 8807 3743
f 8803 8808 8800
f 8803 3744 8808
f 8805 3744 8803
f 8805 8809 3744
f 8807 8809 8805
f 3745 8806 8804
f 8804 3551 8278
f 3745 8804 8278
f 8808 3744 8810
f 8810 3744 8809
f 8806 8811 8807
f 8806 8812 8811
f 8806 3745 8812
f 8807 3746 8809
f 8811 3746 8807
f 8810 8809 8813
f 3746 8813 8809
f 8811 8814 3746
f 8812 8814 8811
f 3745 8278 8276
f 8812 3745 8815
f 3745 8276 8815
f 8812 8815 8816
f 3747 8812 8816
f 8812 3747 8814
f 3746 8814 8817
f 3747 8817 8814
f 3746 8818 8813
f 3746 8817 8818
f 3748 8810 8813
f 8818 8819 8813
f 3748 8813 8819
f 8818 3749 8819
f 8817 3749 8818
f 3549 8815 8276
f 8815 8820 8816
f 8815 3549 8820
f 3747 8816 8821
f 8820 8821 8816
f 8821 8822 3747
f 3747 8822 8817
f 8817 8823 3749
f 8822 8823 8817
f 3749 8824 8819
f 8751 6126 1379
f 6137 8749 1379
f 6126 6132 1379
f 6137 1379 6132
f 6120 3722 6115
f 3722 8825 6115
f 3722 8752 8825
f 7310 8825 8752
f 8752 8753 223
f 7310 8752 223
f 1377 7322 8753
f 7314 8753 7322
f 7314 223 8753
f 7310 223 7314
f 6111 8825 7310
f 6115 8825 6111
f 8749 6137 344
f 8749 344 1383
f 8749 1383 8742
f 8742 1383 8746
f 344 8746 1383
f 344 6144 8746
f 8826 930 5244
f 8826 5244 2369
f 3750 930 8826
f 2369 8827 8826
f 8827 3750 8826
f 3750 5254 930
f 2369 5754 8827
f 8827 8828 3750
f 5754 8829 8827
f 8829 8828 8827
f 3750 8828 8830
f 8831 5254 3750
f 3750 8830 8831
f 8831 5261 5254
f 3751 5261 8831
f 3751 8831 8830
f 5754 2365 8829
f 8829 224 8828
f 8828 8832 8830
f 8828 224 8832
f 8833 224 8829
f 2365 8833 8829
f 3751 8830 8834
f 8832 8834 8830
f 3751 5265 5261
f 3751 5274 5265
f 3751 8835 5274
f 8834 8835 3751
f 2365 5741 8833
f 8833 8836 224
f 224 8837 8832
f 224 8836 8837
f 8837 8838 8832
f 8832 8838 8834
f 8839 8836 8833
f 5741 8839 8833
f 8834 8840 8835
f 8838 8840 8834
f 5358 5274 8835
f 8841 5358 8835
f 8841 8835 8840
f 8838 3752 8840
f 8841 8840 3752
f 8837 8842 8838
f 8842 3752 8838
f 8843 8842 8837
f 8836 8843 8837
f 8839 1384 8836
f 8836 1384 8843
f 5741 2363 8839
f 1384 8839 8844
f 8839 5727 8844
f 8839 2363 5727
f 1384 8844 8845
f 8843 1384 8845
f 2226 5358 8841
f 2226 8841 5372
f 8841 3752 8846
f 8846 5372 8841
f 8847 8846 3752
f 8842 8847 3752
f 8843 8848 8842
f 8848 8847 8842
f 8848 8843 8849
f 8843 8845 8849
f 8845 8844 8850
f 8844 2361 8850
f 8844 5727 2361
f 8845 8850 3753
f 8849 8845 3753
f 3753 8850 5716
f 2361 5716 8850
f 8846 2231 5372
f 8847 8851 8846
f 8846 8852 2231
f 8846 8851 8852
f 8848 1385 8847
f 1385 8851 8847
f 1385 8848 8853
f 8848 8849 8853
f 8853 8849 8854
f 8849 3753 8854
f 3753 5716 8855
f 8854 3753 8855
f 1385 8856 8851
f 8852 8851 8856
f 8856 1385 8857
f 1385 8853 8857
f 8853 8854 8858
f 8857 8853 8858
f 8855 5716 56
f 27 2231 8852
f 8852 8856 434
f 690 8852 434
f 690 27 8852
f 434 8856 8859
f 8856 8857 8859
f 8859 8857 3754
f 8857 8858 3754
f 8854 8860 8858
f 8854 8861 8860
f 8854 8855 8861
f 8855 56 1386
f 8861 8855 1386
f 8858 8860 8862
f 8858 8862 3754
f 8862 8863 3754
f 8859 3754 8863
f 8864 8859 8863
f 434 8859 8864
f 8865 690 434
f 8865 434 8864
f 2235 690 8865
f 2235 27 690
f 8860 8861 8866
f 8861 1386 8866
f 8860 8866 8867
f 8862 8860 8867
f 8862 8868 8863
f 1387 8868 8862
f 8862 8867 1387
f 8863 8868 8869
f 8864 8863 3755
f 8863 8869 3755
f 5399 8865 8864
f 5399 8864 3755
f 5392 8865 5399
f 2235 8865 5392
f 1387 8870 8868
f 8869 8868 8870
f 3755 8869 5405
f 3755 5405 5399
f 8871 8867 8866
f 8872 8867 8871
f 8872 1387 8867
f 1387 8872 8873
f 1387 8873 8870
f 8869 8870 435
f 28 8869 435
f 28 5405 8869
f 8874 435 8870
f 8874 8870 8873
f 28 435 8874
f 8875 8874 8873
f 8872 8875 8873
f 8872 3756 8875
f 8876 8872 8871
f 8876 3756 8872
f 8875 3757 8874
f 28 8874 8877
f 3757 8877 8874
f 5410 28 8877
f 8878 5410 8877
f 3757 8878 8877
f 8879 3757 8875
f 8878 3757 8879
f 8880 8875 3756
f 8879 8875 8880
f 8880 3756 8881
f 8881 3756 8876
f 436 8879 8880
f 8878 8879 8882
f 8882 8879 436
f 436 8880 8883
f 8883 8880 8881
f 8878 3758 5410
f 8884 8878 8882
f 8884 3758 8878
f 5420 5410 3758
f 8885 5420 3758
f 8885 3758 8884
f 8882 436 691
f 691 436 5612
f 5612 436 8883
f 3759 8884 8882
f 3759 8882 691
f 437 8885 8884
f 437 8884 3759
f 8883 8881 972
f 5612 8883 5617
f 972 5617 8883
f 691 5612 40
f 3759 691 40
f 3759 40 8886
f 437 3759 8886
f 5429 5420 8885
f 1388 5429 8885
f 1388 8885 437
f 437 8886 8887
f 1388 437 8887
f 40 2318 8886
f 8886 2318 8888
f 8886 8888 8887
f 5438 5429 1388
f 1388 8887 8889
f 8890 1388 8889
f 8890 5438 1388
f 8887 8888 3760
f 8887 3760 8889
f 8889 3760 8891
f 8889 8891 8890
f 2318 5599 8888
f 8888 5599 8892
f 8888 8892 3760
f 8893 8891 3760
f 8893 3760 8892
f 2247 5438 8890
f 3761 2247 8890
f 3761 8890 8891
f 8894 3761 8891
f 8894 8891 8893
f 2314 8892 5599
f 8895 8893 8892
f 8895 8892 2314
f 3762 8894 8893
f 3762 8893 8895
f 8896 8894 3762
f 3761 8894 8896
f 3761 8896 8897
f 2247 3761 8897
f 2314 5591 8895
f 5591 3762 8895
f 5591 8898 3762
f 8896 3762 8899
f 8899 3762 8898
f 2247 8897 8900
f 2247 8900 5454
f 8901 8896 8899
f 8901 8902 8896
f 8902 8897 8896
f 8902 8903 8897
f 8903 8900 8897
f 2311 8898 5591
f 2311 3763 8898
f 8904 8819 8824
f 8904 3748 8819
f 3749 8823 8905
f 3749 8906 8824
f 3749 8905 8906
f 8822 3764 8823
f 3764 8905 8823
f 8821 8907 8822
f 8907 3764 8822
f 3765 8907 8821
f 8820 3765 8821
f 8820 3549 7383
f 3765 8820 7386
f 8820 7383 7386
f 3766 8904 8824
f 8906 1243 8824
f 3766 8824 1243
f 8906 8905 8908
f 3764 8909 8905
f 8909 8908 8905
f 8906 3203 1243
f 8906 8908 3203
f 8907 8910 3764
f 8910 8909 3764
f 3765 8911 8907
f 8911 8910 8907
f 7393 8911 3765
f 3765 7386 7393
f 7517 3766 1243
f 8909 3767 8908
f 8912 3767 8909
f 8910 8912 8909
f 8911 3768 8910
f 3768 8912 8910
f 7393 7398 8911
f 7398 3768 8911
f 3767 7508 8908
f 8908 7514 3203
f 8908 7508 7514
f 8912 8913 3767
f 3767 7503 7508
f 8913 7503 3767
f 8914 8913 8912
f 3768 8914 8912
f 7398 1389 3768
f 1389 8914 3768
f 3163 1389 7398
f 8915 1389 3163
f 1389 8915 8914
f 8915 3769 8914
f 8914 3769 8913
f 3769 7496 8913
f 8913 7496 7503
f 8915 3163 7403
f 8915 8916 3769
f 3770 8915 7403
f 3770 8916 8915
f 8916 7495 3769
f 3769 7495 7496
f 438 8916 3770
f 8916 438 7495
f 3166 3770 7403
f 8917 3770 3166
f 438 3770 8917
f 7488 438 8917
f 7495 438 7488
f 8917 3166 7409
f 8917 7409 3771
f 7488 8917 3772
f 8917 3771 3772
f 7488 3772 7482
f 3772 3771 3189
f 3772 3189 7482
f 7409 608 3771
f 3771 608 7419
f 3771 7419 3189
f 6030 72 8249
f 8918 8249 72
f 8256 8249 8918
f 8918 8322 8256
f 8918 72 8919
f 8919 72 511
f 3773 8918 8919
f 3773 8920 8918
f 8918 8920 8322
f 8920 8326 8322
f 8919 511 8921
f 1390 8919 8921
f 1390 3773 8919
f 8921 511 2490
f 3774 8920 3773
f 8922 3773 1390
f 8922 3774 3773
f 3774 8923 8920
f 8920 8923 8326
f 8922 1390 3775
f 3775 1390 8921
f 8921 2490 439
f 3775 8921 439
f 6017 3775 439
f 6017 439 2490
f 8922 3775 2494
f 6032 3774 8922
f 6032 8922 2494
f 6017 6023 3775
f 2494 3775 6023
f 8924 8923 3774
f 6032 225 3774
f 8924 3774 225
f 2502 225 6032
f 2502 8924 225
f 8925 8923 8924
f 8925 8326 8923
f 2502 8926 8924
f 8924 8927 8925
f 8924 8926 8927
f 3562 8326 8925
f 8927 3562 8925
f 2502 6044 8926
f 8926 6044 226
f 8926 226 8927
f 8927 1391 3562
f 226 1391 8927
f 3562 1391 8333
f 6044 6051 226
f 3776 226 6051
f 3776 3777 226
f 226 3777 1391
f 1391 3777 8928
f 1391 8928 8333
f 3777 3776 8929
f 3777 8929 8928
f 1042 3776 6051
f 8930 8929 3776
f 8930 3776 1042
f 8930 3778 8929
f 3778 8928 8929
f 3778 227 8928
f 227 8333 8928
f 227 296 8333
f 8333 296 3564
f 3564 296 8931
f 227 8931 296
f 227 8932 8931
f 3778 8932 227
f 8930 1042 2510
f 8930 3779 3778
f 8930 3780 3779
f 8930 8933 3780
f 8930 2510 8933
f 3778 8934 8932
f 8935 3778 3779
f 8935 8934 3778
f 8935 3779 3780
f 3564 8931 199
f 199 8931 1392
f 8931 3781 1392
f 8931 8932 3781
f 8932 8934 1393
f 8932 1393 3781
f 3782 1393 8934
f 3782 8934 8935
f 8935 3780 8936
f 3782 8935 8936
f 228 8936 3780
f 228 3780 8933
f 2510 6066 8933
f 228 8933 6179
f 6179 8933 6066
f 3781 8937 1392
f 3781 8938 8937
f 1393 8938 3781
f 1392 8937 8939
f 199 1392 3783
f 1392 8939 3783
f 8344 199 3783
f 1393 229 8938
f 8940 1393 3782
f 8940 229 1393
f 8940 3782 3784
f 3782 8936 3784
f 228 8941 8936
f 8941 3784 8936
f 8344 3783 8939
f 228 6179 2560
f 3785 8938 229
f 3785 229 8940
f 3716 8937 8938
f 3785 3716 8938
f 3716 230 8937
f 8937 3786 8939
f 8937 230 3786
f 8344 8939 8942
f 8939 8943 8942
f 8939 3786 8943
f 8344 8942 1216
f 8940 3784 8944
f 3787 8940 8944
f 3785 8940 3787
f 8945 8944 3784
f 8941 8946 3784
f 8945 3784 8946
f 1218 1216 8942
f 1218 8942 8943
f 1035 3716 3785
f 2468 3785 3787
f 2468 1035 3785
f 3716 1375 230
f 230 3788 3786
f 230 1375 3788
f 8947 8943 3786
f 8947 3786 3788
f 3071 1218 8943
f 3071 8943 8947
f 1375 8947 3788
f 231 8944 8945
f 231 3789 8944
f 3787 8944 3789
f 3790 2468 3787
f 3790 3787 3789
f 8945 8946 3791
f 231 8945 3792
f 8945 3791 3792
f 8941 3791 8946
f 278 3071 8947
f 1375 278 8947
f 8948 3790 3789
f 8948 3789 231
f 8948 231 8949
f 231 3792 8949
f 339 2468 3790
f 339 3790 8948
f 8950 3792 3791
f 8951 3792 8950
f 8951 8949 3792
f 8950 3791 1394
f 8941 8952 3791
f 1394 3791 8952
f 228 8952 8941
f 8949 8951 8953
f 8948 8949 3793
f 8949 8953 3793
f 339 8948 5978
f 8948 3794 5978
f 8948 3793 3794
f 3794 3793 8953
f 8950 1394 3795
f 8951 8950 3796
f 8950 3795 3796
f 8951 3797 8953
f 8951 8954 3797
f 8951 3796 8954
f 1394 8952 8955
f 1394 3798 3795
f 1394 8955 3798
f 228 3799 8952
f 8899 8898 8956
f 8956 8898 3763
f 8957 8901 8899
f 8957 8899 8956
f 8900 8958 5454
f 8900 8959 8958
f 8903 8959 8900
f 8902 8960 8903
f 8960 8959 8903
f 2290 5454 8958
f 3800 8902 8901
f 8961 8901 8957
f 8961 3800 8901
f 8902 8962 8960
f 3800 8962 8902
f 8957 8956 8963
f 8956 3763 8963
f 5586 3763 2311
f 8963 3763 5586
f 8957 8963 8964
f 8964 8961 8957
f 8965 3800 8961
f 8965 8962 3800
f 8958 8966 2290
f 8958 8967 8966
f 8959 8967 8958
f 8959 3801 8967
f 8960 3801 8959
f 8968 8965 8961
f 8964 8968 8961
f 8965 8969 8962
f 8969 8960 8962
f 8970 8964 8963
f 8963 5586 8970
f 8970 8971 8964
f 8971 8968 8964
f 8968 8972 8965
f 8972 8973 8965
f 8965 8973 8969
f 8974 8971 8970
f 5586 8974 8970
f 5586 5580 8974
f 8968 8975 8972
f 8968 3802 8975
f 8971 3802 8968
f 8971 692 3802
f 8974 692 8971
f 8972 8975 8976
f 8972 8977 8973
f 8972 8976 8977
f 8978 8976 8975
f 8978 8975 3802
f 8978 3802 8979
f 8979 3802 692
f 2304 692 8974
f 5573 8974 5580
f 5573 2304 8974
f 2304 3803 692
f 8979 692 3803
f 8977 8976 8980
f 8978 8980 8976
f 8981 8980 8978
f 8981 8978 8979
f 2304 5569 3803
f 8979 3803 5569
f 8981 8979 8982
f 8979 5569 8982
f 8982 8983 8981
f 8981 8983 8980
f 8977 8980 8984
f 8984 8980 8983
f 8984 8973 8977
f 8982 5571 8983
f 5569 5571 8982
f 8985 8983 5571
f 8984 8983 8985
f 8984 8986 8973
f 8987 8986 8984
f 8984 8985 8987
f 8985 5571 5566
f 5566 8987 8985
f 8987 8988 8986
f 5560 8988 8987
f 5566 5560 8987
f 8986 8988 8989
f 8990 8986 8989
f 8990 8973 8986
f 8988 5552 8989
f 8988 5561 5552
f 5560 5561 8988
f 8990 8989 8991
f 5552 8991 8989
f 8967 8990 8991
f 5552 8966 8991
f 8967 8991 8966
f 2290 8966 5552
f 8992 8990 8967
f 8990 8992 8973
f 8992 8967 3801
f 8993 8992 3801
f 8973 8992 8993
f 8973 8993 8969
f 8969 8993 8960
f 8993 3801 8960
f 5638 1386 56
f 8994 1386 5638
f 5633 8994 5638
f 8994 8866 1386
f 5633 8871 8994
f 8871 8866 8994
f 5633 8876 8871
f 5626 8876 5633
f 8881 8876 5626
f 972 8881 5626
f 7850 3351 8995
f 7850 8995 7834
f 3351 7831 8995
f 7823 8995 7831
f 7823 3346 8995
f 3346 7834 8995
f 682 8596 8996
f 3740 8996 8596
f 682 8996 8997
f 3740 8997 8996
f 682 8997 8998
f 682 8998 8586
f 8998 8999 8586
f 8998 3804 8999
f 8997 3804 8998
f 3740 9000 8997
f 9000 9001 8997
f 8997 9001 3804
f 9002 3804 9001
f 9002 8999 3804
f 3740 8800 9000
f 9000 3805 9001
f 8800 3805 9000
f 3658 8586 8999
f 9002 9003 8999
f 9004 8999 9003
f 9004 3658 8999
f 9005 9001 3805
f 9005 9006 9001
f 9002 9001 9006
f 3806 9003 9002
f 3806 9002 9006
f 9005 3805 8808
f 8800 8808 3805
f 8575 3658 9004
f 3807 9004 9003
f 3806 9007 9003
f 3807 9003 9007
f 9008 8575 9004
f 9008 9004 3807
f 9005 8808 9009
f 3808 9005 9009
f 3808 9006 9005
f 3806 9006 9010
f 3808 9010 9006
f 9011 3806 9010
f 9012 3806 9011
f 9012 9007 3806
f 9013 3807 9007
f 9013 9007 9012
f 9014 9008 3807
f 9014 3807 9013
f 8575 9008 3655
f 3655 9008 9014
f 8808 8810 9009
f 3808 9009 9015
f 8810 9015 9009
f 9016 9010 3808
f 9011 9010 9016
f 9017 3808 9015
f 9016 3808 9017
f 9018 9012 9011
f 9018 9013 9012
f 9018 9011 3809
f 3809 9011 9016
f 3810 9014 9013
f 9018 3810 9013
f 9019 9016 9017
f 3809 9016 9019
f 3810 9020 9014
f 3655 9014 232
f 232 9014 9020
f 3655 232 7649
f 8810 3748 9015
f 9015 3748 8904
f 9017 9015 233
f 9015 8904 233
f 9019 9017 3811
f 3811 9017 233
f 1395 9018 3809
f 9021 9018 1395
f 9021 3810 9018
f 9022 3809 9019
f 1395 3809 9022
f 9023 9020 3810
f 9023 3810 9021
f 9024 9019 3811
f 9022 9019 9024
f 232 9020 3812
f 9020 1396 3812
f 9020 9023 1396
f 232 3812 7643
f 232 7643 7649
f 9025 1395 9022
f 9021 1395 9025
f 3813 9022 9024
f 9025 9022 3813
f 233 8904 3766
f 3811 233 9026
f 233 3766 9026
f 234 3811 9026
f 9024 3811 234
f 3812 1396 7639
f 3812 7639 7643
f 3216 7639 1396
f 3216 1396 9023
f 9027 9023 9021
f 3216 9023 9027
f 9024 234 3814
f 3813 9024 9028
f 9024 3814 9028
f 7540 9025 3813
f 7536 3813 9028
f 7540 3813 7536
f 9026 3766 7517
f 9026 7517 9029
f 234 9026 9029
f 234 9029 9030
f 234 9030 3814
f 7536 9028 610
f 3814 610 9028
f 9030 7528 3814
f 3814 7528 610
f 3216 9027 7550
f 9029 7517 3202
f 9029 3202 9030
f 9030 7523 7528
f 3202 7523 9030
f 156 7550 9027
f 7540 156 3815
f 7540 3815 9025
f 156 9027 3815
f 9021 9025 3815
f 9027 9021 3815
f 8073 417 9031
f 647 9031 417
f 647 1397 9031
f 647 3816 1397
f 9031 1397 3817
f 3817 1397 3816
f 9032 8073 9031
f 9031 3817 9033
f 8955 8952 3799
f 228 2560 3799
f 3794 8953 9034
f 8953 3818 9034
f 8953 3797 3818
f 5978 3794 5982
f 5982 3794 9034
f 3797 8954 7213
f 7213 8954 3796
f 9035 3796 3795
f 7213 3796 9035
f 9035 3795 9036
f 9036 3795 3798
f 3797 7213 9037
f 3818 3797 9037
f 6178 3799 2560
f 8955 3799 6178
f 8955 6178 6180
f 8955 6180 3798
f 9036 3798 6186
f 6186 3798 6180
f 5982 9034 5986
f 9034 9038 5986
f 9034 3818 9038
f 3818 9037 9039
f 9038 3818 9039
f 9035 9036 1398
f 7213 9035 3089
f 9035 1398 3089
f 9036 6186 2565
f 9036 2565 1398
f 7213 3087 9037
f 9037 1399 9039
f 9037 3087 1399
f 5986 9038 2475
f 2475 9038 9040
f 9038 9039 9040
f 9039 1399 9041
f 9039 9041 9040
f 7212 3089 1398
f 6193 1398 2565
f 7212 1398 6193
f 2475 9040 9042
f 9040 3819 9042
f 9040 9041 3819
f 9043 9041 1399
f 3819 9041 9043
f 1399 3087 7206
f 9043 1399 235
f 1399 7206 235
f 7206 3085 235
f 3085 9043 235
f 7212 6193 2567
f 9042 3819 236
f 236 3819 9044
f 3819 9043 9044
f 5991 2475 9042
f 9042 236 9045
f 5991 9042 9045
f 3085 9046 9043
f 9043 3820 9044
f 9043 9046 3820
f 9045 236 3821
f 236 9044 1400
f 3821 236 1400
f 9044 3820 9047
f 9044 9047 1400
f 9046 9048 3820
f 9048 9047 3820
f 9046 7203 9048
f 3085 7203 9046
f 2476 5991 9045
f 9045 3821 9049
f 2476 9045 9049
f 3821 1400 440
f 1400 693 440
f 1400 9047 693
f 9049 3821 9050
f 9051 3821 440
f 9051 9050 3821
f 9051 440 693
f 9047 9052 693
f 9047 9053 9052
f 9048 9053 9047
f 1067 9053 9048
f 2594 9048 7203
f 1067 9048 2594
f 5992 2476 9049
f 9049 9050 9054
f 5992 9049 9054
f 2598 9052 9053
f 2598 9053 1067
f 693 9052 9055
f 9051 693 9056
f 693 9055 9056
f 9057 9050 9051
f 9057 9051 9056
f 9054 9050 3822
f 9057 3822 9050
f 89 9055 9052
f 89 9052 2598
f 2478 5992 9054
f 9054 3822 9058
f 2478 9054 9058
f 9056 9055 9059
f 2604 9055 89
f 2604 9059 9055
f 9056 9059 3823
f 9057 9056 3823
f 1401 3822 9057
f 9057 9060 1401
f 9057 3823 9060
f 9058 3822 9061
f 1401 9061 3822
f 6079 2478 9058
f 9058 9061 6079
f 3823 9059 9062
f 3823 9062 9060
f 6276 9062 9059
f 6276 9059 2604
f 6079 9061 3824
f 3824 9061 1401
f 3824 1401 9063
f 1401 3825 9063
f 1401 9060 3825
f 9060 9062 9064
f 9060 9064 3825
f 2610 9064 9062
f 2610 9062 6276
f 6079 3824 6080
f 9063 9065 3824
f 6080 3824 9065
f 9063 3825 9066
f 9063 9067 9065
f 9063 9066 9067
f 3825 9064 9068
f 3825 9068 9066
f 9069 9068 9064
f 9069 9064 2610
f 694 9065 9067
f 694 9067 9066
f 3826 9066 9068
f 694 9066 3826
f 6288 9069 2610
f 6288 237 9069
f 237 9068 9069
f 3826 9068 9070
f 237 9070 9068
f 694 238 9065
f 6085 9065 238
f 6080 9065 6085
f 3826 9070 9071
f 237 9071 9070
f 3826 9071 9072
f 694 3826 9072
f 694 9073 238
f 694 9074 9073
f 694 9072 9074
f 6288 1071 237
f 9075 237 1071
f 9075 9076 237
f 237 9076 9071
f 6085 238 6086
f 9077 238 9073
f 9077 6086 238
f 9078 9074 9072
f 9078 9073 9074
f 9078 9072 3827
f 3827 9072 9071
f 3827 9071 9079
f 9076 9079 9071
f 9075 2620 9076
f 9076 2620 9079
f 9080 9077 9073
f 9078 3828 9073
f 9080 9073 3828
f 3828 9078 1402
f 1402 9078 3827
f 1071 6297 9075
f 9075 6306 2620
f 6306 9075 6297
f 9081 3827 9079
f 1402 3827 9081
f 9081 9079 6317
f 2620 6317 9079
f 9077 2519 6086
f 9077 9082 2519
f 9080 9082 9077
f 9083 9080 3828
f 3829 9080 9083
f 9080 3829 9082
f 9083 3828 9084
f 3828 1402 9084
f 1402 3830 9084
f 1402 9085 3830
f 9085 1402 9081
f 9085 9081 3831
f 3831 9081 6317
f 9086 9083 9084
f 9086 9084 3830
f 3831 6317 6318
f 2519 9082 6091
f 239 9082 3829
f 239 6091 9082
f 3829 9083 9087
f 9083 3832 9087
f 9083 9086 3832
f 9088 239 3829
f 9088 3829 9087
f 6906 3831 6318
f 9085 3831 6906
f 3832 9086 9089
f 9089 9086 3830
f 9089 3830 9090
f 9085 9090 3830
f 9085 6907 9090
f 9085 6906 6907
f 9091 9088 9087
f 9091 9087 3832
f 3833 239 9088
f 239 6092 6091
f 239 3833 6092
f 3832 9092 9091
f 3832 9093 9092
f 3832 9089 9093
f 9093 9089 9094
f 9094 9089 9090
f 9094 9090 385
f 6907 385 9090
f 3833 9088 9095
f 9088 3834 9095
f 9088 9091 3834
f 9091 9092 9096
f 9091 9096 3834
f 3833 9095 1403
f 6092 3833 6096
f 3833 1403 6096
f 9095 3834 9097
f 9095 9097 1403
f 9097 3834 9096
f 3835 9096 9092
f 9098 9092 9093
f 3835 9092 9098
f 9098 9093 3836
f 9093 9094 3836
f 3836 9094 6908
f 6908 9094 385
f 9097 9096 9099
f 441 9096 3835
f 441 9099 9096
f 6096 1403 6100
f 1403 3837 6100
f 1403 9097 3837
f 9097 9099 9100
f 9097 9100 3837
f 441 9100 9099
f 9032 9031 9033
f 3838 9032 9033
f 8073 9032 695
f 3838 695 9032
f 3817 9101 9033
f 3838 9033 9101
f 8073 695 9102
f 8073 9102 8070
f 3817 3839 9101
f 3817 3816 9103
f 9103 3839 3817
f 9103 3816 3840
f 9104 3838 9101
f 3838 9105 695
f 9104 9105 3838
f 695 9105 9106
f 9102 695 9107
f 695 9106 9107
f 9104 9101 9108
f 696 9101 3839
f 696 9108 9101
f 8065 8070 9102
f 3841 9102 9107
f 3841 8065 9102
f 9103 3842 3839
f 3839 9109 696
f 3839 3842 9109
f 9103 3840 1404
f 9103 3843 3842
f 9103 1404 3843
f 9107 9106 9110
f 9107 9110 3841
f 3844 9106 9105
f 9110 9106 3844
f 9104 3845 9105
f 3844 9105 3845
f 3843 9109 3842
f 9111 9108 696
f 3846 696 9109
f 9111 696 3846
f 9112 3846 9109
f 3843 9112 9109
f 3847 3843 1404
f 3847 9112 3843
f 3841 9110 9113
f 3841 9114 8065
f 3841 9113 9114
f 3848 9111 3846
f 9112 3848 3846
f 9115 9113 9110
f 9110 3844 3849
f 9115 9110 3849
f 9116 3848 9112
f 3847 9116 9112
f 3844 910 3849
f 3844 697 910
f 3845 697 3844
f 910 9115 3849
f 9117 9113 9115
f 646 9113 9117
f 646 9114 9113
f 646 8065 9114
f 910 458 9115
f 3850 9115 458
f 9117 9115 3850
f 646 9117 8071
f 8071 9117 3850
f 910 697 2126
f 3850 458 5129
f 8071 3850 9118
f 1405 3850 5129
f 1405 9118 3850
f 8071 9118 5137
f 5129 5125 1405
f 9119 9118 1405
f 2121 1405 5125
f 2121 9119 1405
f 9118 9120 5137
f 9118 9121 9120
f 9119 9121 9118
f 9120 9121 9119
f 456 9119 2121
f 9120 9119 456
f 5137 9120 5130
f 5130 9120 456
f 697 3851 2126
f 3851 5132 2126
f 697 1406 3851
f 3845 1406 697
f 9104 1406 3845
f 3852 3851 1406
f 9104 698 1406
f 3852 1406 698
f 3851 3852 3853
f 3851 9122 5132
f 3851 3853 9122
f 9108 698 9104
f 3852 3854 3853
f 3852 3855 3854
f 698 3855 3852
f 698 9111 3855
f 9108 9111 698
f 9122 3853 3856
f 3854 3856 3853
f 9122 3856 1407
f 1407 5132 9122
f 699 3854 3855
f 699 3857 3854
f 3854 3857 3856
f 3848 3855 9111
f 699 3855 3848
f 3856 9123 1407
f 3856 9124 9123
f 3857 9124 3856
f 3857 9125 9124
f 9125 3857 3858
f 699 3858 3857
f 9116 699 3848
f 699 9126 3858
f 699 9116 9126
f 9125 3858 240
f 240 3858 9126
f 9124 3859 9123
f 9124 297 3859
f 9125 297 9124
f 9125 240 3860
f 9125 9127 297
f 9125 3860 9127
f 240 9126 9128
f 240 9128 3860
f 3861 297 9127
f 3861 3859 297
f 3847 9126 9116
f 9129 9128 9126
f 3847 3862 9126
f 9129 9126 3862
f 9130 9127 3860
f 3861 9127 9130
f 9130 3860 3863
f 9128 3863 3860
f 9128 9131 3863
f 9128 9132 9131
f 9128 9129 9132
f 3861 9130 9133
f 3863 9133 9130
f 9134 3863 9131
f 3863 9134 9133
f 9132 9135 9131
f 9134 9131 9135
f 3864 3862 3847
f 3864 3865 3862
f 3865 9129 3862
f 3847 1404 3864
f 9129 3866 9132
f 9129 9136 3866
f 3865 9136 9129
f 9132 9137 9135
f 3866 9137 9132
f 1408 9134 9135
f 9137 1408 9135
f 9134 444 9133
f 9134 9138 444
f 1408 9138 9134
f 9139 3866 9136
f 3865 9139 9136
f 3864 9140 3865
f 3865 9140 9139
f 9141 9137 3866
f 9139 9141 3866
f 3864 1404 3867
f 3864 9142 9140
f 3864 3867 9142
f 9141 9143 9137
f 9137 9143 1408
f 444 9138 4962
f 1408 4962 9138
f 1408 2057 4962
f 9143 2057 1408
f 9141 9139 3868
f 9139 9144 3868
f 9139 9140 9144
f 9140 9142 3869
f 9140 3869 9144
f 9142 3867 9145
f 9142 9145 3869
f 9143 2054 2057
f 9141 2054 9143
f 9141 4946 2054
f 4946 9141 9146
f 9141 3868 9146
f 9146 3868 3870
f 9144 3870 3868
f 1409 9144 3869
f 1409 9147 9144
f 9144 9147 3870
f 3871 1409 3869
f 3871 3869 9145
f 9148 3870 9147
f 1409 9148 9147
f 4946 9146 2052
f 2052 9146 9149
f 9146 3870 9149
f 2039 9149 3870
f 9148 2039 3870
f 9150 3871 9145
f 3867 9150 9145
f 2052 9149 4936
f 9149 2043 4936
f 9149 4909 2043
f 2039 4909 9149
f 3867 9151 9150
f 1404 9151 3867
f 1404 3840 9151
f 9133 444 4967
f 9133 4967 241
f 3861 9133 241
f 3861 241 9152
f 241 3872 9152
f 241 4967 3872
f 3872 4967 4961
f 3861 9152 3873
f 3861 3873 3859
f 9153 3873 9152
f 1410 9152 3872
f 1410 9153 9152
f 3859 3873 9154
f 9153 9154 3873
f 4976 9154 9153
f 1410 4976 9153
f 3872 4959 1410
f 3872 3874 4959
f 3872 4961 3874
f 4966 1410 4959
f 1410 4966 4976
f 4952 3874 4961
f 4952 4959 3874
f 3859 9154 3875
f 3875 9154 2061
f 4976 2061 9154
f 9123 3859 3875
f 3875 2061 9155
f 9123 3875 9156
f 9155 9156 3875
f 9155 2061 4975
f 9155 4975 9157
f 9158 9155 9157
f 9155 9158 9156
f 9123 9156 700
f 4 9156 9158
f 4 700 9156
f 4 9158 5120
f 9158 9157 5120
f 4975 2064 9157
f 2064 5120 9157
f 9123 700 1407
f 1407 700 5132
f 9159 3835 9098
f 1411 3835 9159
f 1411 441 3835
f 9159 9098 9160
f 9160 9098 3836
f 9160 3836 6910
f 3836 6908 6910
f 441 3876 9100
f 3876 441 1411
f 9100 2525 3837
f 6100 3837 2525
f 9100 9161 2525
f 3877 9100 3876
f 3877 9161 9100
f 3878 9159 9160
f 9162 9159 3878
f 9162 1411 9159
f 3876 1411 9163
f 9163 1411 9162
f 3878 9160 6911
f 6911 9160 6910
f 9164 3877 3876
f 9164 3876 9163
f 9161 81 2525
f 9161 9165 81
f 3877 9165 9161
f 3877 9166 9165
f 9164 9166 3877
f 9167 9162 3878
f 298 9162 9167
f 9163 9162 298
f 3879 9164 9163
f 3879 9163 298
f 9164 9168 9166
f 3879 9168 9164
f 9167 3878 9169
f 3878 6912 9169
f 3878 6911 6912
f 9166 6112 9165
f 6112 81 9165
f 9166 2530 6112
f 9170 9166 9168
f 9170 2530 9166
f 9171 9167 9169
f 9172 9167 9171
f 298 9167 9172
f 9173 3879 298
f 9173 298 9172
f 3879 9174 9168
f 9173 9174 3879
f 3880 9170 9168
f 3880 9168 9174
f 9171 9169 3881
f 9169 6770 3881
f 9169 6912 6770
f 442 9173 9172
f 9172 9171 442
f 442 9171 6759
f 6759 9171 3881
f 2530 9170 6122
f 9170 6127 6122
f 9170 3880 6127
f 9175 3880 9174
f 6127 3880 9175
f 9175 9174 9176
f 9173 9176 9174
f 442 3882 9173
f 3882 9176 9173
f 6759 3881 3883
f 3881 6764 3883
f 3881 6770 6764
f 442 2845 3882
f 442 2848 2845
f 442 6759 2848
f 9175 9176 9177
f 3882 9177 9176
f 3884 9177 3882
f 3884 3882 2845
f 6760 3883 6764
f 6759 3883 6760
f 9175 9177 242
f 6127 9175 6134
f 6134 9175 242
f 9177 3884 3885
f 9177 3885 242
f 9178 242 3885
f 6134 242 9178
f 1412 3885 3884
f 9179 3884 2845
f 1412 3884 9179
f 1412 9180 3885
f 9178 3885 9180
f 1050 9178 9180
f 6134 9178 1050
f 1412 9181 9180
f 1413 9181 1412
f 1412 3886 1413
f 1412 9179 3886
f 8155 9180 9181
f 8155 3887 9180
f 1050 9180 3887
f 8155 9181 8154
f 1413 8154 9181
f 3888 8154 1413
f 3886 3888 1413
f 9179 3889 3886
f 3886 299 3888
f 3889 299 3886
f 9179 1414 3889
f 9179 2845 1414
f 3887 516 1050
f 3887 6143 516
f 8155 6143 3887
f 1414 3890 3889
f 3889 1415 299
f 3890 1415 3889
f 1414 2842 3890
f 2845 2842 1414
f 299 3891 3888
f 299 9182 3891
f 1415 9182 299
f 3888 8153 8154
f 3888 243 8153
f 3888 3891 243
f 3890 244 1415
f 1415 3892 9182
f 244 3892 1415
f 3890 9183 244
f 3890 6744 9183
f 2842 6744 3890
f 244 3893 3892
f 9183 3893 244
f 9182 3892 3893
f 3891 9182 9184
f 9182 3893 9184
f 3891 9184 1416
f 243 3891 1416
f 243 1416 9185
f 8153 243 1316
f 1316 243 9185
f 9186 9184 3893
f 9183 9186 3893
f 9186 9187 9184
f 1416 9184 9187
f 1416 9187 1417
f 9185 1416 1417
f 2791 9183 6744
f 2791 1418 9183
f 1418 9186 9183
f 9188 9187 9186
f 9188 1417 9187
f 9188 9186 3894
f 1418 3894 9186
f 9188 3894 245
f 245 3894 1418
f 245 1418 6653
f 6653 1418 2791
f 1316 9185 1307
f 1307 9185 1419
f 1419 9185 246
f 9185 1417 246
f 9188 1420 1417
f 701 1417 1420
f 701 246 1417
f 9188 245 9189
f 9188 1421 1420
f 9188 9189 1421
f 701 3895 246
f 1419 246 3895
f 1307 1419 8079
f 8079 1419 3895
f 2785 245 6653
f 245 9190 9189
f 245 2785 9190
f 9189 9190 9191
f 9189 9191 1421
f 1420 1421 9192
f 701 1420 9193
f 1420 9192 9193
f 1421 9191 9194
f 1421 9194 9192
f 701 3896 3895
f 8079 3895 3455
f 3896 3455 3895
f 9193 9192 443
f 9194 443 9192
f 9191 9190 9195
f 116 9190 2785
f 116 9195 9190
f 9191 9195 1422
f 9194 9191 1422
f 9194 1422 247
f 9194 9196 443
f 9196 9194 247
f 9195 3897 1422
f 3897 247 1422
f 9195 115 3897
f 116 115 9195
f 9193 443 9150
f 701 9193 9150
f 3896 647 3455
f 647 3896 3816
f 3816 3896 701
f 443 9196 702
f 9150 443 3871
f 443 702 3871
f 3897 9197 247
f 9196 247 9198
f 9197 9198 247
f 702 9196 9199
f 9196 3898 9199
f 9196 9198 3898
f 115 923 3897
f 5178 3897 923
f 5178 9197 3897
f 701 9150 9151
f 3840 701 9151
f 3816 701 3840
f 9197 5181 9198
f 5178 5181 9197
f 5181 9200 9198
f 9200 3898 9198
f 702 1409 3871
f 702 9201 1409
f 9201 702 9199
f 9201 9199 3899
f 9199 9202 3899
f 9199 3898 9202
f 3900 9202 3898
f 3900 3898 9200
f 248 9201 3899
f 248 3899 9202
f 248 9148 9201
f 1409 9201 9148
f 5181 9203 9200
f 9204 9200 9203
f 9204 3900 9200
f 5181 2036 9203
f 2036 9204 9203
f 9205 9202 3900
f 9205 9206 9202
f 248 9202 9206
f 9207 9205 3900
f 9207 3900 9204
f 2036 2037 9204
f 9207 9204 2037
f 4908 248 9206
f 2039 248 4908
f 2039 9148 248
f 2038 9206 9205
f 4908 9206 2038
f 2041 9205 9207
f 2038 9205 2041
f 9207 2037 4906
f 4906 4911 9207
f 2041 9207 4911
f 4 5132 700
f 9208 9209 9210
f 9209 9211 9210
f 9208 9210 9212
f 9213 9209 9208
f 9214 9208 9212
f 9215 9208 9214
f 9215 9213 9208
f 9213 9216 9209
f 9209 9217 9211
f 9216 9217 9209
f 9217 9218 9211
f 9214 9212 9219
f 9220 9216 9213
f 9221 9213 9215
f 9221 9220 9213
f 9222 9215 9214
f 9223 9214 9219
f 9222 9214 9223
f 9224 9221 9215
f 9224 9215 9222
f 9220 9225 9216
f 9216 9226 9217
f 9225 9226 9216
f 9226 9227 9217
f 9217 9227 9218
f 9227 9228 9218
f 9223 9219 9229
f 9230 9225 9220
f 9231 9220 9221
f 9231 9230 9220
f 9232 9231 9221
f 9232 9221 9224
f 9233 9224 9222
f 9234 9222 9223
f 9233 9222 9234
f 9234 9223 9235
f 9235 9223 9229
f 9236 9232 9224
f 9236 9224 9233
f 9230 9237 9225
f 9225 9238 9226
f 9237 9238 9225
f 9238 9239 9226
f 9226 9239 9227
f 9239 9240 9227
f 9227 9240 9228
f 9240 9241 9228
f 9235 9229 9242
f 9243 9232 9236
f 9243 9244 9232
f 9244 9231 9232
f 9245 9236 9233
f 9246 9233 9234
f 9245 9233 9246
f 9246 9234 9247
f 9247 9234 9235
f 9247 9235 9248
f 9248 9235 9242
f 9249 9243 9236
f 9249 9236 9245
f 9237 9250 9238
f 9238 9251 9239
f 9250 9251 9238
f 9251 9252 9239
f 9239 9252 9240
f 9252 9253 9240
f 9240 9253 9241
f 9253 9254 9241
f 9248 9242 9255
f 9256 9249 9245
f 9257 9245 9246
f 9256 9245 9257
f 9257 9246 9258
f 9258 9246 9247
f 9258 9247 9259
f 9259 9247 9248
f 9259 9248 9260
f 9260 9248 9255
f 9250 9261 9251
f 9251 9262 9252
f 9261 9262 9251
f 9262 9263 9252
f 9252 9263 9253
f 9263 9264 9253
f 9253 9264 9254
f 9264 9265 9254
f 9260 9255 9266
f 9267 9256 9257
f 9268 9257 9258
f 9267 9257 9268
f 9268 9258 9269
f 9269 9258 9259
f 9269 9259 9270
f 9270 9259 9260
f 9270 9260 9271
f 9271 9260 9266
f 9261 9272 9262
f 9262 9273 9263
f 9272 9273 9262
f 9273 9274 9263
f 9263 9274 9264
f 9274 9275 9264
f 9264 9275 9265
f 9275 9276 9265
f 9271 9266 9277
f 9278 9267 9268
f 9279 9268 9269
f 9278 9268 9279
f 9279 9269 9280
f 9280 9269 9270
f 9280 9270 9281
f 9281 9270 9271
f 9281 9271 9282
f 9282 9271 9277
f 9272 9283 9273
f 9273 9284 9274
f 9283 9284 9273
f 9284 9285 9274
f 9274 9285 9275
f 9285 9286 9275
f 9275 9286 9276
f 9286 9287 9276
f 9282 9277 9288
f 9289 9278 9279
f 9290 9279 9280
f 9289 9279 9290
f 9290 9280 9291
f 9291 9280 9281
f 9291 9281 9292
f 9292 9281 9282
f 9292 9282 9293
f 9293 9282 9288
f 9283 9294 9284
f 9284 9295 9285
f 9294 9295 9284
f 9295 9296 9285
f 9285 9296 9286
f 9296 9297 9286
f 9286 9297 9287
f 9297 9298 9287
f 9293 9288 9299
f 9300 9289 9290
f 9301 9290 9291
f 9300 9290 9301
f 9301 9291 9302
f 9302 9291 9292
f 9302 9292 9303
f 9303 9292 9293
f 9303 9293 9304
f 9304 9293 9299
f 9294 9305 9295
f 9295 9306 9296
f 9305 9306 9295
f 9306 9307 9296
f 9296 9307 9297
f 9307 9308 9297
f 9297 9308 9298
f 9309 9303 9304
f 9309 9304 9308
f 9304 9299 9310
f 9308 9304 9310
f 9308 9310 9298
f 9307 9309 9308
f 9306 9311 9307
f 9311 9309 9307
f 9312 9302 9303
f 9312 9303 9309
f 9313 9301 9302
f 9313 9302 9312
f 9314 9300 9301
f 9314 9301 9313
f 9311 9312 9309
f 9305 9315 9306
f 9315 9311 9306
f 9315 9316 9311
f 9316 9312 9311
f 9316 9313 9312
f 9317 9314 9313
f 9317 9313 9316
f 9318 9317 9316
f 9318 9316 9315
f 9319 9317 9318
f 9319 9320 9317
f 9320 9314 9317
f 9321 9319 9318
f 9322 9318 9315
f 9321 9318 9322
f 9322 9315 9305
f 9323 9319 9321
f 9323 9324 9319
f 9324 9320 9319
f 9320 9325 9314
f 9325 9300 9314
f 9324 9326 9320
f 9326 9325 9320
f 9327 9323 9321
f 9328 9321 9322
f 9327 9321 9328
f 9328 9322 9329
f 9329 9322 9305
f 9329 9305 9294
f 9330 9323 9327
f 9330 9331 9323
f 9331 9324 9323
f 9331 9332 9324
f 9332 9326 9324
f 9326 9333 9325
f 9325 9334 9300
f 9333 9334 9325
f 9332 9335 9326
f 9335 9333 9326
f 9334 9289 9300
f 9336 9330 9327
f 9337 9327 9328
f 9336 9327 9337
f 9337 9328 9338
f 9338 9328 9329
f 9338 9329 9339
f 9339 9329 9294
f 9339 9294 9283
f 9340 9330 9336
f 9340 9341 9330
f 9341 9331 9330
f 9341 9342 9331
f 9342 9332 9331
f 9342 9343 9332
f 9343 9335 9332
f 9333 9344 9334
f 9334 9345 9289
f 9344 9345 9334
f 9343 9342 9341
f 9345 9278 9289
f 9346 9340 9336
f 9347 9336 9337
f 9346 9336 9347
f 9347 9337 9348
f 9348 9337 9338
f 9348 9338 9349
f 9349 9338 9339
f 9349 9339 9350
f 9350 9339 9283
f 9350 9283 9272
f 9343 9341 9351
f 9352 9341 9340
f 9352 9351 9341
f 9344 9353 9345
f 9345 9354 9278
f 9353 9354 9345
f 9354 9267 9278
f 9355 9346 9347
f 9356 9347 9348
f 9355 9347 9356
f 9356 9348 9357
f 9357 9348 9349
f 9357 9349 9358
f 9358 9349 9350
f 9359 703 9360
f 9359 9360 3901
f 703 9361 3902
f 703 3902 9360
f 704 9362 9363
f 9362 9364 9365
f 9363 9362 9365
f 9365 9364 9366
f 9364 9367 9366
f 9368 9369 9370
f 9370 9371 9361
f 9370 9369 9371
f 9361 9371 9372
f 9361 9372 3902
f 9373 3901 9374
f 3903 9373 9375
f 9373 9374 9375
f 3901 9360 9376
f 3901 9376 9374
f 9360 3902 1423
f 9360 1423 9376
f 3902 9372 9377
f 3902 9377 1423
f 9363 9365 9378
f 9365 9366 9379
f 9378 9365 9379
f 9369 9380 9371
f 9371 1424 9372
f 9371 9380 1424
f 9372 1424 9381
f 9372 9381 9377
f 9375 9374 3904
f 9374 9382 3904
f 9374 9376 9382
f 9376 1423 705
f 9376 705 9382
f 1423 9377 9383
f 1423 9383 705
f 9377 9381 3905
f 9377 3905 9383
f 9383 9382 705
f 1424 9384 9381
f 1424 9385 9384
f 9380 9385 1424
f 9381 9384 9386
f 9381 9386 3905
f 9383 9387 9382
f 3905 9387 9383
f 9382 9387 9388
f 9382 9388 3904
f 3905 1425 9387
f 9386 1425 3905
f 9387 1425 3906
f 9387 3906 9388
f 9389 9388 3906
f 3904 9388 9389
f 9385 9390 9384
f 9384 706 9386
f 9384 9390 706
f 9386 9391 1425
f 1426 9386 706
f 1426 9391 9386
f 9390 1426 706
f 1425 9391 9392
f 1425 9392 3906
f 9392 9393 3906
f 9389 3906 9393
f 3907 9392 9391
f 3907 9391 1426
f 9394 3907 1426
f 9390 9394 1426
f 9392 9395 9393
f 9396 9392 3907
f 9396 9395 9392
f 3908 9389 9393
f 9395 3908 9393
f 9394 9397 3907
f 9397 9396 3907
f 3909 9394 9390
f 9385 3909 9390
f 9398 9397 9394
f 3909 9398 9394
f 9395 9399 3908
f 3910 9395 9396
f 3910 9399 9395
f 9397 9400 9396
f 9400 3910 9396
f 3911 9400 9397
f 9398 3911 9397
f 9401 3909 9385
f 9401 1427 3909
f 1427 9398 3909
f 1427 9402 9398
f 9402 3911 9398
f 9380 9401 9385
f 9403 3908 9399
f 1428 9399 3910
f 1428 9403 9399
f 9400 9404 3910
f 9404 1428 3910
f 9405 9404 9400
f 3911 9405 9400
f 9402 9406 3911
f 9406 9405 3911
f 9407 9401 9380
f 9407 9408 9401
f 9408 1427 9401
f 9408 9409 1427
f 9409 9402 1427
f 9409 707 9402
f 707 9406 9402
f 9369 9407 9380
f 9405 3912 9404
f 3912 9410 9404
f 9404 9410 1428
f 9406 9411 9405
f 9411 3912 9405
f 707 9412 9406
f 9412 9411 9406
f 9413 9407 9369
f 9413 9414 9407
f 9414 9408 9407
f 9414 9415 9408
f 9415 9409 9408
f 9415 9416 9409
f 9416 707 9409
f 9416 9417 707
f 9417 9412 707
f 9368 9413 9369
f 3912 9418 9410
f 9419 9418 3912
f 9411 9419 3912
f 9412 9420 9411
f 9420 9419 9411
f 9417 9421 9412
f 9421 9420 9412
f 708 9413 9368
f 708 709 9413
f 709 9414 9413
f 709 3913 9414
f 3913 9415 9414
f 3913 710 9415
f 710 9416 9415
f 710 711 9416
f 711 9417 9416
f 711 9422 9417
f 9422 9421 9417
f 9423 708 9368
f 9420 9424 9419
f 9419 9425 9418
f 9424 9425 9419
f 9421 9426 9420
f 9426 9424 9420
f 9422 9427 9421
f 9427 9426 9421
f 9428 708 9423
f 9428 1429 708
f 1429 709 708
f 1429 1430 709
f 1430 3913 709
f 1430 1431 3913
f 1431 710 3913
f 1431 1432 710
f 1432 711 710
f 1432 1433 711
f 1433 9422 711
f 1433 9429 9422
f 9429 9427 9422
f 1434 9428 9423
f 9426 9430 9424
f 9424 712 9425
f 9430 712 9424
f 9427 9431 9426
f 9431 9430 9426
f 9429 1435 9427
f 1435 9431 9427
f 9432 9428 1434
f 9432 9433 9428
f 9433 1429 9428
f 9433 9434 1429
f 9434 1430 1429
f 9434 9435 1430
f 9435 1431 1430
f 9435 9436 1431
f 9436 1432 1431
f 9436 9437 1432
f 9437 1433 1432
f 9437 9438 1433
f 9438 9429 1433
f 9438 9439 9429
f 9439 1435 9429
f 9440 9432 1434
f 1435 9441 9431
f 9431 9442 9430
f 9441 9442 9431
f 9439 9443 1435
f 9443 9441 1435
f 3914 9432 9440
f 3914 9444 9432
f 9444 9433 9432
f 9444 3915 9433
f 3915 9434 9433
f 3915 3916 9434
f 3916 9435 9434
f 3916 9445 9435
f 9445 9436 9435
f 9445 3917 9436
f 3917 9437 9436
f 3917 9446 9437
f 9446 9438 9437
f 9446 3918 9438
f 3918 9439 9438
f 3918 3919 9439
f 3919 9443 9439
f 9443 9447 9441
f 9441 1436 9442
f 9447 1436 9441
f 3919 9448 9443
f 9448 9447 9443
f 9448 3920 9447
f 9447 9449 1436
f 3920 9449 9447
f 3920 9450 9449
f 9450 9451 9449
f 9449 9452 1436
f 9449 9451 9452
f 9450 3921 9451
f 3921 9453 9451
f 9451 1437 9452
f 9451 9453 1437
f 1436 9452 9454
f 1436 9454 9442
f 9452 1437 704
f 9452 704 9454
f 9442 9454 9455
f 9454 9363 9455
f 9454 704 9363
f 9442 9455 9430
f 9430 9455 712
f 9455 9378 712
f 9455 9363 9378
f 712 9378 1438
f 712 1438 9425
f 9378 9379 1438
f 9425 1438 3922
f 1438 9456 3922
f 1438 9379 9456
f 9425 3922 9418
f 3922 9456 9457
f 9418 3922 9458
f 3922 9457 9458
f 9456 9459 9457
f 9456 1439 9459
f 9379 1439 9456
f 9379 9366 1439
f 9418 9458 9410
f 9358 9350 9460
f 9460 9350 9272
f 9460 9272 9261
f 9353 9461 9354
f 9354 9462 9267
f 9461 9462 9354
f 9462 9256 9267
f 9463 9355 9356
f 9464 9356 9357
f 9463 9356 9464
f 9464 9357 9465
f 9465 9357 9358
f 9465 9358 9466
f 9466 9358 9460
f 9466 9460 9467
f 9467 9460 9261
f 9467 9261 9250
f 9461 9468 9462
f 9462 9469 9256
f 9468 9469 9462
f 9469 9249 9256
f 9470 9463 9464
f 9471 9464 9465
f 9470 9464 9471
f 9471 9465 9472
f 9472 9465 9466
f 9472 9466 9473
f 9473 9466 9467
f 9473 9467 9474
f 9474 9467 9250
f 9474 9250 9237
f 9468 9475 9469
f 9469 9476 9249
f 9475 9476 9469
f 9476 9243 9249
f 9477 9470 9471
f 9478 9471 9472
f 9477 9471 9478
f 9478 9472 9479
f 9479 9472 9473
f 9479 9473 9480
f 9480 9473 9474
f 9480 9474 9481
f 9481 9474 9237
f 9481 9237 9230
f 9475 9482 9476
f 9476 9483 9243
f 9482 9483 9476
f 9483 9244 9243
f 9484 9477 9478
f 9485 9478 9479
f 9484 9478 9485
f 9485 9479 9486
f 9486 9479 9480
f 9486 9480 9487
f 9487 9480 9481
f 9487 9481 9488
f 9488 9481 9230
f 9488 9230 9231
f 9244 9488 9231
f 9483 9489 9244
f 9489 9488 9244
f 9489 9487 9488
f 9490 9486 9487
f 9490 9487 9489
f 9482 9491 9483
f 9491 9489 9483
f 9491 9490 9489
f 9492 9485 9486
f 9492 9486 9490
f 9493 9484 9485
f 9493 9485 9492
f 9494 9492 9490
f 9494 9490 9491
f 9495 9493 9492
f 9495 9492 9494
f 9493 9496 9484
f 9493 9497 9496
f 9495 9497 9493
f 9498 9495 9494
f 9495 9498 9497
f 9498 9494 9499
f 9499 9494 9491
f 9499 9491 9482
f 9500 9496 9497
f 9501 9497 9498
f 9500 9497 9501
f 9502 9498 9499
f 9501 9498 9502
f 9502 9499 9503
f 9503 9499 9482
f 9503 9482 9475
f 9504 9500 9501
f 9505 9501 9502
f 9504 9501 9505
f 9506 9502 9503
f 9505 9502 9506
f 9506 9503 9507
f 9507 9503 9475
f 9508 9506 9507
f 9508 9505 9506
f 9507 9475 9468
f 9508 9507 9509
f 9509 9507 9468
f 9510 9500 9504
f 9511 9504 9505
f 9511 9510 9504
f 9511 9505 9512
f 9508 9512 9505
f 9513 9508 9509
f 9508 9514 9512
f 9508 9513 9514
f 9515 9511 9512
f 9515 9512 9514
f 9511 9352 9510
f 9515 9352 9511
f 9509 9468 9461
f 9513 9509 9516
f 9516 9509 9461
f 9517 9513 9516
f 9517 9514 9513
f 9518 9515 9514
f 9517 9518 9514
f 9518 9517 9519
f 9517 9516 9519
f 9519 9516 9353
f 9516 9461 9353
f 9518 9520 9515
f 9515 9520 9343
f 9515 9351 9352
f 9515 9343 9351
f 9520 9518 9521
f 9518 9519 9521
f 9521 9519 9344
f 9519 9353 9344
f 9343 9520 9335
f 9520 9521 9335
f 9335 9521 9333
f 9521 9344 9333
f 9510 9352 9340
f 9510 9340 9346
f 9355 9510 9346
f 9355 9522 9510
f 9510 9522 9500
f 9522 9496 9500
f 9522 9523 9496
f 9355 9523 9522
f 9355 9463 9523
f 9484 9496 9523
f 9484 9523 9477
f 9523 9470 9477
f 9523 9463 9470
f 9524 3923 9525
f 9524 9525 9526
f 3924 9524 9526
f 3923 9527 9525
f 3923 3925 9527
f 9526 9525 1440
f 9525 9528 1440
f 9525 9527 9528
f 3924 9526 9529
f 9529 9526 1441
f 9526 1440 1441
f 9530 3924 9529
f 3925 9531 9527
f 9527 1442 9528
f 9527 9531 1442
f 3925 9532 9531
f 1441 1440 713
f 1440 9533 713
f 1440 9528 9533
f 9528 1442 9534
f 9528 9534 9533
f 9530 9529 9535
f 9529 1441 1443
f 9535 9529 1443
f 1441 713 714
f 1443 1441 714
f 3926 9530 9535
f 9532 9440 9531
f 9531 9536 1442
f 9531 9440 9536
f 1442 9536 9537
f 1442 9537 9534
f 9532 3914 9440
f 714 713 9538
f 713 9539 9538
f 713 9533 9539
f 9533 9534 9540
f 9533 9540 9539
f 9534 9537 9541
f 9534 9541 9540
f 3926 9535 9453
f 9535 1443 1444
f 9453 9535 1444
f 1444 1443 3927
f 1443 714 3927
f 714 9538 9542
f 3927 714 9542
f 3921 3926 9453
f 9440 1434 9536
f 9536 9543 9537
f 9536 1434 9543
f 9537 9543 9544
f 9537 9544 9541
f 9542 9538 9545
f 9538 3928 9545
f 9538 9539 3928
f 9539 9540 9546
f 9539 9546 3928
f 9540 9541 9547
f 9540 9547 9546
f 9541 9544 9548
f 9541 9548 9547
f 9453 1444 1437
f 1444 3927 715
f 1437 1444 715
f 715 3927 9549
f 3927 9542 9549
f 9542 9545 9550
f 9549 9542 9550
f 1434 9423 9543
f 9543 9551 9544
f 9543 9423 9551
f 9544 9551 3929
f 9544 3929 9548
f 9550 9545 9552
f 9545 716 9552
f 9545 3928 716
f 3928 9546 9553
f 3928 9553 716
f 9546 9547 9554
f 9546 9554 9553
f 9547 9548 9359
f 9547 9359 9554
f 9548 3929 703
f 9548 703 9359
f 1437 715 704
f 715 9549 9362
f 704 715 9362
f 9362 9549 9364
f 9549 9550 9364
f 9550 9552 9367
f 9364 9550 9367
f 9423 9368 9551
f 9551 9370 3929
f 9551 9368 9370
f 3929 9370 9361
f 3929 9361 703
f 9552 716 9555
f 716 3903 9555
f 716 9553 3903
f 9553 9554 9373
f 9553 9373 3903
f 9554 9359 3901
f 9554 3901 9373
f 9457 9459 3930
f 9458 9457 9556
f 9457 3930 9556
f 9410 9458 717
f 9458 9556 717
f 1439 9557 9459
f 9459 9558 3930
f 9459 9557 9558
f 1439 9559 9557
f 9366 9559 1439
f 9556 1428 717
f 9410 717 1428
f 3930 9403 9556
f 9556 9403 1428
f 3930 1445 9403
f 9558 1445 3930
f 9366 9367 9559
f 9559 1446 9557
f 9557 718 9558
f 9557 1446 718
f 9558 9560 1445
f 718 9560 9558
f 9559 3931 1446
f 9367 3931 9559
f 718 9561 9560
f 1446 9561 718
f 3931 9562 1446
f 1446 9562 9561
f 9403 1445 3908
f 1445 9560 9563
f 1445 9563 3908
f 9560 9561 3932
f 9560 3932 9563
f 9562 3932 9561
f 9367 9552 3931
f 3931 9555 9562
f 9552 9555 3931
f 3908 9563 9389
f 9389 9563 3932
f 9562 9555 3903
f 9562 9564 3932
f 9562 3903 9564
f 9389 3932 9565
f 9564 9565 3932
f 3903 9375 9564
f 9564 9375 9565
f 3904 9389 9565
f 9375 3904 9565
f 9566 9567 9568
f 9567 9569 9568
f 9566 9568 9570
f 9571 9567 9566
f 9572 9566 9570
f 9573 9566 9572
f 9573 9571 9566
f 9571 9574 9567
f 9567 9575 9569
f 9574 9575 9567
f 9575 9576 9569
f 9572 9570 9577
f 9578 9574 9571
f 9579 9571 9573
f 9579 9578 9571
f 9580 9573 9572
f 9581 9572 9577
f 9580 9572 9581
f 9582 9579 9573
f 9582 9573 9580
f 9578 9583 9574
f 9574 9584 9575
f 9583 9584 9574
f 9584 9585 9575
f 9575 9585 9576
f 9585 9586 9576
f 9581 9577 9587
f 9588 9583 9578
f 9589 9578 9579
f 9589 9588 9578
f 9590 9589 9579
f 9590 9579 9582
f 9591 9582 9580
f 9592 9580 9581
f 9591 9580 9592
f 9592 9581 9593
f 9593 9581 9587
f 9594 9590 9582
f 9594 9582 9591
f 9588 9595 9583
f 9583 9596 9584
f 9595 9596 9583
f 9596 9597 9584
f 9584 9597 9585
f 9597 9598 9585
f 9585 9598 9586
f 9598 9599 9586
f 9593 9587 9600
f 9601 9590 9594
f 9601 9602 9590
f 9602 9589 9590
f 9603 9594 9591
f 9604 9591 9592
f 9603 9591 9604
f 9604 9592 9605
f 9605 9592 9593
f 9605 9593 9606
f 9606 9593 9600
f 9607 9601 9594
f 9607 9594 9603
f 9595 9608 9596
f 9596 9609 9597
f 9608 9609 9596
f 9609 9610 9597
f 9597 9610 9598
f 9610 9611 9598
f 9598 9611 9599
f 9611 9612 9599
f 9606 9600 9613
f 9614 9607 9603
f 9615 9603 9604
f 9614 9603 9615
f 9615 9604 9616
f 9616 9604 9605
f 9616 9605 9617
f 9617 9605 9606
f 9617 9606 9618
f 9618 9606 9613
f 9608 9619 9609
f 9609 9620 9610
f 9619 9620 9609
f 9620 9621 9610
f 9610 9621 9611
f 9621 9622 9611
f 9611 9622 9612
f 9622 9623 9612
f 9618 9613 9624
f 9625 9614 9615
f 9626 9615 9616
f 9625 9615 9626
f 9626 9616 9627
f 9627 9616 9617
f 9627 9617 9628
f 9628 9617 9618
f 9628 9618 9629
f 9629 9618 9624
f 9619 9630 9620
f 9620 9631 9621
f 9630 9631 9620
f 9631 9632 9621
f 9621 9632 9622
f 9632 9633 9622
f 9622 9633 9623
f 9633 9634 9623
f 9629 9624 9635
f 9636 9625 9626
f 9637 9626 9627
f 9636 9626 9637
f 9637 9627 9638
f 9638 9627 9628
f 9638 9628 9639
f 9639 9628 9629
f 9639 9629 9640
f 9640 9629 9635
f 9630 9641 9631
f 9631 9642 9632
f 9641 9642 9631
f 9642 9643 9632
f 9632 9643 9633
f 9643 9644 9633
f 9633 9644 9634
f 9644 9645 9634
f 9640 9635 9646
f 9647 9636 9637
f 9648 9637 9638
f 9647 9637 9648
f 9648 9638 9649
f 9649 9638 9639
f 9649 9639 9650
f 9650 9639 9640
f 9650 9640 9651
f 9651 9640 9646
f 9641 9652 9642
f 9642 9653 9643
f 9652 9653 9642
f 9653 9654 9643
f 9643 9654 9644
f 9654 9655 9644
f 9644 9655 9645
f 9655 9656 9645
f 9651 9646 9657
f 9658 9647 9648
f 9659 9648 9649
f 9658 9648 9659
f 9659 9649 9660
f 9660 9649 9650
f 9660 9650 9661
f 9661 9650 9651
f 9661 9651 9662
f 9662 9651 9657
f 9652 9663 9653
f 9653 9664 9654
f 9663 9664 9653
f 9664 9665 9654
f 9654 9665 9655
f 9665 9666 9655
f 9655 9666 9656
f 9667 9661 9662
f 9667 9662 9666
f 9662 9657 9668
f 9666 9662 9668
f 9666 9668 9656
f 9665 9667 9666
f 9664 9669 9665
f 9669 9667 9665
f 9670 9660 9661
f 9670 9661 9667
f 9671 9659 9660
f 9671 9660 9670
f 9672 9658 9659
f 9672 9659 9671
f 9669 9670 9667
f 9663 9673 9664
f 9673 9669 9664
f 9673 9674 9669
f 9674 9670 9669
f 9674 9671 9670
f 9675 9672 9671
f 9675 9671 9674
f 9676 9675 9674
f 9676 9674 9673
f 9677 9675 9676
f 9677 9678 9675
f 9678 9672 9675
f 9679 9677 9676
f 9680 9676 9673
f 9679 9676 9680
f 9680 9673 9663
f 9681 9677 9679
f 9681 9682 9677
f 9682 9678 9677
f 9678 9683 9672
f 9683 9658 9672
f 9682 9684 9678
f 9684 9683 9678
f 9685 9681 9679
f 9686 9679 9680
f 9685 9679 9686
f 9686 9680 9687
f 9687 9680 9663
f 9687 9663 9652
f 9688 9681 9685
f 9688 9689 9681
f 9689 9682 9681
f 9689 9690 9682
f 9690 9684 9682
f 9684 9691 9683
f 9683 9692 9658
f 9691 9692 9683
f 9690 9693 9684
f 9693 9691 9684
f 9692 9647 9658
f 9694 9688 9685
f 9695 9685 9686
f 9694 9685 9695
f 9695 9686 9696
f 9696 9686 9687
f 9696 9687 9697
f 9697 9687 9652
f 9697 9652 9641
f 9698 9688 9694
f 9698 9699 9688
f 9699 9689 9688
f 9699 9700 9689
f 9700 9690 9689
f 9700 9701 9690
f 9701 9693 9690
f 9691 9702 9692
f 9692 9703 9647
f 9702 9703 9692
f 9701 9700 9699
f 9703 9636 9647
f 9704 9698 9694
f 9705 9694 9695
f 9704 9694 9705
f 9705 9695 9706
f 9706 9695 9696
f 9706 9696 9707
f 9707 9696 9697
f 9707 9697 9708
f 9708 9697 9641
f 9708 9641 9630
f 9701 9699 9709
f 9710 9699 9698
f 9710 9709 9699
f 9702 9711 9703
f 9703 9712 9636
f 9711 9712 9703
f 9712 9625 9636
f 9713 9704 9705
f 9714 9705 9706
f 9713 9705 9714
f 9714 9706 9715
f 9715 9706 9707
f 9715 9707 9716
f 9716 9707 9708
f 9717 719 9718
f 9717 9718 3933
f 719 9719 3934
f 719 3934 9718
f 720 9720 9721
f 9720 9722 9723
f 9721 9720 9723
f 9723 9722 9724
f 9722 9725 9724
f 9726 9727 9728
f 9728 9729 9719
f 9728 9727 9729
f 9719 9729 9730
f 9719 9730 3934
f 9731 3933 9732
f 3935 9731 9733
f 9731 9732 9733
f 3933 9718 9734
f 3933 9734 9732
f 9718 3934 1447
f 9718 1447 9734
f 3934 9730 9735
f 3934 9735 1447
f 9721 9723 9736
f 9723 9724 9737
f 9736 9723 9737
f 9727 9738 9729
f 9729 1448 9730
f 9729 9738 1448
f 9730 1448 9739
f 9730 9739 9735
f 9733 9732 3936
f 9732 9740 3936
f 9732 9734 9740
f 9734 1447 721
f 9734 721 9740
f 1447 9735 9741
f 1447 9741 721
f 9735 9739 3937
f 9735 3937 9741
f 9741 9740 721
f 1448 9742 9739
f 1448 9743 9742
f 9738 9743 1448
f 9739 9742 9744
f 9739 9744 3937
f 9741 9745 9740
f 3937 9745 9741
f 9740 9745 9746
f 9740 9746 3936
f 3937 1449 9745
f 9744 1449 3937
f 9745 1449 3938
f 9745 3938 9746
f 9747 9746 3938
f 3936 9746 9747
f 9743 9748 9742
f 9742 722 9744
f 9742 9748 722
f 9744 9749 1449
f 1450 9744 722
f 1450 9749 9744
f 9748 1450 722
f 1449 9749 9750
f 1449 9750 3938
f 9750 9751 3938
f 9747 3938 9751
f 3939 9750 9749
f 3939 9749 1450
f 9752 3939 1450
f 9748 9752 1450
f 9750 9753 9751
f 9754 9750 3939
f 9754 9753 9750
f 3940 9747 9751
f 9753 3940 9751
f 9752 9755 3939
f 9755 9754 3939
f 3941 9752 9748
f 9743 3941 9748
f 9756 9755 9752
f 3941 9756 9752
f 9753 9757 3940
f 3942 9753 9754
f 3942 9757 9753
f 9755 9758 9754
f 9758 3942 9754
f 3943 9758 9755
f 9756 3943 9755
f 9759 3941 9743
f 9759 1451 3941
f 1451 9756 3941
f 1451 9760 9756
f 9760 3943 9756
f 9738 9759 9743
f 9761 3940 9757
f 1452 9757 3942
f 1452 9761 9757
f 9758 9762 3942
f 9762 1452 3942
f 9763 9762 9758
f 3943 9763 9758
f 9760 9764 3943
f 9764 9763 3943
f 9765 9759 9738
f 9765 9766 9759
f 9766 1451 9759
f 9766 9767 1451
f 9767 9760 1451
f 9767 723 9760
f 723 9764 9760
f 9727 9765 9738
f 9763 3944 9762
f 3944 9768 9762
f 9762 9768 1452
f 9764 9769 9763
f 9769 3944 9763
f 723 9770 9764
f 9770 9769 9764
f 9771 9765 9727
f 9771 9772 9765
f 9772 9766 9765
f 9772 9773 9766
f 9773 9767 9766
f 9773 9774 9767
f 9774 723 9767
f 9774 9775 723
f 9775 9770 723
f 9726 9771 9727
f 3944 9776 9768
f 9777 9776 3944
f 9769 9777 3944
f 9770 9778 9769
f 9778 9777 9769
f 9775 9779 9770
f 9779 9778 9770
f 724 9771 9726
f 724 725 9771
f 725 9772 9771
f 725 3945 9772
f 3945 9773 9772
f 3945 726 9773
f 726 9774 9773
f 726 727 9774
f 727 9775 9774
f 727 9780 9775
f 9780 9779 9775
f 9781 724 9726
f 9778 9782 9777
f 9777 9783 9776
f 9782 9783 9777
f 9779 9784 9778
f 9784 9782 9778
f 9780 9785 9779
f 9785 9784 9779
f 9786 724 9781
f 9786 1453 724
f 1453 725 724
f 1453 1454 725
f 1454 3945 725
f 1454 1455 3945
f 1455 726 3945
f 1455 1456 726
f 1456 727 726
f 1456 1457 727
f 1457 9780 727
f 1457 9787 9780
f 9787 9785 9780
f 1458 9786 9781
f 9784 9788 9782
f 9782 728 9783
f 9788 728 9782
f 9785 9789 9784
f 9789 9788 9784
f 9787 1459 9785
f 1459 9789 9785
f 9790 9786 1458
f 9790 9791 9786
f 9791 1453 9786
f 9791 9792 1453
f 9792 1454 1453
f 9792 9793 1454
f 9793 1455 1454
f 9793 9794 1455
f 9794 1456 1455
f 9794 9795 1456
f 9795 1457 1456
f 9795 9796 1457
f 9796 9787 1457
f 9796 9797 9787
f 9797 1459 9787
f 9798 9790 1458
f 1459 9799 9789
f 9789 9800 9788
f 9799 9800 9789
f 9797 9801 1459
f 9801 9799 1459
f 3946 9790 9798
f 3946 9802 9790
f 9802 9791 9790
f 9802 3947 9791
f 3947 9792 9791
f 3947 3948 9792
f 3948 9793 9792
f 3948 9803 9793
f 9803 9794 9793
f 9803 3949 9794
f 3949 9795 9794
f 3949 9804 9795
f 9804 9796 9795
f 9804 3950 9796
f 3950 9797 9796
f 3950 3951 9797
f 3951 9801 9797
f 9801 9805 9799
f 9799 1460 9800
f 9805 1460 9799
f 3951 9806 9801
f 9806 9805 9801
f 9806 3952 9805
f 9805 9807 1460
f 3952 9807 9805
f 3952 9808 9807
f 9808 9809 9807
f 9807 9810 1460
f 9807 9809 9810
f 9808 3953 9809
f 3953 9811 9809
f 9809 1461 9810
f 9809 9811 1461
f 1460 9810 9812
f 1460 9812 9800
f 9810 1461 720
f 9810 720 9812
f 9800 9812 9813
f 9812 9721 9813
f 9812 720 9721
f 9800 9813 9788
f 9788 9813 728
f 9813 9736 728
f 9813 9721 9736
f 728 9736 1462
f 728 1462 9783
f 9736 9737 1462
f 9783 1462 3954
f 1462 9814 3954
f 1462 9737 9814
f 9783 3954 9776
f 3954 9814 9815
f 9776 3954 9816
f 3954 9815 9816
f 9814 9817 9815
f 9814 1463 9817
f 9737 1463 9814
f 9737 9724 1463
f 9776 9816 9768
f 9716 9708 9818
f 9818 9708 9630
f 9818 9630 9619
f 9711 9819 9712
f 9712 9820 9625
f 9819 9820 9712
f 9820 9614 9625
f 9821 9713 9714
f 9822 9714 9715
f 9821 9714 9822
f 9822 9715 9823
f 9823 9715 9716
f 9823 9716 9824
f 9824 9716 9818
f 9824 9818 9825
f 9825 9818 9619
f 9825 9619 9608
f 9819 9826 9820
f 9820 9827 9614
f 9826 9827 9820
f 9827 9607 9614
f 9828 9821 9822
f 9829 9822 9823
f 9828 9822 9829
f 9829 9823 9830
f 9830 9823 9824
f 9830 9824 9831
f 9831 9824 9825
f 9831 9825 9832
f 9832 9825 9608
f 9832 9608 9595
f 9826 9833 9827
f 9827 9834 9607
f 9833 9834 9827
f 9834 9601 9607
f 9835 9828 9829
f 9836 9829 9830
f 9835 9829 9836
f 9836 9830 9837
f 9837 9830 9831
f 9837 9831 9838
f 9838 9831 9832
f 9838 9832 9839
f 9839 9832 9595
f 9839 9595 9588
f 9833 9840 9834
f 9834 9841 9601
f 9840 9841 9834
f 9841 9602 9601
f 9842 9835 9836
f 9843 9836 9837
f 9842 9836 9843
f 9843 9837 9844
f 9844 9837 9838
f 9844 9838 9845
f 9845 9838 9839
f 9845 9839 9846
f 9846 9839 9588
f 9846 9588 9589
f 9602 9846 9589
f 9841 9847 9602
f 9847 9846 9602
f 9847 9845 9846
f 9848 9844 9845
f 9848 9845 9847
f 9840 9849 9841
f 9849 9847 9841
f 9849 9848 9847
f 9850 9843 9844
f 9850 9844 9848
f 9851 9842 9843
f 9851 9843 9850
f 9852 9850 9848
f 9852 9848 9849
f 9853 9851 9850
f 9853 9850 9852
f 9851 9854 9842
f 9851 9855 9854
f 9853 9855 9851
f 9856 9853 9852
f 9853 9856 9855
f 9856 9852 9857
f 9857 9852 9849
f 9857 9849 9840
f 9858 9854 9855
f 9859 9855 9856
f 9858 9855 9859
f 9860 9856 9857
f 9859 9856 9860
f 9860 9857 9861
f 9861 9857 9840
f 9861 9840 9833
f 9862 9858 9859
f 9863 9859 9860
f 9862 9859 9863
f 9864 9860 9861
f 9863 9860 9864
f 9864 9861 9865
f 9865 9861 9833
f 9866 9864 9865
f 9866 9863 9864
f 9865 9833 9826
f 9866 9865 9867
f 9867 9865 9826
f 9868 9858 9862
f 9869 9862 9863
f 9869 9868 9862
f 9869 9863 9870
f 9866 9870 9863
f 9871 9866 9867
f 9866 9872 9870
f 9866 9871 9872
f 9873 9869 9870
f 9873 9870 9872
f 9869 9710 9868
f 9873 9710 9869
f 9867 9826 9819
f 9871 9867 9874
f 9874 9867 9819
f 9875 9871 9874
f 9875 9872 9871
f 9876 9873 9872
f 9875 9876 9872
f 9876 9875 9877
f 9875 9874 9877
f 9877 9874 9711
f 9874 9819 9711
f 9876 9878 9873
f 9873 9878 9701
f 9873 9709 9710
f 9873 9701 9709
f 9878 9876 9879
f 9876 9877 9879
f 9879 9877 9702
f 9877 9711 9702
f 9701 9878 9693
f 9878 9879 9693
f 9693 9879 9691
f 9879 9702 9691
f 9868 9710 9698
f 9868 9698 9704
f 9713 9868 9704
f 9713 9880 9868
f 9868 9880 9858
f 9880 9854 9858
f 9880 9881 9854
f 9713 9881 9880
f 9713 9821 9881
f 9842 9854 9881
f 9842 9881 9835
f 9881 9828 9835
f 9881 9821 9828
f 9882 3955 9883
f 9882 9883 9884
f 3956 9882 9884
f 3955 9885 9883
f 3955 3957 9885
f 9884 9883 1464
f 9883 9886 1464
f 9883 9885 9886
f 3956 9884 9887
f 9887 9884 1465
f 9884 1464 1465
f 9888 3956 9887
f 3957 9889 9885
f 9885 1466 9886
f 9885 9889 1466
f 3957 9890 9889
f 1465 1464 729
f 1464 9891 729
f 1464 9886 9891
f 9886 1466 9892
f 9886 9892 9891
f 9888 9887 9893
f 9887 1465 1467
f 9893 9887 1467
f 1465 729 730
f 1467 1465 730
f 3958 9888 9893
f 9890 9798 9889
f 9889 9894 1466
f 9889 9798 9894
f 1466 9894 9895
f 1466 9895 9892
f 9890 3946 9798
f 730 729 9896
f 729 9897 9896
f 729 9891 9897
f 9891 9892 9898
f 9891 9898 9897
f 9892 9895 9899
f 9892 9899 9898
f 3958 9893 9811
f 9893 1467 1468
f 9811 9893 1468
f 1468 1467 3959
f 1467 730 3959
f 730 9896 9900
f 3959 730 9900
f 3953 3958 9811
f 9798 1458 9894
f 9894 9901 9895
f 9894 1458 9901
f 9895 9901 9902
f 9895 9902 9899
f 9900 9896 9903
f 9896 3960 9903
f 9896 9897 3960
f 9897 9898 9904
f 9897 9904 3960
f 9898 9899 9905
f 9898 9905 9904
f 9899 9902 9906
f 9899 9906 9905
f 9811 1468 1461
f 1468 3959 731
f 1461 1468 731
f 731 3959 9907
f 3959 9900 9907
f 9900 9903 9908
f 9907 9900 9908
f 1458 9781 9901
f 9901 9909 9902
f 9901 9781 9909
f 9902 9909 3961
f 9902 3961 9906
f 9908 9903 9910
f 9903 732 9910
f 9903 3960 732
f 3960 9904 9911
f 3960 9911 732
f 9904 9905 9912
f 9904 9912 9911
f 9905 9906 9717
f 9905 9717 9912
f 9906 3961 719
f 9906 719 9717
f 1461 731 720
f 731 9907 9720
f 720 731 9720
f 9720 9907 9722
f 9907 9908 9722
f 9908 9910 9725
f 9722 9908 9725
f 9781 9726 9909
f 9909 9728 3961
f 9909 9726 9728
f 3961 9728 9719
f 3961 9719 719
f 9910 732 9913
f 732 3935 9913
f 732 9911 3935
f 9911 9912 9731
f 9911 9731 3935
f 9912 9717 3933
f 9912 3933 9731
f 9815 9817 3962
f 9816 9815 9914
f 9815 3962 9914
f 9768 9816 733
f 9816 9914 733
f 1463 9915 9817
f 9817 9916 3962
f 9817 9915 9916
f 1463 9917 9915
f 9724 9917 1463
f 9914 1452 733
f 9768 733 1452
f 3962 9761 9914
f 9914 9761 1452
f 3962 1469 9761
f 9916 1469 3962
f 9724 9725 9917
f 9917 1470 9915
f 9915 734 9916
f 9915 1470 734
f 9916 9918 1469
f 734 9918 9916
f 9917 3963 1470
f 9725 3963 9917
f 734 9919 9918
f 1470 9919 734
f 3963 9920 1470
f 1470 9920 9919
f 9761 1469 3940
f 1469 9918 9921
f 1469 9921 3940
f 9918 9919 3964
f 9918 3964 9921
f 9920 3964 9919
f 9725 9910 3963
f 3963 9913 9920
f 9910 9913 3963
f 3940 9921 9747
f 9747 9921 3964
f 9920 9913 3935
f 9920 9922 3964
f 9920 3935 9922
f 9747 3964 9923
f 9922 9923 3964
f 3935 9733 9922
f 9922 9733 9923
f 3936 9747 9923
f 9733 3936 9923
f 9924 3965 9925
f 9924 9925 9926
f 3966 9924 9926
f 9925 3967 9926
f 9925 3968 3967
f 9927 9926 3967
f 9927 9928 9926
f 3966 9926 9928
f 3969 3966 9928
f 9929 9928 9927
f 3969 9928 9929
f 3967 9930 9927
f 3967 9931 9930
f 3968 9931 3967
f 9929 9927 3970
f 9930 3970 9927
f 3968 9932 9931
f 9930 9933 3970
f 3971 9930 9931
f 3972 9930 3971
f 3972 9933 9930
f 3971 9931 9934
f 9931 3973 9934
f 9931 9932 3973
f 9934 9935 3971
f 9935 3972 3971
f 9935 9936 3972
f 9934 9937 9935
f 9934 9938 9937
f 9934 3973 9938
f 9937 3974 9935
f 3974 9936 9935
f 9937 9939 3974
f 9938 9939 9937
f 3974 3975 9936
f 9939 9940 3974
f 9940 3975 3974
f 9938 3976 9939
f 9939 9941 9940
f 9939 9942 9941
f 9939 3976 9942
f 9940 9943 3975
f 9941 9944 9940
f 9943 9940 9944
f 9941 3977 9944
f 9942 3977 9941
f 9942 3978 3977
f 9943 9944 3979
f 3977 9945 9944
f 9945 3979 9944
f 3977 9946 9945
f 3978 9946 3977
f 3978 9947 9946
f 9945 9948 3979
f 9946 3980 9945
f 3980 9948 9945
f 9946 9949 3980
f 9946 3981 9949
f 9946 9947 3981
f 3980 3982 9948
f 9950 3980 9949
f 9951 3980 9950
f 9951 3982 3980
f 9950 9949 9952
f 3981 9952 9949
f 3981 9953 9952
f 9954 9950 9952
f 3983 9950 9954
f 3983 9951 9950
f 9954 9952 3984
f 9952 3985 3984
f 9952 9953 3985
f 3984 9955 9954
f 9955 3983 9954
f 9955 3986 3983
f 3984 3987 9955
f 3984 3988 3987
f 3984 3985 3988
f 3989 9955 3987
f 3990 9955 3989
f 3990 3986 9955
f 3989 3987 9956
f 3988 9956 3987
f 9957 3989 9956
f 9957 3990 3989
f 3988 3991 9956
f 9957 9958 3990
f 9957 9956 9959
f 9960 9956 3991
f 9960 9959 9956
f 3992 9957 9959
f 9957 3993 9958
f 9957 3992 3993
f 3994 9959 9960
f 3994 9961 9959
f 3992 9959 9961
f 3995 3992 9961
f 3992 3996 3993
f 3992 3995 3996
f 9962 9961 3994
f 3995 9961 9962
f 9962 3994 3997
f 9963 3995 9962
f 3995 9964 3996
f 3995 9963 9964
f 9965 9962 3997
f 9963 9962 9965
f 9965 3997 9966
f 3998 9965 9966
f 3998 9963 9965
f 9963 3999 9964
f 9963 9967 3999
f 3998 9967 9963
f 3998 9966 4000
f 3998 4000 9968
f 9967 3998 9969
f 3998 9968 9969
f 9970 3999 9967
f 9970 9967 9971
f 9967 9969 9971
f 9969 9968 4001
f 9969 4001 9972
f 9971 9969 9972
f 4002 9970 9971
f 4002 9971 4003
f 9971 9972 4003
f 9972 9973 4003
f 9972 9974 9973
f 4001 9974 9972
f 9975 4002 4003
f 9975 4003 9973
f 4004 9975 9973
f 9974 4004 9973
f 9976 4004 9974
f 4001 9976 9974
f 4005 4006 4007
f 4005 4007 4008
f 4005 4008 9977
f 4005 9977 9978
f 9977 4009 9978
f 9977 4010 4009
f 4011 4012 4013
f 4011 4013 4014
f 9979 4011 4014
f 4013 4015 4014
f 4014 4015 9980
f 9979 4014 9980
f 4015 4016 9980
f 4016 9979 9980
f 4016 4017 9979
f 4018 4019 4020
f 4018 4020 9981
f 4021 4018 9981
f 9981 4020 9982
f 9981 9982 4022
f 4021 9981 4023
f 9981 9983 4023
f 9981 4022 9983
f 4023 4024 4021
f 9982 9984 4022
f 4022 9985 9983
f 4022 9984 9985
f 4023 9983 9986
f 4023 4025 4024
f 4023 9986 4025
f 9987 9986 9983
f 9987 9983 9985
f 4026 9987 9985
f 9984 4026 9985
f 9988 4026 9984
f 9982 9988 9984
f 4025 4027 4024
f 9986 9987 9989
f 4025 9986 9990
f 9986 9989 9990
f 4025 4028 4027
f 4025 9990 4028
f 9987 4029 9989
f 9987 4030 4029
f 4026 4030 9987
f 4031 4030 4026
f 9988 4032 4026
f 4031 4026 4032
f 4031 4029 4030
f 9990 4033 4028
f 4033 4027 4028
f 4033 4034 4027
f 9990 9989 9991
f 9989 4035 9991
f 9989 4029 4035
f 9990 9991 9992
f 9990 9992 4033
f 4031 4036 4029
f 4036 4035 4029
f 4031 4037 4036
f 4031 4038 4037
f 4032 4038 4031
f 4039 9991 4035
f 4036 4039 4035
f 4037 4039 4036
f 4039 9993 9991
f 9993 9992 9991
f 9993 9994 9992
f 9994 4033 9992
f 4040 4034 4033
f 9994 4041 4033
f 4040 4033 4041
f 4037 4042 4039
f 4039 4042 9995
f 4039 9995 9993
f 9993 9995 4043
f 9993 4043 9994
f 9994 4043 4044
f 4044 4041 9994
f 4044 9996 4041
f 9996 4040 4041
f 9996 4045 4040
f 4032 4046 4038
f 9997 4046 4032
f 9997 4032 9988
f 9982 9997 9988
f 9982 4047 9997
f 9998 9999 4048
f 9998 10000 9999
f 4049 10000 9998
f 9999 10000 4050
f 9999 4050 4051
f 10001 4050 10000
f 4049 10002 10000
f 10001 10000 10002
f 4052 10002 4049
f 10003 10001 10002
f 4052 10003 10002
f 4050 10001 10004
f 4051 4050 10005
f 4050 10004 10005
f 10003 4053 10001
f 10004 10001 4053
f 4051 10005 10006
f 10004 4053 10007
f 10008 10005 10004
f 4054 10004 10007
f 4054 10008 10004
f 10008 4055 10005
f 10005 4056 10006
f 10005 4055 4056
f 4055 10008 10009
f 10009 10008 4054
f 10009 4054 10010
f 4055 10009 10011
f 4055 10012 4056
f 4055 10011 10012
f 10011 10009 4057
f 4057 10009 10010
f 10011 4057 10013
f 10012 10011 10013
f 4057 10010 4058
f 10013 4057 10014
f 10014 4057 4058
f 10012 10013 4059
f 10013 10014 10015
f 10013 10016 4059
f 10013 10015 10016
f 10014 4058 10017
f 10015 10014 10018
f 10017 10018 10014
f 10015 10018 4060
f 10016 10015 4060
f 10016 4060 4061
f 10017 4062 10018
f 4060 10018 10019
f 10019 10018 4062
f 4060 10019 10020
f 4061 4060 10020
f 4061 10020 10021
f 10019 4062 10022
f 10020 10019 4063
f 4063 10019 10022
f 10020 4063 10023
f 10020 4064 10021
f 10020 10023 4064
f 4063 10022 4065
f 10024 10023 4063
f 10025 4063 4065
f 10025 10024 4063
f 10024 10026 10023
f 4064 10023 10026
f 4064 10026 10027
f 10028 10026 10024
f 4066 10024 10025
f 4066 10028 10024
f 10028 4067 10026
f 10026 4068 10027
f 10026 4067 4068
f 4067 10028 4069
f 4069 10028 4066
f 4069 4066 4070
f 4067 4069 10029
f 4067 4071 4068
f 4067 10029 4071
f 4072 10029 4069
f 4073 4069 4070
f 4073 4072 4069
f 4072 10030 10029
f 4071 10029 10030
f 10031 10030 4072
f 10031 4072 4073
f 4071 10030 4074
f 10031 4073 10032
f 10031 10033 10030
f 10034 10030 10033
f 10034 4074 10030
f 10035 10033 10031
f 10031 4075 10035
f 10031 10032 4075
f 4076 10034 10033
f 10035 4077 10033
f 4076 10033 4077
f 4078 4077 10035
f 10035 4079 4078
f 10035 4075 4079
f 10036 4076 4077
f 4078 10036 4077
f 10036 4080 4076
f 10037 10036 4078
f 4078 10038 10037
f 4078 4079 10038
f 10039 4080 10036
f 10037 10039 10036
f 10039 10040 4080
f 4081 10040 10039
f 4081 10039 10037
f 10037 10038 4082
f 4081 10037 10041
f 10037 4082 10041
f 4081 4083 10040
f 4081 10042 4083
f 4081 10043 10042
f 10041 10043 4081
f 10044 10041 4082
f 10044 10045 10041
f 10041 10045 10043
f 10043 4084 10042
f 10043 4085 4084
f 10045 4085 10043
f 4086 10045 10044
f 4086 10046 10045
f 10045 10046 4085
f 4085 10046 10047
f 4084 4085 10048
f 4085 10047 10048
f 10049 10047 10046
f 10049 10046 4086
f 4087 10047 10049
f 10048 10047 4087
f 10050 10048 4087
f 4084 10048 10050
f 4088 4089 4090
f 4088 4091 4089
f 4088 10051 4091
f 4088 10052 10051
f 10051 10052 4092
f 10051 4092 4093
f 10053 4094 4095
f 10053 4096 4094
f 4097 4096 10053
f 4094 4096 4098
f 4096 10054 4098
f 4097 10054 4096
f 4098 10054 4099
f 4099 10054 4097
f 4099 4097 4100
f 4101 4102 4103
f 4101 10055 4102
f 4104 10055 4101
f 10055 10056 4102
f 10055 4105 10056
f 4104 4106 10055
f 10055 10057 4105
f 10055 4106 10057
f 4106 4104 4107
f 10056 4105 10058
f 4105 10059 10058
f 4105 10057 10059
f 4106 10060 10057
f 4106 4108 10060
f 4106 4107 4108
f 10061 10059 10057
f 10061 10057 10060
f 4109 10059 10061
f 10058 10059 4109
f 10062 10058 4109
f 10056 10058 10062
f 4108 4107 4110
f 10060 10063 10061
f 10060 10064 10063
f 4108 10064 10060
f 4108 4110 4111
f 4108 4111 10064
f 10061 10063 4112
f 4109 10061 4113
f 10061 4112 4113
f 4114 4109 4113
f 4114 4115 4109
f 10062 4109 4115
f 4114 4113 4112
f 10064 4111 4116
f 4116 4111 4110
f 4116 4110 4117
f 10064 10065 10063
f 10063 4118 4112
f 10063 10065 4118
f 10064 10066 10065
f 10064 4116 10066
f 4114 4112 4119
f 4119 4112 4118
f 4114 4119 4120
f 4115 4114 4121
f 4114 4120 4121
f 4122 4118 10065
f 4119 4118 4122
f 4120 4119 4122
f 4122 10065 10067
f 10067 10065 10066
f 10067 10066 10068
f 10068 10066 4116
f 4123 4116 4117
f 4123 4124 4116
f 10068 4116 4124
f 4120 4122 4125
f 4122 10067 10069
f 4122 10069 4125
f 10067 10068 4126
f 10067 4126 10069
f 10068 10070 4126
f 10070 10068 4124
f 10070 4124 4127
f 4127 4124 4123
f 4127 4123 4128
f 4115 4121 4129
f 10071 4115 4129
f 10071 10062 4115
f 10056 10062 10071
f 10056 10071 4130
f 10072 4131 10073
f 4132 10072 10074
f 10074 1471 10075
f 4132 10074 10075
f 1471 10076 10075
f 4132 10075 10076
f 10077 4133 4131
f 10077 4131 10078
f 10078 4131 10072
f 10078 10072 10079
f 10080 10072 4132
f 10080 10079 10072
f 10080 4132 10081
f 4132 10076 10081
f 4134 10077 10078
f 4134 10078 10079
f 4134 4135 10077
f 4134 10079 10082
f 4136 10079 10080
f 4136 10082 10079
f 4136 10083 10082
f 10083 4134 10082
f 1472 4135 4134
f 10083 1472 4134
f 10084 4136 10080
f 10080 10081 10085
f 10084 10080 10085
f 10084 1473 4136
f 4136 1473 10083
f 1472 735 4135
f 735 1472 10083
f 735 10083 10086
f 10083 1474 10086
f 10083 1473 1474
f 10084 10087 1473
f 10087 1474 1473
f 10084 1475 10087
f 10084 4137 1475
f 4137 10084 10085
f 10087 10088 1474
f 1476 10088 10087
f 1476 10087 1475
f 1475 4137 10089
f 1476 1475 10090
f 1475 10089 10090
f 4137 10085 10091
f 10089 4137 10091
f 1476 10090 10092
f 1477 10090 10089
f 10090 736 10092
f 10090 1477 736
f 1477 10089 4138
f 1477 4139 736
f 1477 4138 4139
f 10093 4138 10089
f 10089 10091 10094
f 10093 10089 10094
f 4139 4138 10093
f 4139 10093 4140
f 10094 4141 10093
f 4140 10093 4141
f 10091 10095 10094
f 10094 10095 4141
f 10095 10096 4141
f 4140 4141 10096
f 10091 4142 10095
f 10085 4142 10091
f 4142 10097 10095
f 10095 10097 10096
f 4140 10096 10098
f 10085 10081 4142
f 4142 10099 10097
f 10081 10099 4142
f 1478 10097 10099
f 1478 10100 10097
f 10100 10096 10097
f 10100 1479 10096
f 10096 1480 10098
f 10096 1479 1480
f 10081 10076 10099
f 10101 1478 10099
f 10101 10099 10076
f 737 1480 1479
f 4143 1479 10100
f 737 1479 4143
f 4143 10100 10102
f 10100 4144 10102
f 10100 1478 4144
f 4144 1478 10103
f 1481 1478 10101
f 1481 10103 1478
f 1481 10101 1471
f 1471 10101 10076
f 4143 10102 10104
f 10104 10102 4144
f 737 4143 1482
f 4143 10104 1482
f 10105 10103 1481
f 4144 10103 10105
f 737 1482 1483
f 10104 4144 1484
f 4144 10106 1484
f 4144 10105 10106
f 10104 10107 1482
f 10107 1483 1482
f 1484 10108 10104
f 10104 10108 10107
f 10105 1481 4145
f 1485 10106 10105
f 1485 10105 4145
f 1484 10106 1485
f 10107 10109 1483
f 1484 1485 10110
f 1484 10111 10108
f 10110 10111 1484
f 4146 10108 10111
f 4146 10112 10108
f 10112 10107 10108
f 10112 4147 10107
f 4148 10107 4147
f 4148 10109 10107
f 738 1485 4145
f 1485 1486 10110
f 10110 10113 10111
f 1486 10113 10110
f 10114 4146 10111
f 10114 10111 10113
f 739 1485 738
f 739 1487 1485
f 1485 1487 1486
f 10115 4146 10114
f 10115 10116 4146
f 10116 10112 4146
f 10116 10117 10112
f 10117 4147 10112
f 10117 10118 4147
f 4148 4147 10118
f 4149 4148 10118
f 1486 10119 10113
f 4150 10113 10119
f 4150 10114 10113
f 10120 10115 10114
f 10120 10114 4150
f 10118 10117 10121
f 10121 10117 10116
f 4151 10116 10115
f 10121 10116 4151
f 10122 10115 10120
f 4151 10115 10122
f 4149 10118 4152
f 10118 10121 4152
f 10122 1488 4151
f 1488 10121 4151
f 10120 4150 10123
f 4150 10124 10123
f 4150 10119 10124
f 10124 10119 1486
f 1489 4152 10121
f 1489 4149 4152
f 1489 10121 10125
f 1488 10125 10121
f 10122 10120 4153
f 10120 10123 10126
f 4153 10120 10126
f 10122 10127 1488
f 10122 1490 10127
f 10122 4153 1490
f 1491 1488 10127
f 1491 10125 1488
f 10123 10124 10128
f 10124 1486 10129
f 10128 10124 10129
f 10130 10126 10123
f 10123 10128 4154
f 10130 10123 4154
f 10125 1492 1489
f 10125 10131 1492
f 1491 10131 10125
f 1489 1492 4149
f 4153 10132 1490
f 4153 10133 10132
f 4153 10126 10133
f 4155 10133 10126
f 4155 10126 10130
f 10127 1490 1493
f 10132 1493 1490
f 4155 10130 10134
f 10134 10130 4154
f 10134 4154 4156
f 4156 4154 10128
f 10132 10133 4155
f 10132 4155 1494
f 1494 4155 4157
f 4155 10134 4157
f 740 10132 1494
f 740 10135 10132
f 10132 10135 1493
f 1494 4157 740
f 10127 1493 10136
f 1491 10127 10136
f 4156 10128 10137
f 1495 10137 10128
f 1495 10128 1496
f 10128 10129 1496
f 4158 1495 1496
f 4158 1496 4159
f 4159 1496 10129
f 741 4158 4159
f 4159 10129 10138
f 741 4159 1497
f 1497 4159 10138
f 10138 10129 1486
f 10138 1486 4160
f 1497 10138 10139
f 10139 10138 4160
f 10140 1497 10139
f 741 1497 10140
f 741 10140 10141
f 1487 4160 1486
f 4160 1487 1498
f 10139 4160 1499
f 4160 1498 1499
f 10139 1499 10142
f 10140 10139 10143
f 10139 10142 10143
f 1499 1498 10144
f 10142 1499 10144
f 10143 4161 10140
f 10140 4162 10141
f 10140 4161 4162
f 739 1498 1487
f 1500 1498 739
f 10144 1498 1500
f 4163 10143 10142
f 4163 10145 10143
f 10143 10145 4161
f 10146 4163 10142
f 10142 10144 10147
f 10146 10142 10147
f 10144 1500 1501
f 10147 10144 1501
f 1502 4162 4161
f 10148 4161 10145
f 10148 1502 4161
f 1503 10148 10145
f 1503 10145 4163
f 10149 1503 4163
f 10149 4163 10146
f 1502 1504 4162
f 1500 739 742
f 10150 1504 1502
f 10150 1502 10148
f 10150 10148 1503
f 1505 10149 10146
f 4164 10146 10147
f 1505 10146 4164
f 1506 1507 1508
f 1506 1508 1509
f 1508 1510 1509
f 1508 1511 1510
f 4165 1509 1510
f 1509 4165 1512
f 1506 1509 1512
f 4165 1510 1513
f 1506 1512 10151
f 1510 10152 1513
f 1506 10151 4166
f 1510 4167 10152
f 10153 1506 4166
f 1510 1514 4167
f 1514 1510 10154
f 10154 1510 1515
f 1515 1510 10155
f 1516 10155 1510
f 1506 10153 4168
f 1506 4168 1517
f 1506 1517 10156
f 1506 10156 1518
f 1506 1518 10157
f 1506 10157 4169
f 1506 4169 1519
f 1519 4170 1506
f 1506 4170 10158
f 1516 1510 10159
f 1506 10158 4171
f 1510 1520 10159
f 1506 4171 10160
f 1520 1510 4172
f 1520 4172 4173
f 10161 4173 4172
f 1510 4174 4172
f 10161 4172 4174
f 1510 4175 4174
f 1510 1511 4175
f 4174 1521 10161
f 4174 4175 4176
f 4174 4176 1521
f 1522 4176 4175
f 1522 4175 4177
f 4175 1523 4177
f 4175 1511 1523
f 4177 10162 1522
f 4178 4177 1523
f 4178 10162 4177
f 1511 1524 1523
f 1511 1525 1524
f 4178 4179 10162
f 4178 10163 4179
f 4180 10163 4178
f 4178 1526 4180
f 4178 10164 1526
f 1527 10164 4178
f 1527 4178 1523
f 10165 1527 1523
f 1523 1524 4181
f 4181 1528 1523
f 1528 10165 1523
f 1525 4182 1524
f 4182 1529 1524
f 4181 1524 10166
f 10166 1524 1529
f 4181 10167 1528
f 4181 10166 4183
f 4184 4181 4183
f 4184 10167 4181
f 4182 4185 1529
f 4184 1530 10167
f 4182 1531 4185
f 4182 1532 1531
f 1525 1532 4182
f 10168 1531 1532
f 1533 1532 1525
f 1533 1534 1532
f 1534 4186 1532
f 4186 10168 1532
f 4186 4187 10168
f 4188 4187 4186
f 4186 1535 4188
f 4186 10169 1535
f 1534 10169 4186
f 1534 1536 10169
f 1534 10170 1536
f 1534 1537 10170
f 1534 10171 1537
f 1534 4189 10171
f 4189 1534 4190
f 1533 4190 1534
f 10171 4189 4191
f 10171 4191 1538
f 4191 4189 10172
f 4189 4192 10172
f 4189 10173 4192
f 4189 4190 10173
f 4190 1539 10173
f 1539 4190 4193
f 1533 4193 4190
f 1539 4193 4194
f 4195 4194 4193
f 1540 4193 1533
f 1540 4195 4193
f 1540 1533 1541
f 4195 1542 4194
f 4195 10174 1542
f 4196 10174 4195
f 1540 4196 4195
f 4196 4197 10174
f 1543 4197 4196
f 1540 1543 4196
f 1540 10175 1543
f 1544 10175 1540
f 1544 1540 10176
f 1545 10176 1540
f 1540 1541 1546
f 1541 1547 1546
f 1541 1548 1547
f 10177 1545 1540
f 1546 1547 1549
f 1546 1549 4198
f 1540 1546 4198
f 1540 1550 10177
f 1549 1547 10178
f 1540 4198 1551
f 1550 1540 4199
f 1540 1551 10179
f 4199 1540 10179
f 1547 4200 10178
f 1547 10180 4200
f 1547 4201 10180
f 1547 1552 4201
f 1547 10181 1552
f 1547 1553 10181
f 1553 1547 10182
f 10182 1547 4202
f 1554 4202 1547
f 4203 1554 1547
f 4203 1547 10183
f 10183 1547 4204
f 4204 1547 10184
f 10184 1547 1555
f 1556 1506 10160
f 1557 1558 1559
f 1560 1557 1559
f 4205 1560 1559
f 4205 4206 1560
f 4205 4207 4206
f 4205 4208 4207
f 4208 4205 10185
f 1559 10185 4205
f 1561 4207 4208
f 1561 4208 1562
f 4208 10185 10186
f 1562 4208 10186
f 1559 10187 10185
f 10187 1559 1563
f 10185 10187 4209
f 10186 10185 4210
f 10185 4209 4210
f 10187 1563 1564
f 1564 4209 10187
f 1561 1562 4211
f 4211 1562 10188
f 1562 10186 10188
f 10188 10186 4212
f 10186 4210 4212
f 4212 4210 4209
f 4212 4209 10189
f 10189 4209 1565
f 1564 1565 4209
f 1565 1564 10190
f 4211 10188 10191
f 10188 4213 10191
f 10188 4212 4213
f 4214 4213 4212
f 4214 4212 10189
f 10189 1565 10192
f 4214 10189 10192
f 10192 1565 10193
f 1565 10190 10193
f 4211 10191 10194
f 10194 10191 4213
f 10195 4213 4214
f 10194 4213 10195
f 10195 4214 10196
f 10196 4214 1566
f 4214 10192 1566
f 10192 10193 10197
f 1566 10192 10197
f 10194 10195 4215
f 4215 10195 10196
f 10197 10193 10198
f 10199 10193 10190
f 10199 10198 10193
f 10199 10200 10198
f 10197 10198 10200
f 1566 10197 10201
f 10201 10197 10200
f 10202 1566 10201
f 10196 1566 10202
f 4216 10196 10202
f 4215 10196 4216
f 4215 4216 4217
f 10194 4215 10203
f 10203 4215 4217
f 10199 10204 10200
f 10205 10200 10204
f 10201 10200 10205
f 10206 10201 10205
f 10202 10201 10206
f 4216 10202 743
f 743 10202 10206
f 10206 10205 10207
f 10207 10205 10208
f 10205 10204 10208
f 10209 10206 10207
f 743 10206 10209
f 10210 10204 10199
f 4218 10204 10210
f 4218 10208 10204
f 10207 10208 10211
f 10211 10208 4218
f 10209 10207 10212
f 10212 10207 10211
f 4216 743 4219
f 743 10213 4219
f 743 10209 10213
f 10209 10212 10214
f 10209 10214 10213
f 10212 10211 10215
f 10215 10211 10216
f 10211 4218 10216
f 10212 10215 10217
f 10212 10217 10214
f 4218 10210 10218
f 10216 4218 10219
f 4218 10218 10219
f 10213 10214 10220
f 10220 10214 10217
f 10213 10220 10221
f 4219 10213 10221
f 10215 4220 10217
f 10215 4221 4220
f 10215 10216 4221
f 4221 10216 10222
f 10216 10219 10222
f 10217 4220 4222
f 10220 10217 10223
f 10217 4222 10223
f 1567 10221 10220
f 1567 10220 10223
f 10219 10218 10224
f 10222 10219 1568
f 10219 10224 1568
f 4164 10147 10225
f 10147 1501 10225
f 10226 10149 1505
f 1503 10149 10226
f 10150 1503 1569
f 1503 10226 1569
f 10227 4164 10225
f 1501 10227 10225
f 10228 1505 4164
f 1570 1505 10228
f 10226 1505 1570
f 10228 4164 10229
f 10227 10229 4164
f 1570 10228 10230
f 1571 10228 10229
f 10228 744 10230
f 10228 1571 744
f 744 1571 4223
f 1571 10229 4223
f 10231 4223 10229
f 10231 10229 10227
f 744 4223 4224
f 10232 4224 4223
f 10232 4223 10231
f 10231 745 10232
f 10231 1572 745
f 10227 1572 10231
f 1572 4225 745
f 1572 4226 4225
f 10233 4226 1572
f 10227 10233 1572
f 1573 4225 4226
f 10233 10234 4226
f 1573 4226 10234
f 1501 10234 10233
f 1501 10233 10227
f 1573 1574 4225
f 1573 10234 10235
f 1574 1573 10236
f 1573 10237 10236
f 1573 10235 10237
f 10234 1575 10235
f 10237 10235 1575
f 10234 4227 1575
f 1501 4227 10234
f 1501 1500 4227
f 4227 1500 1576
f 4227 1576 1575
f 1574 10236 10238
f 4228 10238 10236
f 4229 10236 10237
f 4228 10236 4229
f 4229 10237 10239
f 10237 1575 10240
f 10239 10237 10240
f 10241 1575 1576
f 10240 1575 10241
f 4228 4229 10242
f 10242 4229 10239
f 4228 10242 10243
f 10242 10239 10244
f 10239 10240 4230
f 4230 10244 10239
f 4230 10240 10245
f 10240 10241 10245
f 1576 1577 10241
f 10241 10246 10245
f 10241 1577 10246
f 4230 10245 10247
f 10247 10245 10246
f 4231 10242 10244
f 10242 4232 10243
f 10242 4231 4232
f 4231 10244 10248
f 4230 10249 10244
f 10249 10248 10244
f 10250 10249 4230
f 10250 4230 10247
f 10250 10247 4233
f 10247 10246 4233
f 4233 10246 10251
f 1577 10251 10246
f 10248 1578 4231
f 1578 4232 4231
f 10250 4234 10249
f 10249 4234 10248
f 10248 10252 1578
f 4234 10252 10248
f 1578 1579 4232
f 10252 1579 1578
f 10250 10253 4234
f 10253 10250 10254
f 10250 4233 10254
f 10254 4233 10255
f 4233 10251 10255
f 4234 1580 10252
f 4234 10256 1580
f 4234 10253 10256
f 10252 1580 1581
f 10252 10257 1579
f 10252 1581 10257
f 10256 1581 1580
f 10253 4235 10256
f 10253 4236 4235
f 10253 10254 4236
f 4236 10254 10258
f 10254 10255 10258
f 10256 10259 1581
f 10256 4237 10259
f 10256 4235 4237
f 10260 4235 4236
f 10260 4237 4235
f 10260 4236 10261
f 4236 10258 10261
f 10261 746 10260
f 10260 746 4237
f 10261 4238 746
f 10258 4238 10261
f 10258 10262 4238
f 10255 10262 10258
f 10255 4239 10262
f 10251 4239 10255
f 10251 10263 4239
f 747 10263 10251
f 747 10251 10264
f 1577 10264 10251
f 1582 747 10264
f 10265 10264 1577
f 1582 10264 10265
f 10265 1577 1583
f 1582 10265 10266
f 1583 10266 10265
f 1582 10266 4240
f 10266 4241 4240
f 10266 10267 4241
f 10266 4242 10267
f 10266 4243 4242
f 1583 4243 10266
f 10268 4241 10267
f 4242 10268 10267
f 10268 1584 4241
f 1577 1585 1583
f 1583 1585 10269
f 10270 4243 1583
f 1583 10269 10270
f 4242 1586 10268
f 10271 1586 4242
f 4243 10271 4242
f 4243 10272 10271
f 10270 10272 4243
f 4244 1584 10268
f 4244 10268 1586
f 4245 10270 10269
f 10269 4246 4245
f 4246 10269 1585
f 10270 4247 10272
f 10270 4248 4247
f 4245 4248 10270
f 4249 10271 10272
f 4249 10272 4247
f 10271 10273 1586
f 10273 10271 4249
f 1586 10273 10274
f 1586 10274 4244
f 10273 4249 4250
f 10274 10273 4250
f 4250 4249 4251
f 4251 4249 4247
f 10275 4247 4248
f 4252 4247 10275
f 4251 4247 4252
f 748 4248 4245
f 748 10275 4248
f 749 4245 4246
f 749 1587 4245
f 748 4245 1587
f 10276 4252 10275
f 748 10276 10275
f 10276 4253 4252
f 4251 4252 4253
f 10274 4250 4254
f 4250 4255 4254
f 4250 4251 4255
f 4251 4253 750
f 4251 10277 4255
f 4251 750 10277
f 4253 10276 10278
f 10276 748 10278
f 4253 10278 10279
f 750 4253 10279
f 748 10280 10278
f 748 10281 10280
f 1587 10281 748
f 10279 10278 10280
f 10282 1587 749
f 4255 10277 1588
f 4254 4255 4256
f 4255 1588 4256
f 750 10279 10283
f 750 10284 10277
f 750 10283 10284
f 10277 10284 10285
f 10277 10285 1588
f 10283 10279 10286
f 10279 10280 10286
f 10280 10281 10287
f 10280 10287 10286
f 4256 1588 10288
f 1588 10289 10288
f 1588 10285 10289
f 10283 10286 10290
f 10290 10286 10287
f 10283 10290 10291
f 10283 10291 10284
f 10284 10291 10292
f 10284 10292 10285
f 10285 10292 10293
f 10285 10293 10289
f 10289 10293 10294
f 10288 10289 10295
f 10289 10294 10295
f 10296 10295 10294
f 10296 10294 10293
f 10292 10297 10293
f 10296 10293 10297
f 10292 10298 10297
f 10291 10298 10292
f 10290 10299 10291
f 10291 10299 10298
f 10290 10287 10300
f 10290 10300 10299
f 10288 10295 1589
f 1589 10295 10301
f 10296 10301 10295
f 10296 4257 10301
f 10296 4258 4257
f 10297 4258 10296
f 10302 10297 10298
f 10297 10302 4258
f 10302 10298 4259
f 10299 4259 10298
f 10300 10303 10299
f 10299 10303 4259
f 10302 4259 10304
f 10303 10304 4259
f 1589 10301 1590
f 4258 10305 4257
f 4258 10306 10305
f 10302 10306 4258
f 10302 10304 10307
f 10302 10307 10306
f 10300 4260 10303
f 4260 10308 10303
f 10303 10308 10304
f 10307 10304 1591
f 10308 1591 10304
f 4222 751 10223
f 751 1567 10223
f 4220 10309 4222
f 10309 751 4222
f 4220 10310 10309
f 4221 10310 4220
f 4221 10311 10310
f 4221 10222 10311
f 10311 10222 10312
f 10222 1568 10312
f 10310 1592 10309
f 10310 4261 1592
f 10311 4261 10310
f 10311 752 4261
f 10311 10312 752
f 10309 10313 751
f 753 10309 1592
f 753 10313 10309
f 10313 754 751
f 10313 10314 754
f 753 10314 10313
f 754 4262 751
f 1567 751 4262
f 753 755 10314
f 754 4263 4262
f 1567 4262 4264
f 4262 10315 4264
f 4262 10316 10315
f 4263 10316 4262
f 10315 4265 4264
f 10317 4264 4265
f 1567 4264 10317
f 1593 10316 4263
f 1594 10316 1593
f 1594 10315 10316
f 1593 4263 756
f 10315 1594 4266
f 10315 10318 4265
f 10315 4266 10318
f 1595 1594 1593
f 756 1596 1593
f 1595 1593 1596
f 1597 1594 1595
f 1594 4267 4266
f 1594 1597 4267
f 1598 1596 756
f 1598 1595 1596
f 1598 756 1599
f 4266 10319 10318
f 4266 4268 10319
f 4267 4268 4266
f 1597 1595 757
f 1600 4267 1597
f 1600 1597 757
f 4217 10318 10319
f 4217 4265 10318
f 10319 4268 1601
f 10203 4217 10319
f 10319 1601 10203
f 4268 758 1601
f 4268 4269 758
f 4267 4269 4268
f 1602 1598 1599
f 1602 1599 759
f 4216 4265 4217
f 1601 10194 10203
f 1601 4270 10194
f 4270 1601 758
f 758 4269 4271
f 4270 758 1561
f 758 4271 1561
f 4211 10194 4270
f 1561 4211 4270
f 4267 4271 4269
f 4267 4272 4271
f 1603 1602 759
f 1603 759 760
f 1600 4272 4267
f 4216 4219 4273
f 4216 4273 4265
f 10320 4273 4219
f 10320 10317 4273
f 4273 10317 4265
f 4219 10221 10320
f 10320 10221 1567
f 1567 10317 10320
f 1603 760 1604
f 1481 1604 760
f 1481 760 1605
f 1600 757 1606
f 4274 1481 1605
f 1606 757 10321
f 1595 10321 757
f 1606 10321 10322
f 10321 4275 10322
f 1481 1471 1604
f 1604 1471 4276
f 4276 1603 1604
f 4274 4145 1481
f 738 4145 4274
f 1595 10323 10321
f 4277 10321 10323
f 4277 4278 10321
f 10321 4278 4275
f 4278 10324 4275
f 10325 10323 1595
f 1598 10325 1595
f 10326 4277 10323
f 10325 10327 10323
f 10326 10323 10327
f 10325 1598 1607
f 1607 10327 10325
f 10328 4277 10326
f 10328 10329 4277
f 10329 4278 4277
f 10329 10330 4278
f 4278 10330 10324
f 10330 4279 10324
f 10331 10328 10326
f 4280 10326 10327
f 10331 10326 4280
f 4280 10327 10332
f 1607 10332 10327
f 10333 10329 10328
f 10333 10328 10331
f 4281 10330 10329
f 10333 4281 10329
f 4281 4282 10330
f 10330 4282 4279
f 4283 1607 1598
f 10334 10332 1607
f 10335 1607 4283
f 10335 10334 1607
f 4282 1608 4279
f 4282 1609 1608
f 1609 4282 4281
f 1609 4281 4284
f 10333 4284 4281
f 10336 10331 4280
f 10337 4280 10332
f 10336 4280 10337
f 10337 10332 10338
f 10334 10338 10332
f 1610 10334 10335
f 1610 10338 10334
f 1609 4284 4285
f 1609 4285 1608
f 10333 10339 4284
f 10339 4285 4284
f 1610 10335 761
f 1611 10335 4283
f 1611 10340 10335
f 10340 761 10335
f 10341 10336 10337
f 4286 10337 10338
f 10341 10337 4286
f 4286 10338 10342
f 1610 10342 10338
f 1610 761 4287
f 1612 10342 1610
f 1610 4287 1612
f 1613 4287 761
f 10340 1613 761
f 10343 1613 10340
f 1611 10343 10340
f 10339 10344 4285
f 4288 10341 4286
f 4288 4286 10342
f 4288 10342 10345
f 1612 10345 10342
f 1613 1614 4287
f 10346 1614 1613
f 10343 10346 1613
f 4288 10347 10341
f 10346 10348 1614
f 4289 10348 10346
f 10349 10346 10343
f 10349 4289 10346
f 4289 4290 10348
f 1615 4290 4289
f 10350 4289 10349
f 10350 1615 4289
f 1615 1616 4290
f 10350 1616 1615
f 10350 10351 1616
f 1617 10351 10350
f 1618 10350 10349
f 1617 10350 1618
f 1618 10349 4291
f 4291 10349 10343
f 10352 1617 1618
f 10353 1618 4291
f 10352 1618 10353
f 10353 4291 10354
f 4291 10343 10355
f 10354 4291 10355
f 1619 10353 10354
f 1619 10352 10353
f 1611 10355 10343
f 10354 10355 10356
f 10356 10355 1611
f 1619 10354 4292
f 4292 10354 10356
f 1619 1620 10352
f 10357 1619 4292
f 10358 1619 10357
f 10358 1620 1619
f 4292 10356 10359
f 10356 1611 10360
f 10359 10356 10360
f 10357 4292 10361
f 10361 4292 10359
f 1621 10357 10361
f 10358 10357 1621
f 10360 1611 1602
f 1611 4283 1602
f 10358 1621 1622
f 1622 1621 4293
f 1621 10361 4293
f 10361 10359 10362
f 4293 10361 10362
f 10363 10362 10359
f 10359 10360 1623
f 10363 10359 1623
f 1623 10360 1603
f 10360 1602 1603
f 4293 10362 10364
f 10364 10362 10363
f 1622 4293 4294
f 4294 4293 10364
f 4283 1598 1602
f 4276 1623 1603
f 10363 1623 4276
f 10363 4276 10365
f 10364 10363 1624
f 1624 10363 10365
f 4294 10364 10366
f 1625 10364 1624
f 1625 10366 10364
f 1624 10365 4295
f 1625 1624 4295
f 10365 4276 1471
f 4295 10365 10367
f 10365 1471 10367
f 1625 4295 4296
f 4296 4295 762
f 4295 10367 762
f 10073 762 10367
f 10074 10367 1471
f 10073 10367 10074
f 4296 762 1626
f 1626 762 10073
f 1626 10073 10368
f 4133 10368 10073
f 4133 10073 4131
f 10072 10073 10074
f 10306 1627 10305
f 10306 1628 1627
f 10307 1628 10306
f 10307 1591 10369
f 10307 10369 1628
f 4260 10370 10308
f 10308 10371 1591
f 10370 10371 10308
f 10370 763 10371
f 10370 4297 763
f 10370 10372 4297
f 4260 10372 10370
f 4260 4298 10372
f 10300 4298 4260
f 10372 764 4297
f 10372 10373 764
f 4298 10373 10372
f 4298 4299 10373
f 10287 4299 4298
f 10300 10287 4298
f 1629 764 10373
f 1629 10373 10374
f 10373 1587 10374
f 10373 4299 1587
f 10287 10281 4299
f 4299 10281 1587
f 1629 10374 10282
f 10282 10374 1587
f 1629 10282 765
f 766 1500 742
f 766 1576 1500
f 1630 1576 766
f 1630 766 767
f 1576 1630 1577
f 1630 767 1585
f 1577 1630 1585
f 4246 1585 767
f 10339 1631 10344
f 10339 1632 1631
f 4300 1632 10339
f 4300 10339 10333
f 4300 10375 1632
f 10375 1631 1632
f 10375 10376 1631
f 4300 10377 10375
f 10377 4300 10331
f 10333 10331 4300
f 10377 1633 10375
f 10375 768 10376
f 10375 1633 768
f 10377 4301 1633
f 4301 10377 10336
f 10377 10331 10336
f 1633 4301 4302
f 1633 4302 768
f 4301 10336 10341
f 10341 4302 4301
f 10341 10347 4302
f 1634 1635 1636
f 1634 1636 1637
f 1637 4303 1634
f 1637 4304 4303
f 4305 4303 4304
f 4305 4306 4303
f 4306 10378 4303
f 1634 4303 10378
f 1634 10378 10379
f 10379 1638 1634
f 4305 1639 4306
f 4306 10380 10378
f 1639 10380 4306
f 4305 1584 1639
f 10378 4307 10379
f 10378 4308 4307
f 10380 4308 10378
f 10379 1590 1638
f 1590 10379 4307
f 4309 4307 4308
f 10380 4309 4308
f 1639 10381 10380
f 10381 4309 10380
f 4310 10381 1639
f 4310 1639 1584
f 4310 1584 4244
f 4309 10382 4307
f 10382 1589 4307
f 1590 4307 1589
f 10381 4311 4309
f 4256 4309 4311
f 4256 10382 4309
f 4310 10383 10381
f 10381 10383 4311
f 10274 10383 4310
f 10274 4310 4244
f 10274 4311 10383
f 4254 4256 4311
f 10274 4254 4311
f 10382 10288 1589
f 4256 10288 10382
f 10384 1640 1641
f 10384 1641 10385
f 4312 10384 10385
f 10385 1641 1642
f 4312 10385 4313
f 10385 1642 10386
f 4313 10385 10386
f 10387 4312 4313
f 10387 4313 10388
f 10388 4313 4314
f 4313 10386 4314
f 4315 4314 10386
f 10389 10386 1642
f 4315 10386 10389
f 10389 1642 1643
f 1644 10387 10388
f 1644 10388 1645
f 1645 10388 10390
f 10388 4314 10390
f 10391 10390 4314
f 10391 4314 4315
f 4316 4315 10389
f 10392 4315 4316
f 10392 10391 4315
f 4316 10389 10393
f 10393 10389 1643
f 10393 1643 1646
f 1645 1647 1644
f 1645 10390 1648
f 1649 10390 10391
f 1649 1648 10390
f 1650 1649 10391
f 1650 10391 10392
f 1645 1651 1647
f 1652 1645 1648
f 1652 1651 1645
f 1652 1648 1649
f 1649 1650 1653
f 1652 1649 1654
f 1649 1653 1654
f 10199 10190 4317
f 10199 4317 4318
f 10210 10199 4318
f 4318 4317 10394
f 4318 10394 10395
f 10218 4318 10395
f 10218 10210 4318
f 10395 10394 1655
f 10395 1655 1656
f 10218 10395 1656
f 10218 1656 10224
f 1657 4319 1658
f 1657 4320 4319
f 4319 4320 10396
f 4319 10396 10397
f 10397 10396 1659
f 10398 1659 10396
f 4321 10398 10396
f 4321 10396 4320
f 10397 1659 1660
f 10399 10398 4321
f 4322 4321 4320
f 10399 4321 4322
f 1657 10400 4320
f 4322 4320 4323
f 10401 4320 10400
f 10401 4323 4320
f 1659 1661 1660
f 10398 10399 10402
f 4322 10403 10399
f 10403 10402 10399
f 10398 4324 1659
f 10398 10402 10404
f 4324 10398 10404
f 10405 4323 10401
f 10405 10406 4323
f 4322 4323 10406
f 4322 4325 10403
f 10407 4325 4322
f 4322 10406 10407
f 4326 10407 10406
f 10405 4326 10406
f 10403 10408 10402
f 10409 10408 10403
f 4325 10409 10403
f 10410 10402 10408
f 10410 1662 10402
f 10404 10402 1662
f 10409 10410 10408
f 10407 10411 4325
f 4325 10411 10409
f 10412 4324 10404
f 10413 10404 1662
f 10412 10404 10413
f 4327 10411 10407
f 4326 4328 10407
f 4327 10407 4328
f 10414 10409 10411
f 10414 10411 4327
f 10409 10414 10415
f 10409 10415 10410
f 10410 10415 769
f 10410 769 1662
f 769 10415 10414
f 10416 10414 4327
f 10416 4327 4328
f 1662 10417 10413
f 10418 1662 769
f 10418 10417 1662
f 10419 10412 10413
f 10419 10413 10417
f 10416 10420 10414
f 769 10414 10420
f 10421 10420 10416
f 4328 10421 10416
f 10422 10419 10417
f 10422 10417 10418
f 769 10420 10423
f 10418 769 4329
f 769 10423 4329
f 10421 10423 10420
f 10418 4329 10424
f 10418 10425 10422
f 10418 10424 10425
f 4330 10424 4329
f 4329 10423 4330
f 4330 10425 10424
f 4331 4330 10423
f 4331 10423 10421
f 10422 10425 10426
f 10419 10422 4332
f 10422 10426 4332
f 4333 10426 10425
f 10425 4330 4334
f 4333 10425 4334
f 4333 10427 10426
f 4332 10426 10427
f 4330 1663 4334
f 4330 1664 1663
f 4331 1664 4330
f 1663 4335 4334
f 4333 4334 4335
f 4335 4336 4333
f 4336 10427 4333
f 770 1663 1664
f 4331 1665 1664
f 1665 771 1664
f 770 1664 771
f 4337 4332 10427
f 10419 4332 4337
f 4337 10427 10428
f 10428 10427 4338
f 4336 4338 10427
f 4335 4339 4336
f 10429 4338 4336
f 10429 4336 4339
f 4340 4338 10429
f 10428 4338 4340
f 1665 772 771
f 4337 10428 4341
f 4337 10430 10419
f 4337 4341 10430
f 10412 10419 10430
f 10428 4340 10431
f 10431 4342 10428
f 4342 4341 10428
f 4343 10430 4341
f 4343 4341 4342
f 10412 10430 4343
f 773 10429 4339
f 4340 10429 10432
f 773 10432 10429
f 4344 4340 10432
f 4340 10433 10431
f 4340 4344 10433
f 4345 4342 10431
f 4345 10431 10433
f 4342 4345 4343
f 10412 4343 4324
f 4344 10434 10433
f 4345 10433 10434
f 4344 4346 10434
f 4344 10432 4346
f 10432 1666 4346
f 773 1666 10432
f 4343 4345 4347
f 1659 4324 4343
f 4343 4347 1659
f 4345 10434 4348
f 4345 1667 4347
f 4345 4348 1667
f 1659 4347 1661
f 1661 4347 1667
f 1668 1669 1670
f 1668 1670 1671
f 1670 4349 1671
f 1670 4350 4349
f 4350 1672 4349
f 4351 4349 1672
f 4352 1671 4349
f 4352 4349 4351
f 4350 1673 1672
f 10435 4352 4351
f 10435 4353 4352
f 4353 1671 4352
f 1668 1671 10436
f 4353 4354 1671
f 10437 1671 4354
f 10437 10436 1671
f 1672 1673 1674
f 4351 1675 10435
f 4353 10435 10438
f 10438 10435 1675
f 4351 1672 4355
f 4351 10439 1675
f 4355 10439 4351
f 10440 10437 4354
f 4353 10441 4354
f 10440 4354 10441
f 4353 10438 4356
f 10442 4353 4356
f 4353 10442 10441
f 1676 10441 10442
f 10440 10441 1676
f 10438 1675 10443
f 10444 10438 10443
f 4356 10438 10444
f 10445 10443 1675
f 10439 10446 1675
f 10445 1675 10446
f 10444 10443 10445
f 10442 4356 10447
f 4356 10444 10447
f 10448 10439 4355
f 10448 10449 10439
f 10449 10446 10439
f 4357 10442 10447
f 4357 4358 10442
f 1676 10442 4358
f 10450 4357 10447
f 10450 10447 10444
f 10444 10445 4359
f 10444 4359 10450
f 10445 10446 10451
f 10445 10451 4359
f 10451 10450 4359
f 10452 4358 4357
f 10452 4357 10450
f 10446 10449 10453
f 10454 10446 10453
f 10454 10451 10446
f 10455 10453 10449
f 10455 10449 10448
f 10452 10450 774
f 10451 774 10450
f 10456 10452 774
f 4358 10452 10456
f 10457 10454 10453
f 10457 10453 10455
f 10451 4360 774
f 10451 10458 4360
f 10454 10458 10451
f 10456 774 4360
f 10454 10459 10458
f 10454 10460 10459
f 10454 10457 10460
f 4361 10458 10459
f 10458 4361 4360
f 4361 10459 10460
f 4362 10456 4360
f 4362 4360 4361
f 10457 4363 10460
f 10457 4364 4363
f 10455 4364 10457
f 4365 10460 4363
f 4365 4366 10460
f 10460 4366 4361
f 4365 4363 10461
f 4364 10461 4363
f 4361 4366 1677
f 4362 4361 1678
f 4361 1677 1678
f 1677 4366 4367
f 4365 4367 4366
f 4367 4365 1679
f 1679 4365 10461
f 775 1678 1677
f 4362 1678 1680
f 775 776 1678
f 1680 1678 776
f 4368 10461 4364
f 10455 4368 4364
f 4368 10462 10461
f 10462 4369 10461
f 1679 10461 4369
f 4367 1679 777
f 4370 777 1679
f 4370 1679 4369
f 1681 4370 4369
f 10462 1681 4369
f 1680 776 778
f 4368 4371 10462
f 4368 10463 4371
f 4368 10455 10463
f 10448 10463 10455
f 10462 10464 1681
f 10464 10462 10465
f 10466 10467 1682
f 10467 1683 1682
f 10467 10468 1683
f 10466 1682 4372
f 10466 4372 4373
f 4372 10469 4373
f 4373 10469 10470
f 4372 10471 10469
f 10471 4372 1682
f 10471 1682 10472
f 10472 1682 1683
f 10472 1683 10473
f 4374 10472 10473
f 4374 10471 10472
f 4375 10469 10471
f 4374 4375 10471
f 4375 4376 10469
f 4376 10470 10469
f 4374 10473 1684
f 4375 4374 1684
f 4375 4377 4376
f 4375 4378 4377
f 4375 1684 4378
f 4376 4377 10474
f 4376 10474 10475
f 4376 10475 10470
f 4379 10470 10475
f 10474 4379 10475
f 10474 1685 4379
f 10476 4379 1685
f 4379 10477 10470
f 10470 10477 1686
f 10478 1686 10477
f 4379 10478 10477
f 10476 10479 4379
f 4379 10479 10478
f 10478 10480 1686
f 10480 10478 10481
f 10479 10481 10478
f 10476 4380 10479
f 10479 4380 10481
f 10476 1687 4380
f 10481 4380 10482
f 1687 10482 4380
f 1686 10480 1688
f 10480 1689 1688
f 10480 10481 1689
f 1689 10481 10483
f 10481 10482 10483
f 1687 10484 10482
f 1689 10483 10485
f 10486 1689 10485
f 1688 1689 10486
f 10482 10487 10483
f 10483 4381 10485
f 10483 10487 4381
f 4382 10482 10484
f 4382 4383 10482
f 10482 4383 10487
f 10486 10485 10488
f 4381 10488 10485
f 1688 10486 1690
f 1691 10486 10488
f 1691 1690 10486
f 779 1688 1690
f 10487 4384 4381
f 10487 10489 4384
f 4383 10489 10487
f 1691 10490 1690
f 10490 779 1690
f 10491 4381 4384
f 10491 10492 4381
f 4381 10492 10488
f 1691 10488 10493
f 10492 10493 10488
f 4385 4383 4382
f 4385 4386 4383
f 4383 4386 10489
f 10491 4387 10492
f 10492 4387 10493
f 10490 10494 779
f 10495 4384 10489
f 10495 1692 4384
f 1692 10491 4384
f 10489 4386 4388
f 10489 4388 10495
f 4388 4386 4385
f 1692 10496 10491
f 10496 4389 10491
f 10491 4389 4387
f 10497 10495 4388
f 1692 10495 10497
f 4388 4385 780
f 10497 4388 780
f 4387 10498 10493
f 4387 10499 10498
f 4389 10499 4387
f 10500 10496 1692
f 1692 10497 1693
f 10500 1692 1693
f 10496 1694 4389
f 1694 10496 10500
f 4389 1694 10501
f 4389 10502 10499
f 4389 10501 10502
f 10498 10499 4390
f 10499 4391 4390
f 10499 10502 4391
f 4392 4391 10502
f 4392 10502 10501
f 1694 10503 10501
f 10503 4392 10501
f 1694 1695 10503
f 1694 10500 1695
f 1696 4391 4392
f 10503 1696 4392
f 1696 4393 4391
f 4390 4391 4393
f 10498 4390 10504
f 10504 4390 4394
f 4390 4393 4394
f 10504 4394 10505
f 1697 10504 10505
f 1697 4395 10504
f 4395 10498 10504
f 10506 4395 1697
f 10506 10507 4395
f 4395 10508 10498
f 10507 10508 4395
f 10507 10509 10508
f 10509 1691 10508
f 1691 10498 10508
f 1691 10493 10498
f 10506 4396 10507
f 10507 10510 10509
f 10507 4396 10510
f 10506 1698 4396
f 10509 10510 1699
f 10509 10511 1691
f 10509 1699 10511
f 4396 10512 10510
f 1699 10510 10512
f 1698 10513 4396
f 4396 10513 10512
f 1691 10511 10490
f 1699 10490 10511
f 1698 10514 10513
f 10513 10514 4397
f 10512 10513 4398
f 10513 4397 4398
f 10512 4398 10515
f 4399 10512 10515
f 4399 10516 10512
f 1699 10512 10516
f 1699 1700 10490
f 1699 10517 1700
f 1699 10516 10518
f 1699 10518 10517
f 10519 10518 10516
f 10519 10516 4399
f 4398 4397 4400
f 10515 4398 4401
f 4398 4400 4401
f 4402 4399 10515
f 10515 4401 10520
f 4402 10515 10520
f 10521 10519 4399
f 10521 4399 4402
f 4403 10518 10519
f 10521 4403 10519
f 4403 10522 10518
f 10517 10518 10522
f 10517 10522 1701
f 1702 10517 1701
f 1702 1700 10517
f 1703 4401 4400
f 1703 4404 4401
f 4404 10520 4401
f 4402 10520 10523
f 4404 10523 10520
f 10524 10522 4403
f 1701 10522 10524
f 4402 10523 1704
f 10525 4402 1704
f 10525 10521 4402
f 1705 10521 10525
f 1705 4405 10521
f 10521 4405 4403
f 10524 4403 10526
f 10526 4403 4405
f 10527 10523 4404
f 10527 4404 1703
f 1704 10523 10527
f 1701 10524 10528
f 10529 1701 10528
f 1702 1701 10529
f 10530 10524 10526
f 10528 10524 10530
f 1704 10531 10525
f 10531 1705 10525
f 1704 1706 10531
f 1704 10527 1706
f 10532 4405 1705
f 10532 10533 4405
f 10526 4405 10533
f 4406 10526 10533
f 10530 10526 4406
f 10531 1707 1705
f 1705 10534 10532
f 1705 1707 10534
f 10534 4407 10532
f 10533 10532 4407
f 4406 10533 4408
f 10533 4407 4408
f 4409 4406 4408
f 4407 4409 4408
f 4410 10530 4406
f 4409 4410 4406
f 4407 781 4409
f 10534 781 4407
f 4410 10535 10530
f 1708 10530 10535
f 1708 4411 10530
f 10536 4411 1708
f 10528 10530 4411
f 10536 10537 4411
f 10537 10528 4411
f 10536 4412 10537
f 4412 10538 10537
f 10537 10538 10528
f 10536 1709 4412
f 10529 10528 10538
f 4412 10539 10538
f 10538 1710 10529
f 10538 10539 1710
f 4412 10540 10539
f 10540 1710 10539
f 10541 4412 1709
f 10541 10542 4412
f 4412 10542 10540
f 4413 10540 10542
f 4413 10542 10541
f 1702 10529 1710
f 4413 10541 4414
f 4413 10543 10540
f 4415 4413 4414
f 4415 10543 4413
f 4416 10540 10543
f 4416 10544 10540
f 10540 10544 1710
f 1702 1710 1711
f 1710 10545 1711
f 1710 10546 10545
f 1710 10544 10546
f 10547 10546 10544
f 10547 10544 4416
f 10465 10462 4371
f 4417 10465 4371
f 4417 4371 10463
f 10448 4417 10463
f 1712 777 4370
f 1681 10548 4370
f 1712 4370 10548
f 10549 10548 1681
f 1681 10550 10549
f 1681 10464 10550
f 4418 10550 10464
f 4418 10464 10465
f 10465 4417 4418
f 10448 4355 4417
f 10549 10550 10551
f 4418 10551 10550
f 10549 10551 1713
f 10549 1713 10548
f 10548 1713 10552
f 1712 10548 10552
f 4417 1714 4418
f 4417 1672 1714
f 1672 4417 4355
f 4418 4419 10551
f 4418 1715 4419
f 4418 1714 1715
f 1672 1674 1714
f 1674 1715 1714
f 1716 1717 1718
f 1716 1718 1719
f 1719 1718 1720
f 1719 1720 10553
f 1721 1716 1719
f 1719 10553 10554
f 10554 1721 1719
f 1721 1722 1716
f 10554 10553 4420
f 10555 1721 10554
f 10554 4420 10555
f 10555 4420 1723
f 10555 4421 1721
f 10556 4421 10555
f 10555 1723 10556
f 10556 1724 4421
f 4422 4421 1724
f 4422 4423 4421
f 4421 4423 1721
f 4423 4422 10557
f 4423 10557 4424
f 1721 4423 4425
f 4423 4426 4425
f 4423 4424 4426
f 4425 4426 10558
f 4425 10558 10559
f 4425 10559 1721
f 1725 10559 10558
f 4427 1721 10559
f 1725 4427 10559
f 10560 4427 1725
f 1721 4427 10560
f 10560 1725 10561
f 10560 10561 1726
f 4428 1721 10560
f 10560 1726 4428
f 10562 4428 1726
f 10562 1721 4428
f 10562 1726 10563
f 4429 1721 10562
f 10562 1727 4429
f 10562 10563 1727
f 4429 1727 4430
f 1721 4429 4431
f 4429 4430 4431
f 4430 10564 4431
f 10564 4432 4431
f 1728 4431 4432
f 1728 4433 4431
f 4433 1721 4431
f 1721 4433 1729
f 1729 4433 1728
f 1729 1728 10565
f 1729 10565 1730
f 4434 1729 1730
f 1721 1729 1731
f 1721 1731 1722
f 1729 4435 1731
f 1729 4436 4435
f 4434 4436 1729
f 1722 1731 1732
f 4435 1732 1731
f 4437 4435 4436
f 4437 4436 4434
f 10566 1732 4435
f 4437 10566 4435
f 4437 4434 4438
f 4437 1733 10566
f 4438 1733 4437
f 1722 1732 1734
f 1722 1734 1735
f 10566 1736 1732
f 1732 1736 10567
f 1734 1732 4439
f 1732 4440 4439
f 1732 10567 1737
f 1737 4440 1732
f 1737 10568 4440
f 4439 4440 10569
f 1734 4439 10570
f 10570 4439 1738
f 4439 10569 1738
f 4440 4441 10569
f 4442 4440 10568
f 4440 4442 4441
f 4442 10568 1739
f 1734 10570 4443
f 10570 1738 10571
f 10571 4443 10570
f 10571 1740 4443
f 4443 1740 10572
f 4444 4443 10572
f 1734 4443 4444
f 4444 10572 4445
f 4444 4445 4446
f 1734 4444 10573
f 4444 1741 10573
f 4444 4446 1741
f 1734 10573 1742
f 1734 1742 10574
f 1734 10574 1743
f 1743 4447 1734
f 1743 10575 4447
f 4447 4448 1734
f 10576 1734 4448
f 1735 1734 10576
f 4447 10575 1744
f 4447 1744 4449
f 4449 4450 4447
f 10577 4447 4450
f 10577 4448 4447
f 10576 4448 10578
f 10578 4448 1745
f 4448 10577 1745
f 1735 10576 1746
f 10576 4451 1746
f 10576 10578 4451
f 1746 1747 1735
f 10578 1745 10579
f 10578 1748 4451
f 10578 10579 1748
f 4451 1748 10580
f 4452 1746 4451
f 10580 4452 4451
f 10580 4453 4452
f 4454 4452 4453
f 4452 4454 1749
f 1750 1746 4452
f 4452 1749 10581
f 1750 4452 10581
f 1746 1750 10582
f 1746 1751 1747
f 1747 1751 1752
f 1753 1747 1752
f 1753 1752 1754
f 1754 1752 4455
f 4455 1752 4456
f 4456 1752 1751
f 10583 4456 1751
f 4457 4456 10583
f 4457 4458 4456
f 4455 4456 4458
f 4457 4459 4458
f 4459 4455 4458
f 4457 10583 1755
f 4460 4457 1755
f 4457 4460 4459
f 10583 1751 1756
f 4459 1757 4455
f 1754 4455 4461
f 4455 1757 10584
f 4455 1758 4461
f 4455 10584 1758
f 1758 4462 4461
f 4461 4462 1754
f 1758 4463 4462
f 10585 4462 4463
f 4464 4462 10585
f 1754 4462 4465
f 4465 4462 4464
f 4465 4464 1759
f 10586 4465 1759
f 4465 10586 1754
f 10586 1759 10587
f 10586 4466 1754
f 10586 1760 4466
f 10586 10587 1760
f 4466 10588 1754
f 10588 4466 1760
f 10588 1760 10589
f 10588 10589 4467
f 1754 10588 4468
f 10588 4467 4468
f 4467 10590 4468
f 4467 10591 10590
f 4468 10590 1754
f 4469 1754 10590
f 4469 10590 10591
f 4469 10591 1761
f 4470 4469 1761
f 1754 4469 4470
f 4470 1761 4471
f 4470 4471 10592
f 4470 10592 4472
f 4473 1754 4470
f 4472 4473 4470
f 4472 1762 4473
f 10593 1754 4473
f 10594 4473 1762
f 10594 10593 4473
f 10593 10595 1754
f 10595 1763 1754
f 1753 1754 1763
f 10595 10593 4474
f 10593 1764 4474
f 10593 10594 1764
f 1763 10595 10596
f 10595 4474 10596
f 1753 1763 1765
f 1763 10596 1766
f 1763 1766 1765
f 1753 1765 1767
f 1746 10582 1768
f 1746 1768 10597
f 1746 10597 4475
f 4475 10597 1769
f 4475 1769 4476
f 4475 4476 4477
f 1746 4475 4478
f 4475 10598 4478
f 4475 4477 10598
f 10599 1746 4478
f 1746 10599 4479
f 1746 4479 1751
f 10600 10599 4478
f 4478 10598 1770
f 10600 4478 1770
f 10599 10600 1771
f 10599 1771 4479
f 4479 1771 10601
f 1751 4479 4480
f 4479 10601 4480
f 4480 10601 4481
f 4480 4481 4482
f 4482 10602 4480
f 1772 4480 10602
f 1772 1751 4480
f 1751 1772 10603
f 4415 4414 4483
f 4484 4416 10543
f 4415 10604 10543
f 4484 10543 10604
f 10605 10547 4416
f 10605 4416 4484
f 4415 4483 1773
f 4485 10604 4415
f 4415 1773 4485
f 10605 4484 1774
f 10604 1774 4484
f 10604 10606 1774
f 4485 10606 10604
f 10545 10546 10607
f 4486 10546 10547
f 4486 10607 10546
f 4487 4486 10547
f 4487 10547 10605
f 4487 10605 10608
f 10605 1774 10608
f 4485 1773 10609
f 4485 10609 10606
f 10608 1774 1775
f 10606 1775 1774
f 10606 10609 1775
f 4486 10610 10607
f 4486 10611 10610
f 4487 10611 4486
f 4487 10608 1776
f 10612 4487 1776
f 4487 10612 10611
f 10608 1775 10613
f 10608 1777 1776
f 10608 10613 1777
f 10612 1776 10614
f 10614 1776 1777
f 4488 10611 10612
f 4488 10612 10614
f 4489 10610 10611
f 4488 4489 10611
f 10614 1777 10615
f 4488 10614 4490
f 4490 10614 10615
f 4488 4491 4489
f 4488 4492 4491
f 4490 4492 4488
f 4489 10616 10610
f 4489 4491 10616
f 4490 10615 1778
f 4490 1778 4492
f 4493 10616 4491
f 4493 4491 1779
f 10610 10616 4493
f 4493 1779 10617
f 4493 10617 10618
f 10610 4493 10619
f 4493 10620 10619
f 4493 10618 10620
f 10617 4494 10618
f 10620 10618 4494
f 10617 1780 4494
f 10621 10619 10620
f 10621 1781 10619
f 1781 10610 10619
f 10622 10621 10620
f 10620 4494 10622
f 1781 10607 10610
f 10622 4494 4495
f 4496 4494 1780
f 4496 4495 4494
f 1781 10621 1782
f 1783 1782 10621
f 10622 1783 10621
f 10622 4495 10623
f 1783 10622 10623
f 1781 1782 1784
f 10545 10607 1781
f 10545 1781 1784
f 10624 10623 4495
f 10625 4495 4496
f 10624 4495 10625
f 10625 4496 10626
f 1783 10627 1782
f 10627 782 1782
f 782 1784 1782
f 10545 1784 1711
f 1711 1784 782
f 1783 10623 4497
f 4497 10628 1783
f 1783 10628 10627
f 10629 4497 10623
f 10629 10623 10624
f 10630 10624 10625
f 10630 10629 10624
f 10630 10625 4498
f 4499 10625 10626
f 4499 4498 10625
f 4497 10631 10628
f 10632 4497 10629
f 10632 10631 4497
f 1785 10628 10631
f 1785 10627 10628
f 1785 1786 10627
f 10627 1786 1787
f 10627 1787 782
f 1711 782 1788
f 10633 10632 10629
f 10630 4500 10629
f 10633 10629 4500
f 1789 4500 10630
f 10634 10630 4498
f 1789 10630 10634
f 10634 4498 4501
f 4499 4501 4498
f 1789 10633 4500
f 4499 1790 4501
f 1790 10634 4501
f 10635 1789 10634
f 1790 10635 10634
f 10636 10631 10632
f 4502 10632 10633
f 4502 10636 10632
f 10637 4502 10633
f 1789 10637 10633
f 1786 783 1787
f 1789 10638 10637
f 1789 1791 10638
f 10635 1791 1789
f 10637 1792 4502
f 10637 784 1792
f 10637 10638 784
f 10639 10636 4502
f 10640 4502 1792
f 10640 10639 4502
f 10640 1792 784
f 10640 784 10641
f 4503 10639 10640
f 10641 4503 10640
f 4503 4504 10639
f 4504 10642 10639
f 10639 10642 10636
f 10641 4505 4503
f 4503 4505 4506
f 4503 4506 4504
f 4504 4506 10643
f 4504 10644 10642
f 4504 10643 10644
f 10644 10645 10642
f 10644 4507 10645
f 10643 4507 10644
f 10643 4508 4507
f 10642 10645 4509
f 10642 4509 10636
f 4509 10645 10646
f 4510 10645 4507
f 4510 10646 10645
f 1793 4510 4507
f 1793 4507 4508
f 4509 10646 1785
f 10636 4509 10631
f 1785 10631 4509
f 10647 10646 4510
f 1785 10646 10647
f 10648 4510 1793
f 10647 4510 10648
f 10648 1793 10649
f 10649 4511 10648
f 10647 10648 4511
f 10647 4511 10650
f 10651 10647 10650
f 1785 10647 10651
f 10649 1794 4511
f 1785 10651 10652
f 1785 10652 1786
f 4511 10653 10650
f 10653 1795 10650
f 10651 10650 1795
f 1796 10652 10651
f 1796 10651 1795
f 1786 10652 783
f 10652 1796 783
f 4511 1794 4512
f 4511 4513 10653
f 4511 4512 4513
f 10654 1796 1795
f 10654 783 1796
f 10654 10655 783
f 10653 4514 1795
f 1797 4514 10653
f 10656 10653 4513
f 1797 10653 10656
f 10656 4513 4515
f 4515 4513 4512
f 10654 1795 10657
f 10658 1795 4514
f 10658 10657 1795
f 10659 10658 4514
f 10659 4514 1797
f 10656 1798 1797
f 10659 1797 1798
f 4515 4512 1799
f 1799 10656 4515
f 1799 10660 10656
f 10656 10660 1798
f 1680 10654 10657
f 10654 778 10655
f 10654 1680 778
f 1680 10657 4516
f 4517 10657 10658
f 4517 4516 10657
f 4518 4517 10658
f 4518 10658 10659
f 4518 10659 10661
f 10659 1798 10661
f 4519 1798 10660
f 10661 1798 4519
f 10662 10660 1799
f 4519 10660 10662
f 4517 4520 4516
f 4518 4520 4517
f 10662 1799 4521
f 4521 1799 4522
f 4518 10661 4523
f 4518 785 4520
f 4518 4523 785
f 785 10663 4520
f 10663 4516 4520
f 1680 4516 4524
f 4525 4516 10663
f 4525 4524 4516
f 10661 4526 4523
f 10661 10664 4526
f 10661 4519 10664
f 10664 4519 10665
f 10662 10665 4519
f 785 4523 4526
f 10662 10666 10665
f 10667 10662 4521
f 10667 10666 10662
f 4521 4522 4527
f 4521 10668 10667
f 4521 4527 10668
f 1800 4527 4522
f 785 10669 10663
f 1801 10669 785
f 785 4526 1801
f 1676 4525 10663
f 1676 10663 10669
f 4528 4524 4525
f 1676 4528 4525
f 1801 4526 10670
f 10664 10670 4526
f 10664 10665 10671
f 10664 10671 10670
f 1802 10665 10666
f 10671 10665 1802
f 1751 10603 1756
f 4482 1803 10602
f 4529 4530 1804
f 4529 4531 4530
f 4531 10672 4530
f 4531 10673 10672
f 4532 10673 4531
f 4532 4531 4529
f 4532 4529 1805
f 1806 10672 10673
f 1806 10673 4533
f 4532 10674 10673
f 10674 4533 10673
f 10674 4532 10675
f 10675 4532 1805
f 10674 1807 4533
f 1807 10676 4533
f 1806 4533 10676
f 10674 10675 10677
f 1807 10674 10677
f 1806 10676 1657
f 10675 10678 10677
f 1807 10677 10678
f 10675 1805 10679
f 10675 4534 10678
f 4534 10675 10679
f 1807 10680 10676
f 10681 1807 10678
f 10681 10680 1807
f 10682 10681 10678
f 10682 10678 4534
f 4535 1657 10676
f 10680 4536 10676
f 4535 10676 4536
f 10680 4537 4536
f 10681 4537 10680
f 10681 10683 4537
f 10683 10681 10682
f 1657 4535 10400
f 10400 4535 4538
f 4538 4535 4536
f 4537 4538 4536
f 10684 10682 4534
f 4534 10679 1808
f 10684 4534 1808
f 10684 4539 10682
f 10683 10682 4539
f 4537 1809 4538
f 10683 1809 4537
f 10683 4539 1809
f 4538 10401 10400
f 4538 10685 10401
f 1809 10685 4538
f 1809 10401 10685
f 10686 10684 1808
f 10686 4540 10684
f 10684 4540 4539
f 4539 4540 786
f 4539 786 1809
f 786 4540 4541
f 10686 4541 4540
f 1809 10405 10401
f 1809 10687 10405
f 1809 786 10687
f 786 4541 4542
f 4541 10688 4542
f 4541 10686 10688
f 786 10689 10687
f 786 4543 10689
f 786 4542 4543
f 4326 10687 10689
f 10405 10687 4326
f 10689 4543 4544
f 4544 4543 4542
f 4542 10688 10690
f 4542 10690 4544
f 4545 10689 4544
f 4326 10689 4545
f 10686 4546 10688
f 10688 1810 10690
f 10688 4546 1810
f 1665 4544 10690
f 4545 4544 4547
f 1665 4547 4544
f 4548 4545 4547
f 4326 4545 4548
f 4326 4548 4328
f 1665 10690 10691
f 10690 1811 10691
f 10690 1810 1811
f 4331 4547 1665
f 4548 4547 4331
f 4328 4548 10421
f 4548 4331 10421
f 10691 772 1665
f 10691 10692 772
f 10691 1812 10692
f 10691 1811 1812
f 1810 10693 1811
f 1812 1811 10693
f 787 1812 10693
f 1810 10694 10693
f 787 10693 1813
f 1813 10693 10694
f 1813 10694 1814
f 10695 1813 1814
f 787 1813 10695
f 10695 1814 10696
f 1815 787 10695
f 1815 10695 10696
f 1815 1816 787
f 1815 10696 1817
f 1814 10697 10696
f 4549 10696 10697
f 4549 1817 10696
f 1815 1817 10698
f 1815 1818 1816
f 1818 1815 10698
f 1814 10694 10699
f 1814 10699 10700
f 4550 1814 10700
f 1814 4550 10697
f 1818 1819 1816
f 10701 10698 1817
f 1817 10702 10701
f 1817 4549 10702
f 10703 10697 4550
f 10703 10704 10697
f 10704 4549 10697
f 10704 10705 4549
f 10705 10702 4549
f 10699 4551 10700
f 4551 10706 10700
f 4550 10700 10706
f 10707 10703 4550
f 10707 4550 10706
f 10701 10702 4552
f 10708 4552 10702
f 10705 10708 10702
f 10709 10703 10707
f 10709 4553 10703
f 4553 10704 10703
f 4553 10710 10704
f 10710 10705 10704
f 10710 4554 10705
f 10711 10705 4554
f 10711 10708 10705
f 10708 10712 4552
f 10711 10712 10708
f 4551 4555 10706
f 10713 10706 4555
f 10713 10707 10706
f 4556 10709 10707
f 4556 10707 10713
f 1820 4554 10710
f 1820 10711 4554
f 10714 10710 4553
f 1820 10710 10714
f 10715 4553 10709
f 4557 10709 4556
f 4557 10715 10709
f 10715 4558 4553
f 10714 4553 4558
f 10716 10713 4555
f 4556 10713 10716
f 4556 10716 4559
f 4557 4556 4559
f 10711 4560 10712
f 10717 4560 10711
f 1820 10717 10711
f 10715 4561 4558
f 10714 4558 4561
f 10714 4561 10718
f 1820 10714 10718
f 10715 10719 4561
f 10719 10715 4557
f 4557 4559 788
f 10719 4557 788
f 1820 10718 1821
f 10720 10717 1820
f 1822 10717 10720
f 1822 4562 10717
f 10717 4562 4560
f 4563 4560 4562
f 4563 4562 1822
f 4563 10712 4560
f 10720 1820 1821
f 4563 10721 10712
f 10712 10721 4564
f 10712 4564 4552
f 4564 4565 4552
f 4564 1823 4565
f 10701 4552 4565
f 10722 4565 1823
f 10722 10723 4565
f 10724 4565 10723
f 10724 10701 4565
f 4566 10724 10723
f 4566 10723 10722
f 10701 10724 10698
f 10698 10724 10725
f 4566 10725 10724
f 4566 10722 1824
f 10698 10725 1825
f 1825 10725 10726
f 10726 10725 4566
f 10726 4566 10727
f 4566 4567 10727
f 4566 1824 4567
f 4568 10727 4567
f 4568 10726 10727
f 1818 10698 1825
f 1818 1825 10728
f 1825 10726 10729
f 10728 1825 10729
f 4568 10730 10726
f 4569 10726 10730
f 4569 10729 10726
f 4570 4568 4567
f 4570 10730 4568
f 10728 10729 10731
f 4569 10731 10729
f 4570 4567 4571
f 1818 10728 1826
f 1686 10728 10731
f 10728 1686 1826
f 1818 1826 1819
f 4570 10732 10730
f 4572 10730 10732
f 4572 4569 10730
f 4569 10733 10731
f 4572 10733 4569
f 1686 10731 10734
f 10733 10734 10731
f 4573 4570 4571
f 4570 10735 10732
f 4570 4573 10735
f 10732 10735 1827
f 10732 1827 4572
f 4573 4571 1828
f 1686 1688 1826
f 779 1826 1688
f 779 1819 1826
f 4573 1828 10736
f 4573 10736 10735
f 10735 10736 1829
f 10735 1829 1827
f 4572 1827 10467
f 4572 10466 10733
f 4572 10467 10466
f 10467 1827 1829
f 10733 4373 10734
f 10466 4373 10733
f 4373 10470 10734
f 10470 1686 10734
f 10467 1829 10468
f 1802 10666 10667
f 10667 10668 4574
f 10667 4574 1802
f 1800 4575 4527
f 10668 4527 4575
f 1801 10440 10669
f 10440 1676 10669
f 10668 4575 10737
f 10668 1830 4574
f 10668 10737 1830
f 10670 4576 1801
f 10671 4576 10670
f 10671 10738 4576
f 10671 1802 10738
f 1802 4574 10739
f 1802 10739 10738
f 1830 10739 4574
f 1676 4358 4528
f 10738 10739 4577
f 10738 4577 4576
f 1830 1668 10739
f 1668 4577 10739
f 1668 4578 4577
f 4576 4577 1831
f 1831 4577 4578
f 4576 1831 1801
f 1801 10437 10440
f 1668 10436 4578
f 10436 1831 4578
f 1831 10436 10437
f 1831 4579 1801
f 1831 10437 4579
f 1801 4579 10437
f 4358 10456 4528
f 4528 10456 4362
f 4528 4362 4524
f 4362 1680 4524
f 10716 4555 4580
f 1832 4580 4555
f 1832 4555 4551
f 10740 1832 4551
f 10740 10741 1832
f 10699 10740 4551
f 10741 10740 4581
f 10699 4581 10740
f 10741 4581 1833
f 10699 10742 4581
f 10694 10742 10699
f 4582 1833 4581
f 10743 4581 10742
f 10743 4582 4581
f 10694 1810 10742
f 10743 10742 1810
f 4582 4583 1833
f 4584 4583 4582
f 10744 4582 10743
f 10744 4584 4582
f 4584 1805 4583
f 1805 4584 10744
f 4585 10744 10743
f 10743 1810 4546
f 4585 10743 4546
f 1805 10744 10679
f 10744 1808 10679
f 10744 4585 1808
f 10686 4585 4546
f 10686 1808 4585
f 10490 789 10494
f 10490 1700 789
f 1700 1702 789
f 1711 789 1702
f 1711 1788 789
f 1834 10745 1835
f 1834 10746 10745
f 10747 10746 1834
f 10746 4586 10745
f 10746 4587 4586
f 10747 10748 10746
f 10748 4587 10746
f 10748 10747 1836
f 1837 4586 4587
f 1837 4587 10749
f 10748 10750 4587
f 10749 4587 4588
f 4587 10750 4588
f 10748 1838 10750
f 10748 10751 1838
f 10748 1836 10751
f 10751 1836 10752
f 1838 10751 10753
f 10751 10752 10753
f 790 1837 10749
f 10754 4588 10750
f 10755 10750 1838
f 10754 10750 10755
f 10749 4588 1839
f 10754 1839 4588
f 790 10749 10756
f 10757 10749 1839
f 10757 10756 10749
f 10754 10757 1839
f 10753 10752 4589
f 10753 4589 10758
f 10759 10753 10758
f 1838 10753 10759
f 10755 10760 10754
f 10761 10754 10760
f 10761 10757 10754
f 10762 10756 10757
f 10762 10757 10761
f 790 10756 10763
f 10762 10763 10756
f 790 10763 10764
f 10765 10763 10762
f 10761 10765 10762
f 1840 10758 4589
f 10759 10758 4590
f 1840 10766 10758
f 10766 4590 10758
f 10761 791 10765
f 10761 4591 791
f 10761 10760 4591
f 10767 10764 10763
f 10768 4591 10760
f 10755 10768 10760
f 4592 10766 1840
f 791 4591 10769
f 10768 10770 4591
f 10770 10769 4591
f 791 10769 10771
f 791 4593 10765
f 791 10771 4593
f 10772 10768 10755
f 10773 10768 10772
f 10773 10770 10768
f 10770 10774 10769
f 10774 10770 10773
f 10769 4594 10771
f 4594 4593 10771
f 10769 4595 4594
f 10769 10775 4595
f 10769 10774 10775
f 10772 10755 10776
f 10755 1838 10776
f 10777 4595 10775
f 4594 4595 10777
f 4593 4594 10778
f 4594 10777 10778
f 10774 10773 10779
f 792 10773 10772
f 10779 10773 792
f 10780 10775 10774
f 10780 10774 10779
f 10777 10775 10781
f 10780 10781 10775
f 10772 10776 10782
f 1838 10782 10776
f 10782 1838 10759
f 4596 10780 10779
f 10779 792 10783
f 4596 10779 10783
f 10784 10780 4596
f 10780 10784 10781
f 10785 10777 10781
f 10785 4597 10777
f 10777 4597 793
f 10777 793 10778
f 10786 10785 10781
f 10786 10781 10784
f 10787 10783 792
f 4596 10783 10787
f 10784 4596 10788
f 10786 10784 10788
f 4596 10787 10789
f 10788 4596 10789
f 10790 793 4597
f 10790 4597 10785
f 10790 10785 10791
f 10785 10792 10791
f 10785 10786 10792
f 794 10792 10786
f 10786 10788 794
f 10788 10789 10793
f 10794 10788 10793
f 10794 794 10788
f 10789 10787 10795
f 10793 10789 4598
f 10789 10795 4598
f 10793 4598 10796
f 10796 10794 10793
f 10797 10791 10792
f 794 10798 10792
f 10798 10797 10792
f 10799 10798 794
f 10799 794 10794
f 10797 10800 10791
f 10791 4599 10790
f 10791 10800 4599
f 10801 10796 4598
f 10801 4598 10795
f 10796 4600 10794
f 10802 10794 4600
f 10802 10799 10794
f 4600 10796 10803
f 10801 10803 10796
f 10804 10799 10802
f 10804 10798 10799
f 10798 4601 10797
f 10804 4601 10798
f 10805 10797 4601
f 10797 10806 10800
f 10797 10805 10806
f 10800 10806 10807
f 10800 10807 4599
f 4600 10803 10808
f 10808 10802 4600
f 10805 4601 10809
f 10809 4601 10804
f 10810 10807 10806
f 10810 10806 10805
f 1841 10808 10803
f 10801 10811 10803
f 1841 10803 10811
f 10804 10802 4602
f 4602 10812 10804
f 10809 10804 10812
f 10805 10809 795
f 10810 10805 10813
f 10805 795 10813
f 10814 795 10809
f 10814 10809 10812
f 10814 10812 10815
f 4602 10815 10812
f 10810 4603 10807
f 10816 4603 10810
f 10816 10810 10813
f 10817 795 10814
f 10817 10818 795
f 10813 795 10818
f 10813 10818 10819
f 10816 10813 10819
f 10814 10815 4604
f 10817 10814 4604
f 4602 10820 10815
f 4604 10815 10820
f 10818 10821 10819
f 10816 10819 10821
f 10822 10818 10817
f 10823 10822 10817
f 10817 4604 10823
f 10818 10824 10821
f 10822 10824 10818
f 4604 10820 10825
f 10823 4604 10825
f 10816 10821 10826
f 10816 10826 10827
f 10816 10828 4603
f 10816 10827 10828
f 1842 10821 10824
f 1842 10824 10822
f 10829 10826 10821
f 10829 10821 1842
f 10829 10827 10826
f 10823 10830 10822
f 10823 10825 10831
f 10831 10830 10823
f 4605 10822 10830
f 4605 10832 10822
f 1842 10822 10832
f 10833 10829 1842
f 10832 10833 1842
f 10829 4606 10827
f 10834 10827 4606
f 10834 10828 10827
f 4605 10835 10832
f 10832 10835 10833
f 4607 4605 10830
f 10831 10836 10830
f 4607 10830 10836
f 4605 10837 10835
f 4607 10837 4605
f 10833 10838 10829
f 1843 10833 10835
f 10838 10833 1843
f 10839 10835 10837
f 1843 10835 10839
f 10839 10837 4608
f 4608 10837 10840
f 4607 10840 10837
f 10838 1843 10841
f 4608 10840 1844
f 4609 10840 4607
f 10842 10840 4609
f 1844 10840 10842
f 10838 10841 1845
f 10838 1845 10843
f 10843 10829 10838
f 1844 10842 4610
f 4609 10844 10842
f 10844 4610 10842
f 10843 4611 10829
f 10845 10843 1845
f 4611 10843 10845
f 10845 1845 1846
f 4606 10829 4611
f 10844 10846 4610
f 4611 10845 4612
f 4611 4612 1847
f 10847 4606 4611
f 4611 1847 10847
f 10844 10848 10846
f 10847 1847 796
f 10847 1848 4606
f 10834 4606 1848
f 10834 1848 10847
f 10847 796 10849
f 10834 10847 10849
f 10849 796 10850
f 10851 10834 10849
f 10834 10851 10828
f 10849 10850 10852
f 10853 10849 10852
f 10851 10849 10853
f 10828 10851 797
f 10853 797 10851
f 10828 797 4603
f 10853 10854 797
f 10855 10853 10852
f 10855 10854 10853
f 10854 10856 797
f 4603 797 10856
f 10857 10852 10850
f 10858 10852 10857
f 10858 10855 10852
f 10857 10850 10859
f 4603 10856 10807
f 10854 4613 10856
f 10860 10854 10855
f 10860 4613 10854
f 10861 10860 10855
f 10861 10855 10858
f 10856 4613 4614
f 10856 4599 10807
f 10856 4614 4599
f 10860 10862 4613
f 4614 4613 10862
f 10860 10861 10862
f 10857 10859 798
f 10863 10858 10857
f 10857 798 10863
f 10864 10861 10858
f 10863 10864 10858
f 10862 10861 10865
f 10864 10865 10861
f 4614 10862 10866
f 10866 4599 4614
f 10866 10790 4599
f 10862 10865 4615
f 793 10862 4615
f 793 10866 10862
f 10790 10866 793
f 10767 10863 798
f 10767 10867 10863
f 10867 10864 10863
f 10868 10865 10864
f 10867 10868 10864
f 10869 4615 10865
f 10868 10870 10865
f 10869 10865 10870
f 10778 793 4615
f 10778 4615 10869
f 10767 10763 10867
f 10763 10868 10867
f 10871 10870 10868
f 10763 10871 10868
f 4593 10869 10870
f 4593 10778 10869
f 10871 10872 10870
f 4593 10870 10872
f 10872 10871 10765
f 10765 10871 10763
f 10872 10765 4593
f 10772 10782 10873
f 792 10772 10873
f 10873 10782 10874
f 10782 10759 10874
f 10873 10874 10875
f 10876 10873 10875
f 10876 792 10873
f 10875 10874 10877
f 10877 10874 10759
f 10787 792 10876
f 10877 10759 4590
f 10875 10877 10878
f 4616 10875 10878
f 4616 10876 10875
f 10795 10787 10876
f 10795 10876 4616
f 10879 10877 4590
f 10878 10877 10879
f 10878 10879 10880
f 10881 10878 10880
f 10881 4616 10878
f 10882 10795 4616
f 10882 4616 10881
f 10883 10880 10879
f 10883 10881 10880
f 799 10882 10881
f 10883 799 10881
f 10801 10795 10882
f 799 10884 10882
f 10884 10801 10882
f 10879 4590 4617
f 10883 10879 10885
f 4617 10885 10879
f 10884 799 10886
f 10886 799 10883
f 10883 10885 10887
f 10886 10883 10888
f 10883 10887 10888
f 10885 4617 10889
f 10885 10889 10887
f 10890 10888 10887
f 10890 10887 10889
f 10884 4618 10801
f 4618 10884 10891
f 10884 10886 10891
f 10801 4618 10811
f 10890 10889 4619
f 4617 4619 10889
f 10886 10892 10891
f 10886 4620 10892
f 10888 4620 10886
f 10890 10893 10888
f 10888 10893 4620
f 10811 4618 10894
f 4618 10891 10894
f 4621 10894 10891
f 4621 10891 10892
f 10895 10890 4619
f 10895 10896 10890
f 10896 10893 10890
f 10811 10894 10897
f 10897 10894 4621
f 1841 10811 10897
f 10898 10892 4620
f 10892 10899 4621
f 10892 10898 10899
f 10898 4620 10900
f 10900 4620 10893
f 10896 10901 10893
f 10900 10893 10901
f 10902 4621 10899
f 10897 4621 10902
f 10903 10896 10895
f 10896 10904 10901
f 10896 10903 10904
f 10898 10900 1849
f 1849 10900 10901
f 1849 10901 10904
f 10905 10899 10898
f 10898 1849 10905
f 800 10902 10899
f 10905 800 10899
f 4622 10897 10902
f 4622 10906 10897
f 1841 10897 10906
f 800 4622 10902
f 10907 4622 800
f 10907 800 10905
f 10906 4622 10908
f 10907 10908 4622
f 10906 10908 10909
f 4623 10909 10908
f 10908 10907 4623
f 10907 10910 4623
f 10907 10911 10910
f 10907 10905 10911
f 10911 10905 1850
f 10910 10912 4623
f 4623 10912 10909
f 10913 10910 10911
f 10911 1850 10913
f 10914 10906 10909
f 4624 10909 10912
f 4624 10914 10909
f 10914 1841 10906
f 10913 1850 10848
f 10910 10915 10912
f 10916 10912 10915
f 10916 4624 10912
f 10917 10915 10910
f 10913 4625 10910
f 10917 10910 4625
f 10913 10848 10918
f 10918 4625 10913
f 801 10916 10915
f 801 10915 10917
f 10914 4624 10919
f 4624 10820 10919
f 4624 10916 10820
f 10914 10919 10920
f 10808 10914 10920
f 10808 1841 10914
f 10916 801 10825
f 10916 10825 10820
f 10844 10918 10848
f 10921 801 10917
f 10825 801 10921
f 10922 10917 4625
f 10921 10917 10922
f 10918 10923 4625
f 10922 4625 10923
f 10918 10844 10924
f 10918 10924 10923
f 10802 10920 10919
f 10808 10920 10802
f 4602 10919 10820
f 10802 10919 4602
f 10922 10923 10924
f 10825 10921 10831
f 4609 10924 10844
f 10836 10831 10921
f 10925 10921 10922
f 10836 10921 10925
f 10925 10922 10926
f 10922 10924 10926
f 10927 10926 10924
f 10927 10924 4609
f 4607 10836 10925
f 4607 10925 10926
f 4607 10926 10927
f 4609 4607 10927
f 10766 4617 4590
f 4617 10766 4619
f 4619 10766 10895
f 4592 10895 10766
f 10903 10895 4592
f 10928 10929 1851
f 1851 10929 10930
f 10929 10931 10930
f 4626 10932 802
f 10932 10933 802
f 10932 10934 10933
f 1852 10935 4627
f 10934 1853 10933
f 10934 4628 1853
f 1852 4628 10934
f 10936 1852 4627
f 10936 10937 1852
f 10937 4628 1852
f 10933 1853 4629
f 802 10933 10938
f 10933 4629 10938
f 4628 10939 1853
f 1853 10940 4629
f 1853 10939 10940
f 4628 10941 10939
f 10937 10941 4628
f 4630 10937 10936
f 4630 10942 10937
f 10942 10941 10937
f 4629 10940 10943
f 10938 4629 10944
f 4629 10943 10944
f 10941 4631 10939
f 10939 4632 10940
f 10939 4631 4632
f 10940 4632 10945
f 10940 10945 10943
f 10941 4633 4631
f 10942 4633 10941
f 1854 10942 4630
f 1854 4633 10942
f 1854 4630 10946
f 10944 10943 10947
f 10943 4634 10947
f 10943 10945 4634
f 4633 803 4631
f 4631 10948 4632
f 4631 803 10948
f 4632 10948 10949
f 4632 10949 10945
f 10945 10949 10950
f 10945 10950 4634
f 4633 10951 803
f 1854 10951 4633
f 4635 1854 10946
f 4635 10952 1854
f 10952 10951 1854
f 10953 4634 10950
f 10953 10954 4634
f 10947 4634 10954
f 10951 4636 803
f 803 4637 10948
f 803 4636 4637
f 10948 4637 10955
f 10948 10955 10949
f 10949 10955 4638
f 10949 4638 10950
f 10956 10953 10950
f 10956 10950 4638
f 10951 4639 4636
f 10952 4639 10951
f 10957 10952 4635
f 10957 4639 10952
f 4640 10953 10956
f 4640 10958 10953
f 10958 10954 10953
f 4639 10959 4636
f 4636 10960 4637
f 4636 10959 10960
f 4637 10960 10961
f 4637 10961 10955
f 10955 10961 10962
f 10955 10962 4638
f 10963 10956 4638
f 10963 4638 10962
f 10964 4640 10956
f 10964 10956 10963
f 4639 10965 10959
f 10957 10965 4639
f 10966 4640 10964
f 10966 4641 4640
f 4641 10958 4640
f 10967 4641 10966
f 10967 10968 4641
f 4641 10969 10958
f 10968 10969 4641
f 10970 10968 10967
f 10970 4642 10968
f 10968 10971 10969
f 4642 10971 10968
f 10972 4642 10970
f 10972 4643 4642
f 4642 10973 10971
f 4643 10973 4642
f 10973 10974 10971
f 10971 10975 10969
f 10971 10974 10975
f 10976 4643 10972
f 10976 4626 4643
f 4643 802 10973
f 4626 802 4643
f 802 10938 10973
f 10973 10938 10974
f 10938 10944 10974
f 10974 4644 10975
f 10974 10944 4644
f 10975 4644 10977
f 10969 10975 10977
f 10944 10947 4644
f 4644 10947 10954
f 4644 10954 10977
f 10969 10977 10958
f 10958 10977 10954
f 10978 10979 4645
f 1855 10978 4645
f 1855 4645 4646
f 10980 1855 4646
f 4647 10980 4646
f 4647 4646 4648
f 1856 4647 4648
f 10981 1856 4648
f 804 10981 4648
f 804 4648 4649
f 10982 804 4649
f 10982 4649 10983
f 1857 10982 10983
f 4650 1857 10983
f 4650 10983 10984
f 805 4650 10984
f 805 10984 4651
f 1858 805 4651
f 1858 4651 4652
f 10985 1858 4652
f 10986 10985 4652
f 10986 4652 4653
f 4654 10986 4653
f 1859 4654 4653
f 806 1859 4653
f 806 4653 4655
f 10987 806 4655
f 4656 10987 4655
f 1860 4656 4655
f 1860 4655 4657
f 4657 4658 1860
f 10988 4658 4657
f 807 10988 4657
f 807 4657 4659
f 807 4659 4660
f 807 4660 10989
f 4659 4661 4660
f 10989 4660 4662
f 4662 4660 1861
f 4660 4661 1862
f 1861 4660 4663
f 4660 1862 4663
f 1861 4663 4664
f 4661 10990 1862
f 4661 4665 10990
f 1862 10990 4666
f 4663 1862 4667
f 1862 4666 4667
f 4663 10991 4664
f 10991 4663 808
f 808 4663 4668
f 4663 4667 4668
f 10990 4669 4666
f 10990 10992 4669
f 4665 10992 10990
f 4667 4666 809
f 4666 10993 809
f 4666 4669 10993
f 4667 809 1863
f 4668 4667 1863
f 10928 10993 4669
f 10992 10928 4669
f 808 4668 1864
f 1863 809 10994
f 809 10995 10994
f 809 10993 10995
f 1851 10995 10993
f 10928 1851 10993
f 4668 4670 1864
f 4670 4668 10996
f 10996 4668 4671
f 4668 1863 4671
f 1863 10994 10997
f 4671 1863 10997
f 10997 10994 1865
f 10994 4672 1865
f 10994 10995 4672
f 10995 1866 4672
f 10995 10998 1866
f 1851 10998 10995
f 1851 10930 10998
f 10996 4671 10999
f 10999 4671 1867
f 4671 10997 4673
f 1867 4671 4673
f 10997 1865 1868
f 4673 10997 1868
f 10998 10930 4674
f 10998 4674 1866
f 1868 1865 11000
f 1865 11001 11000
f 1865 4672 11001
f 4672 1866 11002
f 4672 11002 11001
f 1866 4674 11003
f 1866 11003 11002
f 11000 11001 4675
f 11002 4675 11001
f 1867 4673 810
f 810 4673 4676
f 4673 1868 4676
f 1868 11000 11004
f 4676 1868 11004
f 11004 11000 4677
f 11000 4675 4677
f 11002 11005 4675
f 11002 4678 11005
f 11002 11003 4678
f 4677 4675 11006
f 11005 11006 4675
f 4674 11007 11003
f 11003 4679 4678
f 11003 11007 4679
f 810 4676 4680
f 4680 4676 11008
f 4676 11004 11008
f 11004 4677 4681
f 11008 11004 4681
f 4681 4677 811
f 4677 11006 811
f 11005 1869 11006
f 11005 11009 1869
f 11005 4678 11009
f 4678 4679 812
f 4678 812 11009
f 811 11006 4682
f 11006 11010 4682
f 11006 1869 11010
f 11007 4683 4679
f 4679 11011 812
f 4679 4683 11011
f 1869 11009 4684
f 1869 4684 11010
f 11009 812 4685
f 11009 4685 4684
f 4680 11008 1870
f 812 11011 4686
f 812 4686 4685
f 813 4687 11012
f 11012 4687 4688
f 4687 11013 4688
f 813 4689 4687
f 11014 4689 813
f 11013 4687 4690
f 4687 1871 4690
f 4687 4691 1871
f 4689 4691 4687
f 11013 4690 814
f 4689 11014 11015
f 11016 814 4690
f 4692 4690 1871
f 11016 4690 4692
f 4691 815 1871
f 4692 1871 4693
f 4693 1871 815
f 4691 4694 815
f 1872 4694 4691
f 4689 1872 4691
f 1873 4689 11015
f 4692 4695 11016
f 4694 11017 815
f 4696 815 11017
f 4693 815 4696
f 1874 4693 4696
f 4645 4693 1874
f 4645 4692 4693
f 816 4692 4645
f 816 11018 4692
f 11018 4695 4692
f 1872 4697 4694
f 4694 4698 11017
f 4697 4698 4694
f 1874 4696 4699
f 4696 11017 4700
f 4699 4696 4700
f 1875 4700 11017
f 11019 11017 4698
f 11019 1875 11017
f 4701 1874 4699
f 4646 1874 4701
f 4646 4645 1874
f 4697 11020 4698
f 11020 11019 4698
f 10979 816 4645
f 4701 4699 4702
f 4702 4699 11021
f 4699 4700 11021
f 4700 10957 11021
f 4700 11022 10957
f 1875 11022 4700
f 1875 4703 11022
f 1875 11023 4703
f 11019 11023 1875
f 11020 11024 11019
f 11024 4704 11019
f 11019 4704 11023
f 1876 4701 4702
f 4648 4701 1876
f 4648 4646 4701
f 4702 11021 4635
f 10957 4635 11021
f 1876 4702 817
f 817 4702 4635
f 11022 4703 10965
f 11022 10965 10957
f 4704 818 11023
f 4703 11023 818
f 10965 4703 4705
f 4703 818 4705
f 4704 4706 818
f 11025 4706 4704
f 11024 11025 4704
f 4707 1876 817
f 4649 1876 4707
f 4649 4648 1876
f 4706 11026 818
f 4705 818 11026
f 4707 817 4708
f 4708 817 10946
f 817 4635 10946
f 10965 4705 10959
f 4705 11026 4709
f 10959 4705 4709
f 11025 11027 4706
f 4706 4710 11026
f 11027 4710 4706
f 4710 11028 11026
f 4709 11026 11028
f 11029 4707 4708
f 10983 4707 11029
f 10983 4649 4707
f 11029 4708 11030
f 4708 10946 4630
f 11030 4708 4630
f 10959 4709 10960
f 4709 11028 11031
f 10960 4709 11031
f 11027 11032 4710
f 4710 11033 11028
f 11032 11033 4710
f 11033 819 11028
f 11031 11028 819
f 1877 11029 11030
f 10984 11029 1877
f 10984 10983 11029
f 1877 11030 1878
f 11030 4630 10936
f 1878 11030 10936
f 10960 11031 10961
f 11031 819 4711
f 10961 11031 4711
f 11032 11034 11033
f 11033 4712 819
f 11034 4712 11033
f 4712 11035 819
f 4711 819 11035
f 11036 1877 1878
f 4651 1877 11036
f 4651 10984 1877
f 11036 1878 11037
f 11037 1878 4627
f 1878 10936 4627
f 10961 4711 10962
f 10962 4711 11038
f 4711 11035 11038
f 11034 11039 4712
f 11039 11040 4712
f 4712 11040 11035
f 11040 1879 11035
f 11038 11035 1879
f 1880 11036 11037
f 4652 11036 1880
f 4652 4651 11036
f 1880 11037 820
f 820 11037 10935
f 11037 4627 10935
f 11038 1879 4713
f 10963 11038 4713
f 10962 11038 10963
f 11040 4714 1879
f 11041 4714 11040
f 11039 11041 11040
f 4714 821 1879
f 4713 1879 821
f 4715 1880 820
f 4653 1880 4715
f 4653 4652 1880
f 4715 820 4716
f 820 10935 11042
f 4716 820 11042
f 4713 821 4717
f 10964 4713 4717
f 10963 4713 10964
f 4714 4718 821
f 11043 4718 4714
f 11041 11043 4714
f 11044 821 4718
f 11044 4717 821
f 1881 4715 4716
f 4655 4715 1881
f 4655 4653 4715
f 1881 4716 11045
f 4716 11042 4719
f 11045 4716 4719
f 11044 11046 4717
f 11046 10966 4717
f 10964 4717 10966
f 11044 4718 11047
f 11047 4718 11048
f 11043 11048 4718
f 11049 11044 11047
f 11049 11046 11044
f 4720 1881 11045
f 4657 1881 4720
f 4657 4655 1881
f 4720 11045 4721
f 4721 11045 11050
f 11045 4719 11050
f 11049 4722 11046
f 4722 10967 11046
f 11046 10967 10966
f 11049 11047 4723
f 4723 11047 11051
f 11047 11048 11051
f 822 11049 4723
f 822 4722 11049
f 1882 4720 4721
f 4659 4720 1882
f 4659 4657 4720
f 1882 4721 823
f 823 4721 4724
f 4721 11050 4724
f 822 4725 4722
f 4725 10970 4722
f 4722 10970 10967
f 822 4723 4726
f 4726 4723 11052
f 4723 11051 11052
f 11053 822 4726
f 11053 4725 822
f 1882 823 4665
f 4659 1882 4661
f 1882 4665 4661
f 823 4727 4665
f 823 11054 4727
f 823 4724 11054
f 11053 4728 4725
f 4728 10972 4725
f 4725 10972 10970
f 11053 4726 4729
f 4729 4726 11055
f 4726 11052 11055
f 1883 11053 4729
f 11056 11053 1883
f 11056 4728 11053
f 11056 1883 11054
f 11054 1883 11057
f 11054 11057 4727
f 11056 11054 4724
f 1883 4729 11057
f 4729 11055 11058
f 11057 4729 11058
f 4665 4727 10992
f 4727 11059 10992
f 4727 11057 11059
f 11057 11058 11059
f 4728 10976 10972
f 11060 4728 11056
f 11060 10976 4728
f 11060 11056 4724
f 11060 4724 11050
f 11058 11055 4730
f 11059 11058 4731
f 11058 4730 4731
f 10992 11059 10928
f 11059 4731 10928
f 4719 11060 11050
f 4719 11061 11060
f 11061 10976 11060
f 4731 4730 824
f 10928 4731 10929
f 4731 824 10929
f 11042 11061 4719
f 11042 1884 11061
f 1884 4626 11061
f 11061 4626 10976
f 11062 1884 11042
f 11062 10932 1884
f 1884 10932 4626
f 11062 11042 10935
f 1852 11062 10935
f 1852 10934 11062
f 11062 10934 10932
f 10929 824 10931
f 4681 811 1885
f 1885 811 4732
f 811 4682 4732
f 4732 4682 11020
f 11010 11020 4682
f 11010 11024 11020
f 11010 11025 11024
f 11010 4684 11025
f 4684 4685 11027
f 4684 11027 11025
f 4685 4686 11032
f 4685 11032 11027
f 11011 11063 4686
f 4686 11034 11032
f 4686 11063 11034
f 1885 4732 4733
f 4732 11020 4697
f 4733 4732 4697
f 11063 11039 11034
f 4733 4697 1872
f 4734 1885 4733
f 4735 4733 1872
f 4734 4733 4735
f 4735 1872 4689
f 1873 4735 4689
f 4736 4734 4735
f 11064 4735 1873
f 4736 4735 11064
f 11063 4737 11039
f 11041 11039 4737
f 1886 4734 4736
f 4734 1886 11065
f 825 4734 11065
f 825 11066 4734
f 11066 1885 4734
f 11067 11066 825
f 11067 11008 11066
f 11066 4681 1885
f 11008 4681 11066
f 11041 4737 11068
f 11043 11041 11068
f 1870 11008 11067
f 11043 11068 4738
f 11048 11043 4738
f 11048 4738 4739
f 4739 4738 11069
f 4738 11070 11069
f 4738 11068 11070
f 11051 11048 4739
f 11051 4739 11071
f 4739 11069 11072
f 11071 4739 11072
f 11068 11073 11070
f 11068 4737 11073
f 11072 11069 11074
f 11069 11075 11074
f 11069 11070 11075
f 11070 11073 4740
f 11070 4740 11075
f 11052 11051 11071
f 11052 11071 4741
f 11071 11072 11076
f 4741 11071 11076
f 11076 11072 11077
f 11072 11074 11077
f 4742 11074 11075
f 11077 11074 4742
f 4742 11075 11078
f 11078 11075 4740
f 11079 11073 4737
f 11080 11073 11079
f 11080 4740 11073
f 11081 11078 4740
f 11081 4740 11080
f 11079 4737 11063
f 11082 11077 4742
f 11076 11077 11082
f 4741 11076 11083
f 11083 11076 11082
f 11084 4742 11078
f 11082 4742 11084
f 11084 11078 11081
f 11055 11052 4741
f 11055 4741 4730
f 4730 4741 11083
f 11085 11082 11084
f 11083 11082 11085
f 11011 11079 11063
f 4683 11079 11011
f 4683 11080 11079
f 11086 11081 11080
f 11086 11080 4683
f 4743 11084 11081
f 4743 11081 11086
f 11085 11084 4743
f 4730 11083 824
f 824 11083 11085
f 10931 11085 4743
f 824 11085 10931
f 1887 4743 11086
f 10931 4743 1887
f 1887 11086 11007
f 11007 11086 4683
f 10930 10931 1887
f 4674 1887 11007
f 10930 1887 4674
f 4744 4745 4746
f 4744 4746 4747
f 11087 4744 4747
f 4746 4748 4747
f 4746 4749 4748
f 11087 4747 11088
f 4747 11089 11088
f 4747 4748 11089
f 4748 4749 11090
f 11089 4748 11091
f 4748 11090 11091
f 4750 11087 11088
f 4751 11088 11089
f 4751 4750 11088
f 4750 4752 11087
f 11092 4751 11089
f 11089 11091 11093
f 11092 11089 11093
f 11091 11094 11093
f 11091 4753 11094
f 11090 4753 11091
f 11090 4754 4753
f 4755 11092 11093
f 4755 11093 11094
f 4753 4754 11095
f 11094 4753 11096
f 4753 11095 11096
f 11097 4755 11094
f 11094 11096 11098
f 11097 11094 11098
f 11096 11099 11098
f 11096 4756 11099
f 11095 4756 11096
f 4757 11097 11098
f 4757 11098 11099
f 11095 4758 4756
f 4758 11100 4756
f 11100 11099 4756
f 11101 4757 11099
f 11100 11102 11099
f 11101 11099 11102
f 4758 11103 11100
f 11100 11103 4759
f 11102 11100 4760
f 11100 4759 4760
f 4761 11101 11102
f 4761 11102 11104
f 11102 4760 11104
f 4760 11105 11104
f 4760 11106 11105
f 4759 11106 4760
f 11107 4761 11104
f 11107 11104 11105
f 4759 11108 11106
f 11106 11108 4762
f 11105 11106 4763
f 11106 4762 4763
f 4764 11107 11105
f 11105 4763 11109
f 4764 11105 11109
f 4763 11110 11109
f 4763 11111 11110
f 4762 11111 4763
f 11112 4764 11109
f 11112 11109 11110
f 4762 11113 11111
f 11114 11112 11110
f 11111 11115 11110
f 11114 11110 11115
f 11111 11116 11115
f 11113 11116 11111
f 11113 11117 11116
f 11118 11114 11115
f 11118 11115 11119
f 11115 11120 11119
f 11115 11116 11120
f 11116 11117 11121
f 11116 11121 11120
f 4765 11118 11119
f 4765 11119 11122
f 11120 11122 11119
f 11120 4766 11122
f 11121 4766 11120
f 11121 4767 4766
f 4767 4768 4766
f 4768 11122 4766
f 4769 4765 11122
f 4769 11122 11123
f 4768 11123 11122
f 4767 4770 4768
f 1888 1889 1890
f 1888 1890 1891
f 1888 1891 11124
f 1888 11124 11125
f 1890 1892 1891
f 1892 11124 1891
f 1890 1893 1892
f 1892 1893 11126
f 1894 11125 11124
f 1892 11127 11124
f 1895 11124 11127
f 1895 1894 11124
f 1894 1896 11125
f 1892 11126 11128
f 1892 11129 11127
f 1892 11128 11129
f 11130 1895 11127
f 11130 11127 11129
f 11126 1897 11128
f 1897 11129 11128
f 11126 1898 1897
f 1899 11130 11129
f 1897 11131 11129
f 1899 11129 11131
f 1897 1898 11132
f 1897 11132 11133
f 1897 11134 11131
f 1897 11133 11134
f 11135 1899 11131
f 11135 11131 11134
f 11132 1900 11133
f 1900 11134 11133
f 11132 1901 1900
f 1902 11135 11134
f 1900 11136 11134
f 1902 11134 11136
f 1901 11137 1900
f 1900 11138 11136
f 1900 11137 11138
f 11139 1902 11136
f 11139 11136 11138
f 1901 11140 11137
f 1903 11139 11138
f 11137 11141 11138
f 1903 11138 11141
f 11137 11140 1904
f 11137 1905 11141
f 11137 1904 1905
f 1904 11142 1905
f 11142 11141 1905
f 11143 1903 11141
f 11143 11141 11144
f 11142 11144 11141
f 1904 11145 11142
f 1906 11143 11144
f 1906 11144 11146
f 11142 11146 11144
f 11142 11145 1907
f 11142 1908 11146
f 11142 1907 1908
f 1907 11147 1908
f 11147 11146 1908
f 11148 1906 11146
f 11148 11146 11149
f 11147 11149 11146
f 1907 11150 11147
f 11151 11148 11149
f 11151 11149 11152
f 11147 11152 11149
f 11147 11150 11153
f 11147 11154 11152
f 11147 11153 11154
f 11155 11151 11152
f 11156 11152 11154
f 11155 11152 11156
f 11153 11157 11154
f 11156 11154 11157
f 11153 11158 11157
f 11158 1909 11157
f 1909 11156 11157
f 1910 11155 11156
f 1910 11156 11159
f 1909 11159 11156
f 11158 1911 1909
f 1911 11160 1909
f 1909 11161 11159
f 1909 11160 11161
f 11162 1910 11159
f 11162 11159 11161
f 1911 11163 11160
f 11163 1912 11160
f 11160 11164 11161
f 11160 1912 11164
f 1913 11162 11161
f 1913 11161 11164
f 11163 1914 1912
f 4771 11165 4772
f 4771 11166 11165
f 11167 11166 4771
f 11166 4773 11165
f 11167 11168 11166
f 11168 4774 11166
f 11166 4774 4773
f 11169 11168 11167
f 11169 11167 4775
f 11168 11170 4774
f 4776 11168 11169
f 4776 11170 11168
f 4774 11170 11171
f 4773 4774 4777
f 4774 11171 4777
f 4778 11171 11170
f 4778 11170 4776
f 4773 4777 4779
f 4777 11172 4779
f 4777 11173 11172
f 11171 11173 4777
f 11174 11171 4778
f 11174 11175 11171
f 11171 11175 11173
f 11173 11175 11176
f 11172 11173 4780
f 11173 11176 4780
f 4781 11176 11175
f 4781 11175 11174
f 11172 4780 4782
f 4780 11177 4782
f 4780 11178 11177
f 11176 11178 4780
f 11179 11176 4781
f 11179 11180 11176
f 11176 11180 11178
f 11178 11180 11181
f 11177 11178 4783
f 11178 11181 4783
f 4784 11181 11180
f 4784 11180 11179
f 11177 4783 4785
f 4783 11182 4785
f 4783 11183 11182
f 11181 11183 4783
f 11184 11181 4784
f 11184 11185 11181
f 11181 11185 11183
f 11183 11185 11186
f 11182 11183 4786
f 11183 11186 4786
f 4787 11186 11185
f 4787 11185 11184
f 11182 4786 4788
f 4786 11187 4788
f 4786 11188 11187
f 11186 11188 4786
f 11189 11186 4787
f 11189 11190 11186
f 11186 11190 11188
f 11188 11190 11191
f 11187 11188 4789
f 11188 11191 4789
f 4790 11191 11190
f 4790 11190 11189
f 11187 4789 4791
f 4789 11192 4791
f 4789 11193 11192
f 11191 11193 4789
f 11194 11191 4790
f 11194 11195 11191
f 11191 11195 11193
f 11193 11195 11196
f 11192 11193 4792
f 11193 11196 4792
f 4793 11196 11195
f 4793 11195 11194
f 11192 4792 4794
f 4792 11197 4794
f 4792 11198 11197
f 11196 11198 4792
f 11199 11196 4793
f 11199 11200 11196
f 11196 11200 11198
f 11198 11200 11201
f 11197 11198 4795
f 11198 11201 4795
f 4796 11201 11200
f 4796 11200 11199
f 11197 4795 4797
f 4797 4795 11202
f 11202 4795 11201
f 11203 11201 4796
f 11203 11204 11201
f 11202 11201 11204
f 4797 11202 11205
f 11205 11202 4798
f 4798 11202 11204
f 4799 11204 11203
f 4798 11204 11206
f 4799 11206 11204
f 11205 4798 4800
f 11207 1915 1916
f 11207 11208 1915
f 1917 11208 11207
f 1915 11208 11209
f 1915 11209 11210
f 11208 11211 11209
f 11208 1918 11211
f 1917 1918 11208
f 11212 1918 1917
f 11213 11211 1918
f 11212 11213 1918
f 1919 11210 11209
f 11214 11209 11211
f 1919 11209 11214
f 11213 11215 11211
f 1920 11211 11215
f 11214 11211 1920
f 1921 11213 11212
f 11216 11213 1921
f 11216 11215 11213
f 11217 11215 11216
f 1920 11215 11217
f 1921 11212 1922
f 11218 11216 1921
f 11219 1921 1922
f 11219 11218 1921
f 11217 11216 1923
f 11218 11220 11216
f 1923 11216 11220
f 1924 11218 11219
f 11221 11218 1924
f 11221 11220 11218
f 11222 11220 11221
f 1923 11220 11222
f 1924 11219 1925
f 11223 11221 1924
f 11224 1924 1925
f 11224 11223 1924
f 11222 11221 1926
f 11223 11225 11221
f 1926 11221 11225
f 1927 11223 11224
f 11226 11223 1927
f 11226 11225 11223
f 11227 11225 11226
f 1926 11225 11227
f 1927 11224 1928
f 11228 11226 1927
f 11229 1927 1928
f 11229 11228 1927
f 11227 11226 1929
f 11228 11230 11226
f 1929 11226 11230
f 1930 11228 11229
f 11231 11228 1930
f 11231 11230 11228
f 11232 11230 11231
f 1929 11230 11232
f 1930 11229 1931
f 11233 11231 1930
f 11234 1930 1931
f 11234 11233 1930
f 11232 11231 1932
f 11233 11235 11231
f 1932 11231 11235
f 1933 11233 11234
f 11236 11233 1933
f 11236 11235 11233
f 11237 11235 11236
f 1932 11235 11237
f 1933 11234 1934
f 11238 11236 1933
f 11239 1933 1934
f 11239 11238 1933
f 11237 11236 1935
f 11238 11240 11236
f 1935 11236 11240
f 1936 11238 11239
f 11241 11238 1936
f 11241 11240 11238
f 11242 11240 11241
f 1935 11240 11242
f 1936 11239 1937
f 1938 11241 1936
f 1939 1936 1937
f 1939 1938 1936
f 11242 11241 1940
f 1938 11243 11241
f 1940 11241 11243
f 11244 1938 1939
f 11245 1938 11244
f 11245 11243 1938
f 1941 11243 11245
f 1940 11243 1941
f 11244 1939 11246
f 11247 11245 11244
f 1942 11244 11246
f 11247 11244 1942
f 1941 11245 11248
f 11248 11245 11247
f 1942 11246 1943
f 11248 11247 1944
f 11249 11250 11251
f 11249 11251 11252
f 11252 11251 11253
f 11252 11253 11254
f 11254 11253 11255
f 11254 11255 11256
f 11257 11258 11259
f 11257 11259 11260
f 11260 11259 11261
f 11260 11261 11262
f 11262 11261 11263
f 11262 11263 11264
f 11265 11266 11267
f 11265 11267 11268
f 11268 11267 11269
f 11268 11269 11270
f 11270 11269 11271
f 11270 11271 11272
f 11273 11274 11275
f 11273 11275 11276
f 11276 11275 11277
f 11276 11277 11278
f 11278 11277 11279
f 11278 11279 11280
f 11281 11282 11283
f 11281 11283 11284
f 11284 11283 11285
f 11284 11285 11286
f 11286 11285 11287
f 11286 11287 11288
f 11289 11290 11291
f 11289 11291 11292
f 11292 11291 11293
f 11292 11293 11294
f 11294 11293 11295
f 11294 11295 11296
f 11297 11298 11299
f 11297 11299 11300
f 11300 11299 11301
f 11300 11301 11302
f 11302 11301 11303
f 11302 11303 11304
f 11305 11306 11307
f 11305 11307 11308
f 11308 11307 11309
f 11308 11309 11310
f 11310 11309 11311
f 11310 11311 11312
f 11313 11314 11315
f 11313 11315 11316
f 11316 11315 11317
f 11316 11317 11318
f 11318 11317 11319
f 11318 11319 11320
f 4801 4802 4803
f 4801 4804 4802
f 11321 4804 4801
f 4802 4804 4805
f 4802 4805 4806
f 11321 11322 4804
f 4804 11323 4805
f 4804 11322 11323
f 4805 11324 4806
f 4805 11325 11324
f 11323 11325 4805
f 4807 11322 11321
f 4808 11322 4807
f 4808 11323 11322
f 4807 11321 4809
f 11326 11323 4808
f 11326 11327 11323
f 11323 11327 11325
f 11325 11327 11328
f 11324 11325 4810
f 11325 11328 4810
f 11324 4810 4811
f 4812 11328 11327
f 4812 11327 11326
f 4810 4813 4811
f 4810 4814 4813
f 11328 4814 4810
f 4815 11328 4812
f 4815 11329 11328
f 11328 11329 4814
f 4814 11329 11330
f 4813 4814 4816
f 4814 11330 4816
f 4817 11330 11329
f 4817 11329 4815
f 4813 4816 4818
f 4818 4816 4819
f 4819 4816 11330
f 4820 11330 4817
f 4820 11331 11330
f 4819 11330 11331
f 4818 4819 4821
f 4819 4822 4821
f 4819 4823 4822
f 11331 4823 4819
f 4824 11331 4820
f 4824 11332 11331
f 11331 11332 4823
f 4823 11332 11333
f 4822 4823 4825
f 4823 11333 4825
f 4826 11333 11332
f 4826 11332 4824
f 4822 4825 4827
f 4825 4828 4827
f 4825 4829 4828
f 11333 4829 4825
f 4830 11333 4826
f 4830 11334 11333
f 11333 11334 4829
f 4829 11334 11335
f 4828 4829 4831
f 4829 11335 4831
f 4832 11335 11334
f 4832 11334 4830
f 4828 4831 4833
f 11336 11335 4832
f 11336 11337 11335
f 4831 11335 11337
f 4831 11337 11338
f 4833 4831 11338
f 4833 11338 11339
f 11340 11337 11336
f 11340 11341 11337
f 11337 11342 11338
f 11337 11341 11342
f 11338 11342 11343
f 11338 11343 11339
f 4834 11341 11340
f 4834 11344 11341
f 11342 11341 11344
f 11342 11344 4835
f 11343 11342 4835
f 11343 4835 4836
f 4836 4835 4837
f 4837 4835 11344
f 4838 11344 4834
f 4838 11345 11344
f 4837 11344 11345
f 4836 4837 4839
f 1945 1946 1947
f 1945 1948 1946
f 1945 11346 1948
f 1945 11347 11346
f 1946 1948 1949
f 1949 1948 11346
f 1946 1949 1950
f 1949 11348 1950
f 1951 11346 11347
f 1949 11346 11349
f 1952 11346 1951
f 1952 11349 11346
f 1951 11347 1953
f 1949 11350 11348
f 1949 11351 11350
f 1949 11349 11351
f 11352 11351 11349
f 11352 11349 1952
f 11348 11350 1954
f 1954 11350 11351
f 11348 1954 1955
f 1956 11351 11352
f 1956 11353 11351
f 1954 11351 11353
f 1954 1957 1955
f 1954 1958 1957
f 1954 11354 1958
f 1954 11353 11354
f 1959 11354 11353
f 1959 11353 1956
f 1957 1958 1960
f 1960 1958 11354
f 1957 1960 1961
f 1962 11354 1959
f 1962 11355 11354
f 1960 11354 11355
f 1961 1960 1963
f 1960 11356 1963
f 1960 11355 11356
f 1964 11356 11355
f 1964 11355 1962
f 1961 1963 1965
f 1966 11356 1964
f 1966 11357 11356
f 1963 11356 11357
f 1963 1967 1965
f 1963 1968 1967
f 1963 11357 1968
f 1967 1968 1969
f 1969 1968 11357
f 1970 11357 1966
f 1970 11358 11357
f 1969 11357 11358
f 1967 1969 1971
f 1972 11358 1970
f 1972 11359 11358
f 1969 11358 11359
f 1969 1973 1971
f 1969 1974 1973
f 1969 11359 1974
f 1973 1974 1975
f 1975 1974 11359
f 1976 11359 1972
f 1976 11360 11359
f 1975 11359 11360
f 1973 1975 1977
f 11361 11360 1976
f 11361 11362 11360
f 1975 11360 11362
f 1975 11363 1977
f 1975 11364 11363
f 1975 11362 11364
f 11365 11362 11361
f 11366 11364 11362
f 11365 11366 11362
f 11363 11364 11367
f 11366 11367 11364
f 11363 11367 11368
f 11368 11367 1978
f 1978 11367 11366
f 1979 11366 11365
f 1979 11369 11366
f 1978 11366 11369
f 11368 1978 1980
f 1980 1978 11370
f 1978 11371 11370
f 1978 11369 11371
f 11372 11371 11369
f 11372 11369 1979
f 1980 11370 11373
f 11373 11370 1981
f 11370 11374 1981
f 11370 11371 11374
f 1982 11374 11371
f 1982 11371 11372
f 11373 1981 1983
f 4840 4841 11375
f 4840 11375 11376
f 11377 4840 11376
f 11376 11375 4842
f 11377 11376 11378
f 11378 11376 4843
f 11376 4842 4843
f 11379 11377 11378
f 11379 4844 11377
f 11378 4843 11380
f 4845 11378 11380
f 4845 11379 11378
f 4843 11381 11380
f 4843 4846 11381
f 4842 4846 4843
f 4847 4845 11380
f 4847 11380 11381
f 4842 4848 4846
f 4846 4848 11382
f 11381 4846 11383
f 4846 11382 11383
f 11384 4847 11381
f 11381 11383 11385
f 11384 11381 11385
f 11383 11386 11385
f 11383 4849 11386
f 11382 4849 11383
f 4850 11384 11385
f 4850 11385 11386
f 11382 4851 4849
f 4849 4851 11387
f 11386 4849 11388
f 4849 11387 11388
f 11389 4850 11386
f 11386 11388 11390
f 11389 11386 11390
f 11388 11391 11390
f 11388 4852 11391
f 11387 4852 11388
f 4853 11389 11390
f 4853 11390 11391
f 11387 4854 4852
f 4852 4854 11392
f 11391 4852 11393
f 4852 11392 11393
f 11394 4853 11391
f 11391 11393 11395
f 11394 11391 11395
f 11393 11396 11395
f 11393 4855 11396
f 11392 4855 11393
f 4856 11394 11395
f 4856 11395 11396
f 11392 4857 4855
f 4855 4857 11397
f 11396 4855 11398
f 4855 11397 11398
f 11399 4856 11396
f 11396 11398 11400
f 11399 11396 11400
f 11398 11401 11400
f 11398 4858 11401
f 11397 4858 11398
f 4859 11399 11400
f 4859 11400 11401
f 11397 4860 4858
f 4858 4860 11402
f 11401 4858 11403
f 4858 11402 11403
f 11404 4859 11401
f 11401 11403 11405
f 11404 11401 11405
f 11403 11406 11405
f 11403 4861 11406
f 11402 4861 11403
f 4862 11404 11405
f 4862 11405 11406
f 11402 4863 4861
f 4861 4863 11407
f 11406 4861 11408
f 4861 11407 11408
f 11409 4862 11406
f 11406 11408 11410
f 11409 11406 11410
f 11408 11411 11410
f 11408 4864 11411
f 11407 4864 11408
f 4865 11409 11410
f 4865 11410 11411
f 11407 4866 4864
f 4866 11412 4864
f 11412 11411 4864
f 11413 4865 11411
f 11412 11414 11411
f 11413 11411 11414
f 4866 11415 11412
f 11415 4867 11412
f 4867 11414 11412
f 4868 11413 11414
f 4867 11416 11414
f 4868 11414 11416
f 11415 4869 4867
f 11417 1984 1985
f 11417 1985 11418
f 1986 11417 11418
f 1985 11419 11418
f 1985 11420 11419
f 11418 11419 11421
f 1986 11418 1987
f 11418 11421 1987
f 11422 1986 1987
f 11423 1987 11421
f 11422 1987 11423
f 1988 11419 11420
f 1988 11424 11419
f 11424 11421 11419
f 11423 11421 11425
f 1989 11425 11421
f 11424 1989 11421
f 1990 11422 11423
f 11426 11423 11425
f 11426 1990 11423
f 11427 11426 11425
f 1989 11427 11425
f 1990 1991 11422
f 11428 1990 11426
f 11429 1990 11428
f 11429 1991 1990
f 11427 1992 11426
f 11428 11426 11430
f 1992 11430 11426
f 1993 11429 11428
f 11431 11428 11430
f 11431 1993 11428
f 11432 11431 11430
f 1992 11432 11430
f 1993 1994 11429
f 11433 1993 11431
f 11434 1993 11433
f 11434 1994 1993
f 11432 1995 11431
f 11433 11431 11435
f 1995 11435 11431
f 1996 11434 11433
f 11436 11433 11435
f 11436 1996 11433
f 11437 11436 11435
f 1995 11437 11435
f 1996 1997 11434
f 11438 1996 11436
f 11439 1996 11438
f 11439 1997 1996
f 11437 1998 11436
f 11438 11436 11440
f 1998 11440 11436
f 1999 11439 11438
f 11441 11438 11440
f 11441 1999 11438
f 11442 11441 11440
f 1998 11442 11440
f 1999 2000 11439
f 11443 1999 11441
f 11444 1999 11443
f 11444 2000 1999
f 11442 2001 11441
f 11443 11441 11445
f 2001 11445 11441
f 2002 11444 11443
f 11446 11443 11445
f 11446 2002 11443
f 11447 11446 11445
f 2001 11447 11445
f 2002 2003 11444
f 11448 2002 11446
f 11449 2002 11448
f 11449 2003 2002
f 11447 2004 11446
f 11448 11446 11450
f 2004 11450 11446
f 2005 11449 11448
f 11451 11448 11450
f 11451 2005 11448
f 11452 11451 11450
f 2004 11452 11450
f 2005 2006 11449
f 2007 2005 11451
f 2008 2005 2007
f 2008 2006 2005
f 11452 2009 11451
f 2007 11451 11453
f 2009 11453 11451
f 11454 2008 2007
f 11455 2007 11453
f 11455 11454 2007
f 2010 11455 11453
f 2009 2010 11453
f 11454 11456 2008
f 11457 11454 11455
f 11457 2011 11454
f 2011 11456 11454
f 2010 11458 11455
f 11458 11457 11455
f 2011 2012 11456
f 11458 2013 11457
f 11459 11460 11461
f 11459 11462 11460
f 11462 11463 11460
f 11462 11464 11463
f 11464 11465 11463
f 11464 11466 11465
f 11467 11468 11469
f 11467 11470 11468
f 11470 11471 11468
f 11470 11472 11471
f 11472 11473 11471
f 11472 11474 11473
f 11475 11476 11477
f 11475 11478 11476
f 11478 11479 11476
f 11478 11480 11479
f 11480 11481 11479
f 11480 11482 11481
f 11483 11484 11485
f 11483 11486 11484
f 11486 11487 11484
f 11486 11488 11487
f 11488 11489 11487
f 11488 11490 11489
f 11491 11492 11493
f 11491 11494 11492
f 11494 11495 11492
f 11494 11496 11495
f 11496 11497 11495
f 11496 11498 11497
f 11499 11500 11501
f 11499 11502 11500
f 11502 11503 11500
f 11502 11504 11503
f 11504 11505 11503
f 11504 11506 11505
f 11507 11508 11509
f 11507 11510 11508
f 11510 11511 11508
f 11510 11512 11511
f 11512 11513 11511
f 11512 11514 11513
f 11515 11516 11517
f 11515 11518 11516
f 11518 11519 11516
f 11518 11520 11519
f 11520 11521 11519
f 11520 11522 11521
f 11523 11524 11525
f 11523 11526 11524
f 11526 11527 11524
f 11526 11528 11527
f 11528 11529 11527
f 11528 11530 11529
f 826 827 4870
f 826 4870 11531
f 11531 4870 4871
f 4871 4870 828
f 4871 828 4872
f 4872 828 829
f 829 828 4873
f 4870 11532 828
f 828 11532 4873
f 11533 11532 4870
f 829 4873 4874
f 4874 4873 11534
f 4873 11532 830
f 11534 4873 830
f 11535 11532 11533
f 11534 830 2014
f 2014 830 831
f 830 11532 2015
f 831 830 2015
f 832 11532 11535
f 831 2015 2016
f 2016 2015 11536
f 11536 2015 833
f 2015 11532 833
f 11536 833 834
f 834 833 11537
f 11537 833 4875
f 833 11532 4875
f 11537 4875 4876
f 4876 4875 835
f 4875 11532 836
f 835 4875 836
f 835 836 2017
f 2017 836 4877
f 836 11532 4878
f 4877 836 4878
f 4877 4878 837
f 837 4878 11538
f 11538 4878 11539
f 11539 4878 838
f 4878 11532 838
f 11539 838 4879
f 4879 838 2018
f 2018 838 11540
f 838 11532 4880
f 11540 838 4880
f 11540 4880 4881
f 4881 4880 839
f 839 4880 840
f 4880 11532 840
f 839 840 11541
f 11541 840 841
f 841 840 842
f 840 11532 842
f 841 842 11542
f 11542 842 4882
f 4882 842 4883
f 842 11532 4883
f 4882 4883 843
f 843 4883 4884
f 4883 11532 844
f 4884 4883 844
f 4884 844 2019
f 2019 844 845
f 844 11532 2020
f 845 844 2020
f 845 2020 2021
f 2021 2020 4885
f 4885 2020 846
f 2020 11532 846
f 4885 846 847
f 847 846 2022
f 846 11532 832
f 2022 846 832
f 2022 832 4886
f 4886 832 848
f 849 11543 850
f 11543 849 2023
f 11543 2023 4887
f 2023 2024 4887
f 2024 2023 851
f 2024 851 4888
f 4888 851 11544
f 851 852 11544
f 853 854 855
f 853 11545 854
f 11545 4889 854
f 4889 11546 854
f 4889 11547 11546
f 854 11546 11548
f 11549 854 11548
f 11547 856 11546
f 11546 4890 11548
f 856 4890 11546
f 11550 11549 11548
f 856 4891 4890
f 4891 11551 4890
f 4890 857 11548
f 11551 857 4890
f 858 11550 11548
f 11551 2025 857
f 2025 859 857
f 857 2026 11548
f 859 2026 857
f 859 2027 2026
f 2027 11552 2026
f 11552 860 2026
f 2026 860 11548
f 11552 861 860
f 861 11553 860
f 11553 4892 860
f 860 4892 11548
f 11553 4893 4892
f 4893 862 4892
f 4892 863 11548
f 862 863 4892
f 862 2028 863
f 2028 11554 863
f 863 4894 11548
f 11554 4894 863
f 11554 864 4894
f 864 4895 4894
f 4895 11555 4894
f 11555 865 4894
f 4894 865 11548
f 11555 4896 865
f 4896 2029 865
f 2029 11556 865
f 11556 4897 865
f 865 4897 11548
f 11556 4898 4897
f 4898 866 4897
f 4897 867 11548
f 866 867 4897
f 866 11557 867
f 11557 868 867
f 868 869 867
f 867 869 11548
f 868 11558 869
f 11558 4899 869
f 4899 4900 869
f 869 4900 11548
f 4899 870 4900
f 870 4901 4900
f 4900 871 11548
f 4901 871 4900
f 4901 2030 871
f 2030 872 871
f 872 2031 871
f 871 2031 11548
f 872 2032 2031
f 2032 4902 2031
f 2031 873 11548
f 4902 873 2031
f 873 858 11548
f 4902 874 873
f 874 2033 873
f 2033 858 873
f 2033 4903 858
f 4903 875 858
f 876 877 11559
f 11559 2034 876
f 11559 4904 2034
f 2034 4904 2035
f 2035 878 2034
f 2035 4905 878
f 4905 11560 878
f 878 11560 879
